timestamp,signal,order_id,trades
2025-11-18 09:00:00+00:00,"Signal(ts=2025-11-18 09:00:00+00:00, action=HOLD, qty=0, strategy=MACross)",,[]
2025-11-18 09:02:00+00:00,"Signal(ts=2025-11-18 09:02:00+00:00, action=HOLD, qty=0, strategy=MACross)",,[]
2025-11-18 09:03:00+00:00,"Signal(ts=2025-11-18 09:03:00+00:00, action=HOLD, qty=0, strategy=MACross)",,[]
2025-11-18 09:04:00+00:00,"Signal(ts=2025-11-18 09:04:00+00:00, action=HOLD, qty=0, strategy=MACross)",,[]
2025-11-18 09:05:00+00:00,"Signal(ts=2025-11-18 09:05:00+00:00, action=HOLD, qty=0, strategy=MACross)",,[]
2025-11-18 09:06:00+00:00,"Signal(ts=2025-11-18 09:06:00+00:00, action=HOLD, qty=0, strategy=MACross)",,[]
2025-11-18 09:07:00+00:00,"Signal(ts=2025-11-18 09:07:00+00:00, action=HOLD, qty=0, strategy=MACross)",,[]
2025-11-18 09:08:00+00:00,"Signal(ts=2025-11-18 09:08:00+00:00, action=HOLD, qty=0, strategy=MACross)",,[]
2025-11-18 09:09:00+00:00,"Signal(ts=2025-11-18 09:09:00+00:00, action=HOLD, qty=0, strategy=MACross)",,[]
2025-11-18 09:10:00+00:00,"Signal(ts=2025-11-18 09:10:00+00:00, action=HOLD, qty=0, strategy=MACross)",,[]
2025-11-18 09:12:00+00:00,"Signal(ts=2025-11-18 09:12:00+00:00, action=HOLD, qty=0, strategy=MACross)",,[]
2025-11-18 09:13:00+00:00,"Signal(ts=2025-11-18 09:13:00+00:00, action=HOLD, qty=0, strategy=MACross)",,[]
2025-11-18 09:14:00+00:00,"Signal(ts=2025-11-18 09:14:00+00:00, action=HOLD, qty=0, strategy=MACross)",,[]
2025-11-18 09:15:00+00:00,"Signal(ts=2025-11-18 09:15:00+00:00, action=HOLD, qty=0, strategy=MACross)",,[]
2025-11-18 09:16:00+00:00,"Signal(ts=2025-11-18 09:16:00+00:00, action=HOLD, qty=0, strategy=MACross)",,[]
2025-11-18 09:17:00+00:00,"Signal(ts=2025-11-18 09:17:00+00:00, action=HOLD, qty=0, strategy=MACross)",,[]
2025-11-18 09:19:00+00:00,"Signal(ts=2025-11-18 09:19:00+00:00, action=HOLD, qty=0, strategy=MACross)",,[]
2025-11-18 09:20:00+00:00,"Signal(ts=2025-11-18 09:20:00+00:00, action=HOLD, qty=0, strategy=MACross)",,[]
2025-11-18 09:21:00+00:00,"Signal(ts=2025-11-18 09:21:00+00:00, action=HOLD, qty=0, strategy=MACross)",,[]
2025-11-18 09:22:00+00:00,"Signal(ts=2025-11-18 09:22:00+00:00, action=BUY, qty=1, strategy=MACross)",eba1c684-077d-447c-809e-0784a4650153,[]
2025-11-18 09:23:00+00:00,"Signal(ts=2025-11-18 09:23:00+00:00, action=BUY, qty=1, strategy=MACross)",27c42285-75d3-4f7b-a92a-7c0327bb4bd3,[]
2025-11-18 09:24:00+00:00,"Signal(ts=2025-11-18 09:24:00+00:00, action=SELL, qty=1, strategy=MACross)",c60ec168-7a12-44fa-ad7d-63ebc89087ef,"[{'price': 267.6, 'qty': 1, 'buy_id': 'eba1c684-077d-447c-809e-0784a4650153', 'sell_id': 'c60ec168-7a12-44fa-ad7d-63ebc89087ef', 'timestamp': 1763957562.500018}]"
2025-11-18 09:25:00+00:00,"Signal(ts=2025-11-18 09:25:00+00:00, action=SELL, qty=1, strategy=MACross)",3bcec08d-f8ea-4121-9de6-9534d7b511fb,[]
2025-11-18 09:26:00+00:00,"Signal(ts=2025-11-18 09:26:00+00:00, action=SELL, qty=1, strategy=MACross)",af0c4d8a-21e5-4313-a497-ca33220e2d76,[]
2025-11-18 09:27:00+00:00,"Signal(ts=2025-11-18 09:27:00+00:00, action=SELL, qty=1, strategy=MACross)",401f7f0a-cc33-49d4-9c84-519883c5d37e,"[{'price': 267.42, 'qty': 1, 'buy_id': '27c42285-75d3-4f7b-a92a-7c0327bb4bd3', 'sell_id': '401f7f0a-cc33-49d4-9c84-519883c5d37e', 'timestamp': 1763957562.500929}]"
2025-11-18 09:28:00+00:00,"Signal(ts=2025-11-18 09:28:00+00:00, action=SELL, qty=1, strategy=MACross)",8a60cd65-12b7-47ea-9fca-9b3c835f74c8,[]
2025-11-18 09:30:00+00:00,"Signal(ts=2025-11-18 09:30:00+00:00, action=SELL, qty=1, strategy=MACross)",a63f5064-4c38-4491-a969-26bd13faaf87,[]
2025-11-18 09:32:00+00:00,"Signal(ts=2025-11-18 09:32:00+00:00, action=SELL, qty=1, strategy=MACross)",767a18f3-a307-43e1-8657-668874a5db7a,[]
2025-11-18 09:33:00+00:00,"Signal(ts=2025-11-18 09:33:00+00:00, action=SELL, qty=1, strategy=MACross)",0e32576b-2ce6-4cf9-a1b6-11f8c4560963,[]
2025-11-18 09:34:00+00:00,"Signal(ts=2025-11-18 09:34:00+00:00, action=SELL, qty=1, strategy=MACross)",2cc96e85-0500-4c10-81df-4c41a4b00cfe,[]
2025-11-18 09:35:00+00:00,"Signal(ts=2025-11-18 09:35:00+00:00, action=SELL, qty=1, strategy=MACross)",89786f33-2459-4381-acca-995c1ed40d29,[]
2025-11-18 09:36:00+00:00,"Signal(ts=2025-11-18 09:36:00+00:00, action=SELL, qty=1, strategy=MACross)",31972244-3fc5-4cfa-b826-091032fc6a40,[]
2025-11-18 09:38:00+00:00,"Signal(ts=2025-11-18 09:38:00+00:00, action=SELL, qty=1, strategy=MACross)",54e545b5-fb34-459c-b59d-0f247b519e4f,[]
2025-11-18 09:39:00+00:00,"Signal(ts=2025-11-18 09:39:00+00:00, action=SELL, qty=1, strategy=MACross)",39a71495-93a9-4898-949e-3aa34fd3d7dd,[]
2025-11-18 09:40:00+00:00,"Signal(ts=2025-11-18 09:40:00+00:00, action=SELL, qty=1, strategy=MACross)",08d0eb78-6391-4b61-a807-0f900b418c5a,[]
2025-11-18 09:41:00+00:00,"Signal(ts=2025-11-18 09:41:00+00:00, action=SELL, qty=1, strategy=MACross)",0257964f-253a-4301-a42c-98330de54f4d,[]
2025-11-18 09:42:00+00:00,"Signal(ts=2025-11-18 09:42:00+00:00, action=SELL, qty=1, strategy=MACross)",a8cd2ba8-8a76-479e-8f36-7796991ca1d1,[]
2025-11-18 09:44:00+00:00,"Signal(ts=2025-11-18 09:44:00+00:00, action=SELL, qty=1, strategy=MACross)",36a06747-6a7d-4bd2-bfc5-049493f1e1a6,[]
2025-11-18 09:45:00+00:00,"Signal(ts=2025-11-18 09:45:00+00:00, action=SELL, qty=1, strategy=MACross)",37559bc8-3ab8-4463-8d23-21495cf7d665,[]
2025-11-18 09:46:00+00:00,"Signal(ts=2025-11-18 09:46:00+00:00, action=SELL, qty=1, strategy=MACross)",9fec78e7-5062-456c-9702-ca3aa791ce6a,[]
2025-11-18 09:47:00+00:00,"Signal(ts=2025-11-18 09:47:00+00:00, action=SELL, qty=1, strategy=MACross)",da001967-251d-43ac-86f8-cedef0b7944d,[]
2025-11-18 09:48:00+00:00,"Signal(ts=2025-11-18 09:48:00+00:00, action=SELL, qty=1, strategy=MACross)",82ce161e-4bb6-4bd6-9d97-5355a144fa68,[]
2025-11-18 09:49:00+00:00,"Signal(ts=2025-11-18 09:49:00+00:00, action=SELL, qty=1, strategy=MACross)",9ce993ad-7662-4224-beef-7abb2edfeeb3,[]
2025-11-18 09:50:00+00:00,"Signal(ts=2025-11-18 09:50:00+00:00, action=SELL, qty=1, strategy=MACross)",0f1688ac-ceab-4ff4-8fb3-e52aee6efb81,[]
2025-11-18 09:51:00+00:00,"Signal(ts=2025-11-18 09:51:00+00:00, action=BUY, qty=1, strategy=MACross)",3fec0134-2755-4aa3-8f3c-d93515e4c7d9,"[{'price': 267.3, 'qty': 1, 'buy_id': '3fec0134-2755-4aa3-8f3c-d93515e4c7d9', 'sell_id': '31972244-3fc5-4cfa-b826-091032fc6a40', 'timestamp': 1763957562.5066812}]"
2025-11-18 09:52:00+00:00,"Signal(ts=2025-11-18 09:52:00+00:00, action=BUY, qty=1, strategy=MACross)",19022394-ca7f-4447-afe5-93e4ca99a471,"[{'price': 267.38, 'qty': 1, 'buy_id': '19022394-ca7f-4447-afe5-93e4ca99a471', 'sell_id': '08d0eb78-6391-4b61-a807-0f900b418c5a', 'timestamp': 1763957562.50696}]"
2025-11-18 09:54:00+00:00,"Signal(ts=2025-11-18 09:54:00+00:00, action=BUY, qty=1, strategy=MACross)",614ea3ee-68b0-4716-81db-ecdcb818a232,"[{'price': 267.46, 'qty': 1, 'buy_id': '614ea3ee-68b0-4716-81db-ecdcb818a232', 'sell_id': '54e545b5-fb34-459c-b59d-0f247b519e4f', 'timestamp': 1763957562.50722}]"
2025-11-18 09:55:00+00:00,"Signal(ts=2025-11-18 09:55:00+00:00, action=BUY, qty=1, strategy=MACross)",be6cdf74-09eb-4e67-b667-3a383f7dcaa6,"[{'price': 267.47, 'qty': 1, 'buy_id': 'be6cdf74-09eb-4e67-b667-3a383f7dcaa6', 'sell_id': 'a8cd2ba8-8a76-479e-8f36-7796991ca1d1', 'timestamp': 1763957562.507474}]"
2025-11-18 09:56:00+00:00,"Signal(ts=2025-11-18 09:56:00+00:00, action=BUY, qty=1, strategy=MACross)",c90d206d-f4a6-452d-ac4c-1136a8d88e4b,"[{'price': 267.47, 'qty': 1, 'buy_id': 'c90d206d-f4a6-452d-ac4c-1136a8d88e4b', 'sell_id': '37559bc8-3ab8-4463-8d23-21495cf7d665', 'timestamp': 1763957562.5077271}]"
2025-11-18 09:57:00+00:00,"Signal(ts=2025-11-18 09:57:00+00:00, action=BUY, qty=1, strategy=MACross)",00ab41d8-7520-47dc-a925-3f0e7fbaf274,"[{'price': 267.47, 'qty': 1, 'buy_id': '00ab41d8-7520-47dc-a925-3f0e7fbaf274', 'sell_id': '9ce993ad-7662-4224-beef-7abb2edfeeb3', 'timestamp': 1763957562.507984}]"
2025-11-18 09:58:00+00:00,"Signal(ts=2025-11-18 09:58:00+00:00, action=BUY, qty=1, strategy=MACross)",11e182fd-9b9e-4ce8-b7fb-0b89df5dccad,"[{'price': 267.48, 'qty': 1, 'buy_id': '11e182fd-9b9e-4ce8-b7fb-0b89df5dccad', 'sell_id': '0257964f-253a-4301-a42c-98330de54f4d', 'timestamp': 1763957562.508242}]"
2025-11-18 09:59:00+00:00,"Signal(ts=2025-11-18 09:59:00+00:00, action=BUY, qty=1, strategy=MACross)",cbcc38fd-e2e7-459e-a608-7097d429516a,"[{'price': 267.48, 'qty': 1, 'buy_id': 'cbcc38fd-e2e7-459e-a608-7097d429516a', 'sell_id': '36a06747-6a7d-4bd2-bfc5-049493f1e1a6', 'timestamp': 1763957562.508534}]"
2025-11-18 10:01:00+00:00,"Signal(ts=2025-11-18 10:01:00+00:00, action=BUY, qty=1, strategy=MACross)",6b27dd17-5db9-4047-abf8-c76035980b60,"[{'price': 267.48, 'qty': 1, 'buy_id': '6b27dd17-5db9-4047-abf8-c76035980b60', 'sell_id': '9fec78e7-5062-456c-9702-ca3aa791ce6a', 'timestamp': 1763957562.508878}]"
2025-11-18 10:02:00+00:00,"Signal(ts=2025-11-18 10:02:00+00:00, action=BUY, qty=2, strategy=MACross)",5d9b2286-fb96-4252-8a42-80a0685fb384,"[{'price': 267.5, 'qty': 1, 'buy_id': '5d9b2286-fb96-4252-8a42-80a0685fb384', 'sell_id': '39a71495-93a9-4898-949e-3aa34fd3d7dd', 'timestamp': 1763957562.509184}, {'price': 267.53, 'qty': 1, 'buy_id': '5d9b2286-fb96-4252-8a42-80a0685fb384', 'sell_id': 'da001967-251d-43ac-86f8-cedef0b7944d', 'timestamp': 1763957562.509187}]"
2025-11-18 10:03:00+00:00,"Signal(ts=2025-11-18 10:03:00+00:00, action=BUY, qty=2, strategy=MACross)",1334c9d1-eca4-4ce7-81ce-bcf60afa6fb8,"[{'price': 267.55, 'qty': 1, 'buy_id': '1334c9d1-eca4-4ce7-81ce-bcf60afa6fb8', 'sell_id': '82ce161e-4bb6-4bd6-9d97-5355a144fa68', 'timestamp': 1763957562.509485}, {'price': 267.56, 'qty': 1, 'buy_id': '1334c9d1-eca4-4ce7-81ce-bcf60afa6fb8', 'sell_id': 'a63f5064-4c38-4491-a969-26bd13faaf87', 'timestamp': 1763957562.509488}]"
2025-11-18 10:04:00+00:00,"Signal(ts=2025-11-18 10:04:00+00:00, action=BUY, qty=2, strategy=MACross)",7a89fa8b-4c52-46f5-acfb-9230a70328ed,"[{'price': 267.58, 'qty': 1, 'buy_id': '7a89fa8b-4c52-46f5-acfb-9230a70328ed', 'sell_id': '89786f33-2459-4381-acca-995c1ed40d29', 'timestamp': 1763957562.509761}, {'price': 267.6, 'qty': 1, 'buy_id': '7a89fa8b-4c52-46f5-acfb-9230a70328ed', 'sell_id': '0f1688ac-ceab-4ff4-8fb3-e52aee6efb81', 'timestamp': 1763957562.5097642}]"
2025-11-18 10:06:00+00:00,"Signal(ts=2025-11-18 10:06:00+00:00, action=BUY, qty=2, strategy=MACross)",cc94d44d-8cc7-4c70-a5a2-c5f2b2500f6d,"[{'price': 267.61, 'qty': 1, 'buy_id': 'cc94d44d-8cc7-4c70-a5a2-c5f2b2500f6d', 'sell_id': '3bcec08d-f8ea-4121-9de6-9534d7b511fb', 'timestamp': 1763957562.51004}, {'price': 267.61, 'qty': 1, 'buy_id': 'cc94d44d-8cc7-4c70-a5a2-c5f2b2500f6d', 'sell_id': 'af0c4d8a-21e5-4313-a497-ca33220e2d76', 'timestamp': 1763957562.510043}]"
2025-11-18 10:07:00+00:00,"Signal(ts=2025-11-18 10:07:00+00:00, action=BUY, qty=1, strategy=MACross)",adf37a94-bb48-4ed6-83d6-0c02a441ba0c,"[{'price': 267.62, 'qty': 1, 'buy_id': 'adf37a94-bb48-4ed6-83d6-0c02a441ba0c', 'sell_id': '8a60cd65-12b7-47ea-9fca-9b3c835f74c8', 'timestamp': 1763957562.510349}]"
2025-11-18 10:08:00+00:00,"Signal(ts=2025-11-18 10:08:00+00:00, action=BUY, qty=1, strategy=MACross)",8cf6844b-3640-4331-adcd-483e12a515ef,"[{'price': 267.66, 'qty': 1, 'buy_id': '8cf6844b-3640-4331-adcd-483e12a515ef', 'sell_id': '767a18f3-a307-43e1-8657-668874a5db7a', 'timestamp': 1763957562.510664}]"
2025-11-18 10:09:00+00:00,"Signal(ts=2025-11-18 10:09:00+00:00, action=BUY, qty=1, strategy=MACross)",d0a0fcdf-0fec-45b8-8630-c26d49c72236,"[{'price': 267.66, 'qty': 1, 'buy_id': 'd0a0fcdf-0fec-45b8-8630-c26d49c72236', 'sell_id': '0e32576b-2ce6-4cf9-a1b6-11f8c4560963', 'timestamp': 1763957562.510943}]"
2025-11-18 10:10:00+00:00,"Signal(ts=2025-11-18 10:10:00+00:00, action=BUY, qty=1, strategy=MACross)",946798df-2297-4002-a16a-06be3900e3d7,"[{'price': 267.66, 'qty': 1, 'buy_id': '946798df-2297-4002-a16a-06be3900e3d7', 'sell_id': '2cc96e85-0500-4c10-81df-4c41a4b00cfe', 'timestamp': 1763957562.511224}]"
2025-11-18 10:11:00+00:00,"Signal(ts=2025-11-18 10:11:00+00:00, action=BUY, qty=1, strategy=MACross)",21cb6f2a-cff4-4c80-950f-5ba163031faa,[]
2025-11-18 10:12:00+00:00,"Signal(ts=2025-11-18 10:12:00+00:00, action=BUY, qty=1, strategy=MACross)",db56537a-75a7-4bb5-ac08-1eff4023cad1,[]
2025-11-18 10:13:00+00:00,"Signal(ts=2025-11-18 10:13:00+00:00, action=SELL, qty=1, strategy=MACross)",f207fe31-097e-47b9-baba-f0fc12f0c918,"[{'price': 268.2, 'qty': 1, 'buy_id': '21cb6f2a-cff4-4c80-950f-5ba163031faa', 'sell_id': 'f207fe31-097e-47b9-baba-f0fc12f0c918', 'timestamp': 1763957562.5121229}]"
2025-11-18 10:14:00+00:00,"Signal(ts=2025-11-18 10:14:00+00:00, action=SELL, qty=1, strategy=MACross)",9d158ad6-1d69-4662-8a58-6c5f38b7cb7d,"[{'price': 268.21, 'qty': 1, 'buy_id': 'db56537a-75a7-4bb5-ac08-1eff4023cad1', 'sell_id': '9d158ad6-1d69-4662-8a58-6c5f38b7cb7d', 'timestamp': 1763957562.512416}]"
2025-11-18 10:17:00+00:00,"Signal(ts=2025-11-18 10:17:00+00:00, action=SELL, qty=1, strategy=MACross)",a85bce7b-0720-47a3-9f06-db1875c9a5b3,[]
2025-11-18 10:18:00+00:00,"Signal(ts=2025-11-18 10:18:00+00:00, action=SELL, qty=1, strategy=MACross)",364e7b77-37d9-4951-bb7e-263613705246,[]
2025-11-18 10:19:00+00:00,"Signal(ts=2025-11-18 10:19:00+00:00, action=SELL, qty=1, strategy=MACross)",6284aa7d-41ea-4c14-963f-5237174b1ab6,[]
2025-11-18 10:20:00+00:00,"Signal(ts=2025-11-18 10:20:00+00:00, action=SELL, qty=1, strategy=MACross)",0b3547d2-ac87-44db-9082-22a0e9636264,[]
2025-11-18 10:26:00+00:00,"Signal(ts=2025-11-18 10:26:00+00:00, action=SELL, qty=1, strategy=MACross)",7b46dff2-9236-41c3-bfcd-01eb9b2fe986,[]
2025-11-18 10:27:00+00:00,"Signal(ts=2025-11-18 10:27:00+00:00, action=SELL, qty=1, strategy=MACross)",a54a2b3d-152d-428b-b9aa-502fe41f6407,[]
2025-11-18 10:28:00+00:00,"Signal(ts=2025-11-18 10:28:00+00:00, action=SELL, qty=1, strategy=MACross)",8b60f1b2-ca97-4f6b-8ae9-8a831ddd3343,[]
2025-11-18 10:29:00+00:00,"Signal(ts=2025-11-18 10:29:00+00:00, action=BUY, qty=1, strategy=MACross)",41e8e512-8959-4495-87fd-1d90ecdfff2e,"[{'price': 268.2, 'qty': 1, 'buy_id': '41e8e512-8959-4495-87fd-1d90ecdfff2e', 'sell_id': 'a85bce7b-0720-47a3-9f06-db1875c9a5b3', 'timestamp': 1763957562.514664}]"
2025-11-18 10:30:00+00:00,"Signal(ts=2025-11-18 10:30:00+00:00, action=BUY, qty=1, strategy=MACross)",635a9531-e36c-4f4b-ac8a-5ab12eb667a8,"[{'price': 268.2, 'qty': 1, 'buy_id': '635a9531-e36c-4f4b-ac8a-5ab12eb667a8', 'sell_id': '7b46dff2-9236-41c3-bfcd-01eb9b2fe986', 'timestamp': 1763957562.514962}]"
2025-11-18 10:31:00+00:00,"Signal(ts=2025-11-18 10:31:00+00:00, action=BUY, qty=1, strategy=MACross)",6f8b0c04-0144-488f-889a-f06e4a031305,"[{'price': 268.3, 'qty': 1, 'buy_id': '6f8b0c04-0144-488f-889a-f06e4a031305', 'sell_id': 'a54a2b3d-152d-428b-b9aa-502fe41f6407', 'timestamp': 1763957562.5152278}]"
2025-11-18 10:32:00+00:00,"Signal(ts=2025-11-18 10:32:00+00:00, action=BUY, qty=1, strategy=MACross)",4fba83c0-2a13-46f3-8b48-76c6ea95b115,"[{'price': 268.37, 'qty': 1, 'buy_id': '4fba83c0-2a13-46f3-8b48-76c6ea95b115', 'sell_id': '8b60f1b2-ca97-4f6b-8ae9-8a831ddd3343', 'timestamp': 1763957562.5155241}]"
2025-11-18 10:33:00+00:00,"Signal(ts=2025-11-18 10:33:00+00:00, action=BUY, qty=1, strategy=MACross)",a40f6a6e-b58b-4789-86a8-df1cae71b45d,"[{'price': 268.41, 'qty': 1, 'buy_id': 'a40f6a6e-b58b-4789-86a8-df1cae71b45d', 'sell_id': '0b3547d2-ac87-44db-9082-22a0e9636264', 'timestamp': 1763957562.5158179}]"
2025-11-18 10:34:00+00:00,"Signal(ts=2025-11-18 10:34:00+00:00, action=BUY, qty=1, strategy=MACross)",a40f0fe1-e2b1-4e3d-b9d9-2cfcdb19bff9,"[{'price': 268.43, 'qty': 1, 'buy_id': 'a40f0fe1-e2b1-4e3d-b9d9-2cfcdb19bff9', 'sell_id': '6284aa7d-41ea-4c14-963f-5237174b1ab6', 'timestamp': 1763957562.5161018}]"
2025-11-18 10:35:00+00:00,"Signal(ts=2025-11-18 10:35:00+00:00, action=BUY, qty=1, strategy=MACross)",b39e7b62-989a-4732-8ef3-576277d395b1,"[{'price': 268.55, 'qty': 1, 'buy_id': 'b39e7b62-989a-4732-8ef3-576277d395b1', 'sell_id': '364e7b77-37d9-4951-bb7e-263613705246', 'timestamp': 1763957562.516397}]"
2025-11-18 10:37:00+00:00,"Signal(ts=2025-11-18 10:37:00+00:00, action=BUY, qty=1, strategy=MACross)",508c090b-02f8-4263-9acb-9ebb4e96815e,[]
2025-11-18 10:38:00+00:00,"Signal(ts=2025-11-18 10:38:00+00:00, action=BUY, qty=2, strategy=MACross)",060e107e-3c30-4dc5-82fa-7175246d93b8,[]
2025-11-18 10:40:00+00:00,"Signal(ts=2025-11-18 10:40:00+00:00, action=BUY, qty=2, strategy=MACross)",6a984f56-2dc2-4546-8a3f-a870d1c55cb3,[]
2025-11-18 10:44:00+00:00,"Signal(ts=2025-11-18 10:44:00+00:00, action=BUY, qty=2, strategy=MACross)",a241405f-846d-427c-b7e9-2a49cae7b48c,[]
2025-11-18 10:45:00+00:00,"Signal(ts=2025-11-18 10:45:00+00:00, action=BUY, qty=2, strategy=MACross)",1f4da2cf-9bbc-46d3-8ac4-003ac3ecc87f,[]
2025-11-18 10:46:00+00:00,"Signal(ts=2025-11-18 10:46:00+00:00, action=BUY, qty=2, strategy=MACross)",be795e59-13c8-4727-8e96-6f2ec417005d,[]
2025-11-18 10:47:00+00:00,"Signal(ts=2025-11-18 10:47:00+00:00, action=BUY, qty=1, strategy=MACross)",e6269e63-688f-4a24-8950-2faff51949ac,[]
2025-11-18 10:48:00+00:00,"Signal(ts=2025-11-18 10:48:00+00:00, action=BUY, qty=1, strategy=MACross)",7ded1a49-4cc9-43d1-bc28-aa2885d0906c,[]
2025-11-18 10:49:00+00:00,"Signal(ts=2025-11-18 10:49:00+00:00, action=BUY, qty=1, strategy=MACross)",3597011c-c866-4ac2-9b16-052c9c9ff063,[]
2025-11-18 10:50:00+00:00,"Signal(ts=2025-11-18 10:50:00+00:00, action=BUY, qty=1, strategy=MACross)",08f5cba7-db0f-4c5d-989f-a3647df245cf,[]
2025-11-18 10:53:00+00:00,"Signal(ts=2025-11-18 10:53:00+00:00, action=BUY, qty=1, strategy=MACross)",b771cd2a-5764-4fb1-b038-5d1a9bef036e,[]
2025-11-18 10:54:00+00:00,"Signal(ts=2025-11-18 10:54:00+00:00, action=BUY, qty=1, strategy=MACross)",549a5b6b-6797-419f-89c7-c46f02831a44,[]
2025-11-18 10:55:00+00:00,"Signal(ts=2025-11-18 10:55:00+00:00, action=SELL, qty=1, strategy=MACross)",571e6ea8-336e-477c-812e-e48a1a27e354,"[{'price': 269.17, 'qty': 1, 'buy_id': '6a984f56-2dc2-4546-8a3f-a870d1c55cb3', 'sell_id': '571e6ea8-336e-477c-812e-e48a1a27e354', 'timestamp': 1763957562.520006}]"
2025-11-18 10:57:00+00:00,"Signal(ts=2025-11-18 10:57:00+00:00, action=SELL, qty=1, strategy=MACross)",790eb36f-0bac-45f4-804e-18782afc4534,"[{'price': 269.3, 'qty': 1, 'buy_id': '6a984f56-2dc2-4546-8a3f-a870d1c55cb3', 'sell_id': '790eb36f-0bac-45f4-804e-18782afc4534', 'timestamp': 1763957562.520285}]"
2025-11-18 10:58:00+00:00,"Signal(ts=2025-11-18 10:58:00+00:00, action=SELL, qty=1, strategy=MACross)",901f4e20-7669-417d-90e2-2229e35abbde,"[{'price': 269.3, 'qty': 1, 'buy_id': 'a241405f-846d-427c-b7e9-2a49cae7b48c', 'sell_id': '901f4e20-7669-417d-90e2-2229e35abbde', 'timestamp': 1763957562.5205839}]"
2025-11-18 11:01:00+00:00,"Signal(ts=2025-11-18 11:01:00+00:00, action=SELL, qty=1, strategy=MACross)",912916bd-fcba-4020-86e6-ad4e5a1500c4,"[{'price': 269.38, 'qty': 1, 'buy_id': 'a241405f-846d-427c-b7e9-2a49cae7b48c', 'sell_id': '912916bd-fcba-4020-86e6-ad4e5a1500c4', 'timestamp': 1763957562.52086}]"
2025-11-18 11:03:00+00:00,"Signal(ts=2025-11-18 11:03:00+00:00, action=SELL, qty=1, strategy=MACross)",a76884c0-11cc-4113-9d03-b5dc3c3c5557,"[{'price': 269.25, 'qty': 1, 'buy_id': '1f4da2cf-9bbc-46d3-8ac4-003ac3ecc87f', 'sell_id': 'a76884c0-11cc-4113-9d03-b5dc3c3c5557', 'timestamp': 1763957562.521149}]"
2025-11-18 11:04:00+00:00,"Signal(ts=2025-11-18 11:04:00+00:00, action=SELL, qty=1, strategy=MACross)",eef291fa-b393-4dc2-9814-57debf775268,[]
2025-11-18 11:05:00+00:00,"Signal(ts=2025-11-18 11:05:00+00:00, action=BUY, qty=1, strategy=MACross)",e0d94cfd-a485-4c03-ac16-983b8227f879,[]
2025-11-18 11:06:00+00:00,"Signal(ts=2025-11-18 11:06:00+00:00, action=BUY, qty=1, strategy=MACross)",08edb356-2b86-4ea6-9ab6-23003e01f79e,"[{'price': 269.43, 'qty': 1, 'buy_id': '08edb356-2b86-4ea6-9ab6-23003e01f79e', 'sell_id': 'eef291fa-b393-4dc2-9814-57debf775268', 'timestamp': 1763957562.521992}]"
2025-11-18 11:07:00+00:00,"Signal(ts=2025-11-18 11:07:00+00:00, action=BUY, qty=1, strategy=MACross)",fe3691d8-060b-4fba-85a6-96c834f75f81,[]
2025-11-18 11:08:00+00:00,"Signal(ts=2025-11-18 11:08:00+00:00, action=BUY, qty=1, strategy=MACross)",9fdc3b3f-5aa6-49f5-a240-f98f5fa47b82,[]
2025-11-18 11:09:00+00:00,"Signal(ts=2025-11-18 11:09:00+00:00, action=BUY, qty=1, strategy=MACross)",6cd8c88a-7c07-46b0-8d13-cf560366b8dd,[]
2025-11-18 11:10:00+00:00,"Signal(ts=2025-11-18 11:10:00+00:00, action=BUY, qty=1, strategy=MACross)",a698a76d-7b74-46d6-a619-18d749815856,[]
2025-11-18 11:11:00+00:00,"Signal(ts=2025-11-18 11:11:00+00:00, action=BUY, qty=1, strategy=MACross)",c5ed0b53-34ae-4749-b78d-aea7c6d8a0cb,[]
2025-11-18 11:13:00+00:00,"Signal(ts=2025-11-18 11:13:00+00:00, action=BUY, qty=1, strategy=MACross)",c7479d27-bf92-4014-87ee-d577ca64899b,[]
2025-11-18 11:14:00+00:00,"Signal(ts=2025-11-18 11:14:00+00:00, action=BUY, qty=1, strategy=MACross)",a45d17e2-43b3-46da-a2d5-054cd09aa317,[]
2025-11-18 11:15:00+00:00,"Signal(ts=2025-11-18 11:15:00+00:00, action=SELL, qty=1, strategy=MACross)",21baddf6-c4ed-4e1d-a1ba-05bb9290f4d6,"[{'price': 268.85, 'qty': 1, 'buy_id': 'fe3691d8-060b-4fba-85a6-96c834f75f81', 'sell_id': '21baddf6-c4ed-4e1d-a1ba-05bb9290f4d6', 'timestamp': 1763957562.524255}]"
2025-11-18 11:16:00+00:00,"Signal(ts=2025-11-18 11:16:00+00:00, action=SELL, qty=1, strategy=MACross)",1e4f47c1-38e5-4af6-a184-4667775d193e,"[{'price': 268.86, 'qty': 1, 'buy_id': 'e0d94cfd-a485-4c03-ac16-983b8227f879', 'sell_id': '1e4f47c1-38e5-4af6-a184-4667775d193e', 'timestamp': 1763957562.524523}]"
2025-11-18 11:18:00+00:00,"Signal(ts=2025-11-18 11:18:00+00:00, action=SELL, qty=1, strategy=MACross)",c4ce9adb-6d9d-40b7-a726-3de4e4788d1a,"[{'price': 268.88, 'qty': 1, 'buy_id': '1f4da2cf-9bbc-46d3-8ac4-003ac3ecc87f', 'sell_id': 'c4ce9adb-6d9d-40b7-a726-3de4e4788d1a', 'timestamp': 1763957562.524792}]"
2025-11-18 11:19:00+00:00,"Signal(ts=2025-11-18 11:19:00+00:00, action=SELL, qty=1, strategy=MACross)",9b77832d-6cb1-459a-803a-e9eec5cb0254,"[{'price': 268.89, 'qty': 1, 'buy_id': '08f5cba7-db0f-4c5d-989f-a3647df245cf', 'sell_id': '9b77832d-6cb1-459a-803a-e9eec5cb0254', 'timestamp': 1763957562.525058}]"
2025-11-18 11:21:00+00:00,"Signal(ts=2025-11-18 11:21:00+00:00, action=SELL, qty=1, strategy=MACross)",5a7fad67-00de-4dd5-aad8-7dd0fdfb3327,"[{'price': 268.89, 'qty': 1, 'buy_id': '9fdc3b3f-5aa6-49f5-a240-f98f5fa47b82', 'sell_id': '5a7fad67-00de-4dd5-aad8-7dd0fdfb3327', 'timestamp': 1763957562.525343}]"
2025-11-18 11:23:00+00:00,"Signal(ts=2025-11-18 11:23:00+00:00, action=SELL, qty=1, strategy=MACross)",b9dd950c-5b53-49e5-9c74-533c8fb86fff,"[{'price': 269.15, 'qty': 1, 'buy_id': '549a5b6b-6797-419f-89c7-c46f02831a44', 'sell_id': 'b9dd950c-5b53-49e5-9c74-533c8fb86fff', 'timestamp': 1763957562.525612}]"
2025-11-18 11:24:00+00:00,"Signal(ts=2025-11-18 11:24:00+00:00, action=SELL, qty=1, strategy=MACross)",c8229a7a-5a04-4bd9-877a-306709a24d7c,[]
2025-11-18 11:26:00+00:00,"Signal(ts=2025-11-18 11:26:00+00:00, action=SELL, qty=1, strategy=MACross)",14cb63cd-f903-476d-a7bc-859f04526a2f,"[{'price': 269.11, 'qty': 1, 'buy_id': '6cd8c88a-7c07-46b0-8d13-cf560366b8dd', 'sell_id': '14cb63cd-f903-476d-a7bc-859f04526a2f', 'timestamp': 1763957562.526145}]"
2025-11-18 11:27:00+00:00,"Signal(ts=2025-11-18 11:27:00+00:00, action=SELL, qty=1, strategy=MACross)",fd4f9929-6c97-40aa-ba5d-d78654ac5bab,"[{'price': 269.09, 'qty': 1, 'buy_id': 'be795e59-13c8-4727-8e96-6f2ec417005d', 'sell_id': 'fd4f9929-6c97-40aa-ba5d-d78654ac5bab', 'timestamp': 1763957562.526437}]"
2025-11-18 11:28:00+00:00,"Signal(ts=2025-11-18 11:28:00+00:00, action=SELL, qty=1, strategy=MACross)",8a518f12-4bda-4548-8351-86e4d78fbde8,"[{'price': 269.0, 'qty': 1, 'buy_id': 'be795e59-13c8-4727-8e96-6f2ec417005d', 'sell_id': '8a518f12-4bda-4548-8351-86e4d78fbde8', 'timestamp': 1763957562.52671}]"
2025-11-18 11:29:00+00:00,"Signal(ts=2025-11-18 11:29:00+00:00, action=SELL, qty=1, strategy=MACross)",b175828e-7963-4f5d-ba68-d3f189ae0472,"[{'price': 269.1, 'qty': 1, 'buy_id': 'e6269e63-688f-4a24-8950-2faff51949ac', 'sell_id': 'b175828e-7963-4f5d-ba68-d3f189ae0472', 'timestamp': 1763957562.527}]"
2025-11-18 11:30:00+00:00,"Signal(ts=2025-11-18 11:30:00+00:00, action=SELL, qty=1, strategy=MACross)",17ad8860-9e7a-4d39-8874-4d29d3948ed7,[]
2025-11-18 11:31:00+00:00,"Signal(ts=2025-11-18 11:31:00+00:00, action=BUY, qty=1, strategy=MACross)",f0f29b0b-71d0-4d5f-8b76-9c9acc939b8c,[]
2025-11-18 11:32:00+00:00,"Signal(ts=2025-11-18 11:32:00+00:00, action=BUY, qty=1, strategy=MACross)",c8ab00e5-868c-4f5f-970c-f71234cde6ff,[]
2025-11-18 11:33:00+00:00,"Signal(ts=2025-11-18 11:33:00+00:00, action=BUY, qty=1, strategy=MACross)",6c071ad6-575c-4530-aefc-1892c6c04c5d,[]
2025-11-18 11:35:00+00:00,"Signal(ts=2025-11-18 11:35:00+00:00, action=BUY, qty=1, strategy=MACross)",afd8e30a-ebcc-4147-92c0-0853da17fc99,[]
2025-11-18 11:36:00+00:00,"Signal(ts=2025-11-18 11:36:00+00:00, action=BUY, qty=1, strategy=MACross)",0b4dec7a-bece-413d-97bd-1c4aa4370b01,[]
2025-11-18 11:37:00+00:00,"Signal(ts=2025-11-18 11:37:00+00:00, action=BUY, qty=1, strategy=MACross)",ed22c45f-3a4c-4459-a92a-70f326923760,[]
2025-11-18 11:38:00+00:00,"Signal(ts=2025-11-18 11:38:00+00:00, action=BUY, qty=1, strategy=MACross)",8d2d1ec3-7257-4f85-8d22-af98e12d02cc,[]
2025-11-18 11:39:00+00:00,"Signal(ts=2025-11-18 11:39:00+00:00, action=BUY, qty=1, strategy=MACross)",ad447f8d-3d53-43e2-ab87-072ae2b7d7d1,[]
2025-11-18 11:40:00+00:00,"Signal(ts=2025-11-18 11:40:00+00:00, action=SELL, qty=1, strategy=MACross)",8e6a37c0-49dd-4630-84a9-a2ff125c1f4d,"[{'price': 268.9, 'qty': 1, 'buy_id': 'f0f29b0b-71d0-4d5f-8b76-9c9acc939b8c', 'sell_id': '8e6a37c0-49dd-4630-84a9-a2ff125c1f4d', 'timestamp': 1763957562.529734}]"
2025-11-18 11:41:00+00:00,"Signal(ts=2025-11-18 11:41:00+00:00, action=SELL, qty=1, strategy=MACross)",02a53fa3-fa12-4149-b917-fba76456e83a,"[{'price': 269.0, 'qty': 1, 'buy_id': 'c5ed0b53-34ae-4749-b78d-aea7c6d8a0cb', 'sell_id': '02a53fa3-fa12-4149-b917-fba76456e83a', 'timestamp': 1763957562.530019}]"
2025-11-18 11:42:00+00:00,"Signal(ts=2025-11-18 11:42:00+00:00, action=SELL, qty=1, strategy=MACross)",c2635e11-59ff-4b4a-952b-aa3fbeaf240f,"[{'price': 269.11, 'qty': 1, 'buy_id': 'a698a76d-7b74-46d6-a619-18d749815856', 'sell_id': 'c2635e11-59ff-4b4a-952b-aa3fbeaf240f', 'timestamp': 1763957562.530306}]"
2025-11-18 11:43:00+00:00,"Signal(ts=2025-11-18 11:43:00+00:00, action=SELL, qty=1, strategy=MACross)",7bf0abe1-0e65-4f41-ac05-dd294ca02be7,"[{'price': 269.0, 'qty': 1, 'buy_id': 'c8ab00e5-868c-4f5f-970c-f71234cde6ff', 'sell_id': '7bf0abe1-0e65-4f41-ac05-dd294ca02be7', 'timestamp': 1763957562.530633}]"
2025-11-18 11:44:00+00:00,"Signal(ts=2025-11-18 11:44:00+00:00, action=SELL, qty=1, strategy=MACross)",079d0aa1-4ea1-488f-a33b-d828affa7575,"[{'price': 269.03, 'qty': 1, 'buy_id': '7ded1a49-4cc9-43d1-bc28-aa2885d0906c', 'sell_id': '079d0aa1-4ea1-488f-a33b-d828affa7575', 'timestamp': 1763957562.530923}]"
2025-11-18 11:45:00+00:00,"Signal(ts=2025-11-18 11:45:00+00:00, action=SELL, qty=1, strategy=MACross)",c218d8f2-c65f-4176-998a-890956b73fdd,"[{'price': 269.0, 'qty': 1, 'buy_id': 'b771cd2a-5764-4fb1-b038-5d1a9bef036e', 'sell_id': 'c218d8f2-c65f-4176-998a-890956b73fdd', 'timestamp': 1763957562.53121}]"
2025-11-18 11:46:00+00:00,"Signal(ts=2025-11-18 11:46:00+00:00, action=SELL, qty=1, strategy=MACross)",246d6302-89b2-4168-bba2-262fe719e740,"[{'price': 269.0, 'qty': 1, 'buy_id': '508c090b-02f8-4263-9acb-9ebb4e96815e', 'sell_id': '246d6302-89b2-4168-bba2-262fe719e740', 'timestamp': 1763957562.53149}]"
2025-11-18 11:49:00+00:00,"Signal(ts=2025-11-18 11:49:00+00:00, action=SELL, qty=1, strategy=MACross)",5eaf5e9d-a649-4b18-9574-188f8512a205,"[{'price': 268.95, 'qty': 1, 'buy_id': '060e107e-3c30-4dc5-82fa-7175246d93b8', 'sell_id': '5eaf5e9d-a649-4b18-9574-188f8512a205', 'timestamp': 1763957562.53178}]"
2025-11-18 11:51:00+00:00,"Signal(ts=2025-11-18 11:51:00+00:00, action=SELL, qty=1, strategy=MACross)",f5ad3a30-8caa-43b9-931d-50a5095787bd,"[{'price': 268.98, 'qty': 1, 'buy_id': '060e107e-3c30-4dc5-82fa-7175246d93b8', 'sell_id': 'f5ad3a30-8caa-43b9-931d-50a5095787bd', 'timestamp': 1763957562.5320609}]"
2025-11-18 11:53:00+00:00,"Signal(ts=2025-11-18 11:53:00+00:00, action=SELL, qty=1, strategy=MACross)",f6e93f99-8e84-4449-a0f6-e931eee0ecf2,"[{'price': 268.98, 'qty': 1, 'buy_id': 'afd8e30a-ebcc-4147-92c0-0853da17fc99', 'sell_id': 'f6e93f99-8e84-4449-a0f6-e931eee0ecf2', 'timestamp': 1763957562.532365}]"
2025-11-18 11:54:00+00:00,"Signal(ts=2025-11-18 11:54:00+00:00, action=BUY, qty=1, strategy=MACross)",89ec9396-349a-497a-a6f9-aa8a265cd557,[]
2025-11-18 11:55:00+00:00,"Signal(ts=2025-11-18 11:55:00+00:00, action=BUY, qty=1, strategy=MACross)",d4fef6c6-0f53-4327-a95f-bf850f39d2f8,[]
2025-11-18 11:56:00+00:00,"Signal(ts=2025-11-18 11:56:00+00:00, action=BUY, qty=1, strategy=MACross)",d6b78183-8ac0-4590-803a-31aa7eda19bb,[]
2025-11-18 11:59:00+00:00,"Signal(ts=2025-11-18 11:59:00+00:00, action=BUY, qty=1, strategy=MACross)",1e6035d4-8041-46db-97b5-4e869b96d6b9,[]
2025-11-18 12:00:00+00:00,"Signal(ts=2025-11-18 12:00:00+00:00, action=BUY, qty=1, strategy=MACross)",9d1b6146-3c5a-4a8e-a1f8-711cb24ee5dc,[]
2025-11-18 12:01:00+00:00,"Signal(ts=2025-11-18 12:01:00+00:00, action=BUY, qty=1, strategy=MACross)",b8bc9a2a-41ab-4477-a9e3-daa35afc4ff4,[]
2025-11-18 12:02:00+00:00,"Signal(ts=2025-11-18 12:02:00+00:00, action=BUY, qty=1, strategy=MACross)",a43b9198-498a-4f8a-b39c-8e3b962b4fa7,[]
2025-11-18 12:03:00+00:00,"Signal(ts=2025-11-18 12:03:00+00:00, action=SELL, qty=1, strategy=MACross)",428f7dd6-4a6e-4e46-8ea3-64596fd5f619,"[{'price': 268.53, 'qty': 1, 'buy_id': '89ec9396-349a-497a-a6f9-aa8a265cd557', 'sell_id': '428f7dd6-4a6e-4e46-8ea3-64596fd5f619', 'timestamp': 1763957562.534501}]"
2025-11-18 12:04:00+00:00,"Signal(ts=2025-11-18 12:04:00+00:00, action=SELL, qty=1, strategy=MACross)",75db59b8-c9ef-42fd-b8f2-1f720c0691ce,"[{'price': 268.52, 'qty': 1, 'buy_id': 'd4fef6c6-0f53-4327-a95f-bf850f39d2f8', 'sell_id': '75db59b8-c9ef-42fd-b8f2-1f720c0691ce', 'timestamp': 1763957562.53477}]"
2025-11-18 12:05:00+00:00,"Signal(ts=2025-11-18 12:05:00+00:00, action=SELL, qty=1, strategy=MACross)",7abd906b-4efb-42af-9536-8d113536e938,"[{'price': 268.54, 'qty': 1, 'buy_id': '1e6035d4-8041-46db-97b5-4e869b96d6b9', 'sell_id': '7abd906b-4efb-42af-9536-8d113536e938', 'timestamp': 1763957562.535038}]"
2025-11-18 12:06:00+00:00,"Signal(ts=2025-11-18 12:06:00+00:00, action=SELL, qty=1, strategy=MACross)",caf5050d-ac95-4ec0-ac77-8bd4f2b58d35,"[{'price': 268.51, 'qty': 1, 'buy_id': '0b4dec7a-bece-413d-97bd-1c4aa4370b01', 'sell_id': 'caf5050d-ac95-4ec0-ac77-8bd4f2b58d35', 'timestamp': 1763957562.535309}]"
2025-11-18 12:07:00+00:00,"Signal(ts=2025-11-18 12:07:00+00:00, action=SELL, qty=1, strategy=MACross)",b9ec1540-e9ed-4ef6-af37-91e6d9ef2f58,"[{'price': 268.66, 'qty': 1, 'buy_id': 'd6b78183-8ac0-4590-803a-31aa7eda19bb', 'sell_id': 'b9ec1540-e9ed-4ef6-af37-91e6d9ef2f58', 'timestamp': 1763957562.535609}]"
2025-11-18 12:08:00+00:00,"Signal(ts=2025-11-18 12:08:00+00:00, action=SELL, qty=1, strategy=MACross)",54d63269-3c4c-4cc8-a91c-e37354a3729c,"[{'price': 268.6, 'qty': 1, 'buy_id': 'b8bc9a2a-41ab-4477-a9e3-daa35afc4ff4', 'sell_id': '54d63269-3c4c-4cc8-a91c-e37354a3729c', 'timestamp': 1763957562.53591}]"
2025-11-18 12:09:00+00:00,"Signal(ts=2025-11-18 12:09:00+00:00, action=SELL, qty=1, strategy=MACross)",e23901a3-4b6d-48ee-a836-fb7afa688806,"[{'price': 268.55, 'qty': 1, 'buy_id': 'c7479d27-bf92-4014-87ee-d577ca64899b', 'sell_id': 'e23901a3-4b6d-48ee-a836-fb7afa688806', 'timestamp': 1763957562.536224}]"
2025-11-18 12:10:00+00:00,"Signal(ts=2025-11-18 12:10:00+00:00, action=SELL, qty=1, strategy=MACross)",f5fbf048-1758-455f-b14b-86b1bad57799,"[{'price': 268.51, 'qty': 1, 'buy_id': '6c071ad6-575c-4530-aefc-1892c6c04c5d', 'sell_id': 'f5fbf048-1758-455f-b14b-86b1bad57799', 'timestamp': 1763957562.5365021}]"
2025-11-18 12:11:00+00:00,"Signal(ts=2025-11-18 12:11:00+00:00, action=SELL, qty=1, strategy=MACross)",b383871b-15e4-4525-b2e2-a038ccbd21ee,"[{'price': 268.5, 'qty': 1, 'buy_id': '3597011c-c866-4ac2-9b16-052c9c9ff063', 'sell_id': 'b383871b-15e4-4525-b2e2-a038ccbd21ee', 'timestamp': 1763957562.5367758}]"
2025-11-18 12:12:00+00:00,"Signal(ts=2025-11-18 12:12:00+00:00, action=SELL, qty=1, strategy=MACross)",77094e32-1380-4ac4-99a6-009fee637dc9,"[{'price': 268.54, 'qty': 1, 'buy_id': '9d1b6146-3c5a-4a8e-a1f8-711cb24ee5dc', 'sell_id': '77094e32-1380-4ac4-99a6-009fee637dc9', 'timestamp': 1763957562.5372102}]"
2025-11-18 12:13:00+00:00,"Signal(ts=2025-11-18 12:13:00+00:00, action=SELL, qty=1, strategy=MACross)",f91829b0-63e8-43f7-8f4e-9fbed94e6bb5,"[{'price': 268.52, 'qty': 1, 'buy_id': 'ad447f8d-3d53-43e2-ab87-072ae2b7d7d1', 'sell_id': 'f91829b0-63e8-43f7-8f4e-9fbed94e6bb5', 'timestamp': 1763957562.537537}]"
2025-11-18 12:14:00+00:00,"Signal(ts=2025-11-18 12:14:00+00:00, action=SELL, qty=1, strategy=MACross)",0d4d4a2e-1da0-4005-98cc-3abbe01fb4b4,"[{'price': 268.53, 'qty': 1, 'buy_id': 'a43b9198-498a-4f8a-b39c-8e3b962b4fa7', 'sell_id': '0d4d4a2e-1da0-4005-98cc-3abbe01fb4b4', 'timestamp': 1763957562.537853}]"
2025-11-18 12:15:00+00:00,"Signal(ts=2025-11-18 12:15:00+00:00, action=SELL, qty=1, strategy=MACross)",84469b50-4b2b-4b3b-a016-c1fc84412a10,"[{'price': 268.61, 'qty': 1, 'buy_id': 'ed22c45f-3a4c-4459-a92a-70f326923760', 'sell_id': '84469b50-4b2b-4b3b-a016-c1fc84412a10', 'timestamp': 1763957562.5381749}]"
2025-11-18 12:16:00+00:00,"Signal(ts=2025-11-18 12:16:00+00:00, action=SELL, qty=1, strategy=MACross)",52dab6b5-8693-4cee-a5a3-1fff9f74a369,"[{'price': 268.58, 'qty': 1, 'buy_id': '8d2d1ec3-7257-4f85-8d22-af98e12d02cc', 'sell_id': '52dab6b5-8693-4cee-a5a3-1fff9f74a369', 'timestamp': 1763957562.538472}]"
2025-11-18 12:17:00+00:00,"Signal(ts=2025-11-18 12:17:00+00:00, action=SELL, qty=1, strategy=MACross)",5ed09b65-d7c3-4e3d-9d62-8f5938a9db7e,"[{'price': 268.57, 'qty': 1, 'buy_id': 'a45d17e2-43b3-46da-a2d5-054cd09aa317', 'sell_id': '5ed09b65-d7c3-4e3d-9d62-8f5938a9db7e', 'timestamp': 1763957562.538786}]"
2025-11-18 12:18:00+00:00,"Signal(ts=2025-11-18 12:18:00+00:00, action=SELL, qty=1, strategy=MACross)",4cfb78c6-d060-4a3e-8ba7-739e5450ec26,[]
2025-11-18 12:19:00+00:00,"Signal(ts=2025-11-18 12:19:00+00:00, action=SELL, qty=1, strategy=MACross)",0582d72d-1d98-46e3-adb8-85a8cdf34b15,[]
2025-11-18 12:21:00+00:00,"Signal(ts=2025-11-18 12:21:00+00:00, action=SELL, qty=1, strategy=MACross)",55b0bf7c-e482-4e25-99e0-26992bc6c93f,[]
2025-11-18 12:22:00+00:00,"Signal(ts=2025-11-18 12:22:00+00:00, action=BUY, qty=1, strategy=MACross)",4e87dfa4-6b0a-45c7-a535-986bb5991b0c,[]
2025-11-18 12:23:00+00:00,"Signal(ts=2025-11-18 12:23:00+00:00, action=BUY, qty=1, strategy=MACross)",71b4430a-07d1-4d86-b5c3-0111fb2922b9,[]
2025-11-18 12:25:00+00:00,"Signal(ts=2025-11-18 12:25:00+00:00, action=BUY, qty=1, strategy=MACross)",79d48432-97f7-4cf8-8724-b4fa196cb6ed,[]
2025-11-18 12:26:00+00:00,"Signal(ts=2025-11-18 12:26:00+00:00, action=BUY, qty=1, strategy=MACross)",533fc305-ec9a-462c-a60c-a886f16f4967,[]
2025-11-18 12:27:00+00:00,"Signal(ts=2025-11-18 12:27:00+00:00, action=BUY, qty=1, strategy=MACross)",ba90d7a5-83ad-4c2d-8a80-69d48869c1af,"[{'price': 268.64, 'qty': 1, 'buy_id': 'ba90d7a5-83ad-4c2d-8a80-69d48869c1af', 'sell_id': '4cfb78c6-d060-4a3e-8ba7-739e5450ec26', 'timestamp': 1763957562.541111}]"
2025-11-18 12:28:00+00:00,"Signal(ts=2025-11-18 12:28:00+00:00, action=BUY, qty=1, strategy=MACross)",b256a160-3a21-47cb-a53b-016850f7bc96,[]
2025-11-18 12:29:00+00:00,"Signal(ts=2025-11-18 12:29:00+00:00, action=BUY, qty=1, strategy=MACross)",be3072bf-8db7-4cfe-9d87-85111156aeb0,[]
2025-11-18 12:30:00+00:00,"Signal(ts=2025-11-18 12:30:00+00:00, action=BUY, qty=1, strategy=MACross)",a2ab7241-3c14-4a2c-b9b7-eda60e41a8f6,[]
2025-11-18 12:31:00+00:00,"Signal(ts=2025-11-18 12:31:00+00:00, action=SELL, qty=1, strategy=MACross)",e3125a30-d8d4-4f96-a463-9166c6bc48eb,"[{'price': 268.5, 'qty': 1, 'buy_id': '533fc305-ec9a-462c-a60c-a886f16f4967', 'sell_id': 'e3125a30-d8d4-4f96-a463-9166c6bc48eb', 'timestamp': 1763957562.542258}]"
2025-11-18 12:32:00+00:00,"Signal(ts=2025-11-18 12:32:00+00:00, action=SELL, qty=1, strategy=MACross)",4a2662ac-bf67-4bd7-9c2f-6f9be75f636d,"[{'price': 268.48, 'qty': 1, 'buy_id': '4e87dfa4-6b0a-45c7-a535-986bb5991b0c', 'sell_id': '4a2662ac-bf67-4bd7-9c2f-6f9be75f636d', 'timestamp': 1763957562.542603}]"
2025-11-18 12:33:00+00:00,"Signal(ts=2025-11-18 12:33:00+00:00, action=SELL, qty=1, strategy=MACross)",1880bca9-a3cf-45cc-97db-9bbf004451e6,"[{'price': 268.48, 'qty': 1, 'buy_id': '71b4430a-07d1-4d86-b5c3-0111fb2922b9', 'sell_id': '1880bca9-a3cf-45cc-97db-9bbf004451e6', 'timestamp': 1763957562.5429099}]"
2025-11-18 12:34:00+00:00,"Signal(ts=2025-11-18 12:34:00+00:00, action=SELL, qty=1, strategy=MACross)",7a402edb-467a-4432-878b-ac8ebe07fcdd,"[{'price': 268.51, 'qty': 1, 'buy_id': '79d48432-97f7-4cf8-8724-b4fa196cb6ed', 'sell_id': '7a402edb-467a-4432-878b-ac8ebe07fcdd', 'timestamp': 1763957562.543209}]"
2025-11-18 12:35:00+00:00,"Signal(ts=2025-11-18 12:35:00+00:00, action=SELL, qty=1, strategy=MACross)",3658aadc-ac9c-4482-8831-e34d844fa3cf,"[{'price': 268.48, 'qty': 1, 'buy_id': 'b256a160-3a21-47cb-a53b-016850f7bc96', 'sell_id': '3658aadc-ac9c-4482-8831-e34d844fa3cf', 'timestamp': 1763957562.5435278}]"
2025-11-18 12:36:00+00:00,"Signal(ts=2025-11-18 12:36:00+00:00, action=SELL, qty=1, strategy=MACross)",600722e0-61c7-4689-aef0-7e70de6a3b39,"[{'price': 268.49, 'qty': 1, 'buy_id': 'a2ab7241-3c14-4a2c-b9b7-eda60e41a8f6', 'sell_id': '600722e0-61c7-4689-aef0-7e70de6a3b39', 'timestamp': 1763957562.543824}]"
2025-11-18 12:37:00+00:00,"Signal(ts=2025-11-18 12:37:00+00:00, action=SELL, qty=1, strategy=MACross)",2bac3343-8874-472e-bbf3-0590e33a3714,[]
2025-11-18 12:38:00+00:00,"Signal(ts=2025-11-18 12:38:00+00:00, action=SELL, qty=1, strategy=MACross)",51e1bc58-d569-4ba4-b42c-d69fd8f62f33,[]
2025-11-18 12:39:00+00:00,"Signal(ts=2025-11-18 12:39:00+00:00, action=SELL, qty=1, strategy=MACross)",cb86f780-0e14-49ea-8175-b60d1df7c121,[]
2025-11-18 12:40:00+00:00,"Signal(ts=2025-11-18 12:40:00+00:00, action=SELL, qty=1, strategy=MACross)",e50654d5-dd8c-4dd0-87a3-3873c4ebb709,[]
2025-11-18 12:41:00+00:00,"Signal(ts=2025-11-18 12:41:00+00:00, action=SELL, qty=1, strategy=MACross)",96704013-90fa-4d5f-a043-46bdeeec0f7f,[]
2025-11-18 12:42:00+00:00,"Signal(ts=2025-11-18 12:42:00+00:00, action=SELL, qty=1, strategy=MACross)",47aad3c8-7113-43df-a31b-1b3e35f5b185,[]
2025-11-18 12:43:00+00:00,"Signal(ts=2025-11-18 12:43:00+00:00, action=BUY, qty=1, strategy=MACross)",7483a388-26eb-4c09-9b7e-4eaa56488880,"[{'price': 268.46, 'qty': 1, 'buy_id': '7483a388-26eb-4c09-9b7e-4eaa56488880', 'sell_id': '47aad3c8-7113-43df-a31b-1b3e35f5b185', 'timestamp': 1763957562.546844}]"
2025-11-18 12:44:00+00:00,"Signal(ts=2025-11-18 12:44:00+00:00, action=BUY, qty=1, strategy=MACross)",7ba426d6-00d0-4adc-8034-d41bbb550ffb,[]
2025-11-18 12:45:00+00:00,"Signal(ts=2025-11-18 12:45:00+00:00, action=SELL, qty=1, strategy=MACross)",b4764f16-aa57-414a-80d5-9dece2fc2e55,"[{'price': 268.36, 'qty': 1, 'buy_id': 'be3072bf-8db7-4cfe-9d87-85111156aeb0', 'sell_id': 'b4764f16-aa57-414a-80d5-9dece2fc2e55', 'timestamp': 1763957562.5475972}]"
2025-11-18 12:46:00+00:00,"Signal(ts=2025-11-18 12:46:00+00:00, action=BUY, qty=1, strategy=MACross)",bbf8c692-10b0-4297-9c5e-7b3cc88dedc2,"[{'price': 268.48, 'qty': 1, 'buy_id': 'bbf8c692-10b0-4297-9c5e-7b3cc88dedc2', 'sell_id': '96704013-90fa-4d5f-a043-46bdeeec0f7f', 'timestamp': 1763957562.547947}]"
2025-11-18 12:47:00+00:00,"Signal(ts=2025-11-18 12:47:00+00:00, action=SELL, qty=1, strategy=MACross)",cb675251-f966-4f31-b106-0aefc79a62ec,[]
2025-11-18 12:48:00+00:00,"Signal(ts=2025-11-18 12:48:00+00:00, action=SELL, qty=1, strategy=MACross)",e8b201ab-100d-490b-943a-165edf10d98f,[]
2025-11-18 12:49:00+00:00,"Signal(ts=2025-11-18 12:49:00+00:00, action=SELL, qty=1, strategy=MACross)",28dc5c4c-477f-4579-8cfa-694af1c9ef24,[]
2025-11-18 12:50:00+00:00,"Signal(ts=2025-11-18 12:50:00+00:00, action=SELL, qty=1, strategy=MACross)",b6174a05-c71e-4eba-85f7-ed13b744841a,[]
2025-11-18 12:51:00+00:00,"Signal(ts=2025-11-18 12:51:00+00:00, action=SELL, qty=1, strategy=MACross)",cd9d05eb-4f32-4ed4-a52e-1c93ca480ec0,[]
2025-11-18 12:52:00+00:00,"Signal(ts=2025-11-18 12:52:00+00:00, action=SELL, qty=1, strategy=MACross)",c6a94cf2-a026-497e-9ded-bd71834659d7,[]
2025-11-18 12:53:00+00:00,"Signal(ts=2025-11-18 12:53:00+00:00, action=SELL, qty=1, strategy=MACross)",6398d53f-5e9b-4894-a15e-d1f63011e149,[]
2025-11-18 12:54:00+00:00,"Signal(ts=2025-11-18 12:54:00+00:00, action=SELL, qty=1, strategy=MACross)",3a1787fe-90bf-41a4-9a94-4565f606818a,"[{'price': 268.3, 'qty': 1, 'buy_id': '7ba426d6-00d0-4adc-8034-d41bbb550ffb', 'sell_id': '3a1787fe-90bf-41a4-9a94-4565f606818a', 'timestamp': 1763957562.550816}]"
2025-11-18 12:55:00+00:00,"Signal(ts=2025-11-18 12:55:00+00:00, action=SELL, qty=1, strategy=MACross)",b0b9aa8b-d1f0-4da2-98bb-b07dcd63b82e,[]
2025-11-18 12:56:00+00:00,"Signal(ts=2025-11-18 12:56:00+00:00, action=SELL, qty=1, strategy=MACross)",7c2475ac-70e3-466b-bd84-a9c89dc0644a,[]
2025-11-18 12:57:00+00:00,"Signal(ts=2025-11-18 12:57:00+00:00, action=SELL, qty=1, strategy=MACross)",3e5c4dcf-4463-45e0-b20e-c1ca13166209,[]
2025-11-18 12:58:00+00:00,"Signal(ts=2025-11-18 12:58:00+00:00, action=SELL, qty=1, strategy=MACross)",7fd3d31e-b234-4ccd-8593-5672aaacd8bf,[]
2025-11-18 12:59:00+00:00,"Signal(ts=2025-11-18 12:59:00+00:00, action=SELL, qty=1, strategy=MACross)",e6cf5b63-c7e4-4d4e-ad4f-ec71a0ff8773,[]
2025-11-18 13:00:00+00:00,"Signal(ts=2025-11-18 13:00:00+00:00, action=SELL, qty=1, strategy=MACross)",7f19bac5-5f94-4bbf-8714-845d1016e43e,[]
2025-11-18 13:01:00+00:00,"Signal(ts=2025-11-18 13:01:00+00:00, action=SELL, qty=1, strategy=MACross)",1fa01c11-cf2b-4a02-9c1b-3d16ccf7b1f4,[]
2025-11-18 13:02:00+00:00,"Signal(ts=2025-11-18 13:02:00+00:00, action=SELL, qty=1, strategy=MACross)",8add9174-9606-4f11-97f8-34982203934f,[]
2025-11-18 13:03:00+00:00,"Signal(ts=2025-11-18 13:03:00+00:00, action=SELL, qty=1, strategy=MACross)",a02e6736-e55c-45f2-a899-154d3165da1a,[]
2025-11-18 13:04:00+00:00,"Signal(ts=2025-11-18 13:04:00+00:00, action=SELL, qty=1, strategy=MACross)",75b76e4d-7773-4f39-85af-23342191ba3c,[]
2025-11-18 13:05:00+00:00,"Signal(ts=2025-11-18 13:05:00+00:00, action=SELL, qty=1, strategy=MACross)",c458544b-d21d-463d-bbd5-026c6a422975,[]
2025-11-18 13:06:00+00:00,"Signal(ts=2025-11-18 13:06:00+00:00, action=SELL, qty=1, strategy=MACross)",207f40b1-e3c7-481f-800c-4b5817f0e0dc,[]
2025-11-18 13:07:00+00:00,"Signal(ts=2025-11-18 13:07:00+00:00, action=SELL, qty=1, strategy=MACross)",8d45f38a-38a8-4bc4-83ed-bd84f9fd6ea6,[]
2025-11-18 13:08:00+00:00,"Signal(ts=2025-11-18 13:08:00+00:00, action=SELL, qty=1, strategy=MACross)",1cef522c-3389-47f6-a9a5-cd5491d21c6d,[]
2025-11-18 13:09:00+00:00,"Signal(ts=2025-11-18 13:09:00+00:00, action=SELL, qty=1, strategy=MACross)",21a10154-2e28-45b0-aeb0-b6162e83b307,[]
2025-11-18 13:10:00+00:00,"Signal(ts=2025-11-18 13:10:00+00:00, action=SELL, qty=1, strategy=MACross)",35aa7ae0-70e7-49a7-b902-c662daf00674,[]
2025-11-18 13:11:00+00:00,"Signal(ts=2025-11-18 13:11:00+00:00, action=BUY, qty=1, strategy=MACross)",7b226b94-2bce-41a4-8acb-04822dc0bf91,"[{'price': 267.22, 'qty': 1, 'buy_id': '7b226b94-2bce-41a4-8acb-04822dc0bf91', 'sell_id': '8add9174-9606-4f11-97f8-34982203934f', 'timestamp': 1763957562.556304}]"
2025-11-18 13:12:00+00:00,"Signal(ts=2025-11-18 13:12:00+00:00, action=BUY, qty=1, strategy=MACross)",bda12886-8353-4aa6-aacf-fe1cea7da102,"[{'price': 267.87, 'qty': 1, 'buy_id': 'bda12886-8353-4aa6-aacf-fe1cea7da102', 'sell_id': '3e5c4dcf-4463-45e0-b20e-c1ca13166209', 'timestamp': 1763957562.5566301}]"
2025-11-18 13:13:00+00:00,"Signal(ts=2025-11-18 13:13:00+00:00, action=BUY, qty=1, strategy=MACross)",86c56cdf-29df-46a5-b374-9d7c3a100c6f,"[{'price': 268.02, 'qty': 1, 'buy_id': '86c56cdf-29df-46a5-b374-9d7c3a100c6f', 'sell_id': '7fd3d31e-b234-4ccd-8593-5672aaacd8bf', 'timestamp': 1763957562.557}]"
2025-11-18 13:14:00+00:00,"Signal(ts=2025-11-18 13:14:00+00:00, action=BUY, qty=1, strategy=MACross)",04186f3a-4519-4821-858e-3f53ec811781,"[{'price': 268.07, 'qty': 1, 'buy_id': '04186f3a-4519-4821-858e-3f53ec811781', 'sell_id': '1fa01c11-cf2b-4a02-9c1b-3d16ccf7b1f4', 'timestamp': 1763957562.557389}]"
2025-11-18 13:15:00+00:00,"Signal(ts=2025-11-18 13:15:00+00:00, action=BUY, qty=1, strategy=MACross)",27b865ba-08a8-4900-8b44-c28bed6d8528,"[{'price': 268.08, 'qty': 1, 'buy_id': '27b865ba-08a8-4900-8b44-c28bed6d8528', 'sell_id': 'e6cf5b63-c7e4-4d4e-ad4f-ec71a0ff8773', 'timestamp': 1763957562.5577102}]"
2025-11-18 13:16:00+00:00,"Signal(ts=2025-11-18 13:16:00+00:00, action=BUY, qty=1, strategy=MACross)",923b752e-a8cc-4f53-b2e2-292022418d07,"[{'price': 268.18, 'qty': 1, 'buy_id': '923b752e-a8cc-4f53-b2e2-292022418d07', 'sell_id': '7c2475ac-70e3-466b-bd84-a9c89dc0644a', 'timestamp': 1763957562.558038}]"
2025-11-18 13:17:00+00:00,"Signal(ts=2025-11-18 13:17:00+00:00, action=BUY, qty=1, strategy=MACross)",043a047e-3ea6-4abe-9aeb-b0cc4a62ac93,"[{'price': 268.24, 'qty': 1, 'buy_id': '043a047e-3ea6-4abe-9aeb-b0cc4a62ac93', 'sell_id': '7f19bac5-5f94-4bbf-8714-845d1016e43e', 'timestamp': 1763957562.558433}]"
2025-11-18 13:18:00+00:00,"Signal(ts=2025-11-18 13:18:00+00:00, action=BUY, qty=1, strategy=MACross)",f567ef3b-6ac3-4106-9ed9-034423ded86d,"[{'price': 268.24, 'qty': 1, 'buy_id': 'f567ef3b-6ac3-4106-9ed9-034423ded86d', 'sell_id': 'a02e6736-e55c-45f2-a899-154d3165da1a', 'timestamp': 1763957562.558768}]"
2025-11-18 13:19:00+00:00,"Signal(ts=2025-11-18 13:19:00+00:00, action=BUY, qty=1, strategy=MACross)",668c7dcd-e276-4e98-94ca-9d577d32848f,"[{'price': 268.25, 'qty': 1, 'buy_id': '668c7dcd-e276-4e98-94ca-9d577d32848f', 'sell_id': '35aa7ae0-70e7-49a7-b902-c662daf00674', 'timestamp': 1763957562.559138}]"
2025-11-18 13:20:00+00:00,"Signal(ts=2025-11-18 13:20:00+00:00, action=BUY, qty=1, strategy=MACross)",578bbe26-fb21-4d71-ad81-83d5c80a2793,"[{'price': 268.32, 'qty': 1, 'buy_id': '578bbe26-fb21-4d71-ad81-83d5c80a2793', 'sell_id': 'b0b9aa8b-d1f0-4da2-98bb-b07dcd63b82e', 'timestamp': 1763957562.5595598}]"
2025-11-18 13:21:00+00:00,"Signal(ts=2025-11-18 13:21:00+00:00, action=BUY, qty=1, strategy=MACross)",ff78df24-6cf4-41c4-8576-ca1caeb5820e,[]
2025-11-18 13:22:00+00:00,"Signal(ts=2025-11-18 13:22:00+00:00, action=BUY, qty=1, strategy=MACross)",0ad32718-d5f5-40b5-b422-a9a48577c5f1,[]
2025-11-18 13:23:00+00:00,"Signal(ts=2025-11-18 13:23:00+00:00, action=SELL, qty=1, strategy=MACross)",b8cbdf39-6cd4-494e-9c48-401f3e9e2759,"[{'price': 268.16, 'qty': 1, 'buy_id': '0ad32718-d5f5-40b5-b422-a9a48577c5f1', 'sell_id': 'b8cbdf39-6cd4-494e-9c48-401f3e9e2759', 'timestamp': 1763957562.5605462}]"
2025-11-18 13:24:00+00:00,"Signal(ts=2025-11-18 13:24:00+00:00, action=SELL, qty=1, strategy=MACross)",0806b633-c39b-4658-b771-b68fc347a25c,[]
2025-11-18 13:25:00+00:00,"Signal(ts=2025-11-18 13:25:00+00:00, action=SELL, qty=1, strategy=MACross)",d27566d3-e5e7-410e-bb8e-db9ad5cf8600,[]
2025-11-18 13:26:00+00:00,"Signal(ts=2025-11-18 13:26:00+00:00, action=SELL, qty=1, strategy=MACross)",cc3a31c1-84a7-43dd-8561-ed5138415d1e,[]
2025-11-18 13:27:00+00:00,"Signal(ts=2025-11-18 13:27:00+00:00, action=SELL, qty=1, strategy=MACross)",f693cfbc-b975-4dde-8e39-450f7af79c0b,"[{'price': 268.08, 'qty': 1, 'buy_id': 'ff78df24-6cf4-41c4-8576-ca1caeb5820e', 'sell_id': 'f693cfbc-b975-4dde-8e39-450f7af79c0b', 'timestamp': 1763957562.561907}]"
2025-11-18 13:28:00+00:00,"Signal(ts=2025-11-18 13:28:00+00:00, action=SELL, qty=1, strategy=MACross)",3d3ba5b6-a907-41af-921c-9e7a0966c3a1,[]
2025-11-18 13:29:00+00:00,"Signal(ts=2025-11-18 13:29:00+00:00, action=SELL, qty=1, strategy=MACross)",305e3e25-faa6-427f-bd21-54aeb74372ad,[]
2025-11-18 13:30:00+00:00,"Signal(ts=2025-11-18 13:30:00+00:00, action=SELL, qty=1, strategy=MACross)",af1ff021-6e74-4017-9830-6b06c1b116d4,[]
2025-11-18 13:31:00+00:00,"Signal(ts=2025-11-18 13:31:00+00:00, action=SELL, qty=1, strategy=MACross)",bd07c386-62d1-49b1-8dd6-6ab7a4611079,[]
2025-11-18 13:32:00+00:00,"Signal(ts=2025-11-18 13:32:00+00:00, action=SELL, qty=1, strategy=MACross)",aae7ed92-42fb-4a4a-89aa-6793d5985c3e,[]
2025-11-18 13:33:00+00:00,"Signal(ts=2025-11-18 13:33:00+00:00, action=SELL, qty=1, strategy=MACross)",42f510e0-c60b-4d22-a450-f8e97725400d,[]
2025-11-18 13:34:00+00:00,"Signal(ts=2025-11-18 13:34:00+00:00, action=SELL, qty=1, strategy=MACross)",f779c20c-9a55-442a-95ec-d5dee8079b20,[]
2025-11-18 13:35:00+00:00,"Signal(ts=2025-11-18 13:35:00+00:00, action=SELL, qty=1, strategy=MACross)",800cfe88-0544-4f11-b89c-2685d870bfc1,[]
2025-11-18 13:36:00+00:00,"Signal(ts=2025-11-18 13:36:00+00:00, action=BUY, qty=1, strategy=MACross)",67a90b20-4d62-495f-8818-29344ceeddfb,"[{'price': 268.1, 'qty': 1, 'buy_id': '67a90b20-4d62-495f-8818-29344ceeddfb', 'sell_id': '3d3ba5b6-a907-41af-921c-9e7a0966c3a1', 'timestamp': 1763957562.564832}]"
2025-11-18 13:37:00+00:00,"Signal(ts=2025-11-18 13:37:00+00:00, action=BUY, qty=1, strategy=MACross)",15f53505-0710-45ac-a4e0-becdd0678895,"[{'price': 268.1, 'qty': 1, 'buy_id': '15f53505-0710-45ac-a4e0-becdd0678895', 'sell_id': '305e3e25-faa6-427f-bd21-54aeb74372ad', 'timestamp': 1763957562.565165}]"
2025-11-18 13:38:00+00:00,"Signal(ts=2025-11-18 13:38:00+00:00, action=BUY, qty=1, strategy=MACross)",ba54e1e4-b70e-48a2-a029-905eba8c2b60,"[{'price': 268.24, 'qty': 1, 'buy_id': 'ba54e1e4-b70e-48a2-a029-905eba8c2b60', 'sell_id': 'cc3a31c1-84a7-43dd-8561-ed5138415d1e', 'timestamp': 1763957562.565579}]"
2025-11-18 13:39:00+00:00,"Signal(ts=2025-11-18 13:39:00+00:00, action=BUY, qty=1, strategy=MACross)",95a1a41f-6d20-4098-9932-6242d84afb2f,"[{'price': 268.25, 'qty': 1, 'buy_id': '95a1a41f-6d20-4098-9932-6242d84afb2f', 'sell_id': 'd27566d3-e5e7-410e-bb8e-db9ad5cf8600', 'timestamp': 1763957562.565932}]"
2025-11-18 13:40:00+00:00,"Signal(ts=2025-11-18 13:40:00+00:00, action=BUY, qty=1, strategy=MACross)",115923d3-37a3-4dc6-81f2-256f187f11b9,"[{'price': 268.26, 'qty': 1, 'buy_id': '115923d3-37a3-4dc6-81f2-256f187f11b9', 'sell_id': 'af1ff021-6e74-4017-9830-6b06c1b116d4', 'timestamp': 1763957562.5662599}]"
2025-11-18 13:41:00+00:00,"Signal(ts=2025-11-18 13:41:00+00:00, action=BUY, qty=1, strategy=MACross)",39cb3703-7c75-4e51-9bbc-f56c78744396,"[{'price': 268.3, 'qty': 1, 'buy_id': '39cb3703-7c75-4e51-9bbc-f56c78744396', 'sell_id': '0806b633-c39b-4658-b771-b68fc347a25c', 'timestamp': 1763957562.566611}]"
2025-11-18 13:42:00+00:00,"Signal(ts=2025-11-18 13:42:00+00:00, action=BUY, qty=1, strategy=MACross)",de7c4994-a12c-43bd-bfa9-1478e5ae4c6e,"[{'price': 268.32, 'qty': 1, 'buy_id': 'de7c4994-a12c-43bd-bfa9-1478e5ae4c6e', 'sell_id': '8d45f38a-38a8-4bc4-83ed-bd84f9fd6ea6', 'timestamp': 1763957562.5669482}]"
2025-11-18 13:43:00+00:00,"Signal(ts=2025-11-18 13:43:00+00:00, action=BUY, qty=1, strategy=MACross)",4c130f94-5d68-45b3-89af-5ff90a4bc23c,"[{'price': 268.3412, 'qty': 1, 'buy_id': '4c130f94-5d68-45b3-89af-5ff90a4bc23c', 'sell_id': 'bd07c386-62d1-49b1-8dd6-6ab7a4611079', 'timestamp': 1763957562.567269}]"
2025-11-18 13:44:00+00:00,"Signal(ts=2025-11-18 13:44:00+00:00, action=BUY, qty=1, strategy=MACross)",84cd9d62-2b55-4f58-9a3d-392cc2b23ac2,"[{'price': 268.36, 'qty': 1, 'buy_id': '84cd9d62-2b55-4f58-9a3d-392cc2b23ac2', 'sell_id': 'c458544b-d21d-463d-bbd5-026c6a422975', 'timestamp': 1763957562.56761}]"
2025-11-18 13:45:00+00:00,"Signal(ts=2025-11-18 13:45:00+00:00, action=BUY, qty=1, strategy=MACross)",4233b2a1-a8de-4f6e-8397-688afeab5ff9,"[{'price': 268.39, 'qty': 1, 'buy_id': '4233b2a1-a8de-4f6e-8397-688afeab5ff9', 'sell_id': '207f40b1-e3c7-481f-800c-4b5817f0e0dc', 'timestamp': 1763957562.568046}]"
2025-11-18 13:46:00+00:00,"Signal(ts=2025-11-18 13:46:00+00:00, action=BUY, qty=1, strategy=MACross)",5e5bc1f5-8c9f-4a6a-9766-6382ea6e289a,"[{'price': 268.4, 'qty': 1, 'buy_id': '5e5bc1f5-8c9f-4a6a-9766-6382ea6e289a', 'sell_id': 'aae7ed92-42fb-4a4a-89aa-6793d5985c3e', 'timestamp': 1763957562.568372}]"
2025-11-18 13:47:00+00:00,"Signal(ts=2025-11-18 13:47:00+00:00, action=BUY, qty=1, strategy=MACross)",ae242fde-2a0c-4175-802e-bf8a83bb2157,"[{'price': 268.4, 'qty': 1, 'buy_id': 'ae242fde-2a0c-4175-802e-bf8a83bb2157', 'sell_id': '42f510e0-c60b-4d22-a450-f8e97725400d', 'timestamp': 1763957562.568694}]"
2025-11-18 13:48:00+00:00,"Signal(ts=2025-11-18 13:48:00+00:00, action=BUY, qty=1, strategy=MACross)",9cbaa331-190f-48ac-8c34-f5e7e8feda29,"[{'price': 268.43, 'qty': 1, 'buy_id': '9cbaa331-190f-48ac-8c34-f5e7e8feda29', 'sell_id': 'e8b201ab-100d-490b-943a-165edf10d98f', 'timestamp': 1763957562.5690901}]"
2025-11-18 13:49:00+00:00,"Signal(ts=2025-11-18 13:49:00+00:00, action=BUY, qty=1, strategy=MACross)",dbd111cc-f32b-421c-a33a-9d0539b1a0ac,"[{'price': 268.43, 'qty': 1, 'buy_id': 'dbd111cc-f32b-421c-a33a-9d0539b1a0ac', 'sell_id': '28dc5c4c-477f-4579-8cfa-694af1c9ef24', 'timestamp': 1763957562.5694458}]"
2025-11-18 13:50:00+00:00,"Signal(ts=2025-11-18 13:50:00+00:00, action=BUY, qty=1, strategy=MACross)",9510510e-d291-41cc-9616-f8d365202c77,"[{'price': 268.43, 'qty': 1, 'buy_id': '9510510e-d291-41cc-9616-f8d365202c77', 'sell_id': '21a10154-2e28-45b0-aeb0-b6162e83b307', 'timestamp': 1763957562.5697799}]"
2025-11-18 13:51:00+00:00,"Signal(ts=2025-11-18 13:51:00+00:00, action=BUY, qty=1, strategy=MACross)",cf860335-d909-4172-ab0d-1572a7bd987b,"[{'price': 268.45, 'qty': 1, 'buy_id': 'cf860335-d909-4172-ab0d-1572a7bd987b', 'sell_id': 'f779c20c-9a55-442a-95ec-d5dee8079b20', 'timestamp': 1763957562.570105}]"
2025-11-18 13:52:00+00:00,"Signal(ts=2025-11-18 13:52:00+00:00, action=BUY, qty=1, strategy=MACross)",c7bf1765-1947-4d57-b7d3-95039612960a,"[{'price': 268.4627, 'qty': 1, 'buy_id': 'c7bf1765-1947-4d57-b7d3-95039612960a', 'sell_id': '1cef522c-3389-47f6-a9a5-cd5491d21c6d', 'timestamp': 1763957562.5704331}]"
2025-11-18 13:53:00+00:00,"Signal(ts=2025-11-18 13:53:00+00:00, action=BUY, qty=1, strategy=MACross)",a55aafc3-153a-4e7a-9047-cd2fbf16d23b,"[{'price': 268.49, 'qty': 1, 'buy_id': 'a55aafc3-153a-4e7a-9047-cd2fbf16d23b', 'sell_id': 'b6174a05-c71e-4eba-85f7-ed13b744841a', 'timestamp': 1763957562.570766}]"
2025-11-18 13:54:00+00:00,"Signal(ts=2025-11-18 13:54:00+00:00, action=BUY, qty=1, strategy=MACross)",0667626b-7eaf-4157-8895-1dad65a588fb,"[{'price': 268.5, 'qty': 1, 'buy_id': '0667626b-7eaf-4157-8895-1dad65a588fb', 'sell_id': 'cb675251-f966-4f31-b106-0aefc79a62ec', 'timestamp': 1763957562.5711129}]"
2025-11-18 13:55:00+00:00,"Signal(ts=2025-11-18 13:55:00+00:00, action=BUY, qty=1, strategy=MACross)",d7120ba5-d422-44f7-8f85-c60c87ed4165,"[{'price': 268.5, 'qty': 1, 'buy_id': 'd7120ba5-d422-44f7-8f85-c60c87ed4165', 'sell_id': 'c6a94cf2-a026-497e-9ded-bd71834659d7', 'timestamp': 1763957562.571444}]"
2025-11-18 13:56:00+00:00,"Signal(ts=2025-11-18 13:56:00+00:00, action=BUY, qty=1, strategy=MACross)",3777ced5-4f21-4f76-9614-0f54a83473e7,"[{'price': 268.5, 'qty': 1, 'buy_id': '3777ced5-4f21-4f76-9614-0f54a83473e7', 'sell_id': '6398d53f-5e9b-4894-a15e-d1f63011e149', 'timestamp': 1763957562.571794}]"
2025-11-18 13:57:00+00:00,"Signal(ts=2025-11-18 13:57:00+00:00, action=SELL, qty=1, strategy=MACross)",9085711e-9469-4ccc-8e10-3217d7a9f973,[]
2025-11-18 13:58:00+00:00,"Signal(ts=2025-11-18 13:58:00+00:00, action=SELL, qty=1, strategy=MACross)",382a156b-9a66-430e-ac35-8deefd3f2dc6,[]
2025-11-18 13:59:00+00:00,"Signal(ts=2025-11-18 13:59:00+00:00, action=SELL, qty=1, strategy=MACross)",c02ffbfe-c509-4966-ba93-0311b688c047,[]
2025-11-18 14:00:00+00:00,"Signal(ts=2025-11-18 14:00:00+00:00, action=SELL, qty=1, strategy=MACross)",b8a34403-ee03-42af-a1a4-33556f41411d,[]
2025-11-18 14:01:00+00:00,"Signal(ts=2025-11-18 14:01:00+00:00, action=SELL, qty=1, strategy=MACross)",4b5cb9e3-a429-4f7d-8fc0-02fb26076b7d,[]
2025-11-18 14:02:00+00:00,"Signal(ts=2025-11-18 14:02:00+00:00, action=SELL, qty=1, strategy=MACross)",66198ee3-70ea-478b-a37f-8a0f8e477a95,[]
2025-11-18 14:03:00+00:00,"Signal(ts=2025-11-18 14:03:00+00:00, action=SELL, qty=1, strategy=MACross)",3a5988de-9383-4b32-9776-6d0f32f1e7b8,[]
2025-11-18 14:04:00+00:00,"Signal(ts=2025-11-18 14:04:00+00:00, action=SELL, qty=1, strategy=MACross)",d3b6fb1d-f434-494f-8818-73efbd64023c,[]
2025-11-18 14:05:00+00:00,"Signal(ts=2025-11-18 14:05:00+00:00, action=SELL, qty=1, strategy=MACross)",263da35e-6f1a-4a1c-958b-4b00b093fe94,[]
2025-11-18 14:06:00+00:00,"Signal(ts=2025-11-18 14:06:00+00:00, action=SELL, qty=1, strategy=MACross)",d2ae13e1-c4df-4c12-a859-bd394d3dc58e,[]
2025-11-18 14:07:00+00:00,"Signal(ts=2025-11-18 14:07:00+00:00, action=SELL, qty=1, strategy=MACross)",301854bd-37e2-42e4-87ac-9450959652ea,[]
2025-11-18 14:08:00+00:00,"Signal(ts=2025-11-18 14:08:00+00:00, action=SELL, qty=1, strategy=MACross)",90f59cc1-cf01-434b-bee0-ff9cfc2e97a1,[]
2025-11-18 14:09:00+00:00,"Signal(ts=2025-11-18 14:09:00+00:00, action=SELL, qty=1, strategy=MACross)",9032abb0-c5a2-4d7c-bb3b-3da3761f2f22,[]
2025-11-18 14:10:00+00:00,"Signal(ts=2025-11-18 14:10:00+00:00, action=SELL, qty=1, strategy=MACross)",3003d8a3-cd06-4645-939f-76b4bb3e8daa,[]
2025-11-18 14:11:00+00:00,"Signal(ts=2025-11-18 14:11:00+00:00, action=SELL, qty=1, strategy=MACross)",f8a37d01-ed9d-44af-b19c-83d2835f2195,[]
2025-11-18 14:12:00+00:00,"Signal(ts=2025-11-18 14:12:00+00:00, action=SELL, qty=1, strategy=MACross)",fd28ead2-fabc-4a43-b706-3601fc541755,[]
2025-11-18 14:13:00+00:00,"Signal(ts=2025-11-18 14:13:00+00:00, action=SELL, qty=1, strategy=MACross)",a44469c1-e522-4100-9c79-d04a6800099d,[]
2025-11-18 14:14:00+00:00,"Signal(ts=2025-11-18 14:14:00+00:00, action=SELL, qty=1, strategy=MACross)",7e5a2425-cf90-4b84-ac4d-f9a358cb937f,[]
2025-11-18 14:15:00+00:00,"Signal(ts=2025-11-18 14:15:00+00:00, action=SELL, qty=1, strategy=MACross)",be52b495-a859-49e8-9699-7f31b52a7ea0,[]
2025-11-18 14:16:00+00:00,"Signal(ts=2025-11-18 14:16:00+00:00, action=SELL, qty=1, strategy=MACross)",71d99d5a-f804-497c-b60a-72124cb1ed41,[]
2025-11-18 14:17:00+00:00,"Signal(ts=2025-11-18 14:17:00+00:00, action=SELL, qty=1, strategy=MACross)",fc024b4a-f2e7-4d00-bcfc-e7a3a6fc80af,[]
2025-11-18 14:18:00+00:00,"Signal(ts=2025-11-18 14:18:00+00:00, action=SELL, qty=1, strategy=MACross)",42d9c254-b8a8-445c-acf2-674ab95f59d7,[]
2025-11-18 14:19:00+00:00,"Signal(ts=2025-11-18 14:19:00+00:00, action=SELL, qty=1, strategy=MACross)",a848237a-571d-4bf1-adf4-2b972f89bffe,[]
2025-11-18 14:20:00+00:00,"Signal(ts=2025-11-18 14:20:00+00:00, action=SELL, qty=1, strategy=MACross)",7ed38cb6-9244-4df8-a274-a1416ff60cc5,[]
2025-11-18 14:21:00+00:00,"Signal(ts=2025-11-18 14:21:00+00:00, action=SELL, qty=1, strategy=MACross)",d84f2450-47fb-4832-aeec-251573eebc43,[]
2025-11-18 14:22:00+00:00,"Signal(ts=2025-11-18 14:22:00+00:00, action=SELL, qty=1, strategy=MACross)",95d7100e-8f0f-4351-9d46-b7db3babac73,[]
2025-11-18 14:23:00+00:00,"Signal(ts=2025-11-18 14:23:00+00:00, action=SELL, qty=1, strategy=MACross)",9d9999a7-2933-4d3e-b50b-288e49345892,[]
2025-11-18 14:24:00+00:00,"Signal(ts=2025-11-18 14:24:00+00:00, action=SELL, qty=1, strategy=MACross)",dea0d5ac-d110-463b-87ad-7dfd808e83b5,[]
2025-11-18 14:25:00+00:00,"Signal(ts=2025-11-18 14:25:00+00:00, action=SELL, qty=1, strategy=MACross)",68a1a760-1915-4b16-9109-73091adfacb5,[]
2025-11-18 14:26:00+00:00,"Signal(ts=2025-11-18 14:26:00+00:00, action=SELL, qty=1, strategy=MACross)",80403022-0d1d-452f-afb9-376f58f95064,[]
2025-11-18 14:27:00+00:00,"Signal(ts=2025-11-18 14:27:00+00:00, action=SELL, qty=1, strategy=MACross)",45477a34-136d-4637-9bc8-9e0fae326682,[]
2025-11-18 14:28:00+00:00,"Signal(ts=2025-11-18 14:28:00+00:00, action=BUY, qty=1, strategy=MACross)",0b35ac71-fee4-4d02-84d3-ef7c99c28411,"[{'price': 268.01, 'qty': 1, 'buy_id': '0b35ac71-fee4-4d02-84d3-ef7c99c28411', 'sell_id': '68a1a760-1915-4b16-9109-73091adfacb5', 'timestamp': 1763957562.582577}]"
2025-11-18 14:29:00+00:00,"Signal(ts=2025-11-18 14:29:00+00:00, action=BUY, qty=1, strategy=MACross)",f63d2024-e4a0-4611-b672-9db34331e0c7,"[{'price': 268.09, 'qty': 1, 'buy_id': 'f63d2024-e4a0-4611-b672-9db34331e0c7', 'sell_id': '9d9999a7-2933-4d3e-b50b-288e49345892', 'timestamp': 1763957562.582931}]"
2025-11-18 14:30:00+00:00,"Signal(ts=2025-11-18 14:30:00+00:00, action=BUY, qty=1, strategy=MACross)",e3fbbce7-22c5-4b04-ac9b-f8e7bdefa2ff,"[{'price': 268.1, 'qty': 1, 'buy_id': 'e3fbbce7-22c5-4b04-ac9b-f8e7bdefa2ff', 'sell_id': '95d7100e-8f0f-4351-9d46-b7db3babac73', 'timestamp': 1763957562.583308}]"
2025-11-18 14:31:00+00:00,"Signal(ts=2025-11-18 14:31:00+00:00, action=BUY, qty=1, strategy=MACross)",3371d2d0-f455-4ee2-a32a-9601bc4f0845,"[{'price': 268.2, 'qty': 1, 'buy_id': '3371d2d0-f455-4ee2-a32a-9601bc4f0845', 'sell_id': 'dea0d5ac-d110-463b-87ad-7dfd808e83b5', 'timestamp': 1763957562.583654}]"
2025-11-18 14:32:00+00:00,"Signal(ts=2025-11-18 14:32:00+00:00, action=BUY, qty=1, strategy=MACross)",9b81ae55-cb80-421e-b1ce-d6abf862765e,"[{'price': 268.3, 'qty': 1, 'buy_id': '9b81ae55-cb80-421e-b1ce-d6abf862765e', 'sell_id': '7ed38cb6-9244-4df8-a274-a1416ff60cc5', 'timestamp': 1763957562.583989}]"
2025-11-18 14:33:00+00:00,"Signal(ts=2025-11-18 14:33:00+00:00, action=BUY, qty=2, strategy=MACross)",07af446a-116b-4f26-9ad1-d65039738b13,"[{'price': 268.31, 'qty': 1, 'buy_id': '07af446a-116b-4f26-9ad1-d65039738b13', 'sell_id': 'c02ffbfe-c509-4966-ba93-0311b688c047', 'timestamp': 1763957562.5843232}, {'price': 268.36, 'qty': 1, 'buy_id': '07af446a-116b-4f26-9ad1-d65039738b13', 'sell_id': '42d9c254-b8a8-445c-acf2-674ab95f59d7', 'timestamp': 1763957562.5843258}]"
2025-11-18 14:34:00+00:00,"Signal(ts=2025-11-18 14:34:00+00:00, action=BUY, qty=2, strategy=MACross)",a916b234-9cbd-4f3e-a7fd-d0a155f18dc3,"[{'price': 268.36, 'qty': 1, 'buy_id': 'a916b234-9cbd-4f3e-a7fd-d0a155f18dc3', 'sell_id': 'd84f2450-47fb-4832-aeec-251573eebc43', 'timestamp': 1763957562.584693}, {'price': 268.39, 'qty': 1, 'buy_id': 'a916b234-9cbd-4f3e-a7fd-d0a155f18dc3', 'sell_id': 'a44469c1-e522-4100-9c79-d04a6800099d', 'timestamp': 1763957562.584696}]"
2025-11-18 14:35:00+00:00,"Signal(ts=2025-11-18 14:35:00+00:00, action=BUY, qty=3, strategy=MACross)",9ff8b885-1703-49bd-a140-c1a9b46bbf16,"[{'price': 268.42, 'qty': 1, 'buy_id': '9ff8b885-1703-49bd-a140-c1a9b46bbf16', 'sell_id': '71d99d5a-f804-497c-b60a-72124cb1ed41', 'timestamp': 1763957562.5850618}, {'price': 268.43, 'qty': 1, 'buy_id': '9ff8b885-1703-49bd-a140-c1a9b46bbf16', 'sell_id': 'fd28ead2-fabc-4a43-b706-3601fc541755', 'timestamp': 1763957562.585064}, {'price': 268.44, 'qty': 1, 'buy_id': '9ff8b885-1703-49bd-a140-c1a9b46bbf16', 'sell_id': '7e5a2425-cf90-4b84-ac4d-f9a358cb937f', 'timestamp': 1763957562.585066}]"
2025-11-18 14:36:00+00:00,"Signal(ts=2025-11-18 14:36:00+00:00, action=BUY, qty=3, strategy=MACross)",90ad1c4e-8525-4069-bd5d-66d0c4bc4e39,"[{'price': 268.4509, 'qty': 1, 'buy_id': '90ad1c4e-8525-4069-bd5d-66d0c4bc4e39', 'sell_id': 'b8a34403-ee03-42af-a1a4-33556f41411d', 'timestamp': 1763957562.585442}, {'price': 268.49, 'qty': 1, 'buy_id': '90ad1c4e-8525-4069-bd5d-66d0c4bc4e39', 'sell_id': 'a848237a-571d-4bf1-adf4-2b972f89bffe', 'timestamp': 1763957562.5854442}, {'price': 268.5, 'qty': 1, 'buy_id': '90ad1c4e-8525-4069-bd5d-66d0c4bc4e39', 'sell_id': 'be52b495-a859-49e8-9699-7f31b52a7ea0', 'timestamp': 1763957562.585446}]"
2025-11-18 14:37:00+00:00,"Signal(ts=2025-11-18 14:37:00+00:00, action=BUY, qty=3, strategy=MACross)",7bc7c941-5850-4bc9-adce-4cfd2bafd0a4,"[{'price': 268.5, 'qty': 1, 'buy_id': '7bc7c941-5850-4bc9-adce-4cfd2bafd0a4', 'sell_id': 'fc024b4a-f2e7-4d00-bcfc-e7a3a6fc80af', 'timestamp': 1763957562.5858262}, {'price': 268.51, 'qty': 1, 'buy_id': '7bc7c941-5850-4bc9-adce-4cfd2bafd0a4', 'sell_id': '51e1bc58-d569-4ba4-b42c-d69fd8f62f33', 'timestamp': 1763957562.585829}, {'price': 268.51, 'qty': 1, 'buy_id': '7bc7c941-5850-4bc9-adce-4cfd2bafd0a4', 'sell_id': '3003d8a3-cd06-4645-939f-76b4bb3e8daa', 'timestamp': 1763957562.585831}]"
2025-11-18 14:38:00+00:00,"Signal(ts=2025-11-18 14:38:00+00:00, action=BUY, qty=2, strategy=MACross)",3de9883b-ff4f-43c5-8a0f-98287cf25d58,"[{'price': 268.52, 'qty': 1, 'buy_id': '3de9883b-ff4f-43c5-8a0f-98287cf25d58', 'sell_id': 'd2ae13e1-c4df-4c12-a859-bd394d3dc58e', 'timestamp': 1763957562.586207}, {'price': 268.5317, 'qty': 1, 'buy_id': '3de9883b-ff4f-43c5-8a0f-98287cf25d58', 'sell_id': '382a156b-9a66-430e-ac35-8deefd3f2dc6', 'timestamp': 1763957562.586209}]"
2025-11-18 14:39:00+00:00,"Signal(ts=2025-11-18 14:39:00+00:00, action=BUY, qty=1, strategy=MACross)",f1e90a9d-0886-4c89-b329-e4596e18b878,[]
2025-11-18 14:40:00+00:00,"Signal(ts=2025-11-18 14:40:00+00:00, action=BUY, qty=1, strategy=MACross)",47fef3dd-aa35-4b28-8cc7-07fb5dd1f600,[]
2025-11-18 14:41:00+00:00,"Signal(ts=2025-11-18 14:41:00+00:00, action=SELL, qty=1, strategy=MACross)",c09b2b08-7357-4923-acb1-48c15f0a4dad,"[{'price': 268.04998779296875, 'qty': 1, 'buy_id': 'f1e90a9d-0886-4c89-b329-e4596e18b878', 'sell_id': 'c09b2b08-7357-4923-acb1-48c15f0a4dad', 'timestamp': 1763957562.587296}]"
2025-11-18 14:42:00+00:00,"Signal(ts=2025-11-18 14:42:00+00:00, action=SELL, qty=1, strategy=MACross)",ffe303db-84d6-49ff-9a75-649e59fb21bc,"[{'price': 267.8800048828125, 'qty': 1, 'buy_id': '47fef3dd-aa35-4b28-8cc7-07fb5dd1f600', 'sell_id': 'ffe303db-84d6-49ff-9a75-649e59fb21bc', 'timestamp': 1763957562.587668}]"
2025-11-18 14:43:00+00:00,"Signal(ts=2025-11-18 14:43:00+00:00, action=SELL, qty=1, strategy=MACross)",235ff07f-3ef4-41b6-81b0-0260b3bc9daf,[]
2025-11-18 14:44:00+00:00,"Signal(ts=2025-11-18 14:44:00+00:00, action=SELL, qty=2, strategy=MACross)",fa206643-638c-49b3-a0d5-cfe5e68d6045,[]
2025-11-18 14:45:00+00:00,"Signal(ts=2025-11-18 14:45:00+00:00, action=SELL, qty=2, strategy=MACross)",c6a9c376-3c98-4dfc-a3bf-b6181bbef36f,[]
2025-11-18 14:46:00+00:00,"Signal(ts=2025-11-18 14:46:00+00:00, action=SELL, qty=3, strategy=MACross)",06096590-e83d-4491-b59d-354b884a3f8e,[]
2025-11-18 14:47:00+00:00,"Signal(ts=2025-11-18 14:47:00+00:00, action=SELL, qty=3, strategy=MACross)",491977db-3be9-46fc-837b-c4c1faf7dcf8,[]
2025-11-18 14:48:00+00:00,"Signal(ts=2025-11-18 14:48:00+00:00, action=SELL, qty=3, strategy=MACross)",e85d6a38-1a89-4772-b9d2-ed141c27182f,[]
2025-11-18 14:49:00+00:00,"Signal(ts=2025-11-18 14:49:00+00:00, action=SELL, qty=3, strategy=MACross)",d8dcda7b-dd49-408e-ae13-42561da998a4,[]
2025-11-18 14:50:00+00:00,"Signal(ts=2025-11-18 14:50:00+00:00, action=SELL, qty=3, strategy=MACross)",98fd48f6-b0b2-48cf-960a-ec4648eee7b9,[]
2025-11-18 14:51:00+00:00,"Signal(ts=2025-11-18 14:51:00+00:00, action=SELL, qty=3, strategy=MACross)",cf2b6961-5759-425f-a762-841e5effd932,[]
2025-11-18 14:52:00+00:00,"Signal(ts=2025-11-18 14:52:00+00:00, action=SELL, qty=3, strategy=MACross)",acf3d71b-4df8-498b-9585-19993eb1b1b8,[]
2025-11-18 14:53:00+00:00,"Signal(ts=2025-11-18 14:53:00+00:00, action=SELL, qty=3, strategy=MACross)",81eebda1-e37b-4d8b-a4f0-c0683d17ba00,[]
2025-11-18 14:54:00+00:00,"Signal(ts=2025-11-18 14:54:00+00:00, action=SELL, qty=3, strategy=MACross)",743a3347-a2e3-4b17-b3b9-cce0da7bf033,[]
2025-11-18 14:55:00+00:00,"Signal(ts=2025-11-18 14:55:00+00:00, action=SELL, qty=3, strategy=MACross)",3050129c-bfcd-40cf-8cf2-2365bd2a29d7,[]
2025-11-18 14:56:00+00:00,"Signal(ts=2025-11-18 14:56:00+00:00, action=SELL, qty=3, strategy=MACross)",e0f1f18a-edb5-4ef3-baeb-1def5ccc2119,[]
2025-11-18 14:57:00+00:00,"Signal(ts=2025-11-18 14:57:00+00:00, action=SELL, qty=3, strategy=MACross)",89afff70-3c5f-4f0f-b2b2-3a9a37c4b63f,[]
2025-11-18 14:58:00+00:00,"Signal(ts=2025-11-18 14:58:00+00:00, action=SELL, qty=2, strategy=MACross)",4854fa02-588f-4ce2-990d-749b008aeeec,[]
2025-11-18 14:59:00+00:00,"Signal(ts=2025-11-18 14:59:00+00:00, action=SELL, qty=2, strategy=MACross)",676f8abd-c50c-43eb-8535-1e5ab5766165,[]
2025-11-18 15:00:00+00:00,"Signal(ts=2025-11-18 15:00:00+00:00, action=SELL, qty=2, strategy=MACross)",cff92d4f-00b9-47a4-ba34-202f185e3794,[]
2025-11-18 15:01:00+00:00,"Signal(ts=2025-11-18 15:01:00+00:00, action=SELL, qty=1, strategy=MACross)",e31b9abb-df1c-402b-a885-9e4d53ee9b13,[]
2025-11-18 15:02:00+00:00,"Signal(ts=2025-11-18 15:02:00+00:00, action=SELL, qty=1, strategy=MACross)",a0304293-b315-47ba-9acf-b252522fd6a7,[]
2025-11-18 15:03:00+00:00,"Signal(ts=2025-11-18 15:03:00+00:00, action=SELL, qty=1, strategy=MACross)",9d3ffa8b-9045-44e0-b206-8a6100f14590,[]
2025-11-18 15:04:00+00:00,"Signal(ts=2025-11-18 15:04:00+00:00, action=SELL, qty=1, strategy=MACross)",5a6aecc6-12ad-4d5a-adc5-3d80a713f127,[]
2025-11-18 15:05:00+00:00,"Signal(ts=2025-11-18 15:05:00+00:00, action=SELL, qty=1, strategy=MACross)",b69da3b1-a2a7-49fa-88e9-79913ec4444b,[]
2025-11-18 15:06:00+00:00,"Signal(ts=2025-11-18 15:06:00+00:00, action=SELL, qty=1, strategy=MACross)",9c1303a2-a38a-44db-9999-2dac2e2655b3,[]
2025-11-18 15:07:00+00:00,"Signal(ts=2025-11-18 15:07:00+00:00, action=SELL, qty=1, strategy=MACross)",16cfdac1-76ba-4f6e-946e-32d2aac9f9f4,[]
2025-11-18 15:08:00+00:00,"Signal(ts=2025-11-18 15:08:00+00:00, action=SELL, qty=1, strategy=MACross)",1885a26b-5435-4010-9cdc-1f22773f5d26,[]
2025-11-18 15:09:00+00:00,"Signal(ts=2025-11-18 15:09:00+00:00, action=SELL, qty=1, strategy=MACross)",43bf90e1-2f67-4985-9c57-5b92214a84ea,[]
2025-11-18 15:10:00+00:00,"Signal(ts=2025-11-18 15:10:00+00:00, action=SELL, qty=1, strategy=MACross)",2e03a9d1-b032-49a5-86c2-d1f27f75ab5b,[]
2025-11-18 15:11:00+00:00,"Signal(ts=2025-11-18 15:11:00+00:00, action=SELL, qty=1, strategy=MACross)",a7224795-20bf-4f4c-8b82-6df62a15ba20,[]
2025-11-18 15:12:00+00:00,"Signal(ts=2025-11-18 15:12:00+00:00, action=SELL, qty=1, strategy=MACross)",3582a201-f44c-49c2-a028-963d91e72f11,[]
2025-11-18 15:13:00+00:00,"Signal(ts=2025-11-18 15:13:00+00:00, action=SELL, qty=1, strategy=MACross)",663033bd-be59-4323-a6cb-91de52220a07,[]
2025-11-18 15:14:00+00:00,"Signal(ts=2025-11-18 15:14:00+00:00, action=SELL, qty=1, strategy=MACross)",287bbcc4-0d84-4e9d-a97a-b1dc5b4998c4,[]
2025-11-18 15:15:00+00:00,"Signal(ts=2025-11-18 15:15:00+00:00, action=SELL, qty=1, strategy=MACross)",e0430ad0-943c-4030-887d-d22da0af519e,[]
2025-11-18 15:16:00+00:00,"Signal(ts=2025-11-18 15:16:00+00:00, action=SELL, qty=1, strategy=MACross)",44a0c76c-f9f8-4e6c-8b0a-5f751f7959fa,[]
2025-11-18 15:17:00+00:00,"Signal(ts=2025-11-18 15:17:00+00:00, action=SELL, qty=1, strategy=MACross)",a401a300-b99f-4cc5-8b1e-1e3a2e0c8111,[]
2025-11-18 15:18:00+00:00,"Signal(ts=2025-11-18 15:18:00+00:00, action=SELL, qty=1, strategy=MACross)",f7c79afd-f43d-4e0e-ad64-2236bfa24cc2,[]
2025-11-18 15:19:00+00:00,"Signal(ts=2025-11-18 15:19:00+00:00, action=SELL, qty=1, strategy=MACross)",24e37758-92eb-4480-82be-15effee0137a,[]
2025-11-18 15:20:00+00:00,"Signal(ts=2025-11-18 15:20:00+00:00, action=SELL, qty=1, strategy=MACross)",c62a8033-6ce6-4588-8d50-c046ea62b017,[]
2025-11-18 15:21:00+00:00,"Signal(ts=2025-11-18 15:21:00+00:00, action=SELL, qty=1, strategy=MACross)",730a34d4-b515-4e31-8991-b56523fda070,[]
2025-11-18 15:22:00+00:00,"Signal(ts=2025-11-18 15:22:00+00:00, action=SELL, qty=1, strategy=MACross)",e3dc3936-a6d0-4b2c-91a8-5236b7c3a4c8,[]
2025-11-18 15:23:00+00:00,"Signal(ts=2025-11-18 15:23:00+00:00, action=SELL, qty=1, strategy=MACross)",db40641a-23d6-4e72-a22e-050cf6664cf9,[]
2025-11-18 15:24:00+00:00,"Signal(ts=2025-11-18 15:24:00+00:00, action=BUY, qty=1, strategy=MACross)",1ae5b5a1-0068-44f2-a44d-482c6d0d3632,"[{'price': 265.53399658203125, 'qty': 1, 'buy_id': '1ae5b5a1-0068-44f2-a44d-482c6d0d3632', 'sell_id': 'a401a300-b99f-4cc5-8b1e-1e3a2e0c8111', 'timestamp': 1763957562.602633}]"
2025-11-18 15:25:00+00:00,"Signal(ts=2025-11-18 15:25:00+00:00, action=BUY, qty=1, strategy=MACross)",b7658b10-2474-4118-be8a-3e16f7f3c26f,"[{'price': 265.5799865722656, 'qty': 1, 'buy_id': 'b7658b10-2474-4118-be8a-3e16f7f3c26f', 'sell_id': 'f7c79afd-f43d-4e0e-ad64-2236bfa24cc2', 'timestamp': 1763957562.603022}]"
2025-11-18 15:26:00+00:00,"Signal(ts=2025-11-18 15:26:00+00:00, action=BUY, qty=1, strategy=MACross)",b87db243-b130-4b34-b692-457b35e0649d,"[{'price': 265.8464050292969, 'qty': 1, 'buy_id': 'b87db243-b130-4b34-b692-457b35e0649d', 'sell_id': '44a0c76c-f9f8-4e6c-8b0a-5f751f7959fa', 'timestamp': 1763957562.603391}]"
2025-11-18 15:27:00+00:00,"Signal(ts=2025-11-18 15:27:00+00:00, action=BUY, qty=2, strategy=MACross)",b2269343-9df9-41de-a6ad-6547b770a063,"[{'price': 266.1072082519531, 'qty': 1, 'buy_id': 'b2269343-9df9-41de-a6ad-6547b770a063', 'sell_id': '24e37758-92eb-4480-82be-15effee0137a', 'timestamp': 1763957562.603758}, {'price': 266.2099914550781, 'qty': 1, 'buy_id': 'b2269343-9df9-41de-a6ad-6547b770a063', 'sell_id': 'b69da3b1-a2a7-49fa-88e9-79913ec4444b', 'timestamp': 1763957562.6037602}]"
2025-11-18 15:28:00+00:00,"Signal(ts=2025-11-18 15:28:00+00:00, action=BUY, qty=2, strategy=MACross)",1db20f36-3e55-4395-b482-1ce641731376,"[{'price': 266.2349853515625, 'qty': 1, 'buy_id': '1db20f36-3e55-4395-b482-1ce641731376', 'sell_id': 'e0430ad0-943c-4030-887d-d22da0af519e', 'timestamp': 1763957562.6041238}, {'price': 266.25, 'qty': 1, 'buy_id': '1db20f36-3e55-4395-b482-1ce641731376', 'sell_id': 'a7224795-20bf-4f4c-8b82-6df62a15ba20', 'timestamp': 1763957562.604126}]"
2025-11-18 15:29:00+00:00,"Signal(ts=2025-11-18 15:29:00+00:00, action=BUY, qty=3, strategy=MACross)",b0aa4a79-f1b5-4c93-a093-99a921242214,"[{'price': 266.32000732421875, 'qty': 1, 'buy_id': 'b0aa4a79-f1b5-4c93-a093-99a921242214', 'sell_id': '3582a201-f44c-49c2-a028-963d91e72f11', 'timestamp': 1763957562.604523}, {'price': 266.4378967285156, 'qty': 1, 'buy_id': 'b0aa4a79-f1b5-4c93-a093-99a921242214', 'sell_id': '9c1303a2-a38a-44db-9999-2dac2e2655b3', 'timestamp': 1763957562.604525}, {'price': 266.4599914550781, 'qty': 1, 'buy_id': 'b0aa4a79-f1b5-4c93-a093-99a921242214', 'sell_id': '663033bd-be59-4323-a6cb-91de52220a07', 'timestamp': 1763957562.604527}]"
2025-11-18 15:30:00+00:00,"Signal(ts=2025-11-18 15:30:00+00:00, action=BUY, qty=3, strategy=MACross)",7d9f9beb-8bc0-4a8a-82c7-6cd8d76b67ff,"[{'price': 266.5299987792969, 'qty': 1, 'buy_id': '7d9f9beb-8bc0-4a8a-82c7-6cd8d76b67ff', 'sell_id': '287bbcc4-0d84-4e9d-a97a-b1dc5b4998c4', 'timestamp': 1763957562.604931}, {'price': 266.54998779296875, 'qty': 1, 'buy_id': '7d9f9beb-8bc0-4a8a-82c7-6cd8d76b67ff', 'sell_id': '5a6aecc6-12ad-4d5a-adc5-3d80a713f127', 'timestamp': 1763957562.604933}, {'price': 266.70001220703125, 'qty': 1, 'buy_id': '7d9f9beb-8bc0-4a8a-82c7-6cd8d76b67ff', 'sell_id': 'acf3d71b-4df8-498b-9585-19993eb1b1b8', 'timestamp': 1763957562.604935}]"
2025-11-18 15:31:00+00:00,"Signal(ts=2025-11-18 15:31:00+00:00, action=BUY, qty=3, strategy=MACross)",8663606f-b7c1-4705-afbf-7209b465e534,"[{'price': 266.70001220703125, 'qty': 2, 'buy_id': '8663606f-b7c1-4705-afbf-7209b465e534', 'sell_id': 'acf3d71b-4df8-498b-9585-19993eb1b1b8', 'timestamp': 1763957562.605346}, {'price': 266.7300109863281, 'qty': 1, 'buy_id': '8663606f-b7c1-4705-afbf-7209b465e534', 'sell_id': '676f8abd-c50c-43eb-8535-1e5ab5766165', 'timestamp': 1763957562.605349}]"
2025-11-18 15:32:00+00:00,"Signal(ts=2025-11-18 15:32:00+00:00, action=BUY, qty=3, strategy=MACross)",ffa5996b-7c69-4f77-acfd-13bdbced3fe1,"[{'price': 266.7300109863281, 'qty': 1, 'buy_id': 'ffa5996b-7c69-4f77-acfd-13bdbced3fe1', 'sell_id': '676f8abd-c50c-43eb-8535-1e5ab5766165', 'timestamp': 1763957562.605739}, {'price': 266.7349853515625, 'qty': 1, 'buy_id': 'ffa5996b-7c69-4f77-acfd-13bdbced3fe1', 'sell_id': '2e03a9d1-b032-49a5-86c2-d1f27f75ab5b', 'timestamp': 1763957562.605741}, {'price': 266.739990234375, 'qty': 1, 'buy_id': 'ffa5996b-7c69-4f77-acfd-13bdbced3fe1', 'sell_id': 'cf2b6961-5759-425f-a762-841e5effd932', 'timestamp': 1763957562.6057441}]"
2025-11-18 15:33:00+00:00,"Signal(ts=2025-11-18 15:33:00+00:00, action=BUY, qty=3, strategy=MACross)",ac353dd1-0599-41c8-bad7-a1d23662733c,"[{'price': 266.739990234375, 'qty': 2, 'buy_id': 'ac353dd1-0599-41c8-bad7-a1d23662733c', 'sell_id': 'cf2b6961-5759-425f-a762-841e5effd932', 'timestamp': 1763957562.606158}, {'price': 266.760009765625, 'qty': 1, 'buy_id': 'ac353dd1-0599-41c8-bad7-a1d23662733c', 'sell_id': '81eebda1-e37b-4d8b-a4f0-c0683d17ba00', 'timestamp': 1763957562.60616}]"
2025-11-18 15:34:00+00:00,"Signal(ts=2025-11-18 15:34:00+00:00, action=BUY, qty=3, strategy=MACross)",7bb85f22-25d8-446d-9271-d0d0cfb01188,"[{'price': 266.760009765625, 'qty': 2, 'buy_id': '7bb85f22-25d8-446d-9271-d0d0cfb01188', 'sell_id': '81eebda1-e37b-4d8b-a4f0-c0683d17ba00', 'timestamp': 1763957562.60655}, {'price': 266.7654113769531, 'qty': 1, 'buy_id': '7bb85f22-25d8-446d-9271-d0d0cfb01188', 'sell_id': '743a3347-a2e3-4b17-b3b9-cce0da7bf033', 'timestamp': 1763957562.6065521}]"
2025-11-18 15:35:00+00:00,"Signal(ts=2025-11-18 15:35:00+00:00, action=BUY, qty=2, strategy=MACross)",8a4cae65-294f-4dc0-add7-fc36fe1e508d,"[{'price': 266.7654113769531, 'qty': 2, 'buy_id': '8a4cae65-294f-4dc0-add7-fc36fe1e508d', 'sell_id': '743a3347-a2e3-4b17-b3b9-cce0da7bf033', 'timestamp': 1763957562.606946}]"
2025-11-18 15:36:00+00:00,"Signal(ts=2025-11-18 15:36:00+00:00, action=BUY, qty=2, strategy=MACross)",576b365d-846a-4dc8-9e77-1e3c398ac082,"[{'price': 266.77508544921875, 'qty': 1, 'buy_id': '576b365d-846a-4dc8-9e77-1e3c398ac082', 'sell_id': '1885a26b-5435-4010-9cdc-1f22773f5d26', 'timestamp': 1763957562.607373}, {'price': 266.7900085449219, 'qty': 1, 'buy_id': '576b365d-846a-4dc8-9e77-1e3c398ac082', 'sell_id': 'a0304293-b315-47ba-9acf-b252522fd6a7', 'timestamp': 1763957562.6073751}]"
2025-11-18 15:37:00+00:00,"Signal(ts=2025-11-18 15:37:00+00:00, action=BUY, qty=1, strategy=MACross)",aa466886-5c9f-4952-933e-7aac266bc2f9,"[{'price': 266.7900085449219, 'qty': 1, 'buy_id': 'aa466886-5c9f-4952-933e-7aac266bc2f9', 'sell_id': 'c62a8033-6ce6-4588-8d50-c046ea62b017', 'timestamp': 1763957562.60778}]"
2025-11-18 15:38:00+00:00,"Signal(ts=2025-11-18 15:38:00+00:00, action=BUY, qty=1, strategy=MACross)",b4fcc4dc-83ab-4380-8747-07b656d696b8,"[{'price': 266.7950134277344, 'qty': 1, 'buy_id': 'b4fcc4dc-83ab-4380-8747-07b656d696b8', 'sell_id': '16cfdac1-76ba-4f6e-946e-32d2aac9f9f4', 'timestamp': 1763957562.608174}]"
2025-11-18 15:39:00+00:00,"Signal(ts=2025-11-18 15:39:00+00:00, action=BUY, qty=1, strategy=MACross)",3d4aaae4-8dcf-4c43-88d0-156fc2910f46,"[{'price': 266.81500244140625, 'qty': 1, 'buy_id': '3d4aaae4-8dcf-4c43-88d0-156fc2910f46', 'sell_id': 'd8dcda7b-dd49-408e-ae13-42561da998a4', 'timestamp': 1763957562.6085818}]"
2025-11-18 15:40:00+00:00,"Signal(ts=2025-11-18 15:40:00+00:00, action=SELL, qty=1, strategy=MACross)",2c0455f9-b7be-45cf-bb84-fd40130504fe,[]
2025-11-18 15:41:00+00:00,"Signal(ts=2025-11-18 15:41:00+00:00, action=SELL, qty=1, strategy=MACross)",33281818-fa70-4be1-8154-8ac59ad33360,[]
2025-11-18 15:42:00+00:00,"Signal(ts=2025-11-18 15:42:00+00:00, action=SELL, qty=1, strategy=MACross)",8bf5fa3b-af51-4070-8b73-efa62c02e1e4,[]
2025-11-18 15:43:00+00:00,"Signal(ts=2025-11-18 15:43:00+00:00, action=SELL, qty=1, strategy=MACross)",44fdcfed-2070-4b4d-8e29-f0cbd4ca0cbf,[]
2025-11-18 15:44:00+00:00,"Signal(ts=2025-11-18 15:44:00+00:00, action=SELL, qty=1, strategy=MACross)",5b1dc349-9540-44db-9cd9-bf4d08848829,[]
2025-11-18 15:45:00+00:00,"Signal(ts=2025-11-18 15:45:00+00:00, action=SELL, qty=1, strategy=MACross)",790c8f18-2cb1-4150-8a78-9ba52ccdfc85,[]
2025-11-18 15:46:00+00:00,"Signal(ts=2025-11-18 15:46:00+00:00, action=SELL, qty=1, strategy=MACross)",eafd9b4b-0e9c-4fc8-96f7-bc4ee36b002a,[]
2025-11-18 15:47:00+00:00,"Signal(ts=2025-11-18 15:47:00+00:00, action=SELL, qty=1, strategy=MACross)",930d01ac-4021-4d6f-bc6b-2dbbd94a9cd8,[]
2025-11-18 15:48:00+00:00,"Signal(ts=2025-11-18 15:48:00+00:00, action=SELL, qty=1, strategy=MACross)",17255b94-7d7a-499f-80f4-d975e16db110,[]
2025-11-18 15:49:00+00:00,"Signal(ts=2025-11-18 15:49:00+00:00, action=SELL, qty=1, strategy=MACross)",35b2cc6b-c670-49a4-86cd-bccea6c5d7ec,[]
2025-11-18 15:50:00+00:00,"Signal(ts=2025-11-18 15:50:00+00:00, action=SELL, qty=1, strategy=MACross)",6f8f53d8-c812-45f3-9f3d-800d9862ff7d,[]
2025-11-18 15:51:00+00:00,"Signal(ts=2025-11-18 15:51:00+00:00, action=SELL, qty=1, strategy=MACross)",127a08e5-c166-4e1d-ac8b-6d4d4f01c16d,[]
2025-11-18 15:52:00+00:00,"Signal(ts=2025-11-18 15:52:00+00:00, action=SELL, qty=1, strategy=MACross)",f993e598-d010-4d07-ac98-30a9daebc1f2,[]
2025-11-18 15:53:00+00:00,"Signal(ts=2025-11-18 15:53:00+00:00, action=SELL, qty=1, strategy=MACross)",b85d2b7a-8f3f-47de-a5d6-fb1c87be24a5,[]
2025-11-18 15:54:00+00:00,"Signal(ts=2025-11-18 15:54:00+00:00, action=SELL, qty=1, strategy=MACross)",f01c71ca-eea9-4a4e-8740-b7990f63fecd,[]
2025-11-18 15:55:00+00:00,"Signal(ts=2025-11-18 15:55:00+00:00, action=SELL, qty=1, strategy=MACross)",b3dba27a-5f45-406a-b7ae-fbd828e4e15d,[]
2025-11-18 15:56:00+00:00,"Signal(ts=2025-11-18 15:56:00+00:00, action=SELL, qty=1, strategy=MACross)",c1972ed1-dc59-42b3-8921-4dcadf607e0c,[]
2025-11-18 15:57:00+00:00,"Signal(ts=2025-11-18 15:57:00+00:00, action=SELL, qty=1, strategy=MACross)",a96c77e1-775a-4daf-8b5a-032a5f3f7d3b,[]
2025-11-18 15:58:00+00:00,"Signal(ts=2025-11-18 15:58:00+00:00, action=SELL, qty=1, strategy=MACross)",8cf979cf-2fad-4bf1-8609-0f7255ec1fc3,[]
2025-11-18 15:59:00+00:00,"Signal(ts=2025-11-18 15:59:00+00:00, action=SELL, qty=1, strategy=MACross)",a89cbd13-1e5a-4de8-9e5c-1a44816ecbe8,[]
2025-11-18 16:00:00+00:00,"Signal(ts=2025-11-18 16:00:00+00:00, action=SELL, qty=1, strategy=MACross)",60f3b98f-3e75-4542-a4b6-fecdf7971e6b,[]
2025-11-18 16:01:00+00:00,"Signal(ts=2025-11-18 16:01:00+00:00, action=SELL, qty=1, strategy=MACross)",8309b35f-b3cc-44b9-b607-1f9161bbbd81,[]
2025-11-18 16:02:00+00:00,"Signal(ts=2025-11-18 16:02:00+00:00, action=SELL, qty=1, strategy=MACross)",711bd518-29e0-4191-bd6b-63de52e8a341,[]
2025-11-18 16:03:00+00:00,"Signal(ts=2025-11-18 16:03:00+00:00, action=SELL, qty=1, strategy=MACross)",355106ee-f24c-4ac5-86ca-ee068df17f2f,[]
2025-11-18 16:04:00+00:00,"Signal(ts=2025-11-18 16:04:00+00:00, action=SELL, qty=1, strategy=MACross)",fd22ed09-c4c2-49f8-9493-7d0eedb889db,[]
2025-11-18 16:05:00+00:00,"Signal(ts=2025-11-18 16:05:00+00:00, action=SELL, qty=1, strategy=MACross)",53c677be-8379-43cc-b8cc-3f9301d90899,[]
2025-11-18 16:06:00+00:00,"Signal(ts=2025-11-18 16:06:00+00:00, action=SELL, qty=1, strategy=MACross)",2d5ee401-61da-40d5-8ce2-723ec1834c9b,[]
2025-11-18 16:07:00+00:00,"Signal(ts=2025-11-18 16:07:00+00:00, action=SELL, qty=1, strategy=MACross)",a6bbbf0e-75dd-4d1a-b7f0-3aad0ac34fcc,[]
2025-11-18 16:08:00+00:00,"Signal(ts=2025-11-18 16:08:00+00:00, action=SELL, qty=1, strategy=MACross)",f896c05a-85c2-464e-bd10-1b657276801b,[]
2025-11-18 16:09:00+00:00,"Signal(ts=2025-11-18 16:09:00+00:00, action=SELL, qty=1, strategy=MACross)",5dac8339-0409-4d9b-86fb-6af74f48edca,[]
2025-11-18 16:10:00+00:00,"Signal(ts=2025-11-18 16:10:00+00:00, action=SELL, qty=1, strategy=MACross)",40d996f3-9212-43ac-aa68-d598d7019ddf,[]
2025-11-18 16:11:00+00:00,"Signal(ts=2025-11-18 16:11:00+00:00, action=SELL, qty=1, strategy=MACross)",50a4b63b-5ba7-4e93-beb5-17de95249213,[]
2025-11-18 16:12:00+00:00,"Signal(ts=2025-11-18 16:12:00+00:00, action=SELL, qty=1, strategy=MACross)",203e8364-8ad8-4d74-8fff-2740d4c55f45,[]
2025-11-18 16:13:00+00:00,"Signal(ts=2025-11-18 16:13:00+00:00, action=BUY, qty=1, strategy=MACross)",7d2a860b-00c8-4fc5-bc61-8020868412a5,"[{'price': 266.0845031738281, 'qty': 1, 'buy_id': '7d2a860b-00c8-4fc5-bc61-8020868412a5', 'sell_id': '355106ee-f24c-4ac5-86ca-ee068df17f2f', 'timestamp': 1763957562.6225438}]"
2025-11-18 16:14:00+00:00,"Signal(ts=2025-11-18 16:14:00+00:00, action=BUY, qty=1, strategy=MACross)",6f0cf4a5-39aa-4081-a413-df9ebb9cf66a,"[{'price': 266.15509033203125, 'qty': 1, 'buy_id': '6f0cf4a5-39aa-4081-a413-df9ebb9cf66a', 'sell_id': '711bd518-29e0-4191-bd6b-63de52e8a341', 'timestamp': 1763957562.622967}]"
2025-11-18 16:15:00+00:00,"Signal(ts=2025-11-18 16:15:00+00:00, action=BUY, qty=1, strategy=MACross)",c9a1612b-0524-4e7d-b223-1c6cf11f738a,"[{'price': 266.17999267578125, 'qty': 1, 'buy_id': 'c9a1612b-0524-4e7d-b223-1c6cf11f738a', 'sell_id': '8309b35f-b3cc-44b9-b607-1f9161bbbd81', 'timestamp': 1763957562.62337}]"
2025-11-18 16:16:00+00:00,"Signal(ts=2025-11-18 16:16:00+00:00, action=BUY, qty=1, strategy=MACross)",d06c0363-4277-4099-8f0f-3f1c46775b30,"[{'price': 266.19000244140625, 'qty': 1, 'buy_id': 'd06c0363-4277-4099-8f0f-3f1c46775b30', 'sell_id': 'fd22ed09-c4c2-49f8-9493-7d0eedb889db', 'timestamp': 1763957562.6237812}]"
2025-11-18 16:17:00+00:00,"Signal(ts=2025-11-18 16:17:00+00:00, action=BUY, qty=1, strategy=MACross)",dfb68cc6-de02-47e6-b305-d206b227deb2,"[{'price': 266.20050048828125, 'qty': 1, 'buy_id': 'dfb68cc6-de02-47e6-b305-d206b227deb2', 'sell_id': '2d5ee401-61da-40d5-8ce2-723ec1834c9b', 'timestamp': 1763957562.624186}]"
2025-11-18 16:18:00+00:00,"Signal(ts=2025-11-18 16:18:00+00:00, action=BUY, qty=1, strategy=MACross)",a66a5a32-a5f4-4eca-b7e8-63ac714d36cb,"[{'price': 266.2250061035156, 'qty': 1, 'buy_id': 'a66a5a32-a5f4-4eca-b7e8-63ac714d36cb', 'sell_id': '53c677be-8379-43cc-b8cc-3f9301d90899', 'timestamp': 1763957562.624594}]"
2025-11-18 16:19:00+00:00,"Signal(ts=2025-11-18 16:19:00+00:00, action=BUY, qty=1, strategy=MACross)",148f86b2-4854-49c5-9197-bafa3f655e9e,"[{'price': 266.5249938964844, 'qty': 1, 'buy_id': '148f86b2-4854-49c5-9197-bafa3f655e9e', 'sell_id': 'a6bbbf0e-75dd-4d1a-b7f0-3aad0ac34fcc', 'timestamp': 1763957562.6249979}]"
2025-11-18 16:20:00+00:00,"Signal(ts=2025-11-18 16:20:00+00:00, action=BUY, qty=2, strategy=MACross)",8a002ebe-65b0-43f5-8885-305a9496d3c2,"[{'price': 266.54998779296875, 'qty': 1, 'buy_id': '8a002ebe-65b0-43f5-8885-305a9496d3c2', 'sell_id': 'a89cbd13-1e5a-4de8-9e5c-1a44816ecbe8', 'timestamp': 1763957562.625442}, {'price': 266.57000732421875, 'qty': 1, 'buy_id': '8a002ebe-65b0-43f5-8885-305a9496d3c2', 'sell_id': '5dac8339-0409-4d9b-86fb-6af74f48edca', 'timestamp': 1763957562.6254451}]"
2025-11-18 16:21:00+00:00,"Signal(ts=2025-11-18 16:21:00+00:00, action=BUY, qty=1, strategy=MACross)",c8f46430-c221-4820-8527-c116711a5810,"[{'price': 266.6000061035156, 'qty': 1, 'buy_id': 'c8f46430-c221-4820-8527-c116711a5810', 'sell_id': '8cf979cf-2fad-4bf1-8609-0f7255ec1fc3', 'timestamp': 1763957562.6258738}]"
2025-11-18 16:22:00+00:00,"Signal(ts=2025-11-18 16:22:00+00:00, action=BUY, qty=1, strategy=MACross)",a833c7f1-7f78-46c9-8ba3-103d867a67a0,"[{'price': 266.6000061035156, 'qty': 1, 'buy_id': 'a833c7f1-7f78-46c9-8ba3-103d867a67a0', 'sell_id': 'f896c05a-85c2-464e-bd10-1b657276801b', 'timestamp': 1763957562.626292}]"
2025-11-18 16:23:00+00:00,"Signal(ts=2025-11-18 16:23:00+00:00, action=BUY, qty=1, strategy=MACross)",0de9eec6-c068-405c-aebf-4566cd14adb5,"[{'price': 266.6650085449219, 'qty': 1, 'buy_id': '0de9eec6-c068-405c-aebf-4566cd14adb5', 'sell_id': '60f3b98f-3e75-4542-a4b6-fecdf7971e6b', 'timestamp': 1763957562.626805}]"
2025-11-18 16:24:00+00:00,"Signal(ts=2025-11-18 16:24:00+00:00, action=BUY, qty=1, strategy=MACross)",6645ccfe-817b-4946-95a6-bf3228b062a6,"[{'price': 266.6731872558594, 'qty': 1, 'buy_id': '6645ccfe-817b-4946-95a6-bf3228b062a6', 'sell_id': 'c1972ed1-dc59-42b3-8921-4dcadf607e0c', 'timestamp': 1763957562.6273139}]"
2025-11-18 16:25:00+00:00,"Signal(ts=2025-11-18 16:25:00+00:00, action=BUY, qty=1, strategy=MACross)",cd358242-9d1c-4124-be22-6175d6e90be2,"[{'price': 266.7074890136719, 'qty': 1, 'buy_id': 'cd358242-9d1c-4124-be22-6175d6e90be2', 'sell_id': '40d996f3-9212-43ac-aa68-d598d7019ddf', 'timestamp': 1763957562.627768}]"
2025-11-18 16:26:00+00:00,"Signal(ts=2025-11-18 16:26:00+00:00, action=BUY, qty=1, strategy=MACross)",fe305bbf-b01d-496d-a0c7-d13094a2de6d,"[{'price': 266.79998779296875, 'qty': 1, 'buy_id': 'fe305bbf-b01d-496d-a0c7-d13094a2de6d', 'sell_id': 'a96c77e1-775a-4daf-8b5a-032a5f3f7d3b', 'timestamp': 1763957562.628206}]"
2025-11-18 16:27:00+00:00,"Signal(ts=2025-11-18 16:27:00+00:00, action=BUY, qty=1, strategy=MACross)",59f2bec4-ede9-4ea2-8710-f3ac867b8c99,"[{'price': 266.81500244140625, 'qty': 1, 'buy_id': '59f2bec4-ede9-4ea2-8710-f3ac867b8c99', 'sell_id': 'd8dcda7b-dd49-408e-ae13-42561da998a4', 'timestamp': 1763957562.6286342}]"
2025-11-18 16:28:00+00:00,"Signal(ts=2025-11-18 16:28:00+00:00, action=BUY, qty=1, strategy=MACross)",accc6177-f0c7-43d7-b776-ded538c933a9,"[{'price': 266.81500244140625, 'qty': 1, 'buy_id': 'accc6177-f0c7-43d7-b776-ded538c933a9', 'sell_id': 'd8dcda7b-dd49-408e-ae13-42561da998a4', 'timestamp': 1763957562.629107}]"
2025-11-18 16:29:00+00:00,"Signal(ts=2025-11-18 16:29:00+00:00, action=BUY, qty=1, strategy=MACross)",2391bc50-c669-44c8-84eb-755278d5241e,"[{'price': 266.8299865722656, 'qty': 1, 'buy_id': '2391bc50-c669-44c8-84eb-755278d5241e', 'sell_id': '43bf90e1-2f67-4985-9c57-5b92214a84ea', 'timestamp': 1763957562.6296031}]"
2025-11-18 16:30:00+00:00,"Signal(ts=2025-11-18 16:30:00+00:00, action=BUY, qty=1, strategy=MACross)",1941b474-1b69-482d-bd77-61e85715f4f2,"[{'price': 266.8500061035156, 'qty': 1, 'buy_id': '1941b474-1b69-482d-bd77-61e85715f4f2', 'sell_id': 'e0f1f18a-edb5-4ef3-baeb-1def5ccc2119', 'timestamp': 1763957562.630054}]"
2025-11-18 16:31:00+00:00,"Signal(ts=2025-11-18 16:31:00+00:00, action=BUY, qty=1, strategy=MACross)",2b708513-16f3-4494-bd8d-3499e1089b0d,"[{'price': 266.8500061035156, 'qty': 1, 'buy_id': '2b708513-16f3-4494-bd8d-3499e1089b0d', 'sell_id': 'e0f1f18a-edb5-4ef3-baeb-1def5ccc2119', 'timestamp': 1763957562.6304991}]"
2025-11-18 16:32:00+00:00,"Signal(ts=2025-11-18 16:32:00+00:00, action=BUY, qty=1, strategy=MACross)",a1a6a35e-c1cc-4592-ba89-3a2ad9666e6d,"[{'price': 266.8500061035156, 'qty': 1, 'buy_id': 'a1a6a35e-c1cc-4592-ba89-3a2ad9666e6d', 'sell_id': 'e0f1f18a-edb5-4ef3-baeb-1def5ccc2119', 'timestamp': 1763957562.638786}]"
2025-11-18 16:33:00+00:00,"Signal(ts=2025-11-18 16:33:00+00:00, action=BUY, qty=1, strategy=MACross)",b8726959-1572-4c70-a85c-6a54bf272d7d,"[{'price': 266.8500061035156, 'qty': 1, 'buy_id': 'b8726959-1572-4c70-a85c-6a54bf272d7d', 'sell_id': 'b85d2b7a-8f3f-47de-a5d6-fb1c87be24a5', 'timestamp': 1763957562.63935}]"
2025-11-18 16:34:00+00:00,"Signal(ts=2025-11-18 16:34:00+00:00, action=BUY, qty=1, strategy=MACross)",e7116e66-c2b9-4cd6-ba0d-2b3476193fe0,"[{'price': 266.8599853515625, 'qty': 1, 'buy_id': 'e7116e66-c2b9-4cd6-ba0d-2b3476193fe0', 'sell_id': '3050129c-bfcd-40cf-8cf2-2365bd2a29d7', 'timestamp': 1763957562.639808}]"
2025-11-18 16:35:00+00:00,"Signal(ts=2025-11-18 16:35:00+00:00, action=BUY, qty=1, strategy=MACross)",f504961b-59e5-4aad-a82d-cec161922a07,"[{'price': 266.8599853515625, 'qty': 1, 'buy_id': 'f504961b-59e5-4aad-a82d-cec161922a07', 'sell_id': '3050129c-bfcd-40cf-8cf2-2365bd2a29d7', 'timestamp': 1763957562.6402502}]"
2025-11-18 16:36:00+00:00,"Signal(ts=2025-11-18 16:36:00+00:00, action=BUY, qty=1, strategy=MACross)",7c6815fe-f658-45f6-934f-fc67bad1d5a6,"[{'price': 266.8599853515625, 'qty': 1, 'buy_id': '7c6815fe-f658-45f6-934f-fc67bad1d5a6', 'sell_id': '3050129c-bfcd-40cf-8cf2-2365bd2a29d7', 'timestamp': 1763957562.640752}]"
2025-11-18 16:37:00+00:00,"Signal(ts=2025-11-18 16:37:00+00:00, action=BUY, qty=1, strategy=MACross)",0c8073fa-b26c-44bf-b7b1-0f48fc4b3886,"[{'price': 266.8699951171875, 'qty': 1, 'buy_id': '0c8073fa-b26c-44bf-b7b1-0f48fc4b3886', 'sell_id': 'f01c71ca-eea9-4a4e-8740-b7990f63fecd', 'timestamp': 1763957562.641202}]"
2025-11-18 16:38:00+00:00,"Signal(ts=2025-11-18 16:38:00+00:00, action=BUY, qty=1, strategy=MACross)",ccb33e92-972b-4999-9917-c17c4d331b8b,"[{'price': 266.8999938964844, 'qty': 1, 'buy_id': 'ccb33e92-972b-4999-9917-c17c4d331b8b', 'sell_id': '6f8f53d8-c812-45f3-9f3d-800d9862ff7d', 'timestamp': 1763957562.641658}]"
2025-11-18 16:39:00+00:00,"Signal(ts=2025-11-18 16:39:00+00:00, action=SELL, qty=1, strategy=MACross)",3e5bb74b-e8d3-4bb6-a123-fb7554577db0,[]
2025-11-18 16:40:00+00:00,"Signal(ts=2025-11-18 16:40:00+00:00, action=SELL, qty=1, strategy=MACross)",275938ce-bd32-46c4-96fd-d11c6b29ef19,[]
2025-11-18 16:41:00+00:00,"Signal(ts=2025-11-18 16:41:00+00:00, action=SELL, qty=1, strategy=MACross)",9ba5e9a5-576a-4c42-b0e3-de9e92eac97d,[]
2025-11-18 16:42:00+00:00,"Signal(ts=2025-11-18 16:42:00+00:00, action=SELL, qty=1, strategy=MACross)",7ccc1995-73b9-4a6c-a362-273db23da489,[]
2025-11-18 16:43:00+00:00,"Signal(ts=2025-11-18 16:43:00+00:00, action=SELL, qty=1, strategy=MACross)",155696af-9362-43ee-b10e-fb966e1acb23,[]
2025-11-18 16:44:00+00:00,"Signal(ts=2025-11-18 16:44:00+00:00, action=SELL, qty=1, strategy=MACross)",f9b3012e-211d-4df5-9992-3f210398b5de,[]
2025-11-18 16:45:00+00:00,"Signal(ts=2025-11-18 16:45:00+00:00, action=BUY, qty=1, strategy=MACross)",614d094e-5b0e-41b7-ab6a-b2befc6c8317,"[{'price': 266.94000244140625, 'qty': 1, 'buy_id': '614d094e-5b0e-41b7-ab6a-b2befc6c8317', 'sell_id': 'e31b9abb-df1c-402b-a885-9e4d53ee9b13', 'timestamp': 1763957562.644944}]"
2025-11-18 16:46:00+00:00,"Signal(ts=2025-11-18 16:46:00+00:00, action=BUY, qty=1, strategy=MACross)",98f4853a-26a1-465d-8b3d-2a148117d65e,"[{'price': 267.010009765625, 'qty': 1, 'buy_id': '98f4853a-26a1-465d-8b3d-2a148117d65e', 'sell_id': '9d3ffa8b-9045-44e0-b206-8a6100f14590', 'timestamp': 1763957562.6459122}]"
2025-11-18 16:47:00+00:00,"Signal(ts=2025-11-18 16:47:00+00:00, action=BUY, qty=1, strategy=MACross)",1bcbffd3-21ae-413a-b257-7dc9c111de19,"[{'price': 267.01971435546875, 'qty': 1, 'buy_id': '1bcbffd3-21ae-413a-b257-7dc9c111de19', 'sell_id': '127a08e5-c166-4e1d-ac8b-6d4d4f01c16d', 'timestamp': 1763957562.646442}]"
2025-11-18 16:48:00+00:00,"Signal(ts=2025-11-18 16:48:00+00:00, action=BUY, qty=1, strategy=MACross)",e4e6333f-050a-4dd9-ab32-2d666d8d9367,"[{'price': 267.0375061035156, 'qty': 1, 'buy_id': 'e4e6333f-050a-4dd9-ab32-2d666d8d9367', 'sell_id': 'f993e598-d010-4d07-ac98-30a9daebc1f2', 'timestamp': 1763957562.646967}]"
2025-11-18 16:49:00+00:00,"Signal(ts=2025-11-18 16:49:00+00:00, action=BUY, qty=1, strategy=MACross)",08d99dfb-8469-4d3c-9d75-f8c4e83083bb,"[{'price': 267.0400085449219, 'qty': 1, 'buy_id': '08d99dfb-8469-4d3c-9d75-f8c4e83083bb', 'sell_id': '89afff70-3c5f-4f0f-b2b2-3a9a37c4b63f', 'timestamp': 1763957562.647475}]"
2025-11-18 16:50:00+00:00,"Signal(ts=2025-11-18 16:50:00+00:00, action=BUY, qty=1, strategy=MACross)",f288250d-5685-42ba-84cc-e93b1af9b2fe,"[{'price': 267.0400085449219, 'qty': 1, 'buy_id': 'f288250d-5685-42ba-84cc-e93b1af9b2fe', 'sell_id': '89afff70-3c5f-4f0f-b2b2-3a9a37c4b63f', 'timestamp': 1763957562.647938}]"
2025-11-18 16:51:00+00:00,"Signal(ts=2025-11-18 16:51:00+00:00, action=BUY, qty=1, strategy=MACross)",76a64bfc-4a2d-4c44-bca2-50a0ee38c31d,"[{'price': 267.0400085449219, 'qty': 1, 'buy_id': '76a64bfc-4a2d-4c44-bca2-50a0ee38c31d', 'sell_id': '89afff70-3c5f-4f0f-b2b2-3a9a37c4b63f', 'timestamp': 1763957562.648405}]"
2025-11-18 16:52:00+00:00,"Signal(ts=2025-11-18 16:52:00+00:00, action=BUY, qty=1, strategy=MACross)",b5ac8190-0a87-4946-9dc3-6099aadfbcf6,"[{'price': 267.05999755859375, 'qty': 1, 'buy_id': 'b5ac8190-0a87-4946-9dc3-6099aadfbcf6', 'sell_id': 'cff92d4f-00b9-47a4-ba34-202f185e3794', 'timestamp': 1763957562.6488729}]"
2025-11-18 16:53:00+00:00,"Signal(ts=2025-11-18 16:53:00+00:00, action=BUY, qty=1, strategy=MACross)",88526e48-c51b-42f6-b75a-3a1e038aee5f,"[{'price': 267.05999755859375, 'qty': 1, 'buy_id': '88526e48-c51b-42f6-b75a-3a1e038aee5f', 'sell_id': 'cff92d4f-00b9-47a4-ba34-202f185e3794', 'timestamp': 1763957562.6493282}]"
2025-11-18 16:54:00+00:00,"Signal(ts=2025-11-18 16:54:00+00:00, action=BUY, qty=1, strategy=MACross)",134badc2-d317-4ba7-b164-a4d4a659f634,"[{'price': 267.07501220703125, 'qty': 1, 'buy_id': '134badc2-d317-4ba7-b164-a4d4a659f634', 'sell_id': 'b3dba27a-5f45-406a-b7ae-fbd828e4e15d', 'timestamp': 1763957562.649788}]"
2025-11-18 16:55:00+00:00,"Signal(ts=2025-11-18 16:55:00+00:00, action=BUY, qty=1, strategy=MACross)",6cc015cd-f0e7-459d-9ebb-02e5d811f588,"[{'price': 267.0799865722656, 'qty': 1, 'buy_id': '6cc015cd-f0e7-459d-9ebb-02e5d811f588', 'sell_id': '8bf5fa3b-af51-4070-8b73-efa62c02e1e4', 'timestamp': 1763957562.650249}]"
2025-11-18 16:56:00+00:00,"Signal(ts=2025-11-18 16:56:00+00:00, action=BUY, qty=1, strategy=MACross)",54ff7f3e-94c6-4bf9-92f2-80527e866c62,"[{'price': 267.1000061035156, 'qty': 1, 'buy_id': '54ff7f3e-94c6-4bf9-92f2-80527e866c62', 'sell_id': '4854fa02-588f-4ce2-990d-749b008aeeec', 'timestamp': 1763957562.6507242}]"
2025-11-18 16:57:00+00:00,"Signal(ts=2025-11-18 16:57:00+00:00, action=BUY, qty=1, strategy=MACross)",8d3c1ee2-b698-470d-9536-0bff5b7ed659,"[{'price': 267.1000061035156, 'qty': 1, 'buy_id': '8d3c1ee2-b698-470d-9536-0bff5b7ed659', 'sell_id': '4854fa02-588f-4ce2-990d-749b008aeeec', 'timestamp': 1763957562.651223}]"
2025-11-18 16:58:00+00:00,"Signal(ts=2025-11-18 16:58:00+00:00, action=BUY, qty=1, strategy=MACross)",9cc8c65b-a1aa-4673-98a8-09a5a70a3c76,"[{'price': 267.1099853515625, 'qty': 1, 'buy_id': '9cc8c65b-a1aa-4673-98a8-09a5a70a3c76', 'sell_id': '50a4b63b-5ba7-4e93-beb5-17de95249213', 'timestamp': 1763957562.6516852}]"
2025-11-18 16:59:00+00:00,"Signal(ts=2025-11-18 16:59:00+00:00, action=SELL, qty=1, strategy=MACross)",f76904e3-7130-4244-a00d-ad27bbbb716c,[]
2025-11-18 17:00:00+00:00,"Signal(ts=2025-11-18 17:00:00+00:00, action=SELL, qty=1, strategy=MACross)",a16f0c61-0fb3-464a-b4ff-99469d25ed64,[]
2025-11-18 17:01:00+00:00,"Signal(ts=2025-11-18 17:01:00+00:00, action=SELL, qty=1, strategy=MACross)",990f435f-f497-4453-9017-84157ae74a16,[]
2025-11-18 17:02:00+00:00,"Signal(ts=2025-11-18 17:02:00+00:00, action=SELL, qty=1, strategy=MACross)",777547f5-ec4e-4415-9b03-17b99a2ddd05,[]
2025-11-18 17:03:00+00:00,"Signal(ts=2025-11-18 17:03:00+00:00, action=BUY, qty=1, strategy=MACross)",f4ef3931-c3e3-44cd-a934-1d2bf99dc0ec,"[{'price': 267.1199951171875, 'qty': 1, 'buy_id': 'f4ef3931-c3e3-44cd-a934-1d2bf99dc0ec', 'sell_id': '730a34d4-b515-4e31-8991-b56523fda070', 'timestamp': 1763957562.654141}]"
2025-11-18 17:04:00+00:00,"Signal(ts=2025-11-18 17:04:00+00:00, action=BUY, qty=1, strategy=MACross)",7551ec6e-daf0-46e0-8568-81d15a3a08f8,"[{'price': 267.1499938964844, 'qty': 1, 'buy_id': '7551ec6e-daf0-46e0-8568-81d15a3a08f8', 'sell_id': '44fdcfed-2070-4b4d-8e29-f0cbd4ca0cbf', 'timestamp': 1763957562.654617}]"
2025-11-18 17:05:00+00:00,"Signal(ts=2025-11-18 17:05:00+00:00, action=SELL, qty=1, strategy=MACross)",fb2ee50a-eb5b-4441-a435-29e08063f290,[]
2025-11-18 17:06:00+00:00,"Signal(ts=2025-11-18 17:06:00+00:00, action=SELL, qty=1, strategy=MACross)",916384e7-f0ec-458b-9e8b-b286acae19c3,[]
2025-11-18 17:07:00+00:00,"Signal(ts=2025-11-18 17:07:00+00:00, action=SELL, qty=1, strategy=MACross)",53364c5b-e4a2-48b5-beb0-c9b59ca3de5d,[]
2025-11-18 17:08:00+00:00,"Signal(ts=2025-11-18 17:08:00+00:00, action=BUY, qty=1, strategy=MACross)",e779736a-10ca-4c53-9378-3e7f6725f278,"[{'price': 267.1650085449219, 'qty': 1, 'buy_id': 'e779736a-10ca-4c53-9378-3e7f6725f278', 'sell_id': '2c0455f9-b7be-45cf-bb84-fd40130504fe', 'timestamp': 1763957562.6597419}]"
2025-11-18 17:09:00+00:00,"Signal(ts=2025-11-18 17:09:00+00:00, action=BUY, qty=1, strategy=MACross)",9a7ac590-d447-497f-8549-4abfa415cd16,"[{'price': 267.19989013671875, 'qty': 1, 'buy_id': '9a7ac590-d447-497f-8549-4abfa415cd16', 'sell_id': '98fd48f6-b0b2-48cf-960a-ec4648eee7b9', 'timestamp': 1763957562.660453}]"
2025-11-18 17:10:00+00:00,"Signal(ts=2025-11-18 17:10:00+00:00, action=BUY, qty=1, strategy=MACross)",461337d6-6185-456b-95d0-2effccc264a6,"[{'price': 267.19989013671875, 'qty': 1, 'buy_id': '461337d6-6185-456b-95d0-2effccc264a6', 'sell_id': '98fd48f6-b0b2-48cf-960a-ec4648eee7b9', 'timestamp': 1763957562.6609778}]"
2025-11-18 17:11:00+00:00,"Signal(ts=2025-11-18 17:11:00+00:00, action=BUY, qty=1, strategy=MACross)",d04f90d9-385d-4662-878a-a6ea6ab4f774,"[{'price': 267.19989013671875, 'qty': 1, 'buy_id': 'd04f90d9-385d-4662-878a-a6ea6ab4f774', 'sell_id': '98fd48f6-b0b2-48cf-960a-ec4648eee7b9', 'timestamp': 1763957562.6614661}]"
2025-11-18 17:12:00+00:00,"Signal(ts=2025-11-18 17:12:00+00:00, action=BUY, qty=1, strategy=MACross)",2a81be35-7a40-4c12-896b-5f297270b7bc,"[{'price': 267.20001220703125, 'qty': 1, 'buy_id': '2a81be35-7a40-4c12-896b-5f297270b7bc', 'sell_id': '35b2cc6b-c670-49a4-86cd-bccea6c5d7ec', 'timestamp': 1763957562.6619499}]"
2025-11-18 17:13:00+00:00,"Signal(ts=2025-11-18 17:13:00+00:00, action=SELL, qty=1, strategy=MACross)",3222ae2d-7382-4e91-a1eb-251814d89f25,[]
2025-11-18 17:14:00+00:00,"Signal(ts=2025-11-18 17:14:00+00:00, action=SELL, qty=1, strategy=MACross)",b042689f-7962-4ffd-9a56-84735cb6ae83,[]
2025-11-18 17:15:00+00:00,"Signal(ts=2025-11-18 17:15:00+00:00, action=BUY, qty=1, strategy=MACross)",f0581954-7d09-47df-a753-400ac381d4bd,"[{'price': 267.2200012207031, 'qty': 1, 'buy_id': 'f0581954-7d09-47df-a753-400ac381d4bd', 'sell_id': '203e8364-8ad8-4d74-8fff-2740d4c55f45', 'timestamp': 1763957562.663786}]"
2025-11-18 17:16:00+00:00,"Signal(ts=2025-11-18 17:16:00+00:00, action=BUY, qty=1, strategy=MACross)",5c7a09f0-9b34-44a0-a547-e6cf373bd46d,"[{'price': 267.2850036621094, 'qty': 1, 'buy_id': '5c7a09f0-9b34-44a0-a547-e6cf373bd46d', 'sell_id': '17255b94-7d7a-499f-80f4-d975e16db110', 'timestamp': 1763957562.6642718}]"
2025-11-18 17:17:00+00:00,"Signal(ts=2025-11-18 17:17:00+00:00, action=BUY, qty=1, strategy=MACross)",dd619e7e-828b-4068-8b18-939e6bc9cbca,"[{'price': 267.3800048828125, 'qty': 1, 'buy_id': 'dd619e7e-828b-4068-8b18-939e6bc9cbca', 'sell_id': '3e5bb74b-e8d3-4bb6-a123-fb7554577db0', 'timestamp': 1763957562.6647658}]"
2025-11-18 17:18:00+00:00,"Signal(ts=2025-11-18 17:18:00+00:00, action=SELL, qty=1, strategy=MACross)",baa04aca-2c84-40d4-8d42-00d27b43cc9a,[]
2025-11-18 17:19:00+00:00,"Signal(ts=2025-11-18 17:19:00+00:00, action=SELL, qty=1, strategy=MACross)",7a7eb9a2-da25-4596-b340-3251c65b5f77,[]
2025-11-18 17:20:00+00:00,"Signal(ts=2025-11-18 17:20:00+00:00, action=SELL, qty=1, strategy=MACross)",de2db8f6-e24b-43da-90d6-e170c34933d6,[]
2025-11-18 17:21:00+00:00,"Signal(ts=2025-11-18 17:21:00+00:00, action=SELL, qty=1, strategy=MACross)",59aab077-1d09-4a32-a277-07af5bf4e2c6,[]
2025-11-18 17:22:00+00:00,"Signal(ts=2025-11-18 17:22:00+00:00, action=SELL, qty=1, strategy=MACross)",8345ea2c-8122-41a0-8200-030b4d4f11cc,[]
2025-11-18 17:23:00+00:00,"Signal(ts=2025-11-18 17:23:00+00:00, action=SELL, qty=1, strategy=MACross)",b02ccc82-654b-403c-93cc-02e8048c8369,[]
2025-11-18 17:24:00+00:00,"Signal(ts=2025-11-18 17:24:00+00:00, action=SELL, qty=1, strategy=MACross)",af831ada-efa7-449f-bc2f-fcdc0fe455b0,[]
2025-11-18 17:25:00+00:00,"Signal(ts=2025-11-18 17:25:00+00:00, action=SELL, qty=1, strategy=MACross)",c9da3f1a-63be-4b34-b4ab-68d0ba7b1872,[]
2025-11-18 17:26:00+00:00,"Signal(ts=2025-11-18 17:26:00+00:00, action=SELL, qty=1, strategy=MACross)",51a42b23-5dcd-4ba0-8609-1f075f26cb4f,[]
2025-11-18 17:27:00+00:00,"Signal(ts=2025-11-18 17:27:00+00:00, action=SELL, qty=1, strategy=MACross)",df1452ed-f563-4a32-8e66-12a25f382904,[]
2025-11-18 17:28:00+00:00,"Signal(ts=2025-11-18 17:28:00+00:00, action=SELL, qty=1, strategy=MACross)",e9a123e0-4ed1-4018-bb5d-4ef6b405c1e6,[]
2025-11-18 17:29:00+00:00,"Signal(ts=2025-11-18 17:29:00+00:00, action=SELL, qty=1, strategy=MACross)",3c1aa74c-af0d-4282-b628-b53503aaca1a,[]
2025-11-18 17:30:00+00:00,"Signal(ts=2025-11-18 17:30:00+00:00, action=SELL, qty=1, strategy=MACross)",db897750-9791-4842-ab40-cc341b465486,[]
2025-11-18 17:31:00+00:00,"Signal(ts=2025-11-18 17:31:00+00:00, action=SELL, qty=1, strategy=MACross)",7b38711a-e691-4c22-baac-51ee40f0165e,[]
2025-11-18 17:32:00+00:00,"Signal(ts=2025-11-18 17:32:00+00:00, action=SELL, qty=1, strategy=MACross)",4d73dae9-10bf-498c-9345-753ed5e74a3e,[]
2025-11-18 17:33:00+00:00,"Signal(ts=2025-11-18 17:33:00+00:00, action=SELL, qty=1, strategy=MACross)",ef1134f6-f3f3-4c7d-bc87-fcc9dd350516,[]
2025-11-18 17:34:00+00:00,"Signal(ts=2025-11-18 17:34:00+00:00, action=SELL, qty=1, strategy=MACross)",129200ae-d977-4af2-b096-2d140e0fa670,[]
2025-11-18 17:35:00+00:00,"Signal(ts=2025-11-18 17:35:00+00:00, action=SELL, qty=1, strategy=MACross)",a78baf5e-9228-4950-a379-509cdb6b77b0,[]
2025-11-18 17:36:00+00:00,"Signal(ts=2025-11-18 17:36:00+00:00, action=SELL, qty=1, strategy=MACross)",6e564d9e-0132-47a4-9e10-a4db42d50396,[]
2025-11-18 17:37:00+00:00,"Signal(ts=2025-11-18 17:37:00+00:00, action=SELL, qty=1, strategy=MACross)",99416fe1-e358-4513-8b96-55c70d6f9c9e,[]
2025-11-18 17:38:00+00:00,"Signal(ts=2025-11-18 17:38:00+00:00, action=SELL, qty=1, strategy=MACross)",75a4ff82-5591-4540-9e04-23c2d4740b66,[]
2025-11-18 17:39:00+00:00,"Signal(ts=2025-11-18 17:39:00+00:00, action=SELL, qty=1, strategy=MACross)",695881f1-8a88-46d1-9b17-8890194d6198,[]
2025-11-18 17:40:00+00:00,"Signal(ts=2025-11-18 17:40:00+00:00, action=SELL, qty=1, strategy=MACross)",2ab38b6e-cdb8-42e1-93ff-3d89f46bbb49,[]
2025-11-18 17:41:00+00:00,"Signal(ts=2025-11-18 17:41:00+00:00, action=BUY, qty=1, strategy=MACross)",02789b4f-257b-4a9b-ac72-908271bbabda,"[{'price': 266.6000061035156, 'qty': 1, 'buy_id': '02789b4f-257b-4a9b-ac72-908271bbabda', 'sell_id': 'ef1134f6-f3f3-4c7d-bc87-fcc9dd350516', 'timestamp': 1763957562.678147}]"
2025-11-18 17:42:00+00:00,"Signal(ts=2025-11-18 17:42:00+00:00, action=BUY, qty=1, strategy=MACross)",5ea555ce-ee85-4698-8bba-fbb2e7fbc822,"[{'price': 266.61090087890625, 'qty': 1, 'buy_id': '5ea555ce-ee85-4698-8bba-fbb2e7fbc822', 'sell_id': '4d73dae9-10bf-498c-9345-753ed5e74a3e', 'timestamp': 1763957562.678625}]"
2025-11-18 17:43:00+00:00,"Signal(ts=2025-11-18 17:43:00+00:00, action=BUY, qty=1, strategy=MACross)",46ab9ccb-aa77-42c2-8d24-07bd27883fd8,"[{'price': 266.8026123046875, 'qty': 1, 'buy_id': '46ab9ccb-aa77-42c2-8d24-07bd27883fd8', 'sell_id': '7b38711a-e691-4c22-baac-51ee40f0165e', 'timestamp': 1763957562.679116}]"
2025-11-18 17:44:00+00:00,"Signal(ts=2025-11-18 17:44:00+00:00, action=BUY, qty=2, strategy=MACross)",4b28447d-dd65-4fe0-bf32-9b783898869d,"[{'price': 266.8500061035156, 'qty': 1, 'buy_id': '4b28447d-dd65-4fe0-bf32-9b783898869d', 'sell_id': '129200ae-d977-4af2-b096-2d140e0fa670', 'timestamp': 1763957562.679599}, {'price': 266.9599914550781, 'qty': 1, 'buy_id': '4b28447d-dd65-4fe0-bf32-9b783898869d', 'sell_id': 'db897750-9791-4842-ab40-cc341b465486', 'timestamp': 1763957562.679602}]"
2025-11-18 17:45:00+00:00,"Signal(ts=2025-11-18 17:45:00+00:00, action=BUY, qty=2, strategy=MACross)",e10659ae-e47a-4b8d-8adc-aa6af9f93974,"[{'price': 266.9800109863281, 'qty': 1, 'buy_id': 'e10659ae-e47a-4b8d-8adc-aa6af9f93974', 'sell_id': 'a78baf5e-9228-4950-a379-509cdb6b77b0', 'timestamp': 1763957562.680088}, {'price': 267.1650085449219, 'qty': 1, 'buy_id': 'e10659ae-e47a-4b8d-8adc-aa6af9f93974', 'sell_id': '3c1aa74c-af0d-4282-b628-b53503aaca1a', 'timestamp': 1763957562.680091}]"
2025-11-18 17:46:00+00:00,"Signal(ts=2025-11-18 17:46:00+00:00, action=BUY, qty=2, strategy=MACross)",de7ae300-8fbf-4256-94d4-d777596a664c,"[{'price': 267.17999267578125, 'qty': 1, 'buy_id': 'de7ae300-8fbf-4256-94d4-d777596a664c', 'sell_id': 'e9a123e0-4ed1-4018-bb5d-4ef6b405c1e6', 'timestamp': 1763957562.680585}, {'price': 267.2699890136719, 'qty': 1, 'buy_id': 'de7ae300-8fbf-4256-94d4-d777596a664c', 'sell_id': 'c9da3f1a-63be-4b34-b4ab-68d0ba7b1872', 'timestamp': 1763957562.680587}]"
2025-11-18 17:47:00+00:00,"Signal(ts=2025-11-18 17:47:00+00:00, action=BUY, qty=2, strategy=MACross)",5e61093b-eefc-4850-90fd-1868d7a048db,"[{'price': 267.2699890136719, 'qty': 1, 'buy_id': '5e61093b-eefc-4850-90fd-1868d7a048db', 'sell_id': '6e564d9e-0132-47a4-9e10-a4db42d50396', 'timestamp': 1763957562.681746}, {'price': 267.2749938964844, 'qty': 1, 'buy_id': '5e61093b-eefc-4850-90fd-1868d7a048db', 'sell_id': 'af831ada-efa7-449f-bc2f-fcdc0fe455b0', 'timestamp': 1763957562.681749}]"
2025-11-18 17:48:00+00:00,"Signal(ts=2025-11-18 17:48:00+00:00, action=BUY, qty=2, strategy=MACross)",59047bdf-966e-41ab-a4bb-335f5c38a514,"[{'price': 267.2817077636719, 'qty': 1, 'buy_id': '59047bdf-966e-41ab-a4bb-335f5c38a514', 'sell_id': 'df1452ed-f563-4a32-8e66-12a25f382904', 'timestamp': 1763957562.682278}, {'price': 267.4005126953125, 'qty': 1, 'buy_id': '59047bdf-966e-41ab-a4bb-335f5c38a514', 'sell_id': 'b02ccc82-654b-403c-93cc-02e8048c8369', 'timestamp': 1763957562.6822798}]"
2025-11-18 17:49:00+00:00,"Signal(ts=2025-11-18 17:49:00+00:00, action=BUY, qty=2, strategy=MACross)",ec7731ae-1ac4-427a-bcf9-81fc77913136,"[{'price': 267.4200134277344, 'qty': 1, 'buy_id': 'ec7731ae-1ac4-427a-bcf9-81fc77913136', 'sell_id': '930d01ac-4021-4d6f-bc6b-2dbbd94a9cd8', 'timestamp': 1763957562.6827788}, {'price': 267.4200134277344, 'qty': 1, 'buy_id': 'ec7731ae-1ac4-427a-bcf9-81fc77913136', 'sell_id': '7a7eb9a2-da25-4596-b340-3251c65b5f77', 'timestamp': 1763957562.682782}]"
2025-11-18 17:50:00+00:00,"Signal(ts=2025-11-18 17:50:00+00:00, action=BUY, qty=2, strategy=MACross)",3d8c9c09-226d-4590-971f-8441820bd6f4,"[{'price': 267.42999267578125, 'qty': 2, 'buy_id': '3d8c9c09-226d-4590-971f-8441820bd6f4', 'sell_id': 'e85d6a38-1a89-4772-b9d2-ed141c27182f', 'timestamp': 1763957562.683297}]"
2025-11-18 17:51:00+00:00,"Signal(ts=2025-11-18 17:51:00+00:00, action=BUY, qty=2, strategy=MACross)",d9fe8b0f-8cf9-42ca-bd03-8b6ac0134476,"[{'price': 267.42999267578125, 'qty': 1, 'buy_id': 'd9fe8b0f-8cf9-42ca-bd03-8b6ac0134476', 'sell_id': 'e85d6a38-1a89-4772-b9d2-ed141c27182f', 'timestamp': 1763957562.683798}, {'price': 267.43450927734375, 'qty': 1, 'buy_id': 'd9fe8b0f-8cf9-42ca-bd03-8b6ac0134476', 'sell_id': 'e3dc3936-a6d0-4b2c-91a8-5236b7c3a4c8', 'timestamp': 1763957562.6838012}]"
2025-11-18 17:52:00+00:00,"Signal(ts=2025-11-18 17:52:00+00:00, action=BUY, qty=1, strategy=MACross)",fec9b092-4e7b-41df-ae23-9f2305e5d436,"[{'price': 267.44000244140625, 'qty': 1, 'buy_id': 'fec9b092-4e7b-41df-ae23-9f2305e5d436', 'sell_id': '99416fe1-e358-4513-8b96-55c70d6f9c9e', 'timestamp': 1763957562.6843038}]"
2025-11-18 17:53:00+00:00,"Signal(ts=2025-11-18 17:53:00+00:00, action=BUY, qty=1, strategy=MACross)",6afdea08-6171-4285-809c-80cd6771df9a,"[{'price': 267.45001220703125, 'qty': 1, 'buy_id': '6afdea08-6171-4285-809c-80cd6771df9a', 'sell_id': '51a42b23-5dcd-4ba0-8609-1f075f26cb4f', 'timestamp': 1763957562.6848152}]"
2025-11-18 17:54:00+00:00,"Signal(ts=2025-11-18 17:54:00+00:00, action=BUY, qty=1, strategy=MACross)",cc8d0f3d-8c70-45f5-b68f-65ad692e4365,"[{'price': 267.5050048828125, 'qty': 1, 'buy_id': 'cc8d0f3d-8c70-45f5-b68f-65ad692e4365', 'sell_id': '275938ce-bd32-46c4-96fd-d11c6b29ef19', 'timestamp': 1763957562.685348}]"
2025-11-18 17:55:00+00:00,"Signal(ts=2025-11-18 17:55:00+00:00, action=BUY, qty=1, strategy=MACross)",d59ac762-6450-4f2a-a86d-40ea17a33f76,"[{'price': 267.510009765625, 'qty': 1, 'buy_id': 'd59ac762-6450-4f2a-a86d-40ea17a33f76', 'sell_id': 'b042689f-7962-4ffd-9a56-84735cb6ae83', 'timestamp': 1763957562.6858618}]"
2025-11-18 17:56:00+00:00,"Signal(ts=2025-11-18 17:56:00+00:00, action=BUY, qty=1, strategy=MACross)",eaa72c35-9f01-4db9-8292-3b964fc8df5b,"[{'price': 267.5299987792969, 'qty': 1, 'buy_id': 'eaa72c35-9f01-4db9-8292-3b964fc8df5b', 'sell_id': '8345ea2c-8122-41a0-8200-030b4d4f11cc', 'timestamp': 1763957562.6876109}]"
2025-11-18 17:57:00+00:00,"Signal(ts=2025-11-18 17:57:00+00:00, action=BUY, qty=1, strategy=MACross)",971b31bc-0b2c-4a01-b221-37a1f38974b2,"[{'price': 267.5425109863281, 'qty': 1, 'buy_id': '971b31bc-0b2c-4a01-b221-37a1f38974b2', 'sell_id': '33281818-fa70-4be1-8154-8ac59ad33360', 'timestamp': 1763957562.689604}]"
2025-11-18 17:58:00+00:00,"Signal(ts=2025-11-18 17:58:00+00:00, action=BUY, qty=1, strategy=MACross)",9a51d0a6-d1cb-4565-8cf6-25520ed020f4,"[{'price': 267.54998779296875, 'qty': 1, 'buy_id': '9a51d0a6-d1cb-4565-8cf6-25520ed020f4', 'sell_id': 'baa04aca-2c84-40d4-8d42-00d27b43cc9a', 'timestamp': 1763957562.691617}]"
2025-11-18 17:59:00+00:00,"Signal(ts=2025-11-18 17:59:00+00:00, action=BUY, qty=1, strategy=MACross)",6a6b8a68-53b9-4e4c-8215-6b1090346125,"[{'price': 267.55999755859375, 'qty': 1, 'buy_id': '6a6b8a68-53b9-4e4c-8215-6b1090346125', 'sell_id': '5b1dc349-9540-44db-9cd9-bf4d08848829', 'timestamp': 1763957562.693585}]"
2025-11-18 18:00:00+00:00,"Signal(ts=2025-11-18 18:00:00+00:00, action=BUY, qty=1, strategy=MACross)",80ef8715-9405-4362-be3d-f5bfebe8e200,"[{'price': 267.5899963378906, 'qty': 1, 'buy_id': '80ef8715-9405-4362-be3d-f5bfebe8e200', 'sell_id': '790c8f18-2cb1-4150-8a78-9ba52ccdfc85', 'timestamp': 1763957562.695125}]"
2025-11-18 18:01:00+00:00,"Signal(ts=2025-11-18 18:01:00+00:00, action=BUY, qty=1, strategy=MACross)",0d099f7d-467d-4f33-8b00-a148ad88f27c,"[{'price': 267.6000061035156, 'qty': 1, 'buy_id': '0d099f7d-467d-4f33-8b00-a148ad88f27c', 'sell_id': '916384e7-f0ec-458b-9e8b-b286acae19c3', 'timestamp': 1763957562.6965592}]"
2025-11-18 18:02:00+00:00,"Signal(ts=2025-11-18 18:02:00+00:00, action=BUY, qty=1, strategy=MACross)",395ff196-e17f-43a3-ad7c-ae1a93cc4c77,"[{'price': 267.6199951171875, 'qty': 1, 'buy_id': '395ff196-e17f-43a3-ad7c-ae1a93cc4c77', 'sell_id': '9ba5e9a5-576a-4c42-b0e3-de9e92eac97d', 'timestamp': 1763957562.697993}]"
2025-11-18 18:03:00+00:00,"Signal(ts=2025-11-18 18:03:00+00:00, action=BUY, qty=1, strategy=MACross)",c840ffdf-9f7a-431e-ac8b-a93bd3a242b3,"[{'price': 267.6933898925781, 'qty': 1, 'buy_id': 'c840ffdf-9f7a-431e-ac8b-a93bd3a242b3', 'sell_id': '491977db-3be9-46fc-837b-c4c1faf7dcf8', 'timestamp': 1763957562.69942}]"
2025-11-18 18:04:00+00:00,"Signal(ts=2025-11-18 18:04:00+00:00, action=BUY, qty=1, strategy=MACross)",f3bc3b4e-7db2-403d-a469-4f2c112f8c0c,"[{'price': 267.6933898925781, 'qty': 1, 'buy_id': 'f3bc3b4e-7db2-403d-a469-4f2c112f8c0c', 'sell_id': '491977db-3be9-46fc-837b-c4c1faf7dcf8', 'timestamp': 1763957562.70083}]"
2025-11-18 18:05:00+00:00,"Signal(ts=2025-11-18 18:05:00+00:00, action=BUY, qty=1, strategy=MACross)",161764e5-f990-4d35-a8e5-89706a8d15b2,"[{'price': 267.6933898925781, 'qty': 1, 'buy_id': '161764e5-f990-4d35-a8e5-89706a8d15b2', 'sell_id': '491977db-3be9-46fc-837b-c4c1faf7dcf8', 'timestamp': 1763957562.7020428}]"
2025-11-18 18:06:00+00:00,"Signal(ts=2025-11-18 18:06:00+00:00, action=BUY, qty=1, strategy=MACross)",59f762da-b154-48a8-b627-1c5c4a302877,"[{'price': 267.70001220703125, 'qty': 1, 'buy_id': '59f762da-b154-48a8-b627-1c5c4a302877', 'sell_id': 'f76904e3-7130-4244-a00d-ad27bbbb716c', 'timestamp': 1763957562.702631}]"
2025-11-18 18:07:00+00:00,"Signal(ts=2025-11-18 18:07:00+00:00, action=SELL, qty=1, strategy=MACross)",5bad0a9b-4430-4fbb-89cb-9efda92b6d94,[]
2025-11-18 18:08:00+00:00,"Signal(ts=2025-11-18 18:08:00+00:00, action=SELL, qty=1, strategy=MACross)",2f34fc04-0696-476e-9e08-60b357661a1a,[]
2025-11-18 18:09:00+00:00,"Signal(ts=2025-11-18 18:09:00+00:00, action=SELL, qty=1, strategy=MACross)",8d5b365c-13d3-4794-9b7f-24c72d6a70cd,[]
2025-11-18 18:10:00+00:00,"Signal(ts=2025-11-18 18:10:00+00:00, action=SELL, qty=1, strategy=MACross)",929b182a-791b-4aef-a999-21b8bb32846e,[]
2025-11-18 18:11:00+00:00,"Signal(ts=2025-11-18 18:11:00+00:00, action=SELL, qty=1, strategy=MACross)",399445a1-908f-4f5e-bab6-448e72496a51,[]
2025-11-18 18:12:00+00:00,"Signal(ts=2025-11-18 18:12:00+00:00, action=SELL, qty=1, strategy=MACross)",4f89b6b3-a816-4d5b-bd3d-f245d65cfbd0,[]
2025-11-18 18:13:00+00:00,"Signal(ts=2025-11-18 18:13:00+00:00, action=SELL, qty=1, strategy=MACross)",3d029d60-515e-4a24-9a9a-0f84c4f0be00,[]
2025-11-18 18:14:00+00:00,"Signal(ts=2025-11-18 18:14:00+00:00, action=SELL, qty=1, strategy=MACross)",8d01a0a4-8c5c-414f-a20d-247c136c5b28,[]
2025-11-18 18:15:00+00:00,"Signal(ts=2025-11-18 18:15:00+00:00, action=SELL, qty=1, strategy=MACross)",7829e190-e6a7-4296-b930-08ba0b25013e,[]
2025-11-18 18:16:00+00:00,"Signal(ts=2025-11-18 18:16:00+00:00, action=SELL, qty=1, strategy=MACross)",5155184e-989a-474b-87e6-f6fe6bbddc13,[]
2025-11-18 18:17:00+00:00,"Signal(ts=2025-11-18 18:17:00+00:00, action=SELL, qty=1, strategy=MACross)",714df9b5-5d9c-4901-8c7a-55e8a267c4cd,[]
2025-11-18 18:18:00+00:00,"Signal(ts=2025-11-18 18:18:00+00:00, action=SELL, qty=1, strategy=MACross)",928c5258-31d1-415f-8cd4-8c36afadfdec,[]
2025-11-18 18:19:00+00:00,"Signal(ts=2025-11-18 18:19:00+00:00, action=BUY, qty=1, strategy=MACross)",0fd8785d-7069-4bb2-91f1-66830722ef4f,"[{'price': 267.7099914550781, 'qty': 1, 'buy_id': '0fd8785d-7069-4bb2-91f1-66830722ef4f', 'sell_id': 'fb2ee50a-eb5b-4441-a435-29e08063f290', 'timestamp': 1763957562.7163782}]"
2025-11-18 18:20:00+00:00,"Signal(ts=2025-11-18 18:20:00+00:00, action=BUY, qty=1, strategy=MACross)",17223e10-4510-4b5b-9376-9dc6c72caac0,"[{'price': 267.7200012207031, 'qty': 1, 'buy_id': '17223e10-4510-4b5b-9376-9dc6c72caac0', 'sell_id': '75a4ff82-5591-4540-9e04-23c2d4740b66', 'timestamp': 1763957562.7174442}]"
2025-11-18 18:21:00+00:00,"Signal(ts=2025-11-18 18:21:00+00:00, action=BUY, qty=1, strategy=MACross)",8ad82dd6-10c6-444e-9a6e-ececde3f18c0,"[{'price': 267.7300109863281, 'qty': 1, 'buy_id': '8ad82dd6-10c6-444e-9a6e-ececde3f18c0', 'sell_id': 'db40641a-23d6-4e72-a22e-050cf6664cf9', 'timestamp': 1763957562.71806}]"
2025-11-18 18:22:00+00:00,"Signal(ts=2025-11-18 18:22:00+00:00, action=BUY, qty=1, strategy=MACross)",0e5c5519-f208-4d5e-af9b-ba9f0f747d63,"[{'price': 267.7300109863281, 'qty': 1, 'buy_id': '0e5c5519-f208-4d5e-af9b-ba9f0f747d63', 'sell_id': 'eafd9b4b-0e9c-4fc8-96f7-bc4ee36b002a', 'timestamp': 1763957562.7186172}]"
2025-11-18 18:23:00+00:00,"Signal(ts=2025-11-18 18:23:00+00:00, action=BUY, qty=1, strategy=MACross)",434db3c0-1ecc-4277-8308-3f88b190f645,"[{'price': 267.7900085449219, 'qty': 1, 'buy_id': '434db3c0-1ecc-4277-8308-3f88b190f645', 'sell_id': 'de2db8f6-e24b-43da-90d6-e170c34933d6', 'timestamp': 1763957562.719925}]"
2025-11-18 18:24:00+00:00,"Signal(ts=2025-11-18 18:24:00+00:00, action=BUY, qty=1, strategy=MACross)",94bccbf7-1beb-434b-b6c8-c12d0303544f,"[{'price': 267.79998779296875, 'qty': 1, 'buy_id': '94bccbf7-1beb-434b-b6c8-c12d0303544f', 'sell_id': 'fa206643-638c-49b3-a0d5-cfe5e68d6045', 'timestamp': 1763957562.720812}]"
2025-11-18 18:25:00+00:00,"Signal(ts=2025-11-18 18:25:00+00:00, action=BUY, qty=1, strategy=MACross)",21768ed4-3825-4265-ad67-9e893ab799b8,"[{'price': 267.79998779296875, 'qty': 1, 'buy_id': '21768ed4-3825-4265-ad67-9e893ab799b8', 'sell_id': 'fa206643-638c-49b3-a0d5-cfe5e68d6045', 'timestamp': 1763957562.721389}]"
2025-11-18 18:26:00+00:00,"Signal(ts=2025-11-18 18:26:00+00:00, action=BUY, qty=1, strategy=MACross)",cab21cc2-554b-4e6b-94f5-a8713e52efb1,"[{'price': 267.8117980957031, 'qty': 1, 'buy_id': 'cab21cc2-554b-4e6b-94f5-a8713e52efb1', 'sell_id': '990f435f-f497-4453-9017-84157ae74a16', 'timestamp': 1763957562.722071}]"
2025-11-18 18:27:00+00:00,"Signal(ts=2025-11-18 18:27:00+00:00, action=BUY, qty=1, strategy=MACross)",9ca4add9-138e-4d84-b2be-47286b47a18a,"[{'price': 267.8299865722656, 'qty': 1, 'buy_id': '9ca4add9-138e-4d84-b2be-47286b47a18a', 'sell_id': '59aab077-1d09-4a32-a277-07af5bf4e2c6', 'timestamp': 1763957562.72293}]"
2025-11-18 18:28:00+00:00,"Signal(ts=2025-11-18 18:28:00+00:00, action=BUY, qty=1, strategy=MACross)",8fd6dc2e-c55a-4ffe-867f-1668d4dac240,"[{'price': 267.87921142578125, 'qty': 1, 'buy_id': '8fd6dc2e-c55a-4ffe-867f-1668d4dac240', 'sell_id': '3222ae2d-7382-4e91-a1eb-251814d89f25', 'timestamp': 1763957562.723476}]"
2025-11-18 18:29:00+00:00,"Signal(ts=2025-11-18 18:29:00+00:00, action=BUY, qty=1, strategy=MACross)",2d1bfb05-2d30-4899-9b8d-c891dc758751,"[{'price': 267.8800048828125, 'qty': 1, 'buy_id': '2d1bfb05-2d30-4899-9b8d-c891dc758751', 'sell_id': '695881f1-8a88-46d1-9b17-8890194d6198', 'timestamp': 1763957562.724073}]"
2025-11-18 18:30:00+00:00,"Signal(ts=2025-11-18 18:30:00+00:00, action=BUY, qty=1, strategy=MACross)",0e8e45a6-300b-41d9-a9bf-b749dc2dc437,"[{'price': 267.8949890136719, 'qty': 1, 'buy_id': '0e8e45a6-300b-41d9-a9bf-b749dc2dc437', 'sell_id': '7ccc1995-73b9-4a6c-a362-273db23da489', 'timestamp': 1763957562.725624}]"
2025-11-18 18:31:00+00:00,"Signal(ts=2025-11-18 18:31:00+00:00, action=BUY, qty=1, strategy=MACross)",d77e8e44-0361-4005-ac65-526b5669fb97,"[{'price': 267.9150085449219, 'qty': 1, 'buy_id': 'd77e8e44-0361-4005-ac65-526b5669fb97', 'sell_id': 'a16f0c61-0fb3-464a-b4ff-99469d25ed64', 'timestamp': 1763957562.726304}]"
2025-11-18 18:32:00+00:00,"Signal(ts=2025-11-18 18:32:00+00:00, action=BUY, qty=1, strategy=MACross)",53ceb67a-6128-4509-a91d-b16198f21375,"[{'price': 267.9200134277344, 'qty': 1, 'buy_id': '53ceb67a-6128-4509-a91d-b16198f21375', 'sell_id': '155696af-9362-43ee-b10e-fb966e1acb23', 'timestamp': 1763957562.728182}]"
2025-11-18 18:33:00+00:00,"Signal(ts=2025-11-18 18:33:00+00:00, action=BUY, qty=1, strategy=MACross)",53f48113-d91f-4582-9def-63baf8e63ac0,"[{'price': 267.9649963378906, 'qty': 1, 'buy_id': '53f48113-d91f-4582-9def-63baf8e63ac0', 'sell_id': '53364c5b-e4a2-48b5-beb0-c9b59ca3de5d', 'timestamp': 1763957562.7292218}]"
2025-11-18 18:34:00+00:00,"Signal(ts=2025-11-18 18:34:00+00:00, action=BUY, qty=1, strategy=MACross)",7e1b3142-74ed-45f2-8f10-ad4a929d319b,"[{'price': 268.0105895996094, 'qty': 1, 'buy_id': '7e1b3142-74ed-45f2-8f10-ad4a929d319b', 'sell_id': '2ab38b6e-cdb8-42e1-93ff-3d89f46bbb49', 'timestamp': 1763957562.731253}]"
2025-11-18 18:35:00+00:00,"Signal(ts=2025-11-18 18:35:00+00:00, action=BUY, qty=1, strategy=MACross)",cc451ca5-bbd8-4f08-8577-b9d89610ab7d,"[{'price': 268.05999755859375, 'qty': 1, 'buy_id': 'cc451ca5-bbd8-4f08-8577-b9d89610ab7d', 'sell_id': '235ff07f-3ef4-41b6-81b0-0260b3bc9daf', 'timestamp': 1763957562.731936}]"
2025-11-18 18:36:00+00:00,"Signal(ts=2025-11-18 18:36:00+00:00, action=BUY, qty=1, strategy=MACross)",053c3454-10f9-43a5-8ea7-732f641f99a6,"[{'price': 268.05999755859375, 'qty': 1, 'buy_id': '053c3454-10f9-43a5-8ea7-732f641f99a6', 'sell_id': 'f9b3012e-211d-4df5-9992-3f210398b5de', 'timestamp': 1763957562.733252}]"
2025-11-18 18:37:00+00:00,"Signal(ts=2025-11-18 18:37:00+00:00, action=BUY, qty=1, strategy=MACross)",1d243c10-87d5-4c49-9cde-d605a52a6337,"[{'price': 268.07501220703125, 'qty': 1, 'buy_id': '1d243c10-87d5-4c49-9cde-d605a52a6337', 'sell_id': '777547f5-ec4e-4415-9b03-17b99a2ddd05', 'timestamp': 1763957562.7341151}]"
2025-11-18 18:38:00+00:00,"Signal(ts=2025-11-18 18:38:00+00:00, action=BUY, qty=1, strategy=MACross)",cdb1b449-f7ba-4063-bd6e-b5a9b103abb0,"[{'price': 268.1700134277344, 'qty': 1, 'buy_id': 'cdb1b449-f7ba-4063-bd6e-b5a9b103abb0', 'sell_id': '3d029d60-515e-4a24-9a9a-0f84c4f0be00', 'timestamp': 1763957562.735185}]"
2025-11-18 18:39:00+00:00,"Signal(ts=2025-11-18 18:39:00+00:00, action=BUY, qty=1, strategy=MACross)",a6e56642-ad7d-44e3-ad74-f228af1c979a,"[{'price': 268.2699890136719, 'qty': 1, 'buy_id': 'a6e56642-ad7d-44e3-ad74-f228af1c979a', 'sell_id': '5bad0a9b-4430-4fbb-89cb-9efda92b6d94', 'timestamp': 1763957562.735865}]"
2025-11-18 18:40:00+00:00,"Signal(ts=2025-11-18 18:40:00+00:00, action=BUY, qty=1, strategy=MACross)",7a4acb52-c9c2-4b3a-926e-93f605aae988,"[{'price': 268.2901916503906, 'qty': 1, 'buy_id': '7a4acb52-c9c2-4b3a-926e-93f605aae988', 'sell_id': '7829e190-e6a7-4296-b930-08ba0b25013e', 'timestamp': 1763957562.73765}]"
2025-11-18 18:41:00+00:00,"Signal(ts=2025-11-18 18:41:00+00:00, action=BUY, qty=1, strategy=MACross)",cf465a15-0ac8-4dc3-b163-a1d22f4fa82a,"[{'price': 268.29998779296875, 'qty': 1, 'buy_id': 'cf465a15-0ac8-4dc3-b163-a1d22f4fa82a', 'sell_id': '06096590-e83d-4491-b59d-354b884a3f8e', 'timestamp': 1763957562.738764}]"
2025-11-18 18:42:00+00:00,"Signal(ts=2025-11-18 18:42:00+00:00, action=BUY, qty=1, strategy=MACross)",b779739c-aff4-4e79-8c55-231a3c4ce953,"[{'price': 268.29998779296875, 'qty': 1, 'buy_id': 'b779739c-aff4-4e79-8c55-231a3c4ce953', 'sell_id': '06096590-e83d-4491-b59d-354b884a3f8e', 'timestamp': 1763957562.739382}]"
2025-11-18 18:43:00+00:00,"Signal(ts=2025-11-18 18:43:00+00:00, action=SELL, qty=1, strategy=MACross)",01799b5a-f6a9-417a-826e-900340cd8054,[]
2025-11-18 18:44:00+00:00,"Signal(ts=2025-11-18 18:44:00+00:00, action=SELL, qty=1, strategy=MACross)",7274321e-b872-48ae-94ef-7b171e3c13eb,[]
2025-11-18 18:45:00+00:00,"Signal(ts=2025-11-18 18:45:00+00:00, action=SELL, qty=1, strategy=MACross)",78b0765a-52ed-42e9-8a91-6b884e7426bd,[]
2025-11-18 18:46:00+00:00,"Signal(ts=2025-11-18 18:46:00+00:00, action=SELL, qty=1, strategy=MACross)",d9a66027-4650-4154-85d1-684fcbb44877,[]
2025-11-18 18:47:00+00:00,"Signal(ts=2025-11-18 18:47:00+00:00, action=SELL, qty=1, strategy=MACross)",07ea0704-efc9-4386-8e96-54208f081d94,[]
2025-11-18 18:48:00+00:00,"Signal(ts=2025-11-18 18:48:00+00:00, action=SELL, qty=1, strategy=MACross)",90027372-d9f1-43aa-a136-b27c1828444c,[]
2025-11-18 18:49:00+00:00,"Signal(ts=2025-11-18 18:49:00+00:00, action=SELL, qty=1, strategy=MACross)",2aa36896-41e6-483a-9aa1-1c412ae387db,[]
2025-11-18 18:50:00+00:00,"Signal(ts=2025-11-18 18:50:00+00:00, action=SELL, qty=1, strategy=MACross)",acf652b1-e4ae-4d43-9237-5dfe32dc5294,[]
2025-11-18 18:51:00+00:00,"Signal(ts=2025-11-18 18:51:00+00:00, action=SELL, qty=1, strategy=MACross)",62722cdd-4106-4182-bcaa-803e0c81eb09,[]
2025-11-18 18:52:00+00:00,"Signal(ts=2025-11-18 18:52:00+00:00, action=BUY, qty=1, strategy=MACross)",b2d8d042-fa04-470c-98b7-ec393a0da101,"[{'price': 268.29998779296875, 'qty': 1, 'buy_id': 'b2d8d042-fa04-470c-98b7-ec393a0da101', 'sell_id': '06096590-e83d-4491-b59d-354b884a3f8e', 'timestamp': 1763957562.74966}]"
2025-11-18 18:53:00+00:00,"Signal(ts=2025-11-18 18:53:00+00:00, action=BUY, qty=1, strategy=MACross)",737c33da-70b1-4955-833b-30eff08368a3,"[{'price': 268.32000732421875, 'qty': 1, 'buy_id': '737c33da-70b1-4955-833b-30eff08368a3', 'sell_id': '8d5b365c-13d3-4794-9b7f-24c72d6a70cd', 'timestamp': 1763957562.751575}]"
2025-11-18 18:54:00+00:00,"Signal(ts=2025-11-18 18:54:00+00:00, action=BUY, qty=1, strategy=MACross)",8062a79f-0f47-4341-a2db-01783790f108,"[{'price': 268.3299865722656, 'qty': 1, 'buy_id': '8062a79f-0f47-4341-a2db-01783790f108', 'sell_id': '2f34fc04-0696-476e-9e08-60b357661a1a', 'timestamp': 1763957562.752233}]"
2025-11-18 18:55:00+00:00,"Signal(ts=2025-11-18 18:55:00+00:00, action=BUY, qty=1, strategy=MACross)",1d1872f1-2a22-4155-bd61-c1571445c662,"[{'price': 268.385009765625, 'qty': 1, 'buy_id': '1d1872f1-2a22-4155-bd61-c1571445c662', 'sell_id': '4f89b6b3-a816-4d5b-bd3d-f245d65cfbd0', 'timestamp': 1763957562.754475}]"
2025-11-18 18:56:00+00:00,"Signal(ts=2025-11-18 18:56:00+00:00, action=BUY, qty=1, strategy=MACross)",0d4c2ecd-15e7-4402-b225-bf69970bb79c,"[{'price': 268.3900146484375, 'qty': 1, 'buy_id': '0d4c2ecd-15e7-4402-b225-bf69970bb79c', 'sell_id': '714df9b5-5d9c-4901-8c7a-55e8a267c4cd', 'timestamp': 1763957562.7556422}]"
2025-11-18 18:57:00+00:00,"Signal(ts=2025-11-18 18:57:00+00:00, action=BUY, qty=1, strategy=MACross)",b5138859-2b11-463c-923b-6c412acce1db,"[{'price': 268.42999267578125, 'qty': 1, 'buy_id': 'b5138859-2b11-463c-923b-6c412acce1db', 'sell_id': '929b182a-791b-4aef-a999-21b8bb32846e', 'timestamp': 1763957562.756881}]"
2025-11-18 18:58:00+00:00,"Signal(ts=2025-11-18 18:58:00+00:00, action=BUY, qty=1, strategy=MACross)",069b0c8f-49ff-43a9-a5dc-dd0f2f4c4af8,[]
2025-11-18 18:59:00+00:00,"Signal(ts=2025-11-18 18:59:00+00:00, action=BUY, qty=1, strategy=MACross)",0d5523e9-38fe-4d12-9b5f-6c1421366645,[]
2025-11-18 19:00:00+00:00,"Signal(ts=2025-11-18 19:00:00+00:00, action=BUY, qty=1, strategy=MACross)",68bf7c65-8ccc-47cf-8bc9-d730003fff74,[]
2025-11-18 19:01:00+00:00,"Signal(ts=2025-11-18 19:01:00+00:00, action=SELL, qty=1, strategy=MACross)",cbfe0df8-cdd1-4d6e-99d5-c38de244a4c9,[]
2025-11-18 19:02:00+00:00,"Signal(ts=2025-11-18 19:02:00+00:00, action=SELL, qty=1, strategy=MACross)",a697ae62-17be-46e2-969c-c44ed7eae13b,[]
2025-11-18 19:03:00+00:00,"Signal(ts=2025-11-18 19:03:00+00:00, action=SELL, qty=1, strategy=MACross)",1e130471-b848-4029-a98f-09ce70296cf4,"[{'price': 268.25, 'qty': 1, 'buy_id': '68bf7c65-8ccc-47cf-8bc9-d730003fff74', 'sell_id': '1e130471-b848-4029-a98f-09ce70296cf4', 'timestamp': 1763957562.7617228}]"
2025-11-18 19:04:00+00:00,"Signal(ts=2025-11-18 19:04:00+00:00, action=SELL, qty=1, strategy=MACross)",765b9ec9-870b-424c-b2a2-bcc8c83097ac,"[{'price': 268.32000732421875, 'qty': 1, 'buy_id': '069b0c8f-49ff-43a9-a5dc-dd0f2f4c4af8', 'sell_id': '765b9ec9-870b-424c-b2a2-bcc8c83097ac', 'timestamp': 1763957562.762518}]"
2025-11-18 19:05:00+00:00,"Signal(ts=2025-11-18 19:05:00+00:00, action=SELL, qty=1, strategy=MACross)",d1c6351a-492f-486d-84a9-677e0f1b342c,[]
2025-11-18 19:06:00+00:00,"Signal(ts=2025-11-18 19:06:00+00:00, action=SELL, qty=1, strategy=MACross)",9df3c885-9966-4e90-bdfa-793d5fa2de56,[]
2025-11-18 19:07:00+00:00,"Signal(ts=2025-11-18 19:07:00+00:00, action=SELL, qty=1, strategy=MACross)",0d6ef90d-adb8-4292-a8d5-dbc8e7989369,[]
2025-11-18 19:08:00+00:00,"Signal(ts=2025-11-18 19:08:00+00:00, action=SELL, qty=1, strategy=MACross)",19e490a3-f484-470e-b82d-9245eac4127d,[]
2025-11-18 19:09:00+00:00,"Signal(ts=2025-11-18 19:09:00+00:00, action=SELL, qty=1, strategy=MACross)",1c08773a-38a1-40b6-a183-d60474865c52,[]
2025-11-18 19:10:00+00:00,"Signal(ts=2025-11-18 19:10:00+00:00, action=SELL, qty=1, strategy=MACross)",e4e75500-dc05-4edf-a6b3-58ac07fae0a3,[]
2025-11-18 19:11:00+00:00,"Signal(ts=2025-11-18 19:11:00+00:00, action=SELL, qty=1, strategy=MACross)",46846a7b-05b3-485d-8836-454a8f003826,[]
2025-11-18 19:12:00+00:00,"Signal(ts=2025-11-18 19:12:00+00:00, action=SELL, qty=1, strategy=MACross)",820f4ba1-580d-457a-a5e7-3700fd2e33cb,[]
2025-11-18 19:13:00+00:00,"Signal(ts=2025-11-18 19:13:00+00:00, action=SELL, qty=1, strategy=MACross)",8238d030-af87-4d51-b49b-b6e997695b4c,[]
2025-11-18 19:14:00+00:00,"Signal(ts=2025-11-18 19:14:00+00:00, action=BUY, qty=1, strategy=MACross)",92a02e4b-1ce7-4f46-925f-ddd4f3e7e4ba,"[{'price': 268.2900085449219, 'qty': 1, 'buy_id': '92a02e4b-1ce7-4f46-925f-ddd4f3e7e4ba', 'sell_id': '46846a7b-05b3-485d-8836-454a8f003826', 'timestamp': 1763957562.770229}]"
2025-11-18 19:15:00+00:00,"Signal(ts=2025-11-18 19:15:00+00:00, action=BUY, qty=1, strategy=MACross)",b89d4414-0db2-4daa-aa6e-17d42b72b473,[]
2025-11-18 19:16:00+00:00,"Signal(ts=2025-11-18 19:16:00+00:00, action=BUY, qty=1, strategy=MACross)",1a62d9fe-24d2-4d94-ab9b-66f68142e7c4,[]
2025-11-18 19:17:00+00:00,"Signal(ts=2025-11-18 19:17:00+00:00, action=SELL, qty=1, strategy=MACross)",8d0bc802-ef46-4a24-a5db-d8e530efcfeb,"[{'price': 268.1722106933594, 'qty': 1, 'buy_id': '1a62d9fe-24d2-4d94-ab9b-66f68142e7c4', 'sell_id': '8d0bc802-ef46-4a24-a5db-d8e530efcfeb', 'timestamp': 1763957562.7728682}]"
2025-11-18 19:18:00+00:00,"Signal(ts=2025-11-18 19:18:00+00:00, action=SELL, qty=1, strategy=MACross)",466f24b5-ccab-4e0a-bb00-034998d2cd54,"[{'price': 268.2699890136719, 'qty': 1, 'buy_id': '0d5523e9-38fe-4d12-9b5f-6c1421366645', 'sell_id': '466f24b5-ccab-4e0a-bb00-034998d2cd54', 'timestamp': 1763957562.773751}]"
2025-11-18 19:19:00+00:00,"Signal(ts=2025-11-18 19:19:00+00:00, action=SELL, qty=1, strategy=MACross)",25d3c244-c024-4bd3-ba61-0dccfb27d1e3,[]
2025-11-18 19:20:00+00:00,"Signal(ts=2025-11-18 19:20:00+00:00, action=SELL, qty=1, strategy=MACross)",ef9b8fe2-1c08-43ff-979f-e54df57cf628,"[{'price': 268.25, 'qty': 1, 'buy_id': 'b89d4414-0db2-4daa-aa6e-17d42b72b473', 'sell_id': 'ef9b8fe2-1c08-43ff-979f-e54df57cf628', 'timestamp': 1763957562.7752829}]"
2025-11-18 19:21:00+00:00,"Signal(ts=2025-11-18 19:21:00+00:00, action=SELL, qty=1, strategy=MACross)",dd1d4a25-aa14-4db9-a145-0a7ec1ed8456,[]
2025-11-18 19:22:00+00:00,"Signal(ts=2025-11-18 19:22:00+00:00, action=SELL, qty=1, strategy=MACross)",b6aae535-3c49-4759-b267-7986f5a820bd,[]
2025-11-18 19:23:00+00:00,"Signal(ts=2025-11-18 19:23:00+00:00, action=SELL, qty=1, strategy=MACross)",6e5818a2-6a55-4998-8a4d-cf36ac1bb3db,[]
2025-11-18 19:24:00+00:00,"Signal(ts=2025-11-18 19:24:00+00:00, action=SELL, qty=1, strategy=MACross)",3b0b9040-3271-43b0-abc3-32e849e20473,[]
2025-11-18 19:25:00+00:00,"Signal(ts=2025-11-18 19:25:00+00:00, action=SELL, qty=1, strategy=MACross)",eb57e525-a480-4398-bbf2-8ad62b239414,[]
2025-11-18 19:26:00+00:00,"Signal(ts=2025-11-18 19:26:00+00:00, action=SELL, qty=1, strategy=MACross)",8dde4d2e-c41b-462b-afa7-cb30bfa3be4f,[]
2025-11-18 19:27:00+00:00,"Signal(ts=2025-11-18 19:27:00+00:00, action=SELL, qty=1, strategy=MACross)",84bb55d4-bb9f-417a-86c4-08e74ab00323,[]
2025-11-18 19:28:00+00:00,"Signal(ts=2025-11-18 19:28:00+00:00, action=SELL, qty=1, strategy=MACross)",e8364ca1-ad63-42ce-a40a-bf5fdefb4513,[]
2025-11-18 19:29:00+00:00,"Signal(ts=2025-11-18 19:29:00+00:00, action=SELL, qty=1, strategy=MACross)",988862b6-267f-4739-8095-ad1a46b7c763,[]
2025-11-18 19:30:00+00:00,"Signal(ts=2025-11-18 19:30:00+00:00, action=SELL, qty=1, strategy=MACross)",dee10ab6-c2d6-40bc-9b8f-8ecc7987843c,[]
2025-11-18 19:31:00+00:00,"Signal(ts=2025-11-18 19:31:00+00:00, action=SELL, qty=1, strategy=MACross)",1c1f7767-4e80-437c-8b2f-b1ebdb5a2f2b,[]
2025-11-18 19:32:00+00:00,"Signal(ts=2025-11-18 19:32:00+00:00, action=SELL, qty=1, strategy=MACross)",7f16d472-a5ca-4768-a1bf-c5e59c8fefb8,[]
2025-11-18 19:33:00+00:00,"Signal(ts=2025-11-18 19:33:00+00:00, action=SELL, qty=1, strategy=MACross)",6001a414-3b5e-4243-b0d2-5022fc12dffa,[]
2025-11-18 19:34:00+00:00,"Signal(ts=2025-11-18 19:34:00+00:00, action=SELL, qty=1, strategy=MACross)",5db7769c-4d06-4dd2-8b5a-5cffa1d348e7,[]
2025-11-18 19:35:00+00:00,"Signal(ts=2025-11-18 19:35:00+00:00, action=SELL, qty=1, strategy=MACross)",8d1e4464-c934-4323-b46f-718943d15968,[]
2025-11-18 19:36:00+00:00,"Signal(ts=2025-11-18 19:36:00+00:00, action=SELL, qty=1, strategy=MACross)",621931f6-8614-4e99-92fb-78a61a5f145e,[]
2025-11-18 19:37:00+00:00,"Signal(ts=2025-11-18 19:37:00+00:00, action=SELL, qty=1, strategy=MACross)",e775803d-f865-463c-a6a7-3ecc3eee30d7,[]
2025-11-18 19:38:00+00:00,"Signal(ts=2025-11-18 19:38:00+00:00, action=SELL, qty=1, strategy=MACross)",61055e6a-cca1-4c56-b2ec-650ab61de2f6,[]
2025-11-18 19:39:00+00:00,"Signal(ts=2025-11-18 19:39:00+00:00, action=SELL, qty=1, strategy=MACross)",e5396837-8a34-43cc-9df1-d231bb34dbb8,[]
2025-11-18 19:40:00+00:00,"Signal(ts=2025-11-18 19:40:00+00:00, action=BUY, qty=1, strategy=MACross)",e37e109f-6dd1-47e6-812d-4a1a795dd763,"[{'price': 267.8500061035156, 'qty': 1, 'buy_id': 'e37e109f-6dd1-47e6-812d-4a1a795dd763', 'sell_id': '7f16d472-a5ca-4768-a1bf-c5e59c8fefb8', 'timestamp': 1763957562.79073}]"
2025-11-18 19:41:00+00:00,"Signal(ts=2025-11-18 19:41:00+00:00, action=BUY, qty=1, strategy=MACross)",cfdd3ca5-1894-4070-9f6b-a5a1e0366700,"[{'price': 267.8699951171875, 'qty': 1, 'buy_id': 'cfdd3ca5-1894-4070-9f6b-a5a1e0366700', 'sell_id': '5db7769c-4d06-4dd2-8b5a-5cffa1d348e7', 'timestamp': 1763957562.791583}]"
2025-11-18 19:42:00+00:00,"Signal(ts=2025-11-18 19:42:00+00:00, action=BUY, qty=1, strategy=MACross)",c2709f04-1124-40fb-8b7b-28a4f31a5fe4,"[{'price': 267.8800048828125, 'qty': 1, 'buy_id': 'c2709f04-1124-40fb-8b7b-28a4f31a5fe4', 'sell_id': '1c1f7767-4e80-437c-8b2f-b1ebdb5a2f2b', 'timestamp': 1763957562.792536}]"
2025-11-18 19:43:00+00:00,"Signal(ts=2025-11-18 19:43:00+00:00, action=BUY, qty=1, strategy=MACross)",fd1660cd-040a-4c2e-bcc6-8870326e13ea,"[{'price': 267.92999267578125, 'qty': 1, 'buy_id': 'fd1660cd-040a-4c2e-bcc6-8870326e13ea', 'sell_id': '6001a414-3b5e-4243-b0d2-5022fc12dffa', 'timestamp': 1763957562.793271}]"
2025-11-18 19:44:00+00:00,"Signal(ts=2025-11-18 19:44:00+00:00, action=BUY, qty=1, strategy=MACross)",a280abd6-17dc-41ea-9d16-83ccf7d1c65a,"[{'price': 267.94000244140625, 'qty': 1, 'buy_id': 'a280abd6-17dc-41ea-9d16-83ccf7d1c65a', 'sell_id': 'dee10ab6-c2d6-40bc-9b8f-8ecc7987843c', 'timestamp': 1763957562.794359}]"
2025-11-18 19:45:00+00:00,"Signal(ts=2025-11-18 19:45:00+00:00, action=BUY, qty=1, strategy=MACross)",b8dd1193-b15a-43f9-905e-83bc9cb380f8,"[{'price': 267.9800109863281, 'qty': 1, 'buy_id': 'b8dd1193-b15a-43f9-905e-83bc9cb380f8', 'sell_id': 'e8364ca1-ad63-42ce-a40a-bf5fdefb4513', 'timestamp': 1763957562.795277}]"
2025-11-18 19:46:00+00:00,"Signal(ts=2025-11-18 19:46:00+00:00, action=BUY, qty=1, strategy=MACross)",2ef8ed14-2e75-472f-ae84-ab5b52469026,"[{'price': 268.03448486328125, 'qty': 1, 'buy_id': '2ef8ed14-2e75-472f-ae84-ab5b52469026', 'sell_id': '988862b6-267f-4739-8095-ad1a46b7c763', 'timestamp': 1763957562.7959008}]"
2025-11-18 19:47:00+00:00,"Signal(ts=2025-11-18 19:47:00+00:00, action=BUY, qty=1, strategy=MACross)",6ea7c2bc-fdbd-465c-8ef0-1311369906d5,"[{'price': 268.07501220703125, 'qty': 1, 'buy_id': '6ea7c2bc-fdbd-465c-8ef0-1311369906d5', 'sell_id': 'dd1d4a25-aa14-4db9-a145-0a7ec1ed8456', 'timestamp': 1763957562.7966778}]"
2025-11-18 19:48:00+00:00,"Signal(ts=2025-11-18 19:48:00+00:00, action=BUY, qty=1, strategy=MACross)",e60d3e2b-f69b-4a65-8ed4-652eb7a93d94,"[{'price': 268.0799865722656, 'qty': 1, 'buy_id': 'e60d3e2b-f69b-4a65-8ed4-652eb7a93d94', 'sell_id': '3b0b9040-3271-43b0-abc3-32e849e20473', 'timestamp': 1763957562.797596}]"
2025-11-18 19:49:00+00:00,"Signal(ts=2025-11-18 19:49:00+00:00, action=BUY, qty=1, strategy=MACross)",3a45bfcf-1818-44fb-983f-d94a1c329452,"[{'price': 268.0898132324219, 'qty': 1, 'buy_id': '3a45bfcf-1818-44fb-983f-d94a1c329452', 'sell_id': '8d1e4464-c934-4323-b46f-718943d15968', 'timestamp': 1763957562.7982259}]"
2025-11-18 19:50:00+00:00,"Signal(ts=2025-11-18 19:50:00+00:00, action=BUY, qty=1, strategy=MACross)",0c67d541-54b6-4ba9-a101-47452e1e3af8,"[{'price': 268.0899963378906, 'qty': 1, 'buy_id': '0c67d541-54b6-4ba9-a101-47452e1e3af8', 'sell_id': '6e5818a2-6a55-4998-8a4d-cf36ac1bb3db', 'timestamp': 1763957562.799246}]"
2025-11-18 19:51:00+00:00,"Signal(ts=2025-11-18 19:51:00+00:00, action=BUY, qty=1, strategy=MACross)",28fcbfd6-b18c-4ae0-a9e5-85c4a7e759c5,"[{'price': 268.1099853515625, 'qty': 1, 'buy_id': '28fcbfd6-b18c-4ae0-a9e5-85c4a7e759c5', 'sell_id': '621931f6-8614-4e99-92fb-78a61a5f145e', 'timestamp': 1763957562.799938}]"
2025-11-18 19:52:00+00:00,"Signal(ts=2025-11-18 19:52:00+00:00, action=BUY, qty=1, strategy=MACross)",9c1c01c2-44d7-4d5d-a09b-f9db32302032,"[{'price': 268.125, 'qty': 1, 'buy_id': '9c1c01c2-44d7-4d5d-a09b-f9db32302032', 'sell_id': '84bb55d4-bb9f-417a-86c4-08e74ab00323', 'timestamp': 1763957562.8006778}]"
2025-11-18 19:53:00+00:00,"Signal(ts=2025-11-18 19:53:00+00:00, action=BUY, qty=1, strategy=MACross)",9d85d3d0-1385-4a45-ad55-d7801469fe18,"[{'price': 268.14019775390625, 'qty': 1, 'buy_id': '9d85d3d0-1385-4a45-ad55-d7801469fe18', 'sell_id': 'e775803d-f865-463c-a6a7-3ecc3eee30d7', 'timestamp': 1763957562.801394}]"
2025-11-18 19:54:00+00:00,"Signal(ts=2025-11-18 19:54:00+00:00, action=SELL, qty=1, strategy=MACross)",6e195c66-c540-4ad2-8458-02e0c459c8d4,[]
2025-11-18 19:55:00+00:00,"Signal(ts=2025-11-18 19:55:00+00:00, action=SELL, qty=1, strategy=MACross)",b0f47348-be14-4d97-b28a-92a15f89175c,[]
2025-11-18 19:56:00+00:00,"Signal(ts=2025-11-18 19:56:00+00:00, action=SELL, qty=1, strategy=MACross)",fa1a8f3c-41d4-4b43-b7fa-0144b07a6ef2,[]
2025-11-18 19:57:00+00:00,"Signal(ts=2025-11-18 19:57:00+00:00, action=SELL, qty=1, strategy=MACross)",e5c3836b-03ee-4c9b-afc6-9998ff246023,[]
2025-11-18 19:58:00+00:00,"Signal(ts=2025-11-18 19:58:00+00:00, action=SELL, qty=1, strategy=MACross)",3b4830f0-53c0-48dd-9562-9c96d5b5e076,[]
2025-11-18 19:59:00+00:00,"Signal(ts=2025-11-18 19:59:00+00:00, action=BUY, qty=1, strategy=MACross)",3bbb2bf9-cfb3-4e51-a4c6-716bd1cf56a3,"[{'price': 268.1199951171875, 'qty': 1, 'buy_id': '3bbb2bf9-cfb3-4e51-a4c6-716bd1cf56a3', 'sell_id': '6e195c66-c540-4ad2-8458-02e0c459c8d4', 'timestamp': 1763957562.806292}]"
2025-11-18 20:00:00+00:00,"Signal(ts=2025-11-18 20:00:00+00:00, action=BUY, qty=1, strategy=MACross)",d33215c3-e58e-48c6-b949-b082fbc5778b,"[{'price': 268.1579895019531, 'qty': 1, 'buy_id': 'd33215c3-e58e-48c6-b949-b082fbc5778b', 'sell_id': 'b6aae535-3c49-4759-b267-7986f5a820bd', 'timestamp': 1763957562.807373}]"
2025-11-18 20:01:00+00:00,"Signal(ts=2025-11-18 20:01:00+00:00, action=BUY, qty=1, strategy=MACross)",2312774a-e1fb-4d0d-b34e-7c45c97907a2,"[{'price': 268.2099914550781, 'qty': 1, 'buy_id': '2312774a-e1fb-4d0d-b34e-7c45c97907a2', 'sell_id': '8dde4d2e-c41b-462b-afa7-cb30bfa3be4f', 'timestamp': 1763957562.8084302}]"
2025-11-18 20:02:00+00:00,"Signal(ts=2025-11-18 20:02:00+00:00, action=BUY, qty=1, strategy=MACross)",194d099d-3bdb-45fd-abbc-928aeb3006fd,"[{'price': 268.25, 'qty': 1, 'buy_id': '194d099d-3bdb-45fd-abbc-928aeb3006fd', 'sell_id': 'eb57e525-a480-4398-bbf2-8ad62b239414', 'timestamp': 1763957562.8090749}]"
2025-11-18 20:03:00+00:00,"Signal(ts=2025-11-18 20:03:00+00:00, action=BUY, qty=1, strategy=MACross)",20674d95-7fb1-4b36-ba47-533947dcaef4,"[{'price': 268.2745056152344, 'qty': 1, 'buy_id': '20674d95-7fb1-4b36-ba47-533947dcaef4', 'sell_id': 'b0f47348-be14-4d97-b28a-92a15f89175c', 'timestamp': 1763957562.810036}]"
2025-11-18 20:04:00+00:00,"Signal(ts=2025-11-18 20:04:00+00:00, action=BUY, qty=1, strategy=MACross)",e0d689b8-2697-4d35-9398-138dbf890736,"[{'price': 268.3599853515625, 'qty': 1, 'buy_id': 'e0d689b8-2697-4d35-9398-138dbf890736', 'sell_id': '61055e6a-cca1-4c56-b2ec-650ab61de2f6', 'timestamp': 1763957562.810862}]"
2025-11-18 20:05:00+00:00,"Signal(ts=2025-11-18 20:05:00+00:00, action=BUY, qty=1, strategy=MACross)",528c0e34-0ff0-4989-a2b9-441536315fde,[]
2025-11-18 20:06:00+00:00,"Signal(ts=2025-11-18 20:06:00+00:00, action=BUY, qty=1, strategy=MACross)",0ad8f0fc-841c-4d99-8237-86292e6a9703,[]
2025-11-18 20:07:00+00:00,"Signal(ts=2025-11-18 20:07:00+00:00, action=BUY, qty=1, strategy=MACross)",a759d344-b0a8-4132-9b83-f7fd614742cd,[]
2025-11-18 20:08:00+00:00,"Signal(ts=2025-11-18 20:08:00+00:00, action=BUY, qty=1, strategy=MACross)",42fad744-431c-438a-a881-f5fd88f2d260,[]
2025-11-18 20:09:00+00:00,"Signal(ts=2025-11-18 20:09:00+00:00, action=BUY, qty=1, strategy=MACross)",04129530-067a-471b-bf7a-4d9273bd4b4e,[]
2025-11-18 20:10:00+00:00,"Signal(ts=2025-11-18 20:10:00+00:00, action=SELL, qty=1, strategy=MACross)",ffb1dcaa-913b-4e1b-b8a3-a0429ce3f412,[]
2025-11-18 20:11:00+00:00,"Signal(ts=2025-11-18 20:11:00+00:00, action=SELL, qty=1, strategy=MACross)",0fe31945-b594-494f-9484-6fd8f58a92eb,"[{'price': 268.2900085449219, 'qty': 1, 'buy_id': '528c0e34-0ff0-4989-a2b9-441536315fde', 'sell_id': '0fe31945-b594-494f-9484-6fd8f58a92eb', 'timestamp': 1763957562.816812}]"
2025-11-18 20:12:00+00:00,"Signal(ts=2025-11-18 20:12:00+00:00, action=SELL, qty=1, strategy=MACross)",5137de04-1473-488a-a5a2-bfec03249865,"[{'price': 268.2200012207031, 'qty': 1, 'buy_id': 'a759d344-b0a8-4132-9b83-f7fd614742cd', 'sell_id': '5137de04-1473-488a-a5a2-bfec03249865', 'timestamp': 1763957562.818058}]"
2025-11-18 20:13:00+00:00,"Signal(ts=2025-11-18 20:13:00+00:00, action=SELL, qty=1, strategy=MACross)",fa64f086-d268-4215-9be0-fc8761cc6fda,"[{'price': 268.20001220703125, 'qty': 1, 'buy_id': '0ad8f0fc-841c-4d99-8237-86292e6a9703', 'sell_id': 'fa64f086-d268-4215-9be0-fc8761cc6fda', 'timestamp': 1763957562.8187141}]"
2025-11-18 20:14:00+00:00,"Signal(ts=2025-11-18 20:14:00+00:00, action=SELL, qty=1, strategy=MACross)",f791a872-cb96-473f-aaf0-4378a4935fc6,[]
2025-11-18 20:15:00+00:00,"Signal(ts=2025-11-18 20:15:00+00:00, action=SELL, qty=1, strategy=MACross)",65cdf14a-655a-4636-8835-7e77dc42ed88,[]
2025-11-18 20:16:00+00:00,"Signal(ts=2025-11-18 20:16:00+00:00, action=SELL, qty=1, strategy=MACross)",a2e0186e-2836-4499-8930-b03bb79984b9,[]
2025-11-18 20:17:00+00:00,"Signal(ts=2025-11-18 20:17:00+00:00, action=SELL, qty=1, strategy=MACross)",1126bc28-9b78-48c1-bff7-102b3e784959,[]
2025-11-18 20:18:00+00:00,"Signal(ts=2025-11-18 20:18:00+00:00, action=SELL, qty=1, strategy=MACross)",b8637a95-2c6b-4958-8b55-ebe76767b91e,[]
2025-11-18 20:19:00+00:00,"Signal(ts=2025-11-18 20:19:00+00:00, action=SELL, qty=1, strategy=MACross)",eeb210ce-1b12-4310-b944-4feeef1513dd,"[{'price': 268.1200866699219, 'qty': 1, 'buy_id': '04129530-067a-471b-bf7a-4d9273bd4b4e', 'sell_id': 'eeb210ce-1b12-4310-b944-4feeef1513dd', 'timestamp': 1763957562.824115}]"
2025-11-18 20:20:00+00:00,"Signal(ts=2025-11-18 20:20:00+00:00, action=SELL, qty=1, strategy=MACross)",54a1801c-9f4a-4d81-a10b-8bb47806716f,[]
2025-11-18 20:21:00+00:00,"Signal(ts=2025-11-18 20:21:00+00:00, action=SELL, qty=1, strategy=MACross)",4cee5b6f-9816-403f-aaf4-e286dcd0dee6,[]
2025-11-18 20:22:00+00:00,"Signal(ts=2025-11-18 20:22:00+00:00, action=SELL, qty=1, strategy=MACross)",b96836fa-4b2d-4305-96c9-d31ee70ac58e,[]
2025-11-18 20:23:00+00:00,"Signal(ts=2025-11-18 20:23:00+00:00, action=BUY, qty=1, strategy=MACross)",c6cc6ee5-8a87-4c80-9f61-84d8720603f9,"[{'price': 268.260009765625, 'qty': 1, 'buy_id': 'c6cc6ee5-8a87-4c80-9f61-84d8720603f9', 'sell_id': 'b8637a95-2c6b-4958-8b55-ebe76767b91e', 'timestamp': 1763957562.827271}]"
2025-11-18 20:24:00+00:00,"Signal(ts=2025-11-18 20:24:00+00:00, action=BUY, qty=1, strategy=MACross)",bc0fcf57-ffab-4265-a78e-4626e86aaf1b,"[{'price': 268.2699890136719, 'qty': 1, 'buy_id': 'bc0fcf57-ffab-4265-a78e-4626e86aaf1b', 'sell_id': '54a1801c-9f4a-4d81-a10b-8bb47806716f', 'timestamp': 1763957562.828084}]"
2025-11-18 20:25:00+00:00,"Signal(ts=2025-11-18 20:25:00+00:00, action=BUY, qty=1, strategy=MACross)",d696f5cf-5d4d-421a-a94d-cbaf5f384a5d,[]
2025-11-18 20:26:00+00:00,"Signal(ts=2025-11-18 20:26:00+00:00, action=BUY, qty=1, strategy=MACross)",0d30129a-e92c-409c-8223-ee58bca08591,[]
2025-11-18 20:27:00+00:00,"Signal(ts=2025-11-18 20:27:00+00:00, action=BUY, qty=1, strategy=MACross)",ece58fbe-83be-426d-99d3-a81a1446e017,[]
2025-11-18 20:28:00+00:00,"Signal(ts=2025-11-18 20:28:00+00:00, action=SELL, qty=1, strategy=MACross)",b4dd793f-32fe-4eb6-8830-90a6d3d11cd4,"[{'price': 268.1600036621094, 'qty': 1, 'buy_id': 'd696f5cf-5d4d-421a-a94d-cbaf5f384a5d', 'sell_id': 'b4dd793f-32fe-4eb6-8830-90a6d3d11cd4', 'timestamp': 1763957562.8319318}]"
2025-11-18 20:29:00+00:00,"Signal(ts=2025-11-18 20:29:00+00:00, action=BUY, qty=1, strategy=MACross)",393aaf4b-c413-4c22-9c51-1642ba395431,"[{'price': 268.2799987792969, 'qty': 1, 'buy_id': '393aaf4b-c413-4c22-9c51-1642ba395431', 'sell_id': 'f791a872-cb96-473f-aaf0-4378a4935fc6', 'timestamp': 1763957562.832841}]"
2025-11-18 20:30:00+00:00,"Signal(ts=2025-11-18 20:30:00+00:00, action=BUY, qty=1, strategy=MACross)",cf187846-b78f-4b17-a492-ab25166ffc1d,"[{'price': 268.2850036621094, 'qty': 1, 'buy_id': 'cf187846-b78f-4b17-a492-ab25166ffc1d', 'sell_id': '1126bc28-9b78-48c1-bff7-102b3e784959', 'timestamp': 1763957562.8341062}]"
2025-11-18 20:31:00+00:00,"Signal(ts=2025-11-18 20:31:00+00:00, action=SELL, qty=1, strategy=MACross)",db6435de-d5d6-4786-9491-5428d8b34c5b,"[{'price': 268.1300048828125, 'qty': 1, 'buy_id': '0d30129a-e92c-409c-8223-ee58bca08591', 'sell_id': 'db6435de-d5d6-4786-9491-5428d8b34c5b', 'timestamp': 1763957562.8348658}]"
2025-11-18 20:32:00+00:00,"Signal(ts=2025-11-18 20:32:00+00:00, action=SELL, qty=1, strategy=MACross)",fbf72398-2a1c-418e-9e02-f64f7d74da54,"[{'price': 268.1000061035156, 'qty': 1, 'buy_id': '42fad744-431c-438a-a881-f5fd88f2d260', 'sell_id': 'fbf72398-2a1c-418e-9e02-f64f7d74da54', 'timestamp': 1763957562.8356328}]"
2025-11-18 20:33:00+00:00,"Signal(ts=2025-11-18 20:33:00+00:00, action=SELL, qty=1, strategy=MACross)",a1105e44-fe14-4d64-a472-f61f2109f8aa,"[{'price': 268.1000061035156, 'qty': 1, 'buy_id': 'ece58fbe-83be-426d-99d3-a81a1446e017', 'sell_id': 'a1105e44-fe14-4d64-a472-f61f2109f8aa', 'timestamp': 1763957562.836428}]"
2025-11-18 20:34:00+00:00,"Signal(ts=2025-11-18 20:34:00+00:00, action=SELL, qty=1, strategy=MACross)",8e87a21e-e00e-4976-a66d-9981ad819fa4,[]
2025-11-18 20:35:00+00:00,"Signal(ts=2025-11-18 20:35:00+00:00, action=SELL, qty=1, strategy=MACross)",5fd24e5e-8794-4a3e-beb8-fb97ad73cc72,[]
2025-11-18 20:36:00+00:00,"Signal(ts=2025-11-18 20:36:00+00:00, action=SELL, qty=1, strategy=MACross)",26a9f2ad-9cd0-4ca9-9ac5-48b77272d604,[]
2025-11-18 20:37:00+00:00,"Signal(ts=2025-11-18 20:37:00+00:00, action=SELL, qty=1, strategy=MACross)",ce970c3c-e0e7-452f-a39e-7cc27b5690fd,[]
2025-11-18 20:38:00+00:00,"Signal(ts=2025-11-18 20:38:00+00:00, action=SELL, qty=1, strategy=MACross)",0a128b4c-6bb1-4d80-98ab-1c44ef1fe80f,[]
2025-11-18 20:39:00+00:00,"Signal(ts=2025-11-18 20:39:00+00:00, action=SELL, qty=1, strategy=MACross)",493dc515-f8c0-4233-badf-a236fd7ec26f,[]
2025-11-18 20:40:00+00:00,"Signal(ts=2025-11-18 20:40:00+00:00, action=SELL, qty=1, strategy=MACross)",75c2f26c-7ab7-456d-a469-9d094dce1ff0,[]
2025-11-18 20:41:00+00:00,"Signal(ts=2025-11-18 20:41:00+00:00, action=SELL, qty=1, strategy=MACross)",548a1309-4675-48bb-996f-7e3eb2458bc8,[]
2025-11-18 20:42:00+00:00,"Signal(ts=2025-11-18 20:42:00+00:00, action=SELL, qty=1, strategy=MACross)",fe6da56d-f6d0-4e73-908a-e7ecfaaed3e8,[]
2025-11-18 20:43:00+00:00,"Signal(ts=2025-11-18 20:43:00+00:00, action=SELL, qty=1, strategy=MACross)",a3426127-c6f9-46f4-946e-98866868dd4f,[]
2025-11-18 20:44:00+00:00,"Signal(ts=2025-11-18 20:44:00+00:00, action=SELL, qty=1, strategy=MACross)",8d77ae71-4ade-4967-a8b8-132a5af2e81d,[]
2025-11-18 20:45:00+00:00,"Signal(ts=2025-11-18 20:45:00+00:00, action=SELL, qty=1, strategy=MACross)",c8489335-29f6-4de5-bf46-0141171d1df2,[]
2025-11-18 20:46:00+00:00,"Signal(ts=2025-11-18 20:46:00+00:00, action=SELL, qty=1, strategy=MACross)",0a803af9-f9b1-444c-bc63-ebcdd2d3e615,[]
2025-11-18 20:47:00+00:00,"Signal(ts=2025-11-18 20:47:00+00:00, action=SELL, qty=1, strategy=MACross)",fc0d836c-ed40-45fa-bd36-d1a55ec270d7,[]
2025-11-18 20:48:00+00:00,"Signal(ts=2025-11-18 20:48:00+00:00, action=SELL, qty=1, strategy=MACross)",1d702e8b-7686-4508-8192-a41bf2d8225a,[]
2025-11-18 20:49:00+00:00,"Signal(ts=2025-11-18 20:49:00+00:00, action=SELL, qty=1, strategy=MACross)",84427e67-cc94-43d4-9992-7cf24d9b2fd9,[]
2025-11-18 20:50:00+00:00,"Signal(ts=2025-11-18 20:50:00+00:00, action=SELL, qty=1, strategy=MACross)",a325dbda-2999-4f2e-ab4a-fa2811987078,[]
2025-11-18 20:51:00+00:00,"Signal(ts=2025-11-18 20:51:00+00:00, action=SELL, qty=1, strategy=MACross)",9d10290e-1b97-40f9-a333-1557e1e626bf,[]
2025-11-18 20:52:00+00:00,"Signal(ts=2025-11-18 20:52:00+00:00, action=SELL, qty=1, strategy=MACross)",718c8fe2-5c59-47da-b0a8-d092ca671fd7,[]
2025-11-18 20:53:00+00:00,"Signal(ts=2025-11-18 20:53:00+00:00, action=SELL, qty=1, strategy=MACross)",131eac97-48a5-449c-ab75-87709b572f83,[]
2025-11-18 20:54:00+00:00,"Signal(ts=2025-11-18 20:54:00+00:00, action=SELL, qty=1, strategy=MACross)",fb0a4776-3cd7-48ad-a9fa-3992f1259691,[]
2025-11-18 20:55:00+00:00,"Signal(ts=2025-11-18 20:55:00+00:00, action=SELL, qty=1, strategy=MACross)",3dede73c-4d0e-4742-8034-64aa700767ff,[]
2025-11-18 20:56:00+00:00,"Signal(ts=2025-11-18 20:56:00+00:00, action=SELL, qty=1, strategy=MACross)",a1183f70-abb9-4882-93e9-749a4399847f,[]
2025-11-18 20:57:00+00:00,"Signal(ts=2025-11-18 20:57:00+00:00, action=SELL, qty=1, strategy=MACross)",37093348-6a5e-44be-8cb1-0d4b4e40ad4f,[]
2025-11-18 20:58:00+00:00,"Signal(ts=2025-11-18 20:58:00+00:00, action=SELL, qty=1, strategy=MACross)",c1a64389-cd29-473f-b544-de8c501cc313,[]
2025-11-18 20:59:00+00:00,"Signal(ts=2025-11-18 20:59:00+00:00, action=SELL, qty=1, strategy=MACross)",6357ad42-5e99-49bb-99f9-590dc8dd7443,[]
2025-11-18 21:00:00+00:00,"Signal(ts=2025-11-18 21:00:00+00:00, action=SELL, qty=1, strategy=MACross)",df5e0774-cfc2-439c-b47f-fa50061df3db,[]
2025-11-18 21:01:00+00:00,"Signal(ts=2025-11-18 21:01:00+00:00, action=SELL, qty=1, strategy=MACross)",0ca10b19-0a5d-4142-9f11-19aa0ef10bfc,[]
2025-11-18 21:02:00+00:00,"Signal(ts=2025-11-18 21:02:00+00:00, action=SELL, qty=1, strategy=MACross)",1b395b5b-d2f2-4ed3-82ee-75de259c40d2,[]
2025-11-18 21:03:00+00:00,"Signal(ts=2025-11-18 21:03:00+00:00, action=SELL, qty=1, strategy=MACross)",17699122-d85a-4b4b-9356-1ca53bfae711,[]
2025-11-18 21:04:00+00:00,"Signal(ts=2025-11-18 21:04:00+00:00, action=SELL, qty=1, strategy=MACross)",a0ad4b53-481c-4f07-aa37-a2bd119f921c,[]
2025-11-18 21:05:00+00:00,"Signal(ts=2025-11-18 21:05:00+00:00, action=SELL, qty=1, strategy=MACross)",b66e5fda-d1a8-4ea7-8527-7466d13b76bf,[]
2025-11-18 21:06:00+00:00,"Signal(ts=2025-11-18 21:06:00+00:00, action=SELL, qty=1, strategy=MACross)",fb92cc00-17e4-4980-a58b-7555b80ea3ef,[]
2025-11-18 21:07:00+00:00,"Signal(ts=2025-11-18 21:07:00+00:00, action=SELL, qty=1, strategy=MACross)",5ef135d3-eaa8-46b8-931e-21c71c057b65,[]
2025-11-18 21:08:00+00:00,"Signal(ts=2025-11-18 21:08:00+00:00, action=SELL, qty=1, strategy=MACross)",02264fcc-69c9-4ad2-89bf-007969eb8b7d,[]
2025-11-18 21:09:00+00:00,"Signal(ts=2025-11-18 21:09:00+00:00, action=SELL, qty=1, strategy=MACross)",6e855056-9e21-4d2c-885c-09c19b2536d3,[]
2025-11-18 21:10:00+00:00,"Signal(ts=2025-11-18 21:10:00+00:00, action=SELL, qty=1, strategy=MACross)",4468bc8c-8511-4f65-bb0a-f2358e9d46cb,[]
2025-11-18 21:11:00+00:00,"Signal(ts=2025-11-18 21:11:00+00:00, action=SELL, qty=1, strategy=MACross)",16bcbb8a-30b1-4888-a8b4-3a482c85717e,[]
2025-11-18 21:12:00+00:00,"Signal(ts=2025-11-18 21:12:00+00:00, action=SELL, qty=1, strategy=MACross)",39e48027-4cd7-4dc7-81a5-89d007de7dd6,[]
2025-11-18 21:13:00+00:00,"Signal(ts=2025-11-18 21:13:00+00:00, action=SELL, qty=1, strategy=MACross)",3e0afb45-11a3-44ed-9b15-9069fad2757f,[]
2025-11-18 21:14:00+00:00,"Signal(ts=2025-11-18 21:14:00+00:00, action=SELL, qty=1, strategy=MACross)",f765f6d6-5820-43fb-b29e-5e5070d1f990,[]
2025-11-18 21:15:00+00:00,"Signal(ts=2025-11-18 21:15:00+00:00, action=SELL, qty=1, strategy=MACross)",b1ef7bbf-0158-4a36-9057-f64c3ba6232f,[]
2025-11-18 21:16:00+00:00,"Signal(ts=2025-11-18 21:16:00+00:00, action=SELL, qty=1, strategy=MACross)",20c05459-f376-4b77-8597-6dd9f93fdcb3,[]
2025-11-18 21:17:00+00:00,"Signal(ts=2025-11-18 21:17:00+00:00, action=SELL, qty=1, strategy=MACross)",4a4fa3a9-eb6a-4427-90b3-bd3d84737578,[]
2025-11-18 21:18:00+00:00,"Signal(ts=2025-11-18 21:18:00+00:00, action=SELL, qty=1, strategy=MACross)",1832105c-d5ee-49d4-84c4-c7627d9c67ae,[]
2025-11-18 21:19:00+00:00,"Signal(ts=2025-11-18 21:19:00+00:00, action=SELL, qty=1, strategy=MACross)",52ccae81-53ab-401a-ab86-1ac90d93bdc3,[]
2025-11-18 21:20:00+00:00,"Signal(ts=2025-11-18 21:20:00+00:00, action=SELL, qty=1, strategy=MACross)",ae38ae4d-793e-4c01-99a7-791194291abf,[]
2025-11-18 21:21:00+00:00,"Signal(ts=2025-11-18 21:21:00+00:00, action=SELL, qty=1, strategy=MACross)",620dd094-8b6e-47c3-a933-f2f85527081b,[]
2025-11-18 21:22:00+00:00,"Signal(ts=2025-11-18 21:22:00+00:00, action=SELL, qty=1, strategy=MACross)",40d2d136-39db-4d02-8e66-0119b3c6551d,[]
2025-11-18 21:23:00+00:00,"Signal(ts=2025-11-18 21:23:00+00:00, action=SELL, qty=1, strategy=MACross)",b7a9cd52-3a3a-4593-b0d4-a5e2a4849d8c,[]
2025-11-18 21:24:00+00:00,"Signal(ts=2025-11-18 21:24:00+00:00, action=SELL, qty=1, strategy=MACross)",e60e9775-c763-49a9-98f9-09e3950b90f8,[]
2025-11-18 21:25:00+00:00,"Signal(ts=2025-11-18 21:25:00+00:00, action=SELL, qty=1, strategy=MACross)",a8928e2c-9453-4993-8dc7-71d2326f2f7c,[]
2025-11-18 21:26:00+00:00,"Signal(ts=2025-11-18 21:26:00+00:00, action=SELL, qty=1, strategy=MACross)",4450ec8c-aa24-4ef4-a76c-bf70668e54d8,[]
2025-11-18 21:27:00+00:00,"Signal(ts=2025-11-18 21:27:00+00:00, action=SELL, qty=1, strategy=MACross)",6859aa4e-518c-4fd1-bd3e-62b379f06aeb,[]
2025-11-18 21:28:00+00:00,"Signal(ts=2025-11-18 21:28:00+00:00, action=SELL, qty=1, strategy=MACross)",8dd7255a-fe77-4fda-a6b1-87c1747ef98f,[]
2025-11-18 21:29:00+00:00,"Signal(ts=2025-11-18 21:29:00+00:00, action=SELL, qty=1, strategy=MACross)",8800f195-c598-4173-b0ad-0da6becb26b2,[]
2025-11-18 21:30:00+00:00,"Signal(ts=2025-11-18 21:30:00+00:00, action=BUY, qty=1, strategy=MACross)",3801d278-8b21-42a1-ba1a-dc3d4447251b,"[{'price': 266.7615, 'qty': 1, 'buy_id': '3801d278-8b21-42a1-ba1a-dc3d4447251b', 'sell_id': 'b1ef7bbf-0158-4a36-9057-f64c3ba6232f', 'timestamp': 1763957562.904545}]"
2025-11-18 21:31:00+00:00,"Signal(ts=2025-11-18 21:31:00+00:00, action=BUY, qty=1, strategy=MACross)",71e5a9a5-6905-4e61-b62a-81d4c1191673,"[{'price': 267.0, 'qty': 1, 'buy_id': '71e5a9a5-6905-4e61-b62a-81d4c1191673', 'sell_id': 'b7a9cd52-3a3a-4593-b0d4-a5e2a4849d8c', 'timestamp': 1763957562.905233}]"
2025-11-18 21:32:00+00:00,"Signal(ts=2025-11-18 21:32:00+00:00, action=BUY, qty=1, strategy=MACross)",26aa9610-155d-464d-a5a3-60306ab33a3a,[]
2025-11-18 21:33:00+00:00,"Signal(ts=2025-11-18 21:33:00+00:00, action=BUY, qty=1, strategy=MACross)",21675777-d9a9-4a51-bd1e-e5658ec16d55,"[{'price': 267.0475, 'qty': 1, 'buy_id': '21675777-d9a9-4a51-bd1e-e5658ec16d55', 'sell_id': '1832105c-d5ee-49d4-84c4-c7627d9c67ae', 'timestamp': 1763957562.9068859}]"
2025-11-18 21:34:00+00:00,"Signal(ts=2025-11-18 21:34:00+00:00, action=BUY, qty=1, strategy=MACross)",aad3c08b-3500-4183-9fb5-260ee388c9e3,"[{'price': 267.05, 'qty': 1, 'buy_id': 'aad3c08b-3500-4183-9fb5-260ee388c9e3', 'sell_id': '1b395b5b-d2f2-4ed3-82ee-75de259c40d2', 'timestamp': 1763957562.9078012}]"
2025-11-18 21:35:00+00:00,"Signal(ts=2025-11-18 21:35:00+00:00, action=BUY, qty=1, strategy=MACross)",a561b619-45d0-49f0-a415-13762bc73cd5,[]
2025-11-18 21:36:00+00:00,"Signal(ts=2025-11-18 21:36:00+00:00, action=BUY, qty=1, strategy=MACross)",ce6f0b79-2ecb-406a-b9a7-9b4191cfe5ed,"[{'price': 267.1, 'qty': 1, 'buy_id': 'ce6f0b79-2ecb-406a-b9a7-9b4191cfe5ed', 'sell_id': 'ae38ae4d-793e-4c01-99a7-791194291abf', 'timestamp': 1763957562.90911}]"
2025-11-18 21:37:00+00:00,"Signal(ts=2025-11-18 21:37:00+00:00, action=BUY, qty=1, strategy=MACross)",b384576a-cb2e-4b2d-a74f-6724f4f487d9,"[{'price': 267.1, 'qty': 1, 'buy_id': 'b384576a-cb2e-4b2d-a74f-6724f4f487d9', 'sell_id': '40d2d136-39db-4d02-8e66-0119b3c6551d', 'timestamp': 1763957562.910165}]"
2025-11-18 21:38:00+00:00,"Signal(ts=2025-11-18 21:38:00+00:00, action=BUY, qty=1, strategy=MACross)",2f746beb-d0b8-442e-ba38-af22f137bc94,"[{'price': 267.11, 'qty': 1, 'buy_id': '2f746beb-d0b8-442e-ba38-af22f137bc94', 'sell_id': '8dd7255a-fe77-4fda-a6b1-87c1747ef98f', 'timestamp': 1763957562.9111009}]"
2025-11-18 21:39:00+00:00,"Signal(ts=2025-11-18 21:39:00+00:00, action=BUY, qty=1, strategy=MACross)",8d5c05e4-8f29-4b07-9f4b-6617ad1e4628,"[{'price': 267.11, 'qty': 1, 'buy_id': '8d5c05e4-8f29-4b07-9f4b-6617ad1e4628', 'sell_id': '8800f195-c598-4173-b0ad-0da6becb26b2', 'timestamp': 1763957562.911817}]"
2025-11-18 21:40:00+00:00,"Signal(ts=2025-11-18 21:40:00+00:00, action=BUY, qty=1, strategy=MACross)",6c393d3c-8795-4429-8712-b7585555b501,"[{'price': 267.1164, 'qty': 1, 'buy_id': '6c393d3c-8795-4429-8712-b7585555b501', 'sell_id': '5ef135d3-eaa8-46b8-931e-21c71c057b65', 'timestamp': 1763957562.9124548}]"
2025-11-18 21:41:00+00:00,"Signal(ts=2025-11-18 21:41:00+00:00, action=SELL, qty=1, strategy=MACross)",99899a9f-562d-4f81-9725-d9c5fd5fb469,"[{'price': 267.0167, 'qty': 1, 'buy_id': 'a561b619-45d0-49f0-a415-13762bc73cd5', 'sell_id': '99899a9f-562d-4f81-9725-d9c5fd5fb469', 'timestamp': 1763957562.9134989}]"
2025-11-18 21:42:00+00:00,"Signal(ts=2025-11-18 21:42:00+00:00, action=BUY, qty=1, strategy=MACross)",b159e8f2-52cd-4b0f-b88f-c3a66f0b5b8c,"[{'price': 267.13, 'qty': 1, 'buy_id': 'b159e8f2-52cd-4b0f-b88f-c3a66f0b5b8c', 'sell_id': '52ccae81-53ab-401a-ab86-1ac90d93bdc3', 'timestamp': 1763957562.914165}]"
2025-11-18 21:43:00+00:00,"Signal(ts=2025-11-18 21:43:00+00:00, action=SELL, qty=1, strategy=MACross)",40d62a84-1838-4094-9478-08e6ab660f95,[]
2025-11-18 21:44:00+00:00,"Signal(ts=2025-11-18 21:44:00+00:00, action=SELL, qty=1, strategy=MACross)",5c3a2613-53c2-4589-b4a7-6a80c195c802,[]
2025-11-18 21:45:00+00:00,"Signal(ts=2025-11-18 21:45:00+00:00, action=SELL, qty=1, strategy=MACross)",c0e2d264-868d-49a2-a669-bf2301ca3700,[]
2025-11-18 21:46:00+00:00,"Signal(ts=2025-11-18 21:46:00+00:00, action=BUY, qty=1, strategy=MACross)",24802f10-1629-4bf9-9adb-c45856e29392,"[{'price': 267.0397, 'qty': 1, 'buy_id': '24802f10-1629-4bf9-9adb-c45856e29392', 'sell_id': '5c3a2613-53c2-4589-b4a7-6a80c195c802', 'timestamp': 1763957562.917726}]"
2025-11-18 21:47:00+00:00,"Signal(ts=2025-11-18 21:47:00+00:00, action=BUY, qty=1, strategy=MACross)",fee915e3-b745-49a8-88ac-8957a20909ab,"[{'price': 267.1, 'qty': 1, 'buy_id': 'fee915e3-b745-49a8-88ac-8957a20909ab', 'sell_id': '40d62a84-1838-4094-9478-08e6ab660f95', 'timestamp': 1763957562.918421}]"
2025-11-18 21:48:00+00:00,"Signal(ts=2025-11-18 21:48:00+00:00, action=SELL, qty=1, strategy=MACross)",70f6a175-dc9a-4176-bbb3-baa801bf52bd,[]
2025-11-18 21:49:00+00:00,"Signal(ts=2025-11-18 21:49:00+00:00, action=SELL, qty=1, strategy=MACross)",ef67b6cc-8ed6-4922-b463-f006d4bffbcb,[]
2025-11-18 21:50:00+00:00,"Signal(ts=2025-11-18 21:50:00+00:00, action=SELL, qty=1, strategy=MACross)",4eafd145-04f3-4fa3-b538-8f1186fa0aeb,[]
2025-11-18 21:51:00+00:00,"Signal(ts=2025-11-18 21:51:00+00:00, action=BUY, qty=1, strategy=MACross)",a2ca4f4d-d823-4e61-a5d1-5c5dbc17f6e2,"[{'price': 267.0212, 'qty': 1, 'buy_id': 'a2ca4f4d-d823-4e61-a5d1-5c5dbc17f6e2', 'sell_id': 'ef67b6cc-8ed6-4922-b463-f006d4bffbcb', 'timestamp': 1763957562.921706}]"
2025-11-18 21:52:00+00:00,"Signal(ts=2025-11-18 21:52:00+00:00, action=BUY, qty=1, strategy=MACross)",47ca8ef6-ed17-4c5c-b64c-80dee9a79b0f,"[{'price': 267.1786, 'qty': 1, 'buy_id': '47ca8ef6-ed17-4c5c-b64c-80dee9a79b0f', 'sell_id': '20c05459-f376-4b77-8597-6dd9f93fdcb3', 'timestamp': 1763957562.922344}]"
2025-11-18 21:53:00+00:00,"Signal(ts=2025-11-18 21:53:00+00:00, action=BUY, qty=1, strategy=MACross)",8748abef-9b9f-43b3-ae92-76a19aa82177,"[{'price': 267.19, 'qty': 1, 'buy_id': '8748abef-9b9f-43b3-ae92-76a19aa82177', 'sell_id': '0ca10b19-0a5d-4142-9f11-19aa0ef10bfc', 'timestamp': 1763957562.923431}]"
2025-11-18 21:54:00+00:00,"Signal(ts=2025-11-18 21:54:00+00:00, action=BUY, qty=1, strategy=MACross)",4f1b4af5-86a2-43ae-b7a2-6acf6ff60779,[]
2025-11-18 21:55:00+00:00,"Signal(ts=2025-11-18 21:55:00+00:00, action=BUY, qty=1, strategy=MACross)",371a17c9-be6b-4edc-949e-a87ff682740f,[]
2025-11-18 21:56:00+00:00,"Signal(ts=2025-11-18 21:56:00+00:00, action=SELL, qty=1, strategy=MACross)",c5d0368d-79fb-480e-97ee-e9f12b9e036f,"[{'price': 267.13, 'qty': 1, 'buy_id': '4f1b4af5-86a2-43ae-b7a2-6acf6ff60779', 'sell_id': 'c5d0368d-79fb-480e-97ee-e9f12b9e036f', 'timestamp': 1763957562.9254}]"
2025-11-18 21:57:00+00:00,"Signal(ts=2025-11-18 21:57:00+00:00, action=SELL, qty=1, strategy=MACross)",11a73386-c144-45c3-8b07-c138eb8fd6f5,"[{'price': 267.08, 'qty': 1, 'buy_id': '371a17c9-be6b-4edc-949e-a87ff682740f', 'sell_id': '11a73386-c144-45c3-8b07-c138eb8fd6f5', 'timestamp': 1763957562.926044}]"
2025-11-18 21:58:00+00:00,"Signal(ts=2025-11-18 21:58:00+00:00, action=SELL, qty=1, strategy=MACross)",e4b9fec8-6bd3-46df-a620-430ea7bd317f,"[{'price': 266.89, 'qty': 1, 'buy_id': '26aa9610-155d-464d-a5a3-60306ab33a3a', 'sell_id': 'e4b9fec8-6bd3-46df-a620-430ea7bd317f', 'timestamp': 1763957562.92668}]"
2025-11-18 21:59:00+00:00,"Signal(ts=2025-11-18 21:59:00+00:00, action=SELL, qty=1, strategy=MACross)",0c4413c3-cf2b-4f93-95eb-e47b6d0fe9f5,[]
2025-11-18 22:00:00+00:00,"Signal(ts=2025-11-18 22:00:00+00:00, action=SELL, qty=1, strategy=MACross)",88f6f64d-e535-46ae-8e09-d40c63a5600b,[]
2025-11-18 22:01:00+00:00,"Signal(ts=2025-11-18 22:01:00+00:00, action=SELL, qty=1, strategy=MACross)",41a16714-cee4-4e59-8a5f-fa2214e903e2,[]
2025-11-18 22:02:00+00:00,"Signal(ts=2025-11-18 22:02:00+00:00, action=SELL, qty=1, strategy=MACross)",b1c2a6b0-832f-4097-a4f6-dfac990a9d7f,[]
2025-11-18 22:03:00+00:00,"Signal(ts=2025-11-18 22:03:00+00:00, action=SELL, qty=1, strategy=MACross)",7b184465-8ae0-4a56-a5ad-402886c90628,[]
2025-11-18 22:04:00+00:00,"Signal(ts=2025-11-18 22:04:00+00:00, action=SELL, qty=1, strategy=MACross)",67561eb3-101e-4745-b8ba-f38675c97dd7,[]
2025-11-18 22:05:00+00:00,"Signal(ts=2025-11-18 22:05:00+00:00, action=SELL, qty=1, strategy=MACross)",1c87894e-23a2-4b80-8c7f-95ca8f0ca161,[]
2025-11-18 22:06:00+00:00,"Signal(ts=2025-11-18 22:06:00+00:00, action=SELL, qty=1, strategy=MACross)",4f8b2815-8a6a-4166-bbce-75cab4e55411,[]
2025-11-18 22:07:00+00:00,"Signal(ts=2025-11-18 22:07:00+00:00, action=SELL, qty=1, strategy=MACross)",804a918c-c19b-41c4-a551-1b134e56a803,[]
2025-11-18 22:08:00+00:00,"Signal(ts=2025-11-18 22:08:00+00:00, action=SELL, qty=1, strategy=MACross)",497b50ce-8ab6-43a9-ac65-234008aad067,[]
2025-11-18 22:09:00+00:00,"Signal(ts=2025-11-18 22:09:00+00:00, action=SELL, qty=1, strategy=MACross)",f86f4c9e-9d6a-4ca6-8c38-1504bdd29563,[]
2025-11-18 22:11:00+00:00,"Signal(ts=2025-11-18 22:11:00+00:00, action=SELL, qty=1, strategy=MACross)",882cacdc-9017-4c34-af8e-916ff540b9fa,[]
2025-11-18 22:12:00+00:00,"Signal(ts=2025-11-18 22:12:00+00:00, action=SELL, qty=1, strategy=MACross)",b27da379-37ea-4013-aac0-f8a496d67f51,[]
2025-11-18 22:13:00+00:00,"Signal(ts=2025-11-18 22:13:00+00:00, action=SELL, qty=1, strategy=MACross)",023febc3-7337-4644-86af-da3cb588335b,[]
2025-11-18 22:14:00+00:00,"Signal(ts=2025-11-18 22:14:00+00:00, action=SELL, qty=1, strategy=MACross)",14e34789-ed8e-46b6-8a20-0da0f4918191,[]
2025-11-18 22:15:00+00:00,"Signal(ts=2025-11-18 22:15:00+00:00, action=SELL, qty=1, strategy=MACross)",65c98b49-a581-4d5e-861c-e34539aea968,[]
2025-11-18 22:16:00+00:00,"Signal(ts=2025-11-18 22:16:00+00:00, action=SELL, qty=1, strategy=MACross)",4cde710a-0da5-4463-8c18-33e7afa36cce,[]
2025-11-18 22:17:00+00:00,"Signal(ts=2025-11-18 22:17:00+00:00, action=BUY, qty=1, strategy=MACross)",4139dc6c-9bb8-41b9-b9d4-bf0d15a6ae05,"[{'price': 266.75, 'qty': 1, 'buy_id': '4139dc6c-9bb8-41b9-b9d4-bf0d15a6ae05', 'sell_id': 'b27da379-37ea-4013-aac0-f8a496d67f51', 'timestamp': 1763957562.945774}]"
2025-11-18 22:18:00+00:00,"Signal(ts=2025-11-18 22:18:00+00:00, action=BUY, qty=1, strategy=MACross)",6d1d9ce9-8f22-479d-aa21-6dc9dce1567b,"[{'price': 266.7512, 'qty': 1, 'buy_id': '6d1d9ce9-8f22-479d-aa21-6dc9dce1567b', 'sell_id': '1c87894e-23a2-4b80-8c7f-95ca8f0ca161', 'timestamp': 1763957562.946452}]"
2025-11-18 22:19:00+00:00,"Signal(ts=2025-11-18 22:19:00+00:00, action=SELL, qty=1, strategy=MACross)",de43bc9c-3b39-4143-88b3-3963a7c05887,[]
2025-11-18 22:20:00+00:00,"Signal(ts=2025-11-18 22:20:00+00:00, action=BUY, qty=1, strategy=MACross)",21eabe58-5796-44a1-ad4f-507ed7c598e4,"[{'price': 266.75, 'qty': 1, 'buy_id': '21eabe58-5796-44a1-ad4f-507ed7c598e4', 'sell_id': 'de43bc9c-3b39-4143-88b3-3963a7c05887', 'timestamp': 1763957562.948139}]"
2025-11-18 22:21:00+00:00,"Signal(ts=2025-11-18 22:21:00+00:00, action=SELL, qty=1, strategy=MACross)",9b789d1a-e700-49ac-b3ad-ffc8da317eb1,[]
2025-11-18 22:22:00+00:00,"Signal(ts=2025-11-18 22:22:00+00:00, action=SELL, qty=1, strategy=MACross)",378acc99-e812-4f9a-a1aa-ea02eaa6c238,[]
2025-11-18 22:23:00+00:00,"Signal(ts=2025-11-18 22:23:00+00:00, action=SELL, qty=1, strategy=MACross)",6e18554b-c13b-47b6-b4a1-bf0bf3d1a3fb,[]
2025-11-18 22:24:00+00:00,"Signal(ts=2025-11-18 22:24:00+00:00, action=SELL, qty=1, strategy=MACross)",0926c680-781d-4643-847a-f855070e7e8d,[]
2025-11-18 22:25:00+00:00,"Signal(ts=2025-11-18 22:25:00+00:00, action=SELL, qty=1, strategy=MACross)",c9cbe756-1b40-422f-a79a-a2b09638d4cf,[]
2025-11-18 22:26:00+00:00,"Signal(ts=2025-11-18 22:26:00+00:00, action=SELL, qty=1, strategy=MACross)",b307d7ad-69e7-4169-97c7-012480b42aa2,[]
2025-11-18 22:27:00+00:00,"Signal(ts=2025-11-18 22:27:00+00:00, action=SELL, qty=1, strategy=MACross)",bb815ac8-5a0b-4e19-8cea-d21cc70845ab,[]
2025-11-18 22:28:00+00:00,"Signal(ts=2025-11-18 22:28:00+00:00, action=SELL, qty=1, strategy=MACross)",e7de6b88-4464-4bd1-837f-5c279a8d788f,[]
2025-11-18 22:29:00+00:00,"Signal(ts=2025-11-18 22:29:00+00:00, action=SELL, qty=1, strategy=MACross)",738faa23-f380-45ea-adf8-5e66043ac4a1,[]
2025-11-18 22:30:00+00:00,"Signal(ts=2025-11-18 22:30:00+00:00, action=SELL, qty=1, strategy=MACross)",bcf6b5c5-620a-44ea-b269-eed4f599eeb1,[]
2025-11-18 22:31:00+00:00,"Signal(ts=2025-11-18 22:31:00+00:00, action=BUY, qty=1, strategy=MACross)",357539ca-420f-43d5-9a95-b87b077c5fde,"[{'price': 266.76, 'qty': 1, 'buy_id': '357539ca-420f-43d5-9a95-b87b077c5fde', 'sell_id': '9b789d1a-e700-49ac-b3ad-ffc8da317eb1', 'timestamp': 1763957562.9577112}]"
2025-11-18 22:32:00+00:00,"Signal(ts=2025-11-18 22:32:00+00:00, action=BUY, qty=1, strategy=MACross)",c4a426a5-82a8-445b-946f-5a8fb0c4f193,"[{'price': 266.7863, 'qty': 1, 'buy_id': 'c4a426a5-82a8-445b-946f-5a8fb0c4f193', 'sell_id': '4f8b2815-8a6a-4166-bbce-75cab4e55411', 'timestamp': 1763957562.958965}]"
2025-11-18 22:33:00+00:00,"Signal(ts=2025-11-18 22:33:00+00:00, action=BUY, qty=1, strategy=MACross)",7ca96fea-dd38-4b2f-a268-b76452493722,"[{'price': 266.7863, 'qty': 1, 'buy_id': '7ca96fea-dd38-4b2f-a268-b76452493722', 'sell_id': 'f86f4c9e-9d6a-4ca6-8c38-1504bdd29563', 'timestamp': 1763957562.959691}]"
2025-11-18 22:34:00+00:00,"Signal(ts=2025-11-18 22:34:00+00:00, action=BUY, qty=1, strategy=MACross)",311115ea-4fbf-4e16-8419-43609151da9c,"[{'price': 266.85, 'qty': 1, 'buy_id': '311115ea-4fbf-4e16-8419-43609151da9c', 'sell_id': '4cde710a-0da5-4463-8c18-33e7afa36cce', 'timestamp': 1763957562.961584}]"
2025-11-18 22:35:00+00:00,"Signal(ts=2025-11-18 22:35:00+00:00, action=BUY, qty=1, strategy=MACross)",96551c42-44a3-4d97-b0ba-3fe0cca5f0a9,"[{'price': 266.85, 'qty': 1, 'buy_id': '96551c42-44a3-4d97-b0ba-3fe0cca5f0a9', 'sell_id': '378acc99-e812-4f9a-a1aa-ea02eaa6c238', 'timestamp': 1763957562.9623091}]"
2025-11-18 22:36:00+00:00,"Signal(ts=2025-11-18 22:36:00+00:00, action=BUY, qty=1, strategy=MACross)",ccad7133-8d39-4d41-b8f4-9f34e13e2ce3,[]
2025-11-18 22:37:00+00:00,"Signal(ts=2025-11-18 22:37:00+00:00, action=BUY, qty=1, strategy=MACross)",ef6beda6-ba16-4b9f-b455-7966104b893b,[]
2025-11-18 22:38:00+00:00,"Signal(ts=2025-11-18 22:38:00+00:00, action=BUY, qty=1, strategy=MACross)",0f487480-8e5a-4e6d-85d1-30ab14d9a503,[]
2025-11-18 22:39:00+00:00,"Signal(ts=2025-11-18 22:39:00+00:00, action=SELL, qty=1, strategy=MACross)",edcb8815-525b-4596-9502-a222eb1e7fd1,"[{'price': 266.8, 'qty': 1, 'buy_id': 'ef6beda6-ba16-4b9f-b455-7966104b893b', 'sell_id': 'edcb8815-525b-4596-9502-a222eb1e7fd1', 'timestamp': 1763957562.966374}]"
2025-11-18 22:40:00+00:00,"Signal(ts=2025-11-18 22:40:00+00:00, action=SELL, qty=1, strategy=MACross)",ea11baf3-4504-4f5b-abf0-dae2e5cdbf4a,"[{'price': 266.82, 'qty': 1, 'buy_id': '0f487480-8e5a-4e6d-85d1-30ab14d9a503', 'sell_id': 'ea11baf3-4504-4f5b-abf0-dae2e5cdbf4a', 'timestamp': 1763957562.973839}]"
2025-11-18 22:41:00+00:00,"Signal(ts=2025-11-18 22:41:00+00:00, action=SELL, qty=1, strategy=MACross)",56e5c22f-73a9-421c-a840-3c73cbb24e3d,[]
2025-11-18 22:42:00+00:00,"Signal(ts=2025-11-18 22:42:00+00:00, action=SELL, qty=1, strategy=MACross)",6bcc94fe-bcd3-482d-9a1b-3ebad9b5eb31,[]
2025-11-18 22:43:00+00:00,"Signal(ts=2025-11-18 22:43:00+00:00, action=SELL, qty=1, strategy=MACross)",63d4abcd-17bd-49da-b756-594b6ac3e866,[]
2025-11-18 22:44:00+00:00,"Signal(ts=2025-11-18 22:44:00+00:00, action=SELL, qty=1, strategy=MACross)",39b8c5b7-325f-4893-a843-19efac607af7,[]
2025-11-18 22:45:00+00:00,"Signal(ts=2025-11-18 22:45:00+00:00, action=SELL, qty=1, strategy=MACross)",2bca7180-78b6-4cc5-ba1e-72c1f79cb0f8,[]
2025-11-18 22:46:00+00:00,"Signal(ts=2025-11-18 22:46:00+00:00, action=SELL, qty=1, strategy=MACross)",0953c483-4eee-4c1d-b48e-dfbb723eb11a,[]
2025-11-18 22:47:00+00:00,"Signal(ts=2025-11-18 22:47:00+00:00, action=SELL, qty=1, strategy=MACross)",3902ef53-6d5d-4ca3-8c6a-2d13fec71e3c,[]
2025-11-18 22:48:00+00:00,"Signal(ts=2025-11-18 22:48:00+00:00, action=SELL, qty=1, strategy=MACross)",934b6818-1e4a-488c-84fc-fe092c01093c,[]
2025-11-18 22:49:00+00:00,"Signal(ts=2025-11-18 22:49:00+00:00, action=SELL, qty=1, strategy=MACross)",26dc901b-08ec-47d7-b48f-f6540bf80066,[]
2025-11-18 22:50:00+00:00,"Signal(ts=2025-11-18 22:50:00+00:00, action=SELL, qty=1, strategy=MACross)",8e7b087b-d059-4603-a06b-fc23ca5d7d38,[]
2025-11-18 22:51:00+00:00,"Signal(ts=2025-11-18 22:51:00+00:00, action=SELL, qty=1, strategy=MACross)",25a4b3ca-7fc1-47c2-ad39-d758beae7dac,[]
2025-11-18 22:52:00+00:00,"Signal(ts=2025-11-18 22:52:00+00:00, action=BUY, qty=1, strategy=MACross)",68da63f8-180c-4ba1-a4e0-a1c5607cd3bd,"[{'price': 266.8012, 'qty': 1, 'buy_id': '68da63f8-180c-4ba1-a4e0-a1c5607cd3bd', 'sell_id': '0953c483-4eee-4c1d-b48e-dfbb723eb11a', 'timestamp': 1763957562.98696}]"
2025-11-18 22:53:00+00:00,"Signal(ts=2025-11-18 22:53:00+00:00, action=BUY, qty=1, strategy=MACross)",85babdc2-442d-4ee3-a55a-9bf80fa21db5,"[{'price': 266.82, 'qty': 1, 'buy_id': '85babdc2-442d-4ee3-a55a-9bf80fa21db5', 'sell_id': '6bcc94fe-bcd3-482d-9a1b-3ebad9b5eb31', 'timestamp': 1763957562.988385}]"
2025-11-18 22:54:00+00:00,"Signal(ts=2025-11-18 22:54:00+00:00, action=BUY, qty=1, strategy=MACross)",68e12c4a-f194-4af7-8a8b-8f97e85dd3f7,[]
2025-11-18 22:55:00+00:00,"Signal(ts=2025-11-18 22:55:00+00:00, action=BUY, qty=1, strategy=MACross)",fe9b773f-d0a6-4c1d-a2cb-ab7146017e58,"[{'price': 266.82, 'qty': 1, 'buy_id': 'fe9b773f-d0a6-4c1d-a2cb-ab7146017e58', 'sell_id': '3902ef53-6d5d-4ca3-8c6a-2d13fec71e3c', 'timestamp': 1763957563.008893}]"
2025-11-18 22:56:00+00:00,"Signal(ts=2025-11-18 22:56:00+00:00, action=BUY, qty=1, strategy=MACross)",a742a5c1-f0ff-4307-abd3-6b2369d8f1ee,"[{'price': 266.83, 'qty': 1, 'buy_id': 'a742a5c1-f0ff-4307-abd3-6b2369d8f1ee', 'sell_id': '56e5c22f-73a9-421c-a840-3c73cbb24e3d', 'timestamp': 1763957563.009849}]"
2025-11-18 22:57:00+00:00,"Signal(ts=2025-11-18 22:57:00+00:00, action=BUY, qty=1, strategy=MACross)",ccc34825-1685-4539-a9b5-d9579d1d7eec,"[{'price': 266.83, 'qty': 1, 'buy_id': 'ccc34825-1685-4539-a9b5-d9579d1d7eec', 'sell_id': '39b8c5b7-325f-4893-a843-19efac607af7', 'timestamp': 1763957563.0109272}]"
2025-11-18 22:58:00+00:00,"Signal(ts=2025-11-18 22:58:00+00:00, action=BUY, qty=1, strategy=MACross)",e6dca9f8-6c6d-4d69-9328-b1e1a65f5d83,"[{'price': 266.83, 'qty': 1, 'buy_id': 'e6dca9f8-6c6d-4d69-9328-b1e1a65f5d83', 'sell_id': '2bca7180-78b6-4cc5-ba1e-72c1f79cb0f8', 'timestamp': 1763957563.012046}]"
2025-11-18 22:59:00+00:00,"Signal(ts=2025-11-18 22:59:00+00:00, action=BUY, qty=1, strategy=MACross)",4c91fe5d-0de0-4f3c-8954-f6f5130ae76d,"[{'price': 266.85, 'qty': 1, 'buy_id': '4c91fe5d-0de0-4f3c-8954-f6f5130ae76d', 'sell_id': '934b6818-1e4a-488c-84fc-fe092c01093c', 'timestamp': 1763957563.013134}]"
2025-11-18 23:00:00+00:00,"Signal(ts=2025-11-18 23:00:00+00:00, action=BUY, qty=1, strategy=MACross)",c20578d9-8758-48c4-a7bd-970c48cf4715,"[{'price': 266.86, 'qty': 1, 'buy_id': 'c20578d9-8758-48c4-a7bd-970c48cf4715', 'sell_id': '88f6f64d-e535-46ae-8e09-d40c63a5600b', 'timestamp': 1763957563.01455}]"
2025-11-18 23:01:00+00:00,"Signal(ts=2025-11-18 23:01:00+00:00, action=BUY, qty=1, strategy=MACross)",8cb7fdf7-cfc1-4442-ad3e-db2e14d54858,"[{'price': 266.9, 'qty': 1, 'buy_id': '8cb7fdf7-cfc1-4442-ad3e-db2e14d54858', 'sell_id': '41a16714-cee4-4e59-8a5f-fa2214e903e2', 'timestamp': 1763957563.01556}]"
2025-11-18 23:02:00+00:00,"Signal(ts=2025-11-18 23:02:00+00:00, action=BUY, qty=1, strategy=MACross)",592bbf26-b016-4f3e-843c-0532972295c3,"[{'price': 266.9, 'qty': 1, 'buy_id': '592bbf26-b016-4f3e-843c-0532972295c3', 'sell_id': '67561eb3-101e-4745-b8ba-f38675c97dd7', 'timestamp': 1763957563.0165708}]"
2025-11-18 23:03:00+00:00,"Signal(ts=2025-11-18 23:03:00+00:00, action=BUY, qty=1, strategy=MACross)",b1b6098e-7263-4296-90b0-9d6df54f8392,"[{'price': 266.9, 'qty': 1, 'buy_id': 'b1b6098e-7263-4296-90b0-9d6df54f8392', 'sell_id': '804a918c-c19b-41c4-a551-1b134e56a803', 'timestamp': 1763957563.017897}]"
2025-11-18 23:04:00+00:00,"Signal(ts=2025-11-18 23:04:00+00:00, action=BUY, qty=1, strategy=MACross)",86cc11db-d7ec-445f-beca-5858c604dd5e,"[{'price': 266.9, 'qty': 1, 'buy_id': '86cc11db-d7ec-445f-beca-5858c604dd5e', 'sell_id': '14e34789-ed8e-46b6-8a20-0da0f4918191', 'timestamp': 1763957563.019022}]"
2025-11-18 23:05:00+00:00,"Signal(ts=2025-11-18 23:05:00+00:00, action=BUY, qty=1, strategy=MACross)",d3a4b438-f957-4b2c-9abe-80d8a12d7123,"[{'price': 266.9, 'qty': 1, 'buy_id': 'd3a4b438-f957-4b2c-9abe-80d8a12d7123', 'sell_id': '6e18554b-c13b-47b6-b4a1-bf0bf3d1a3fb', 'timestamp': 1763957563.019912}]"
2025-11-18 23:06:00+00:00,"Signal(ts=2025-11-18 23:06:00+00:00, action=BUY, qty=1, strategy=MACross)",577725d1-afcb-49df-ad62-e75c39d3bf82,"[{'price': 266.9, 'qty': 1, 'buy_id': '577725d1-afcb-49df-ad62-e75c39d3bf82', 'sell_id': '63d4abcd-17bd-49da-b756-594b6ac3e866', 'timestamp': 1763957563.021646}]"
2025-11-18 23:07:00+00:00,"Signal(ts=2025-11-18 23:07:00+00:00, action=BUY, qty=1, strategy=MACross)",9ae466bf-6d8c-43dd-93c7-5cefe62c7053,"[{'price': 266.9, 'qty': 1, 'buy_id': '9ae466bf-6d8c-43dd-93c7-5cefe62c7053', 'sell_id': '26dc901b-08ec-47d7-b48f-f6540bf80066', 'timestamp': 1763957563.023021}]"
2025-11-18 23:08:00+00:00,"Signal(ts=2025-11-18 23:08:00+00:00, action=BUY, qty=1, strategy=MACross)",5696d8ae-d1bf-4771-b3c4-1fde15e3ae0c,"[{'price': 266.9025, 'qty': 1, 'buy_id': '5696d8ae-d1bf-4771-b3c4-1fde15e3ae0c', 'sell_id': 'bb815ac8-5a0b-4e19-8cea-d21cc70845ab', 'timestamp': 1763957563.024566}]"
2025-11-18 23:09:00+00:00,"Signal(ts=2025-11-18 23:09:00+00:00, action=BUY, qty=1, strategy=MACross)",ccd74568-48f2-49a5-b6d9-de1941507d74,"[{'price': 266.91, 'qty': 1, 'buy_id': 'ccd74568-48f2-49a5-b6d9-de1941507d74', 'sell_id': '0926c680-781d-4643-847a-f855070e7e8d', 'timestamp': 1763957563.025513}]"
2025-11-18 23:10:00+00:00,"Signal(ts=2025-11-18 23:10:00+00:00, action=BUY, qty=1, strategy=MACross)",bfcac05f-7b6d-48f4-8a06-54bf4e6535d9,"[{'price': 266.91, 'qty': 1, 'buy_id': 'bfcac05f-7b6d-48f4-8a06-54bf4e6535d9', 'sell_id': 'c9cbe756-1b40-422f-a79a-a2b09638d4cf', 'timestamp': 1763957563.026668}]"
2025-11-18 23:11:00+00:00,"Signal(ts=2025-11-18 23:11:00+00:00, action=BUY, qty=1, strategy=MACross)",7c485a8c-6d17-4581-ad32-816da6cec6c1,"[{'price': 266.91, 'qty': 1, 'buy_id': '7c485a8c-6d17-4581-ad32-816da6cec6c1', 'sell_id': 'e7de6b88-4464-4bd1-837f-5c279a8d788f', 'timestamp': 1763957563.027474}]"
2025-11-18 23:12:00+00:00,"Signal(ts=2025-11-18 23:12:00+00:00, action=BUY, qty=1, strategy=MACross)",ad42518c-c7ca-465b-b86c-68517e61cd25,"[{'price': 266.91, 'qty': 1, 'buy_id': 'ad42518c-c7ca-465b-b86c-68517e61cd25', 'sell_id': 'bcf6b5c5-620a-44ea-b269-eed4f599eeb1', 'timestamp': 1763957563.029817}]"
2025-11-18 23:13:00+00:00,"Signal(ts=2025-11-18 23:13:00+00:00, action=BUY, qty=1, strategy=MACross)",fed08782-d3b7-4ff5-8780-4240cff8f74c,"[{'price': 266.9118, 'qty': 1, 'buy_id': 'fed08782-d3b7-4ff5-8780-4240cff8f74c', 'sell_id': 'b307d7ad-69e7-4169-97c7-012480b42aa2', 'timestamp': 1763957563.0305972}]"
2025-11-18 23:14:00+00:00,"Signal(ts=2025-11-18 23:14:00+00:00, action=BUY, qty=1, strategy=MACross)",bb3bc020-275d-40f1-8408-290581fb8daa,"[{'price': 266.93, 'qty': 1, 'buy_id': 'bb3bc020-275d-40f1-8408-290581fb8daa', 'sell_id': '7b184465-8ae0-4a56-a5ad-402886c90628', 'timestamp': 1763957563.031522}]"
2025-11-18 23:15:00+00:00,"Signal(ts=2025-11-18 23:15:00+00:00, action=BUY, qty=1, strategy=MACross)",a75eeefa-20ea-4205-90e4-c3e435d7f1d9,"[{'price': 266.95, 'qty': 1, 'buy_id': 'a75eeefa-20ea-4205-90e4-c3e435d7f1d9', 'sell_id': '8e7b087b-d059-4603-a06b-fc23ca5d7d38', 'timestamp': 1763957563.032416}]"
2025-11-18 23:16:00+00:00,"Signal(ts=2025-11-18 23:16:00+00:00, action=BUY, qty=1, strategy=MACross)",055af3a5-3e1a-4e51-a0d4-f6a9b64fd6a8,"[{'price': 266.95, 'qty': 1, 'buy_id': '055af3a5-3e1a-4e51-a0d4-f6a9b64fd6a8', 'sell_id': '25a4b3ca-7fc1-47c2-ad39-d758beae7dac', 'timestamp': 1763957563.033687}]"
2025-11-18 23:17:00+00:00,"Signal(ts=2025-11-18 23:17:00+00:00, action=BUY, qty=1, strategy=MACross)",307d6df2-6e21-41ec-9296-f4d44f18516a,"[{'price': 266.9725, 'qty': 1, 'buy_id': '307d6df2-6e21-41ec-9296-f4d44f18516a', 'sell_id': '65c98b49-a581-4d5e-861c-e34539aea968', 'timestamp': 1763957563.0346198}]"
2025-11-18 23:18:00+00:00,"Signal(ts=2025-11-18 23:18:00+00:00, action=BUY, qty=1, strategy=MACross)",66aeafda-e26e-4935-81b4-a39d994401fe,"[{'price': 266.99, 'qty': 1, 'buy_id': '66aeafda-e26e-4935-81b4-a39d994401fe', 'sell_id': '738faa23-f380-45ea-adf8-5e66043ac4a1', 'timestamp': 1763957563.035732}]"
2025-11-18 23:19:00+00:00,"Signal(ts=2025-11-18 23:19:00+00:00, action=BUY, qty=1, strategy=MACross)",f58f1626-7866-4e25-b3e5-08fa21cad09d,"[{'price': 267.0, 'qty': 1, 'buy_id': 'f58f1626-7866-4e25-b3e5-08fa21cad09d', 'sell_id': '0c4413c3-cf2b-4f93-95eb-e47b6d0fe9f5', 'timestamp': 1763957563.036607}]"
2025-11-18 23:20:00+00:00,"Signal(ts=2025-11-18 23:20:00+00:00, action=BUY, qty=1, strategy=MACross)",711df1eb-3da6-4690-8467-35f5be626faf,"[{'price': 267.08, 'qty': 1, 'buy_id': '711df1eb-3da6-4690-8467-35f5be626faf', 'sell_id': 'b1c2a6b0-832f-4097-a4f6-dfac990a9d7f', 'timestamp': 1763957563.0378182}]"
2025-11-18 23:21:00+00:00,"Signal(ts=2025-11-18 23:21:00+00:00, action=BUY, qty=1, strategy=MACross)",f30c8277-939f-4b97-8f8d-c70db3ac4e6d,"[{'price': 267.08, 'qty': 1, 'buy_id': 'f30c8277-939f-4b97-8f8d-c70db3ac4e6d', 'sell_id': '497b50ce-8ab6-43a9-ac65-234008aad067', 'timestamp': 1763957563.038712}]"
2025-11-18 23:22:00+00:00,"Signal(ts=2025-11-18 23:22:00+00:00, action=BUY, qty=1, strategy=MACross)",c6fc9174-d17a-48a4-8f4b-fee1057901ff,"[{'price': 267.08, 'qty': 1, 'buy_id': 'c6fc9174-d17a-48a4-8f4b-fee1057901ff', 'sell_id': '882cacdc-9017-4c34-af8e-916ff540b9fa', 'timestamp': 1763957563.040155}]"
2025-11-18 23:23:00+00:00,"Signal(ts=2025-11-18 23:23:00+00:00, action=SELL, qty=1, strategy=MACross)",d8f3e12a-0ac4-4c8e-a6e7-61dec00b5ec0,[]
2025-11-18 23:24:00+00:00,"Signal(ts=2025-11-18 23:24:00+00:00, action=BUY, qty=1, strategy=MACross)",69ff901a-e6e8-4c85-befc-58c44ee31078,"[{'price': 267.08, 'qty': 1, 'buy_id': '69ff901a-e6e8-4c85-befc-58c44ee31078', 'sell_id': '023febc3-7337-4644-86af-da3cb588335b', 'timestamp': 1763957563.042198}]"
2025-11-18 23:25:00+00:00,"Signal(ts=2025-11-18 23:25:00+00:00, action=BUY, qty=1, strategy=MACross)",8343f2f7-db5a-46bc-8076-2098ab210bc5,"[{'price': 267.19, 'qty': 1, 'buy_id': '8343f2f7-db5a-46bc-8076-2098ab210bc5', 'sell_id': '620dd094-8b6e-47c3-a933-f2f85527081b', 'timestamp': 1763957563.043086}]"
2025-11-18 23:26:00+00:00,"Signal(ts=2025-11-18 23:26:00+00:00, action=BUY, qty=1, strategy=MACross)",c6b61e8d-7820-4533-b4c9-85011ea20e5f,"[{'price': 267.2, 'qty': 1, 'buy_id': 'c6b61e8d-7820-4533-b4c9-85011ea20e5f', 'sell_id': '17699122-d85a-4b4b-9356-1ca53bfae711', 'timestamp': 1763957563.0441542}]"
2025-11-18 23:27:00+00:00,"Signal(ts=2025-11-18 23:27:00+00:00, action=BUY, qty=1, strategy=MACross)",47935f2f-a5a2-49eb-a9af-3f677ec63ab7,"[{'price': 267.2, 'qty': 1, 'buy_id': '47935f2f-a5a2-49eb-a9af-3f677ec63ab7', 'sell_id': 'e60e9775-c763-49a9-98f9-09e3950b90f8', 'timestamp': 1763957563.045415}]"
2025-11-18 23:28:00+00:00,"Signal(ts=2025-11-18 23:28:00+00:00, action=BUY, qty=1, strategy=MACross)",24be53b5-c67a-400a-9708-2e4bb20bb116,"[{'price': 267.2, 'qty': 1, 'buy_id': '24be53b5-c67a-400a-9708-2e4bb20bb116', 'sell_id': '4450ec8c-aa24-4ef4-a76c-bf70668e54d8', 'timestamp': 1763957563.046271}]"
2025-11-18 23:29:00+00:00,"Signal(ts=2025-11-18 23:29:00+00:00, action=BUY, qty=1, strategy=MACross)",49b7e3ce-1811-4f5d-8d84-189e139bc390,"[{'price': 267.21, 'qty': 1, 'buy_id': '49b7e3ce-1811-4f5d-8d84-189e139bc390', 'sell_id': '4a4fa3a9-eb6a-4427-90b3-bd3d84737578', 'timestamp': 1763957563.047185}]"
2025-11-18 23:30:00+00:00,"Signal(ts=2025-11-18 23:30:00+00:00, action=BUY, qty=1, strategy=MACross)",9740b399-dabf-46c2-89d6-8dfcdee8b4b7,"[{'price': 267.21, 'qty': 1, 'buy_id': '9740b399-dabf-46c2-89d6-8dfcdee8b4b7', 'sell_id': '6859aa4e-518c-4fd1-bd3e-62b379f06aeb', 'timestamp': 1763957563.048079}]"
2025-11-18 23:31:00+00:00,"Signal(ts=2025-11-18 23:31:00+00:00, action=BUY, qty=1, strategy=MACross)",8b30da28-ebc4-43e4-9a62-c50e94c242c1,"[{'price': 267.23, 'qty': 1, 'buy_id': '8b30da28-ebc4-43e4-9a62-c50e94c242c1', 'sell_id': '70f6a175-dc9a-4176-bbb3-baa801bf52bd', 'timestamp': 1763957563.049056}]"
2025-11-18 23:32:00+00:00,"Signal(ts=2025-11-18 23:32:00+00:00, action=BUY, qty=1, strategy=MACross)",dc1ac7b9-7b26-44b0-909a-c0db690e4eee,"[{'price': 267.24, 'qty': 1, 'buy_id': 'dc1ac7b9-7b26-44b0-909a-c0db690e4eee', 'sell_id': 'a8928e2c-9453-4993-8dc7-71d2326f2f7c', 'timestamp': 1763957563.050317}]"
2025-11-18 23:33:00+00:00,"Signal(ts=2025-11-18 23:33:00+00:00, action=BUY, qty=1, strategy=MACross)",870b801d-0c06-4d04-a6f7-c08f9bbc0993,"[{'price': 267.2401, 'qty': 1, 'buy_id': '870b801d-0c06-4d04-a6f7-c08f9bbc0993', 'sell_id': '4eafd145-04f3-4fa3-b538-8f1186fa0aeb', 'timestamp': 1763957563.051274}]"
2025-11-18 23:34:00+00:00,"Signal(ts=2025-11-18 23:34:00+00:00, action=BUY, qty=1, strategy=MACross)",9ca2701f-eced-4da7-a41c-92d819a73344,"[{'price': 267.25, 'qty': 1, 'buy_id': '9ca2701f-eced-4da7-a41c-92d819a73344', 'sell_id': 'f765f6d6-5820-43fb-b29e-5e5070d1f990', 'timestamp': 1763957563.052156}]"
2025-11-18 23:35:00+00:00,"Signal(ts=2025-11-18 23:35:00+00:00, action=BUY, qty=1, strategy=MACross)",8705cfba-00e7-4a0b-b404-6fd0be83ad6c,"[{'price': 267.27, 'qty': 1, 'buy_id': '8705cfba-00e7-4a0b-b404-6fd0be83ad6c', 'sell_id': '3e0afb45-11a3-44ed-9b15-9069fad2757f', 'timestamp': 1763957563.0532968}]"
2025-11-18 23:36:00+00:00,"Signal(ts=2025-11-18 23:36:00+00:00, action=BUY, qty=1, strategy=MACross)",924ee510-22cb-4479-87d5-93769f89ac96,"[{'price': 267.28, 'qty': 1, 'buy_id': '924ee510-22cb-4479-87d5-93769f89ac96', 'sell_id': 'c0e2d264-868d-49a2-a669-bf2301ca3700', 'timestamp': 1763957563.054327}]"
2025-11-18 23:37:00+00:00,"Signal(ts=2025-11-18 23:37:00+00:00, action=BUY, qty=1, strategy=MACross)",895168d2-93b9-49d3-9dc6-10b927b0586c,"[{'price': 267.3, 'qty': 1, 'buy_id': '895168d2-93b9-49d3-9dc6-10b927b0586c', 'sell_id': '02264fcc-69c9-4ad2-89bf-007969eb8b7d', 'timestamp': 1763957563.055239}]"
2025-11-18 23:38:00+00:00,"Signal(ts=2025-11-18 23:38:00+00:00, action=BUY, qty=1, strategy=MACross)",74e90bec-64c0-4ee5-90f4-f69cad5d438a,"[{'price': 267.3, 'qty': 1, 'buy_id': '74e90bec-64c0-4ee5-90f4-f69cad5d438a', 'sell_id': '6e855056-9e21-4d2c-885c-09c19b2536d3', 'timestamp': 1763957563.056584}]"
2025-11-18 23:39:00+00:00,"Signal(ts=2025-11-18 23:39:00+00:00, action=BUY, qty=1, strategy=MACross)",c872e7d0-7fbb-4a03-a6f5-d1296dc5f0bc,"[{'price': 267.3, 'qty': 1, 'buy_id': 'c872e7d0-7fbb-4a03-a6f5-d1296dc5f0bc', 'sell_id': '39e48027-4cd7-4dc7-81a5-89d007de7dd6', 'timestamp': 1763957563.057915}]"
2025-11-18 23:40:00+00:00,"Signal(ts=2025-11-18 23:40:00+00:00, action=SELL, qty=1, strategy=MACross)",312b5e41-894d-480a-8062-99bc69241c22,[]
2025-11-18 23:41:00+00:00,"Signal(ts=2025-11-18 23:41:00+00:00, action=SELL, qty=1, strategy=MACross)",9c97bb1c-91da-4a30-a8c0-506fe35c4312,[]
2025-11-18 23:42:00+00:00,"Signal(ts=2025-11-18 23:42:00+00:00, action=SELL, qty=1, strategy=MACross)",ffe0da6b-1b29-46f8-b4d7-ae66c29ab07f,[]
2025-11-18 23:43:00+00:00,"Signal(ts=2025-11-18 23:43:00+00:00, action=SELL, qty=1, strategy=MACross)",c0d895b9-ba30-40fd-9fa4-8862edb560f8,[]
2025-11-18 23:44:00+00:00,"Signal(ts=2025-11-18 23:44:00+00:00, action=SELL, qty=1, strategy=MACross)",a35ee4b6-3689-44c0-a686-5c2090f208dd,[]
2025-11-18 23:45:00+00:00,"Signal(ts=2025-11-18 23:45:00+00:00, action=SELL, qty=1, strategy=MACross)",3c687898-d375-402b-b123-1682b3c5f237,[]
2025-11-18 23:46:00+00:00,"Signal(ts=2025-11-18 23:46:00+00:00, action=SELL, qty=1, strategy=MACross)",c6f9ebc0-f640-4817-b2a7-0c7ace2b5648,[]
2025-11-18 23:47:00+00:00,"Signal(ts=2025-11-18 23:47:00+00:00, action=SELL, qty=1, strategy=MACross)",bf30a7b4-78c2-4322-a100-09ed7cda4b2d,[]
2025-11-18 23:48:00+00:00,"Signal(ts=2025-11-18 23:48:00+00:00, action=SELL, qty=1, strategy=MACross)",48e2c7dd-bb12-48b4-a117-6051ca8e60c7,[]
2025-11-18 23:49:00+00:00,"Signal(ts=2025-11-18 23:49:00+00:00, action=SELL, qty=1, strategy=MACross)",4f983b0b-0bc2-4cd0-8ac6-5a5c572cc396,[]
2025-11-18 23:50:00+00:00,"Signal(ts=2025-11-18 23:50:00+00:00, action=SELL, qty=1, strategy=MACross)",772c903c-6245-4f76-9a39-2e75ae6a9d5d,[]
2025-11-18 23:51:00+00:00,"Signal(ts=2025-11-18 23:51:00+00:00, action=SELL, qty=1, strategy=MACross)",0565c0d7-905c-4700-94cd-b593277cba26,[]
2025-11-18 23:52:00+00:00,"Signal(ts=2025-11-18 23:52:00+00:00, action=SELL, qty=1, strategy=MACross)",43d1b321-e268-4059-99ba-8523e4c4f8b6,[]
2025-11-18 23:53:00+00:00,"Signal(ts=2025-11-18 23:53:00+00:00, action=SELL, qty=1, strategy=MACross)",38812ad9-d7bd-40e0-8bc7-299d95057fb8,[]
2025-11-18 23:54:00+00:00,"Signal(ts=2025-11-18 23:54:00+00:00, action=SELL, qty=1, strategy=MACross)",f88ac2fb-64f1-401b-98af-5f38a718ce9e,[]
2025-11-18 23:55:00+00:00,"Signal(ts=2025-11-18 23:55:00+00:00, action=SELL, qty=1, strategy=MACross)",9dffd8ca-a795-45fb-a8e4-c7817e956a3a,[]
2025-11-18 23:56:00+00:00,"Signal(ts=2025-11-18 23:56:00+00:00, action=SELL, qty=1, strategy=MACross)",35eff4a1-9a1d-404f-bec5-6ab28d37d604,[]
2025-11-18 23:57:00+00:00,"Signal(ts=2025-11-18 23:57:00+00:00, action=SELL, qty=1, strategy=MACross)",3dd50151-61da-4133-b9be-9f25810cb6d5,[]
2025-11-18 23:58:00+00:00,"Signal(ts=2025-11-18 23:58:00+00:00, action=SELL, qty=1, strategy=MACross)",c54d1779-281d-4386-978c-0ff407a696b2,[]
2025-11-18 23:59:00+00:00,"Signal(ts=2025-11-18 23:59:00+00:00, action=SELL, qty=1, strategy=MACross)",1e6284c3-c8b5-4d6e-8c94-510a22f7b2bd,[]
2025-11-19 00:00:00+00:00,"Signal(ts=2025-11-19 00:00:00+00:00, action=SELL, qty=1, strategy=MACross)",1c8ea5eb-051d-477c-a39c-4df613c8566a,[]
2025-11-19 00:01:00+00:00,"Signal(ts=2025-11-19 00:01:00+00:00, action=SELL, qty=1, strategy=MACross)",dc9dd083-56c7-47da-a624-19f2188fa6e7,[]
2025-11-19 00:02:00+00:00,"Signal(ts=2025-11-19 00:02:00+00:00, action=SELL, qty=1, strategy=MACross)",4b9cfb4e-1fcc-4684-b2f1-3479ad76bee1,[]
2025-11-19 00:03:00+00:00,"Signal(ts=2025-11-19 00:03:00+00:00, action=SELL, qty=1, strategy=MACross)",19ff7b35-0afd-43a2-a5ab-dde6bd7cdc00,[]
2025-11-19 00:04:00+00:00,"Signal(ts=2025-11-19 00:04:00+00:00, action=SELL, qty=1, strategy=MACross)",92d951a9-36d2-419a-9fe3-5a2d53cf8843,[]
2025-11-19 00:05:00+00:00,"Signal(ts=2025-11-19 00:05:00+00:00, action=SELL, qty=1, strategy=MACross)",76977c37-c9ac-45b4-9447-1fb4840a8351,[]
2025-11-19 00:06:00+00:00,"Signal(ts=2025-11-19 00:06:00+00:00, action=SELL, qty=1, strategy=MACross)",80f6a95f-7520-40a8-9580-cdf0c8e7b65c,[]
2025-11-19 00:07:00+00:00,"Signal(ts=2025-11-19 00:07:00+00:00, action=SELL, qty=1, strategy=MACross)",62da28dc-c174-471e-9e95-d9b8b6a5998e,[]
2025-11-19 00:08:00+00:00,"Signal(ts=2025-11-19 00:08:00+00:00, action=SELL, qty=1, strategy=MACross)",09913fa6-1eba-4b27-ab7e-6b54ae26adbd,[]
2025-11-19 00:09:00+00:00,"Signal(ts=2025-11-19 00:09:00+00:00, action=SELL, qty=1, strategy=MACross)",a994912f-d5ca-457d-8bcc-512eb0b15d7d,[]
2025-11-19 00:10:00+00:00,"Signal(ts=2025-11-19 00:10:00+00:00, action=SELL, qty=1, strategy=MACross)",69f86668-a7db-42c0-b740-a5a8a4f77dac,[]
2025-11-19 00:11:00+00:00,"Signal(ts=2025-11-19 00:11:00+00:00, action=SELL, qty=1, strategy=MACross)",42c45066-212e-4ff3-a260-fe930e08024b,[]
2025-11-19 00:12:00+00:00,"Signal(ts=2025-11-19 00:12:00+00:00, action=SELL, qty=1, strategy=MACross)",b12e00db-1a6b-42d9-901c-a1bfd08b26f4,[]
2025-11-19 00:13:00+00:00,"Signal(ts=2025-11-19 00:13:00+00:00, action=SELL, qty=1, strategy=MACross)",789631b4-b9c1-46a7-beda-1ea562b38431,[]
2025-11-19 00:14:00+00:00,"Signal(ts=2025-11-19 00:14:00+00:00, action=SELL, qty=1, strategy=MACross)",99670cac-c39e-4db5-a34f-6df5d15e724a,[]
2025-11-19 00:15:00+00:00,"Signal(ts=2025-11-19 00:15:00+00:00, action=SELL, qty=1, strategy=MACross)",ad852da7-1d8d-4d0b-b100-42fec28fb5e9,[]
2025-11-19 00:16:00+00:00,"Signal(ts=2025-11-19 00:16:00+00:00, action=SELL, qty=1, strategy=MACross)",d6584572-50de-423c-a43d-906a1c8e87c6,[]
2025-11-19 00:17:00+00:00,"Signal(ts=2025-11-19 00:17:00+00:00, action=SELL, qty=1, strategy=MACross)",2c9ca6ea-0d13-4c9c-be60-a6e9fa122ee0,"[{'price': 266.55, 'qty': 1, 'buy_id': '68e12c4a-f194-4af7-8a8b-8f97e85dd3f7', 'sell_id': '2c9ca6ea-0d13-4c9c-be60-a6e9fa122ee0', 'timestamp': 1763957563.101996}]"
2025-11-19 00:18:00+00:00,"Signal(ts=2025-11-19 00:18:00+00:00, action=SELL, qty=1, strategy=MACross)",378c784e-cdac-465d-9725-3da94f3ad783,[]
2025-11-19 00:19:00+00:00,"Signal(ts=2025-11-19 00:19:00+00:00, action=SELL, qty=1, strategy=MACross)",6d2fd702-0fc8-43fc-be7c-0b1f3c63576f,[]
2025-11-19 00:20:00+00:00,"Signal(ts=2025-11-19 00:20:00+00:00, action=SELL, qty=1, strategy=MACross)",de9aa8ac-6ab9-470a-9b44-b34fdc91b388,[]
2025-11-19 00:21:00+00:00,"Signal(ts=2025-11-19 00:21:00+00:00, action=SELL, qty=1, strategy=MACross)",94cd14ed-c3df-4a0a-9b74-b88cbb0eab08,"[{'price': 266.67, 'qty': 1, 'buy_id': 'ccad7133-8d39-4d41-b8f4-9f34e13e2ce3', 'sell_id': '94cd14ed-c3df-4a0a-9b74-b88cbb0eab08', 'timestamp': 1763957563.107324}]"
2025-11-19 00:22:00+00:00,"Signal(ts=2025-11-19 00:22:00+00:00, action=SELL, qty=1, strategy=MACross)",d8a20e3e-3398-4ada-bf79-715c84232246,[]
2025-11-19 00:23:00+00:00,"Signal(ts=2025-11-19 00:23:00+00:00, action=SELL, qty=1, strategy=MACross)",27b1f571-4c97-46e6-b161-396ee6225667,[]
2025-11-19 00:24:00+00:00,"Signal(ts=2025-11-19 00:24:00+00:00, action=SELL, qty=1, strategy=MACross)",adf80e7d-f9c8-46d2-bd4f-c45e8f604c55,[]
2025-11-19 00:25:00+00:00,"Signal(ts=2025-11-19 00:25:00+00:00, action=SELL, qty=1, strategy=MACross)",733b4d16-2597-48d9-8fd0-31d2893f5f5d,[]
2025-11-19 00:26:00+00:00,"Signal(ts=2025-11-19 00:26:00+00:00, action=SELL, qty=1, strategy=MACross)",92ed903d-f4fd-4985-9c75-2c85867144df,[]
2025-11-19 00:27:00+00:00,"Signal(ts=2025-11-19 00:27:00+00:00, action=SELL, qty=1, strategy=MACross)",fc50c4f2-138d-4c52-85b9-a8fb96f52af4,[]
2025-11-19 00:28:00+00:00,"Signal(ts=2025-11-19 00:28:00+00:00, action=SELL, qty=1, strategy=MACross)",f88cf550-0042-400c-b01d-93c5168b97fe,[]
2025-11-19 00:29:00+00:00,"Signal(ts=2025-11-19 00:29:00+00:00, action=SELL, qty=1, strategy=MACross)",aeb1abff-3a87-47f8-8f09-dabc966e6971,[]
2025-11-19 00:30:00+00:00,"Signal(ts=2025-11-19 00:30:00+00:00, action=SELL, qty=1, strategy=MACross)",d13e19e8-04b3-46ac-b67b-fc288df62554,[]
2025-11-19 00:31:00+00:00,"Signal(ts=2025-11-19 00:31:00+00:00, action=SELL, qty=1, strategy=MACross)",a78a603c-eb16-460f-bfe3-4b04cba856a2,[]
2025-11-19 00:32:00+00:00,"Signal(ts=2025-11-19 00:32:00+00:00, action=SELL, qty=1, strategy=MACross)",e52adc32-e299-44a0-8208-7bc17753b5ab,[]
2025-11-19 00:33:00+00:00,"Signal(ts=2025-11-19 00:33:00+00:00, action=SELL, qty=1, strategy=MACross)",39aa7f4b-b9e9-46cf-8362-51f8252e961d,[]
2025-11-19 00:34:00+00:00,"Signal(ts=2025-11-19 00:34:00+00:00, action=SELL, qty=1, strategy=MACross)",94311161-1f7a-4baa-b950-b568ef849af3,[]
2025-11-19 00:35:00+00:00,"Signal(ts=2025-11-19 00:35:00+00:00, action=SELL, qty=1, strategy=MACross)",99e006f1-6424-4768-81f5-c939ba9dec36,[]
2025-11-19 00:36:00+00:00,"Signal(ts=2025-11-19 00:36:00+00:00, action=SELL, qty=1, strategy=MACross)",e9069118-8ad2-46c2-9f54-0527abf72efc,[]
2025-11-19 00:37:00+00:00,"Signal(ts=2025-11-19 00:37:00+00:00, action=SELL, qty=1, strategy=MACross)",e6edfd5f-b887-4f4f-ac7c-8e519f72af48,[]
2025-11-19 00:38:00+00:00,"Signal(ts=2025-11-19 00:38:00+00:00, action=SELL, qty=1, strategy=MACross)",70930210-2d2f-452e-ba15-d8e33f0cb13d,[]
2025-11-19 00:39:00+00:00,"Signal(ts=2025-11-19 00:39:00+00:00, action=SELL, qty=1, strategy=MACross)",f1a5ae4a-dd5e-4d46-8a64-af4ddb1ace73,[]
2025-11-19 00:40:00+00:00,"Signal(ts=2025-11-19 00:40:00+00:00, action=SELL, qty=1, strategy=MACross)",2f606d7a-3530-4089-a63c-e9330bb540bb,[]
2025-11-19 00:41:00+00:00,"Signal(ts=2025-11-19 00:41:00+00:00, action=SELL, qty=1, strategy=MACross)",76464399-d7a0-4f94-b40e-ef2b9136759f,[]
2025-11-19 00:42:00+00:00,"Signal(ts=2025-11-19 00:42:00+00:00, action=SELL, qty=1, strategy=MACross)",2a4f5d27-e6f4-48bc-8f14-9b2f8b9d9b3f,[]
2025-11-19 00:43:00+00:00,"Signal(ts=2025-11-19 00:43:00+00:00, action=BUY, qty=1, strategy=MACross)",b888409a-4d41-479b-89cf-e4b03bd7452b,"[{'price': 266.56, 'qty': 1, 'buy_id': 'b888409a-4d41-479b-89cf-e4b03bd7452b', 'sell_id': 'd8a20e3e-3398-4ada-bf79-715c84232246', 'timestamp': 1763957563.131985}]"
2025-11-19 00:44:00+00:00,"Signal(ts=2025-11-19 00:44:00+00:00, action=BUY, qty=1, strategy=MACross)",f6f8eca7-569d-436b-a29e-d71dc11dbc96,"[{'price': 266.65, 'qty': 1, 'buy_id': 'f6f8eca7-569d-436b-a29e-d71dc11dbc96', 'sell_id': 'aeb1abff-3a87-47f8-8f09-dabc966e6971', 'timestamp': 1763957563.1330361}]"
2025-11-19 00:45:00+00:00,"Signal(ts=2025-11-19 00:45:00+00:00, action=BUY, qty=1, strategy=MACross)",427d2b95-fa4e-421e-a0f3-3f3a35acc9da,"[{'price': 266.71, 'qty': 1, 'buy_id': '427d2b95-fa4e-421e-a0f3-3f3a35acc9da', 'sell_id': 'a78a603c-eb16-460f-bfe3-4b04cba856a2', 'timestamp': 1763957563.1340978}]"
2025-11-19 00:46:00+00:00,"Signal(ts=2025-11-19 00:46:00+00:00, action=BUY, qty=1, strategy=MACross)",3bb6eb97-d94f-4b39-9610-d8a0b9780de5,"[{'price': 266.7367, 'qty': 1, 'buy_id': '3bb6eb97-d94f-4b39-9610-d8a0b9780de5', 'sell_id': 'e52adc32-e299-44a0-8208-7bc17753b5ab', 'timestamp': 1763957563.1351612}]"
2025-11-19 00:47:00+00:00,"Signal(ts=2025-11-19 00:47:00+00:00, action=BUY, qty=1, strategy=MACross)",ec7567e1-beab-45b2-811f-d21e6640c779,"[{'price': 266.7371, 'qty': 1, 'buy_id': 'ec7567e1-beab-45b2-811f-d21e6640c779', 'sell_id': 'fc50c4f2-138d-4c52-85b9-a8fb96f52af4', 'timestamp': 1763957563.136308}]"
2025-11-19 00:48:00+00:00,"Signal(ts=2025-11-19 00:48:00+00:00, action=BUY, qty=1, strategy=MACross)",7e5f3ad8-de48-47ee-b6ac-f5dded674c48,"[{'price': 266.78, 'qty': 1, 'buy_id': '7e5f3ad8-de48-47ee-b6ac-f5dded674c48', 'sell_id': '99e006f1-6424-4768-81f5-c939ba9dec36', 'timestamp': 1763957563.137401}]"
2025-11-19 00:49:00+00:00,"Signal(ts=2025-11-19 00:49:00+00:00, action=BUY, qty=1, strategy=MACross)",ab1b524d-75d0-4770-89bb-8e73b5865f9a,"[{'price': 266.79, 'qty': 1, 'buy_id': 'ab1b524d-75d0-4770-89bb-8e73b5865f9a', 'sell_id': 'd13e19e8-04b3-46ac-b67b-fc288df62554', 'timestamp': 1763957563.1384661}]"
2025-11-19 00:50:00+00:00,"Signal(ts=2025-11-19 00:50:00+00:00, action=BUY, qty=1, strategy=MACross)",00a88c3f-5bed-4208-b064-9e340e496850,"[{'price': 266.79, 'qty': 1, 'buy_id': '00a88c3f-5bed-4208-b064-9e340e496850', 'sell_id': 'e6edfd5f-b887-4f4f-ac7c-8e519f72af48', 'timestamp': 1763957563.139555}]"
2025-11-19 00:51:00+00:00,"Signal(ts=2025-11-19 00:51:00+00:00, action=BUY, qty=1, strategy=MACross)",b10d3d00-0654-4e56-a286-4267521475fd,"[{'price': 266.8, 'qty': 1, 'buy_id': 'b10d3d00-0654-4e56-a286-4267521475fd', 'sell_id': '39aa7f4b-b9e9-46cf-8362-51f8252e961d', 'timestamp': 1763957563.140606}]"
2025-11-19 00:52:00+00:00,"Signal(ts=2025-11-19 00:52:00+00:00, action=BUY, qty=1, strategy=MACross)",d0c0ee1d-0c70-410b-9d7f-256c52cf0c27,"[{'price': 266.8, 'qty': 1, 'buy_id': 'd0c0ee1d-0c70-410b-9d7f-256c52cf0c27', 'sell_id': '76464399-d7a0-4f94-b40e-ef2b9136759f', 'timestamp': 1763957563.141679}]"
2025-11-19 00:53:00+00:00,"Signal(ts=2025-11-19 00:53:00+00:00, action=BUY, qty=1, strategy=MACross)",67f28237-e094-4f74-b202-ad4bf68d7944,"[{'price': 266.8002, 'qty': 1, 'buy_id': '67f28237-e094-4f74-b202-ad4bf68d7944', 'sell_id': 'de9aa8ac-6ab9-470a-9b44-b34fdc91b388', 'timestamp': 1763957563.1427479}]"
2025-11-19 00:54:00+00:00,"Signal(ts=2025-11-19 00:54:00+00:00, action=BUY, qty=1, strategy=MACross)",5472f568-b40e-40b4-b625-65ad88e56f9c,"[{'price': 266.83, 'qty': 1, 'buy_id': '5472f568-b40e-40b4-b625-65ad88e56f9c', 'sell_id': '6d2fd702-0fc8-43fc-be7c-0b1f3c63576f', 'timestamp': 1763957563.143838}]"
2025-11-19 00:55:00+00:00,"Signal(ts=2025-11-19 00:55:00+00:00, action=BUY, qty=1, strategy=MACross)",dffcc568-8815-4464-81bf-7435545d556d,"[{'price': 266.83, 'qty': 1, 'buy_id': 'dffcc568-8815-4464-81bf-7435545d556d', 'sell_id': 'f1a5ae4a-dd5e-4d46-8a64-af4ddb1ace73', 'timestamp': 1763957563.144924}]"
2025-11-19 00:56:00+00:00,"Signal(ts=2025-11-19 00:56:00+00:00, action=BUY, qty=1, strategy=MACross)",767bcc72-5b68-4bb9-b7f5-f7df02aa8785,"[{'price': 266.84, 'qty': 1, 'buy_id': '767bcc72-5b68-4bb9-b7f5-f7df02aa8785', 'sell_id': '70930210-2d2f-452e-ba15-d8e33f0cb13d', 'timestamp': 1763957563.146008}]"
2025-11-19 00:57:00+00:00,"Signal(ts=2025-11-19 00:57:00+00:00, action=BUY, qty=1, strategy=MACross)",eee7c477-b311-4f01-af06-836c2f1530c8,"[{'price': 266.86, 'qty': 1, 'buy_id': 'eee7c477-b311-4f01-af06-836c2f1530c8', 'sell_id': 'e9069118-8ad2-46c2-9f54-0527abf72efc', 'timestamp': 1763957563.147089}]"
2025-11-19 00:58:00+00:00,"Signal(ts=2025-11-19 00:58:00+00:00, action=BUY, qty=1, strategy=MACross)",b3ad962b-3390-4052-bab0-27cc60b63324,"[{'price': 266.9, 'qty': 1, 'buy_id': 'b3ad962b-3390-4052-bab0-27cc60b63324', 'sell_id': '378c784e-cdac-465d-9725-3da94f3ad783', 'timestamp': 1763957563.148202}]"
2025-11-19 00:59:00+00:00,"Signal(ts=2025-11-19 00:59:00+00:00, action=BUY, qty=1, strategy=MACross)",81fc7ff2-3ec4-4eca-bb0f-05544084a31e,"[{'price': 266.9, 'qty': 1, 'buy_id': '81fc7ff2-3ec4-4eca-bb0f-05544084a31e', 'sell_id': 'adf80e7d-f9c8-46d2-bd4f-c45e8f604c55', 'timestamp': 1763957563.14932}]"
