timestamp,signal,order_id,trades
2025-11-18 09:00:00+00:00,"Signal(ts=2025-11-18 09:00:00+00:00, action=HOLD, qty=0, strategy=MACross)",,[]
2025-11-18 09:02:00+00:00,"Signal(ts=2025-11-18 09:02:00+00:00, action=HOLD, qty=0, strategy=MACross)",,[]
2025-11-18 09:03:00+00:00,"Signal(ts=2025-11-18 09:03:00+00:00, action=HOLD, qty=0, strategy=MACross)",,[]
2025-11-18 09:04:00+00:00,"Signal(ts=2025-11-18 09:04:00+00:00, action=HOLD, qty=0, strategy=MACross)",,[]
2025-11-18 09:05:00+00:00,"Signal(ts=2025-11-18 09:05:00+00:00, action=HOLD, qty=0, strategy=MACross)",,[]
2025-11-18 09:06:00+00:00,"Signal(ts=2025-11-18 09:06:00+00:00, action=HOLD, qty=0, strategy=MACross)",,[]
2025-11-18 09:07:00+00:00,"Signal(ts=2025-11-18 09:07:00+00:00, action=HOLD, qty=0, strategy=MACross)",,[]
2025-11-18 09:08:00+00:00,"Signal(ts=2025-11-18 09:08:00+00:00, action=HOLD, qty=0, strategy=MACross)",,[]
2025-11-18 09:09:00+00:00,"Signal(ts=2025-11-18 09:09:00+00:00, action=HOLD, qty=0, strategy=MACross)",,[]
2025-11-18 09:10:00+00:00,"Signal(ts=2025-11-18 09:10:00+00:00, action=HOLD, qty=0, strategy=MACross)",,[]
2025-11-18 09:12:00+00:00,"Signal(ts=2025-11-18 09:12:00+00:00, action=HOLD, qty=0, strategy=MACross)",,[]
2025-11-18 09:13:00+00:00,"Signal(ts=2025-11-18 09:13:00+00:00, action=HOLD, qty=0, strategy=MACross)",,[]
2025-11-18 09:14:00+00:00,"Signal(ts=2025-11-18 09:14:00+00:00, action=HOLD, qty=0, strategy=MACross)",,[]
2025-11-18 09:15:00+00:00,"Signal(ts=2025-11-18 09:15:00+00:00, action=HOLD, qty=0, strategy=MACross)",,[]
2025-11-18 09:16:00+00:00,"Signal(ts=2025-11-18 09:16:00+00:00, action=HOLD, qty=0, strategy=MACross)",,[]
2025-11-18 09:17:00+00:00,"Signal(ts=2025-11-18 09:17:00+00:00, action=HOLD, qty=0, strategy=MACross)",,[]
2025-11-18 09:19:00+00:00,"Signal(ts=2025-11-18 09:19:00+00:00, action=HOLD, qty=0, strategy=MACross)",,[]
2025-11-18 09:20:00+00:00,"Signal(ts=2025-11-18 09:20:00+00:00, action=HOLD, qty=0, strategy=MACross)",,[]
2025-11-18 09:21:00+00:00,"Signal(ts=2025-11-18 09:21:00+00:00, action=HOLD, qty=0, strategy=MACross)",,[]
2025-11-18 09:22:00+00:00,"Signal(ts=2025-11-18 09:22:00+00:00, action=BUY, qty=1, strategy=MACross)",7b2ebb29-02a4-4250-bac7-39221ea31994,[]
2025-11-18 09:23:00+00:00,"Signal(ts=2025-11-18 09:23:00+00:00, action=BUY, qty=1, strategy=MACross)",64d0b087-7a7e-46e8-a6a3-ef8dab94754d,[]
2025-11-18 09:24:00+00:00,"Signal(ts=2025-11-18 09:24:00+00:00, action=SELL, qty=1, strategy=MACross)",53014ad7-f34a-49f7-9549-dc5471c7c3d6,"[{'price': 267.6, 'qty': 1, 'buy_id': '7b2ebb29-02a4-4250-bac7-39221ea31994', 'sell_id': '53014ad7-f34a-49f7-9549-dc5471c7c3d6', 'timestamp': 1763957792.6123433}]"
2025-11-18 09:25:00+00:00,"Signal(ts=2025-11-18 09:25:00+00:00, action=SELL, qty=1, strategy=MACross)",d7f26ef4-784c-454d-b4ab-55534c3e3ef5,[]
2025-11-18 09:26:00+00:00,"Signal(ts=2025-11-18 09:26:00+00:00, action=SELL, qty=1, strategy=MACross)",98598b9f-339a-4ff7-a2a8-df9a8cb81229,[]
2025-11-18 09:27:00+00:00,"Signal(ts=2025-11-18 09:27:00+00:00, action=SELL, qty=1, strategy=MACross)",b4865bf3-8a8d-4c3f-99ca-0edc052437e1,"[{'price': 267.42, 'qty': 1, 'buy_id': '64d0b087-7a7e-46e8-a6a3-ef8dab94754d', 'sell_id': 'b4865bf3-8a8d-4c3f-99ca-0edc052437e1', 'timestamp': 1763957792.6153126}]"
2025-11-18 09:28:00+00:00,"Signal(ts=2025-11-18 09:28:00+00:00, action=SELL, qty=1, strategy=MACross)",d2a38227-74f4-46ff-a28b-3f493eff52ea,[]
2025-11-18 09:30:00+00:00,"Signal(ts=2025-11-18 09:30:00+00:00, action=SELL, qty=1, strategy=MACross)",0b8c1e2d-0b74-4d5c-9709-6cf2a3757967,[]
2025-11-18 09:32:00+00:00,"Signal(ts=2025-11-18 09:32:00+00:00, action=SELL, qty=1, strategy=MACross)",ccd710b2-6160-451d-b3ca-b30d5cda4486,[]
2025-11-18 09:33:00+00:00,"Signal(ts=2025-11-18 09:33:00+00:00, action=SELL, qty=1, strategy=MACross)",b69704ff-749d-4079-a6ee-e3cf675a1296,[]
2025-11-18 09:34:00+00:00,"Signal(ts=2025-11-18 09:34:00+00:00, action=SELL, qty=1, strategy=MACross)",3504c66c-f2ad-4e96-ae1f-c20fa58b122e,[]
2025-11-18 09:35:00+00:00,"Signal(ts=2025-11-18 09:35:00+00:00, action=SELL, qty=1, strategy=MACross)",bf08fd30-3017-4dcf-9875-e72dd303688e,[]
2025-11-18 09:36:00+00:00,"Signal(ts=2025-11-18 09:36:00+00:00, action=SELL, qty=1, strategy=MACross)",76294879-a25b-407b-9311-32cf9a0c6bf0,[]
2025-11-18 09:38:00+00:00,"Signal(ts=2025-11-18 09:38:00+00:00, action=SELL, qty=1, strategy=MACross)",17fce80a-60f0-41b4-ba73-d2f94bf8da67,[]
2025-11-18 09:39:00+00:00,"Signal(ts=2025-11-18 09:39:00+00:00, action=SELL, qty=1, strategy=MACross)",727fd6c0-350a-4d7e-b1da-c6cb5806660f,[]
2025-11-18 09:40:00+00:00,"Signal(ts=2025-11-18 09:40:00+00:00, action=SELL, qty=1, strategy=MACross)",0001eede-b777-4d91-806b-ba0431bd8104,[]
2025-11-18 09:41:00+00:00,"Signal(ts=2025-11-18 09:41:00+00:00, action=SELL, qty=1, strategy=MACross)",250e1004-38f9-491f-ac15-2ea6e52d1eb0,[]
2025-11-18 09:42:00+00:00,"Signal(ts=2025-11-18 09:42:00+00:00, action=SELL, qty=1, strategy=MACross)",a37ebe40-8e52-4c91-98cd-7a3f9457a786,[]
2025-11-18 09:44:00+00:00,"Signal(ts=2025-11-18 09:44:00+00:00, action=SELL, qty=1, strategy=MACross)",a6a07516-b8d2-4a4f-a43c-db4e6a271fbf,[]
2025-11-18 09:45:00+00:00,"Signal(ts=2025-11-18 09:45:00+00:00, action=SELL, qty=1, strategy=MACross)",059a03f9-1d19-4117-b7e3-aa4bf1241535,[]
2025-11-18 09:46:00+00:00,"Signal(ts=2025-11-18 09:46:00+00:00, action=SELL, qty=1, strategy=MACross)",aa230bea-40a2-4e5b-8506-881dc447ac4e,[]
2025-11-18 09:47:00+00:00,"Signal(ts=2025-11-18 09:47:00+00:00, action=SELL, qty=1, strategy=MACross)",07de9bdf-d8f5-4d34-9b1c-61a1ec627482,[]
2025-11-18 09:48:00+00:00,"Signal(ts=2025-11-18 09:48:00+00:00, action=SELL, qty=1, strategy=MACross)",b3cf04ed-b216-4d02-9bf8-49048a4f7faa,[]
2025-11-18 09:49:00+00:00,"Signal(ts=2025-11-18 09:49:00+00:00, action=SELL, qty=1, strategy=MACross)",9adff7ef-5fca-491f-8865-c8587228beb0,[]
2025-11-18 09:50:00+00:00,"Signal(ts=2025-11-18 09:50:00+00:00, action=SELL, qty=1, strategy=MACross)",a0feb94c-74f5-4d26-a7fb-a755587611c0,[]
2025-11-18 09:51:00+00:00,"Signal(ts=2025-11-18 09:51:00+00:00, action=BUY, qty=1, strategy=MACross)",78319b87-054b-4a46-9106-76a16e6cb496,"[{'price': 267.3, 'qty': 1, 'buy_id': '78319b87-054b-4a46-9106-76a16e6cb496', 'sell_id': '76294879-a25b-407b-9311-32cf9a0c6bf0', 'timestamp': 1763957792.6340613}]"
2025-11-18 09:52:00+00:00,"Signal(ts=2025-11-18 09:52:00+00:00, action=BUY, qty=1, strategy=MACross)",b7d55ee7-4dd5-431f-83f9-475713b60015,"[{'price': 267.38, 'qty': 1, 'buy_id': 'b7d55ee7-4dd5-431f-83f9-475713b60015', 'sell_id': '0001eede-b777-4d91-806b-ba0431bd8104', 'timestamp': 1763957792.634393}]"
2025-11-18 09:54:00+00:00,"Signal(ts=2025-11-18 09:54:00+00:00, action=BUY, qty=1, strategy=MACross)",0529fa9c-e9c2-46f6-a61d-df568d6ed668,"[{'price': 267.46, 'qty': 1, 'buy_id': '0529fa9c-e9c2-46f6-a61d-df568d6ed668', 'sell_id': '17fce80a-60f0-41b4-ba73-d2f94bf8da67', 'timestamp': 1763957792.635595}]"
2025-11-18 09:55:00+00:00,"Signal(ts=2025-11-18 09:55:00+00:00, action=BUY, qty=1, strategy=MACross)",062e21dc-f5c4-4550-be31-ee26a3f5a505,"[{'price': 267.47, 'qty': 1, 'buy_id': '062e21dc-f5c4-4550-be31-ee26a3f5a505', 'sell_id': 'a37ebe40-8e52-4c91-98cd-7a3f9457a786', 'timestamp': 1763957792.635595}]"
2025-11-18 09:56:00+00:00,"Signal(ts=2025-11-18 09:56:00+00:00, action=BUY, qty=1, strategy=MACross)",995a1c81-5882-4c53-8121-d1165ceb6510,"[{'price': 267.47, 'qty': 1, 'buy_id': '995a1c81-5882-4c53-8121-d1165ceb6510', 'sell_id': '059a03f9-1d19-4117-b7e3-aa4bf1241535', 'timestamp': 1763957792.635595}]"
2025-11-18 09:57:00+00:00,"Signal(ts=2025-11-18 09:57:00+00:00, action=BUY, qty=1, strategy=MACross)",d4dc2b38-b656-4a14-88e7-f1536da010ff,"[{'price': 267.47, 'qty': 1, 'buy_id': 'd4dc2b38-b656-4a14-88e7-f1536da010ff', 'sell_id': '9adff7ef-5fca-491f-8865-c8587228beb0', 'timestamp': 1763957792.635595}]"
2025-11-18 09:58:00+00:00,"Signal(ts=2025-11-18 09:58:00+00:00, action=BUY, qty=1, strategy=MACross)",e93e4683-8105-491d-9137-1cdeb09266e1,"[{'price': 267.48, 'qty': 1, 'buy_id': 'e93e4683-8105-491d-9137-1cdeb09266e1', 'sell_id': '250e1004-38f9-491f-ac15-2ea6e52d1eb0', 'timestamp': 1763957792.6395016}]"
2025-11-18 09:59:00+00:00,"Signal(ts=2025-11-18 09:59:00+00:00, action=BUY, qty=1, strategy=MACross)",c76e84c1-bbec-498f-bb3d-7d24ab873e97,"[{'price': 267.48, 'qty': 1, 'buy_id': 'c76e84c1-bbec-498f-bb3d-7d24ab873e97', 'sell_id': 'a6a07516-b8d2-4a4f-a43c-db4e6a271fbf', 'timestamp': 1763957792.6405873}]"
2025-11-18 10:01:00+00:00,"Signal(ts=2025-11-18 10:01:00+00:00, action=BUY, qty=1, strategy=MACross)",57fff31f-46ff-44d2-b1f4-85483077dc5a,"[{'price': 267.48, 'qty': 1, 'buy_id': '57fff31f-46ff-44d2-b1f4-85483077dc5a', 'sell_id': 'aa230bea-40a2-4e5b-8506-881dc447ac4e', 'timestamp': 1763957792.6415918}]"
2025-11-18 10:02:00+00:00,"Signal(ts=2025-11-18 10:02:00+00:00, action=BUY, qty=2, strategy=MACross)",1a3a4a79-f730-4798-9524-d952baec95fc,"[{'price': 267.5, 'qty': 1, 'buy_id': '1a3a4a79-f730-4798-9524-d952baec95fc', 'sell_id': '727fd6c0-350a-4d7e-b1da-c6cb5806660f', 'timestamp': 1763957792.6425912}, {'price': 267.53, 'qty': 1, 'buy_id': '1a3a4a79-f730-4798-9524-d952baec95fc', 'sell_id': '07de9bdf-d8f5-4d34-9b1c-61a1ec627482', 'timestamp': 1763957792.6425912}]"
2025-11-18 10:03:00+00:00,"Signal(ts=2025-11-18 10:03:00+00:00, action=BUY, qty=2, strategy=MACross)",5c68d01c-9815-4ae0-8bf2-661c5305ab30,"[{'price': 267.55, 'qty': 1, 'buy_id': '5c68d01c-9815-4ae0-8bf2-661c5305ab30', 'sell_id': 'b3cf04ed-b216-4d02-9bf8-49048a4f7faa', 'timestamp': 1763957792.6425912}, {'price': 267.56, 'qty': 1, 'buy_id': '5c68d01c-9815-4ae0-8bf2-661c5305ab30', 'sell_id': '0b8c1e2d-0b74-4d5c-9709-6cf2a3757967', 'timestamp': 1763957792.6425912}]"
2025-11-18 10:04:00+00:00,"Signal(ts=2025-11-18 10:04:00+00:00, action=BUY, qty=2, strategy=MACross)",d4c44dba-def8-47bf-b6e5-be0bbeefcd05,"[{'price': 267.58, 'qty': 1, 'buy_id': 'd4c44dba-def8-47bf-b6e5-be0bbeefcd05', 'sell_id': 'bf08fd30-3017-4dcf-9875-e72dd303688e', 'timestamp': 1763957792.644061}, {'price': 267.6, 'qty': 1, 'buy_id': 'd4c44dba-def8-47bf-b6e5-be0bbeefcd05', 'sell_id': 'a0feb94c-74f5-4d26-a7fb-a755587611c0', 'timestamp': 1763957792.644061}]"
2025-11-18 10:06:00+00:00,"Signal(ts=2025-11-18 10:06:00+00:00, action=BUY, qty=2, strategy=MACross)",d373f31f-45e4-4449-845e-be6a064a1757,"[{'price': 267.61, 'qty': 1, 'buy_id': 'd373f31f-45e4-4449-845e-be6a064a1757', 'sell_id': 'd7f26ef4-784c-454d-b4ab-55534c3e3ef5', 'timestamp': 1763957792.6464856}, {'price': 267.61, 'qty': 1, 'buy_id': 'd373f31f-45e4-4449-845e-be6a064a1757', 'sell_id': '98598b9f-339a-4ff7-a2a8-df9a8cb81229', 'timestamp': 1763957792.6464856}]"
2025-11-18 10:07:00+00:00,"Signal(ts=2025-11-18 10:07:00+00:00, action=BUY, qty=1, strategy=MACross)",a0acb5c0-0d95-4978-9c7a-7e20dc346e32,"[{'price': 267.62, 'qty': 1, 'buy_id': 'a0acb5c0-0d95-4978-9c7a-7e20dc346e32', 'sell_id': 'd2a38227-74f4-46ff-a28b-3f493eff52ea', 'timestamp': 1763957792.6475048}]"
2025-11-18 10:08:00+00:00,"Signal(ts=2025-11-18 10:08:00+00:00, action=BUY, qty=1, strategy=MACross)",330b92a7-a01c-41bc-830a-f53be91c783d,"[{'price': 267.66, 'qty': 1, 'buy_id': '330b92a7-a01c-41bc-830a-f53be91c783d', 'sell_id': 'ccd710b2-6160-451d-b3ca-b30d5cda4486', 'timestamp': 1763957792.6487563}]"
2025-11-18 10:09:00+00:00,"Signal(ts=2025-11-18 10:09:00+00:00, action=BUY, qty=1, strategy=MACross)",019bbc36-7ab3-41bf-968e-b7e0a3d3142e,"[{'price': 267.66, 'qty': 1, 'buy_id': '019bbc36-7ab3-41bf-968e-b7e0a3d3142e', 'sell_id': 'b69704ff-749d-4079-a6ee-e3cf675a1296', 'timestamp': 1763957792.6487563}]"
2025-11-18 10:10:00+00:00,"Signal(ts=2025-11-18 10:10:00+00:00, action=BUY, qty=1, strategy=MACross)",66de4da1-ce57-4466-9dc5-13f484e3934a,"[{'price': 267.66, 'qty': 1, 'buy_id': '66de4da1-ce57-4466-9dc5-13f484e3934a', 'sell_id': '3504c66c-f2ad-4e96-ae1f-c20fa58b122e', 'timestamp': 1763957792.6503186}]"
2025-11-18 10:11:00+00:00,"Signal(ts=2025-11-18 10:11:00+00:00, action=BUY, qty=1, strategy=MACross)",e6c03b5f-27a6-47f0-be45-5d049bd5ce5e,[]
2025-11-18 10:12:00+00:00,"Signal(ts=2025-11-18 10:12:00+00:00, action=BUY, qty=1, strategy=MACross)",0e61801e-1fce-4572-8e52-7dcc9c7b7cdb,[]
2025-11-18 10:13:00+00:00,"Signal(ts=2025-11-18 10:13:00+00:00, action=SELL, qty=1, strategy=MACross)",d1d5066b-450d-4b13-86f1-f65ba1498a6f,"[{'price': 268.2, 'qty': 1, 'buy_id': 'e6c03b5f-27a6-47f0-be45-5d049bd5ce5e', 'sell_id': 'd1d5066b-450d-4b13-86f1-f65ba1498a6f', 'timestamp': 1763957792.6541755}]"
2025-11-18 10:14:00+00:00,"Signal(ts=2025-11-18 10:14:00+00:00, action=SELL, qty=1, strategy=MACross)",93fd97b5-afe3-424e-beef-9444490ff038,"[{'price': 268.21, 'qty': 1, 'buy_id': '0e61801e-1fce-4572-8e52-7dcc9c7b7cdb', 'sell_id': '93fd97b5-afe3-424e-beef-9444490ff038', 'timestamp': 1763957792.6550753}]"
2025-11-18 10:17:00+00:00,"Signal(ts=2025-11-18 10:17:00+00:00, action=SELL, qty=1, strategy=MACross)",ce37f570-7e84-432d-8dd9-fb078e7656a1,[]
2025-11-18 10:18:00+00:00,"Signal(ts=2025-11-18 10:18:00+00:00, action=SELL, qty=1, strategy=MACross)",2e120375-fd9b-46d6-8917-0c3a82ea45cc,[]
2025-11-18 10:19:00+00:00,"Signal(ts=2025-11-18 10:19:00+00:00, action=SELL, qty=1, strategy=MACross)",148e6b09-2634-4133-aed0-01e0e220703c,[]
2025-11-18 10:20:00+00:00,"Signal(ts=2025-11-18 10:20:00+00:00, action=SELL, qty=1, strategy=MACross)",ae5ee7dd-1604-42a1-86ec-8dbd6008ce7b,[]
2025-11-18 10:26:00+00:00,"Signal(ts=2025-11-18 10:26:00+00:00, action=SELL, qty=1, strategy=MACross)",1259427b-1571-4bb9-9a7d-713105471426,[]
2025-11-18 10:27:00+00:00,"Signal(ts=2025-11-18 10:27:00+00:00, action=SELL, qty=1, strategy=MACross)",02c5c955-36ca-48de-a52b-021b6e9e92a2,[]
2025-11-18 10:28:00+00:00,"Signal(ts=2025-11-18 10:28:00+00:00, action=SELL, qty=1, strategy=MACross)",71ec0a7d-016d-49f3-9708-47767d188118,[]
2025-11-18 10:29:00+00:00,"Signal(ts=2025-11-18 10:29:00+00:00, action=BUY, qty=1, strategy=MACross)",774cb8df-daff-408e-b5b7-dfca8d013d97,"[{'price': 268.2, 'qty': 1, 'buy_id': '774cb8df-daff-408e-b5b7-dfca8d013d97', 'sell_id': 'ce37f570-7e84-432d-8dd9-fb078e7656a1', 'timestamp': 1763957792.6647708}]"
2025-11-18 10:30:00+00:00,"Signal(ts=2025-11-18 10:30:00+00:00, action=BUY, qty=1, strategy=MACross)",c91d8fdf-3421-47e6-a388-afdd6f525eb2,"[{'price': 268.2, 'qty': 1, 'buy_id': 'c91d8fdf-3421-47e6-a388-afdd6f525eb2', 'sell_id': '1259427b-1571-4bb9-9a7d-713105471426', 'timestamp': 1763957792.666772}]"
2025-11-18 10:31:00+00:00,"Signal(ts=2025-11-18 10:31:00+00:00, action=BUY, qty=1, strategy=MACross)",20402d63-3e61-490a-8a0e-ecdeadf02394,"[{'price': 268.3, 'qty': 1, 'buy_id': '20402d63-3e61-490a-8a0e-ecdeadf02394', 'sell_id': '02c5c955-36ca-48de-a52b-021b6e9e92a2', 'timestamp': 1763957792.6679418}]"
2025-11-18 10:32:00+00:00,"Signal(ts=2025-11-18 10:32:00+00:00, action=BUY, qty=1, strategy=MACross)",5467b4f5-5df4-4a77-963b-58831cfee169,"[{'price': 268.37, 'qty': 1, 'buy_id': '5467b4f5-5df4-4a77-963b-58831cfee169', 'sell_id': '71ec0a7d-016d-49f3-9708-47767d188118', 'timestamp': 1763957792.6696246}]"
2025-11-18 10:33:00+00:00,"Signal(ts=2025-11-18 10:33:00+00:00, action=BUY, qty=1, strategy=MACross)",879c840c-dd6b-445c-ae79-90037d0deab1,"[{'price': 268.41, 'qty': 1, 'buy_id': '879c840c-dd6b-445c-ae79-90037d0deab1', 'sell_id': 'ae5ee7dd-1604-42a1-86ec-8dbd6008ce7b', 'timestamp': 1763957792.6699314}]"
2025-11-18 10:34:00+00:00,"Signal(ts=2025-11-18 10:34:00+00:00, action=BUY, qty=1, strategy=MACross)",e048c48c-3ce9-4801-84be-4b1fb1b4b915,"[{'price': 268.43, 'qty': 1, 'buy_id': 'e048c48c-3ce9-4801-84be-4b1fb1b4b915', 'sell_id': '148e6b09-2634-4133-aed0-01e0e220703c', 'timestamp': 1763957792.6709337}]"
2025-11-18 10:35:00+00:00,"Signal(ts=2025-11-18 10:35:00+00:00, action=BUY, qty=1, strategy=MACross)",99350843-4f46-4514-b8e2-0b29f143c9e2,"[{'price': 268.55, 'qty': 1, 'buy_id': '99350843-4f46-4514-b8e2-0b29f143c9e2', 'sell_id': '2e120375-fd9b-46d6-8917-0c3a82ea45cc', 'timestamp': 1763957792.671933}]"
2025-11-18 10:37:00+00:00,"Signal(ts=2025-11-18 10:37:00+00:00, action=BUY, qty=1, strategy=MACross)",51d49d23-c723-4fc7-9ee4-4936f0cbec29,[]
2025-11-18 10:38:00+00:00,"Signal(ts=2025-11-18 10:38:00+00:00, action=BUY, qty=2, strategy=MACross)",5b3bdbf7-6230-4dec-b2b0-2bb29dc18e53,[]
2025-11-18 10:40:00+00:00,"Signal(ts=2025-11-18 10:40:00+00:00, action=BUY, qty=2, strategy=MACross)",42a25d94-2e22-4915-9b31-48d2254c94c3,[]
2025-11-18 10:44:00+00:00,"Signal(ts=2025-11-18 10:44:00+00:00, action=BUY, qty=2, strategy=MACross)",126bc753-224c-4f54-a01b-23743097064a,[]
2025-11-18 10:45:00+00:00,"Signal(ts=2025-11-18 10:45:00+00:00, action=BUY, qty=2, strategy=MACross)",84b60824-42d8-461e-9189-a380451d28aa,[]
2025-11-18 10:46:00+00:00,"Signal(ts=2025-11-18 10:46:00+00:00, action=BUY, qty=2, strategy=MACross)",d82f82b1-c2e2-4e80-a864-db3509dd7325,[]
2025-11-18 10:47:00+00:00,"Signal(ts=2025-11-18 10:47:00+00:00, action=BUY, qty=1, strategy=MACross)",cb01607b-5d95-4219-8862-396a9434c170,[]
2025-11-18 10:48:00+00:00,"Signal(ts=2025-11-18 10:48:00+00:00, action=BUY, qty=1, strategy=MACross)",cbb326bd-3eae-4b72-8caf-24fbe2c82013,[]
2025-11-18 10:49:00+00:00,"Signal(ts=2025-11-18 10:49:00+00:00, action=BUY, qty=1, strategy=MACross)",56cd6db1-e05d-4f97-a3d7-5a78bf3684dc,[]
2025-11-18 10:50:00+00:00,"Signal(ts=2025-11-18 10:50:00+00:00, action=BUY, qty=1, strategy=MACross)",07e497b4-e741-44cf-96f7-082388fb231f,[]
2025-11-18 10:53:00+00:00,"Signal(ts=2025-11-18 10:53:00+00:00, action=BUY, qty=1, strategy=MACross)",955a09f6-c51b-4743-b0f9-6af7c1e8d2f9,[]
2025-11-18 10:54:00+00:00,"Signal(ts=2025-11-18 10:54:00+00:00, action=BUY, qty=1, strategy=MACross)",9e7f1129-aaa8-4bca-b54f-59fa8ded7c30,[]
2025-11-18 10:55:00+00:00,"Signal(ts=2025-11-18 10:55:00+00:00, action=SELL, qty=1, strategy=MACross)",5a730c07-46f0-4d38-8ed8-df6621b03c80,"[{'price': 269.17, 'qty': 1, 'buy_id': '42a25d94-2e22-4915-9b31-48d2254c94c3', 'sell_id': '5a730c07-46f0-4d38-8ed8-df6621b03c80', 'timestamp': 1763957792.688468}]"
2025-11-18 10:57:00+00:00,"Signal(ts=2025-11-18 10:57:00+00:00, action=SELL, qty=1, strategy=MACross)",bc2f3f71-b781-4578-aad7-22af8462aed9,"[{'price': 269.3, 'qty': 1, 'buy_id': '42a25d94-2e22-4915-9b31-48d2254c94c3', 'sell_id': 'bc2f3f71-b781-4578-aad7-22af8462aed9', 'timestamp': 1763957792.6906056}]"
2025-11-18 10:58:00+00:00,"Signal(ts=2025-11-18 10:58:00+00:00, action=SELL, qty=1, strategy=MACross)",0c985c92-1f75-40d3-ba38-3d4a45c14b48,"[{'price': 269.3, 'qty': 1, 'buy_id': '126bc753-224c-4f54-a01b-23743097064a', 'sell_id': '0c985c92-1f75-40d3-ba38-3d4a45c14b48', 'timestamp': 1763957792.6926594}]"
2025-11-18 11:01:00+00:00,"Signal(ts=2025-11-18 11:01:00+00:00, action=SELL, qty=1, strategy=MACross)",81293b8f-8f89-4155-b23f-4d5c09fc8663,"[{'price': 269.38, 'qty': 1, 'buy_id': '126bc753-224c-4f54-a01b-23743097064a', 'sell_id': '81293b8f-8f89-4155-b23f-4d5c09fc8663', 'timestamp': 1763957792.6936586}]"
2025-11-18 11:03:00+00:00,"Signal(ts=2025-11-18 11:03:00+00:00, action=SELL, qty=1, strategy=MACross)",a25ef977-fa8e-47f3-a0c0-1647ee55545a,"[{'price': 269.25, 'qty': 1, 'buy_id': '84b60824-42d8-461e-9189-a380451d28aa', 'sell_id': 'a25ef977-fa8e-47f3-a0c0-1647ee55545a', 'timestamp': 1763957792.6961014}]"
2025-11-18 11:04:00+00:00,"Signal(ts=2025-11-18 11:04:00+00:00, action=SELL, qty=1, strategy=MACross)",c3f25368-7d26-4ac3-bd3f-e771e72d322e,[]
2025-11-18 11:05:00+00:00,"Signal(ts=2025-11-18 11:05:00+00:00, action=BUY, qty=1, strategy=MACross)",b0132e44-dd01-47ad-a16c-cef83437d5a1,[]
2025-11-18 11:06:00+00:00,"Signal(ts=2025-11-18 11:06:00+00:00, action=BUY, qty=1, strategy=MACross)",4f39e49d-d2b0-403a-8c75-16d7b46ce965,"[{'price': 269.43, 'qty': 1, 'buy_id': '4f39e49d-d2b0-403a-8c75-16d7b46ce965', 'sell_id': 'c3f25368-7d26-4ac3-bd3f-e771e72d322e', 'timestamp': 1763957792.7007425}]"
2025-11-18 11:07:00+00:00,"Signal(ts=2025-11-18 11:07:00+00:00, action=BUY, qty=1, strategy=MACross)",ce3d4a1a-3bd0-4d13-9733-deeb804f2438,[]
2025-11-18 11:08:00+00:00,"Signal(ts=2025-11-18 11:08:00+00:00, action=BUY, qty=1, strategy=MACross)",4e351c73-8744-4b3f-aed8-5a338076018e,[]
2025-11-18 11:09:00+00:00,"Signal(ts=2025-11-18 11:09:00+00:00, action=BUY, qty=1, strategy=MACross)",34952ede-70df-4fa8-89b7-2196a1237385,[]
2025-11-18 11:10:00+00:00,"Signal(ts=2025-11-18 11:10:00+00:00, action=BUY, qty=1, strategy=MACross)",c3e44e88-5e08-4f46-ab0a-a73757735d38,[]
2025-11-18 11:11:00+00:00,"Signal(ts=2025-11-18 11:11:00+00:00, action=BUY, qty=1, strategy=MACross)",53e1c019-cf57-4209-8c18-a2e2f44f4132,[]
2025-11-18 11:13:00+00:00,"Signal(ts=2025-11-18 11:13:00+00:00, action=BUY, qty=1, strategy=MACross)",ddc14951-31b3-4649-8b7c-ea877520e8c6,[]
2025-11-18 11:14:00+00:00,"Signal(ts=2025-11-18 11:14:00+00:00, action=BUY, qty=1, strategy=MACross)",0d33624d-53f0-4100-a847-a6f2abf1cd99,[]
2025-11-18 11:15:00+00:00,"Signal(ts=2025-11-18 11:15:00+00:00, action=SELL, qty=1, strategy=MACross)",c0380616-7779-4e80-8494-adfcb2394108,"[{'price': 268.85, 'qty': 1, 'buy_id': 'ce3d4a1a-3bd0-4d13-9733-deeb804f2438', 'sell_id': 'c0380616-7779-4e80-8494-adfcb2394108', 'timestamp': 1763957792.709152}]"
2025-11-18 11:16:00+00:00,"Signal(ts=2025-11-18 11:16:00+00:00, action=SELL, qty=1, strategy=MACross)",3f920540-d279-4f02-9380-2c1482776da3,"[{'price': 268.86, 'qty': 1, 'buy_id': 'b0132e44-dd01-47ad-a16c-cef83437d5a1', 'sell_id': '3f920540-d279-4f02-9380-2c1482776da3', 'timestamp': 1763957792.7099962}]"
2025-11-18 11:18:00+00:00,"Signal(ts=2025-11-18 11:18:00+00:00, action=SELL, qty=1, strategy=MACross)",e5f5feb2-3663-4603-b6b9-91ee4aa7132a,"[{'price': 268.88, 'qty': 1, 'buy_id': '84b60824-42d8-461e-9189-a380451d28aa', 'sell_id': 'e5f5feb2-3663-4603-b6b9-91ee4aa7132a', 'timestamp': 1763957792.7121787}]"
2025-11-18 11:19:00+00:00,"Signal(ts=2025-11-18 11:19:00+00:00, action=SELL, qty=1, strategy=MACross)",d168244a-2e1c-406d-980d-3bc46387f510,"[{'price': 268.89, 'qty': 1, 'buy_id': '07e497b4-e741-44cf-96f7-082388fb231f', 'sell_id': 'd168244a-2e1c-406d-980d-3bc46387f510', 'timestamp': 1763957792.714209}]"
2025-11-18 11:21:00+00:00,"Signal(ts=2025-11-18 11:21:00+00:00, action=SELL, qty=1, strategy=MACross)",0ebca7a4-48e3-47d2-adad-59342fcb0578,"[{'price': 268.89, 'qty': 1, 'buy_id': '4e351c73-8744-4b3f-aed8-5a338076018e', 'sell_id': '0ebca7a4-48e3-47d2-adad-59342fcb0578', 'timestamp': 1763957792.7160485}]"
2025-11-18 11:23:00+00:00,"Signal(ts=2025-11-18 11:23:00+00:00, action=SELL, qty=1, strategy=MACross)",fa82a24a-b27c-470c-ac1e-67d19e4db6eb,"[{'price': 269.15, 'qty': 1, 'buy_id': '9e7f1129-aaa8-4bca-b54f-59fa8ded7c30', 'sell_id': 'fa82a24a-b27c-470c-ac1e-67d19e4db6eb', 'timestamp': 1763957792.7170532}]"
2025-11-18 11:24:00+00:00,"Signal(ts=2025-11-18 11:24:00+00:00, action=SELL, qty=1, strategy=MACross)",c7237431-f51a-4173-8ddb-be76f55c1c43,[]
2025-11-18 11:26:00+00:00,"Signal(ts=2025-11-18 11:26:00+00:00, action=SELL, qty=1, strategy=MACross)",b424a8b0-5301-4ccc-87b1-c6fae4f560c8,"[{'price': 269.11, 'qty': 1, 'buy_id': '34952ede-70df-4fa8-89b7-2196a1237385', 'sell_id': 'b424a8b0-5301-4ccc-87b1-c6fae4f560c8', 'timestamp': 1763957792.719559}]"
2025-11-18 11:27:00+00:00,"Signal(ts=2025-11-18 11:27:00+00:00, action=SELL, qty=1, strategy=MACross)",e1d41df0-3c3b-472a-a398-64a5b100c185,"[{'price': 269.09, 'qty': 1, 'buy_id': 'd82f82b1-c2e2-4e80-a864-db3509dd7325', 'sell_id': 'e1d41df0-3c3b-472a-a398-64a5b100c185', 'timestamp': 1763957792.719559}]"
2025-11-18 11:28:00+00:00,"Signal(ts=2025-11-18 11:28:00+00:00, action=SELL, qty=1, strategy=MACross)",b4e411a2-7104-45e1-a8f8-ead0d4908ff6,"[{'price': 269.0, 'qty': 1, 'buy_id': 'd82f82b1-c2e2-4e80-a864-db3509dd7325', 'sell_id': 'b4e411a2-7104-45e1-a8f8-ead0d4908ff6', 'timestamp': 1763957792.719559}]"
2025-11-18 11:29:00+00:00,"Signal(ts=2025-11-18 11:29:00+00:00, action=SELL, qty=1, strategy=MACross)",5d47d876-2f8f-4865-9687-e14e1a62b7e2,"[{'price': 269.1, 'qty': 1, 'buy_id': 'cb01607b-5d95-4219-8862-396a9434c170', 'sell_id': '5d47d876-2f8f-4865-9687-e14e1a62b7e2', 'timestamp': 1763957792.719559}]"
2025-11-18 11:30:00+00:00,"Signal(ts=2025-11-18 11:30:00+00:00, action=SELL, qty=1, strategy=MACross)",c252676f-1717-4c5a-a80b-737a4de5c72c,[]
2025-11-18 11:31:00+00:00,"Signal(ts=2025-11-18 11:31:00+00:00, action=BUY, qty=1, strategy=MACross)",5eec6dfe-d371-4a5a-a623-af63fa2c0a3e,[]
2025-11-18 11:32:00+00:00,"Signal(ts=2025-11-18 11:32:00+00:00, action=BUY, qty=1, strategy=MACross)",9b688609-2b6f-4716-a544-6bd2a958e5aa,[]
2025-11-18 11:33:00+00:00,"Signal(ts=2025-11-18 11:33:00+00:00, action=BUY, qty=1, strategy=MACross)",f794f7dd-b0d2-4af8-b2bc-6f0c382d77b9,[]
2025-11-18 11:35:00+00:00,"Signal(ts=2025-11-18 11:35:00+00:00, action=BUY, qty=1, strategy=MACross)",82095d16-b2b2-4e99-9304-b0bfc7a86935,[]
2025-11-18 11:36:00+00:00,"Signal(ts=2025-11-18 11:36:00+00:00, action=BUY, qty=1, strategy=MACross)",4e6b2a1d-22c1-48a0-8f7f-bfeb594667da,[]
2025-11-18 11:37:00+00:00,"Signal(ts=2025-11-18 11:37:00+00:00, action=BUY, qty=1, strategy=MACross)",8932fb8b-6522-4334-8374-ad8a3976526c,[]
2025-11-18 11:38:00+00:00,"Signal(ts=2025-11-18 11:38:00+00:00, action=BUY, qty=1, strategy=MACross)",4ad7377d-6c26-476c-867e-7841c9222548,[]
2025-11-18 11:39:00+00:00,"Signal(ts=2025-11-18 11:39:00+00:00, action=BUY, qty=1, strategy=MACross)",55887fed-d74f-49e4-968f-f2ed5cc322b2,[]
2025-11-18 11:40:00+00:00,"Signal(ts=2025-11-18 11:40:00+00:00, action=SELL, qty=1, strategy=MACross)",0357bae6-cf1a-4b9e-abfb-f0338c3dfef5,"[{'price': 268.9, 'qty': 1, 'buy_id': '5eec6dfe-d371-4a5a-a623-af63fa2c0a3e', 'sell_id': '0357bae6-cf1a-4b9e-abfb-f0338c3dfef5', 'timestamp': 1763957792.7384768}]"
2025-11-18 11:41:00+00:00,"Signal(ts=2025-11-18 11:41:00+00:00, action=SELL, qty=1, strategy=MACross)",31e9e03a-4442-49aa-8daa-5b4a3ac08bd1,"[{'price': 269.0, 'qty': 1, 'buy_id': '53e1c019-cf57-4209-8c18-a2e2f44f4132', 'sell_id': '31e9e03a-4442-49aa-8daa-5b4a3ac08bd1', 'timestamp': 1763957792.7400496}]"
2025-11-18 11:42:00+00:00,"Signal(ts=2025-11-18 11:42:00+00:00, action=SELL, qty=1, strategy=MACross)",973c8213-2e58-423f-bad1-c383e52a232b,"[{'price': 269.11, 'qty': 1, 'buy_id': 'c3e44e88-5e08-4f46-ab0a-a73757735d38', 'sell_id': '973c8213-2e58-423f-bad1-c383e52a232b', 'timestamp': 1763957792.740698}]"
2025-11-18 11:43:00+00:00,"Signal(ts=2025-11-18 11:43:00+00:00, action=SELL, qty=1, strategy=MACross)",10ba11fd-4e38-4a20-9279-6c3c911c61e0,"[{'price': 269.0, 'qty': 1, 'buy_id': '9b688609-2b6f-4716-a544-6bd2a958e5aa', 'sell_id': '10ba11fd-4e38-4a20-9279-6c3c911c61e0', 'timestamp': 1763957792.742907}]"
2025-11-18 11:44:00+00:00,"Signal(ts=2025-11-18 11:44:00+00:00, action=SELL, qty=1, strategy=MACross)",ac42be5d-7843-45da-86aa-1645b27d7eb6,"[{'price': 269.03, 'qty': 1, 'buy_id': 'cbb326bd-3eae-4b72-8caf-24fbe2c82013', 'sell_id': 'ac42be5d-7843-45da-86aa-1645b27d7eb6', 'timestamp': 1763957792.743908}]"
2025-11-18 11:45:00+00:00,"Signal(ts=2025-11-18 11:45:00+00:00, action=SELL, qty=1, strategy=MACross)",c356d70c-0aff-405e-b7b2-b0a484017faf,"[{'price': 269.0, 'qty': 1, 'buy_id': '955a09f6-c51b-4743-b0f9-6af7c1e8d2f9', 'sell_id': 'c356d70c-0aff-405e-b7b2-b0a484017faf', 'timestamp': 1763957792.7472196}]"
2025-11-18 11:46:00+00:00,"Signal(ts=2025-11-18 11:46:00+00:00, action=SELL, qty=1, strategy=MACross)",7315d782-d701-42bd-97b1-3b080fe463d8,"[{'price': 269.0, 'qty': 1, 'buy_id': '51d49d23-c723-4fc7-9ee4-4936f0cbec29', 'sell_id': '7315d782-d701-42bd-97b1-3b080fe463d8', 'timestamp': 1763957792.7490602}]"
2025-11-18 11:49:00+00:00,"Signal(ts=2025-11-18 11:49:00+00:00, action=SELL, qty=1, strategy=MACross)",b36f510f-b135-443d-a598-229f74d364d4,"[{'price': 268.95, 'qty': 1, 'buy_id': '5b3bdbf7-6230-4dec-b2b0-2bb29dc18e53', 'sell_id': 'b36f510f-b135-443d-a598-229f74d364d4', 'timestamp': 1763957792.7506654}]"
2025-11-18 11:51:00+00:00,"Signal(ts=2025-11-18 11:51:00+00:00, action=SELL, qty=1, strategy=MACross)",2c30359f-bd80-44c3-a8ab-286a8cd7dcc5,"[{'price': 268.98, 'qty': 1, 'buy_id': '5b3bdbf7-6230-4dec-b2b0-2bb29dc18e53', 'sell_id': '2c30359f-bd80-44c3-a8ab-286a8cd7dcc5', 'timestamp': 1763957792.7520301}]"
2025-11-18 11:53:00+00:00,"Signal(ts=2025-11-18 11:53:00+00:00, action=SELL, qty=1, strategy=MACross)",b5c53ebd-98c4-4372-a5e0-368c16299d73,"[{'price': 268.98, 'qty': 1, 'buy_id': '82095d16-b2b2-4e99-9304-b0bfc7a86935', 'sell_id': 'b5c53ebd-98c4-4372-a5e0-368c16299d73', 'timestamp': 1763957792.753032}]"
2025-11-18 11:54:00+00:00,"Signal(ts=2025-11-18 11:54:00+00:00, action=BUY, qty=1, strategy=MACross)",86e58909-c967-4a63-83ad-fc06e3093cb9,[]
2025-11-18 11:55:00+00:00,"Signal(ts=2025-11-18 11:55:00+00:00, action=BUY, qty=1, strategy=MACross)",fa7cdf20-a00e-4cb1-8e5a-90e0bee64085,[]
2025-11-18 11:56:00+00:00,"Signal(ts=2025-11-18 11:56:00+00:00, action=BUY, qty=1, strategy=MACross)",e4dae260-5e05-4496-98f0-00f02a4289a3,[]
2025-11-18 11:59:00+00:00,"Signal(ts=2025-11-18 11:59:00+00:00, action=BUY, qty=1, strategy=MACross)",83ad8a7f-13da-4f9f-9b9a-103b7eb744b6,[]
2025-11-18 12:00:00+00:00,"Signal(ts=2025-11-18 12:00:00+00:00, action=BUY, qty=1, strategy=MACross)",3574c32d-4a6c-4c39-a45b-27e1fb131aea,[]
2025-11-18 12:01:00+00:00,"Signal(ts=2025-11-18 12:01:00+00:00, action=BUY, qty=1, strategy=MACross)",14f00b39-f867-4d3c-a57b-aff7503d7fd7,[]
2025-11-18 12:02:00+00:00,"Signal(ts=2025-11-18 12:02:00+00:00, action=BUY, qty=1, strategy=MACross)",01f093a2-a944-440a-8bec-21da86a3aeed,[]
2025-11-18 12:03:00+00:00,"Signal(ts=2025-11-18 12:03:00+00:00, action=SELL, qty=1, strategy=MACross)",b3306ddd-8bbc-4596-ba10-74bf3b303202,"[{'price': 268.53, 'qty': 1, 'buy_id': '86e58909-c967-4a63-83ad-fc06e3093cb9', 'sell_id': 'b3306ddd-8bbc-4596-ba10-74bf3b303202', 'timestamp': 1763957792.7660694}]"
2025-11-18 12:04:00+00:00,"Signal(ts=2025-11-18 12:04:00+00:00, action=SELL, qty=1, strategy=MACross)",a740b16b-6513-411d-a090-1508805401f6,"[{'price': 268.52, 'qty': 1, 'buy_id': 'fa7cdf20-a00e-4cb1-8e5a-90e0bee64085', 'sell_id': 'a740b16b-6513-411d-a090-1508805401f6', 'timestamp': 1763957792.7660694}]"
2025-11-18 12:05:00+00:00,"Signal(ts=2025-11-18 12:05:00+00:00, action=SELL, qty=1, strategy=MACross)",ad244c19-856e-4456-a52c-c74345390f2c,"[{'price': 268.54, 'qty': 1, 'buy_id': '83ad8a7f-13da-4f9f-9b9a-103b7eb744b6', 'sell_id': 'ad244c19-856e-4456-a52c-c74345390f2c', 'timestamp': 1763957792.7660694}]"
2025-11-18 12:06:00+00:00,"Signal(ts=2025-11-18 12:06:00+00:00, action=SELL, qty=1, strategy=MACross)",bba02912-349b-4d2d-ab72-4cfae8ed7731,"[{'price': 268.51, 'qty': 1, 'buy_id': '4e6b2a1d-22c1-48a0-8f7f-bfeb594667da', 'sell_id': 'bba02912-349b-4d2d-ab72-4cfae8ed7731', 'timestamp': 1763957792.7660694}]"
2025-11-18 12:07:00+00:00,"Signal(ts=2025-11-18 12:07:00+00:00, action=SELL, qty=1, strategy=MACross)",98e777b2-78b3-47e4-82a4-6f68893ee76e,"[{'price': 268.66, 'qty': 1, 'buy_id': 'e4dae260-5e05-4496-98f0-00f02a4289a3', 'sell_id': '98e777b2-78b3-47e4-82a4-6f68893ee76e', 'timestamp': 1763957792.7718318}]"
2025-11-18 12:08:00+00:00,"Signal(ts=2025-11-18 12:08:00+00:00, action=SELL, qty=1, strategy=MACross)",a5068d8d-74f6-4317-b826-74913b2ad713,"[{'price': 268.6, 'qty': 1, 'buy_id': '14f00b39-f867-4d3c-a57b-aff7503d7fd7', 'sell_id': 'a5068d8d-74f6-4317-b826-74913b2ad713', 'timestamp': 1763957792.7728374}]"
2025-11-18 12:09:00+00:00,"Signal(ts=2025-11-18 12:09:00+00:00, action=SELL, qty=1, strategy=MACross)",8f00fa51-da82-4e58-a04e-d0f41899eaaf,"[{'price': 268.55, 'qty': 1, 'buy_id': 'ddc14951-31b3-4649-8b7c-ea877520e8c6', 'sell_id': '8f00fa51-da82-4e58-a04e-d0f41899eaaf', 'timestamp': 1763957792.7748363}]"
2025-11-18 12:10:00+00:00,"Signal(ts=2025-11-18 12:10:00+00:00, action=SELL, qty=1, strategy=MACross)",320fe393-8f19-4792-b180-f0ffcf622c30,"[{'price': 268.51, 'qty': 1, 'buy_id': 'f794f7dd-b0d2-4af8-b2bc-6f0c382d77b9', 'sell_id': '320fe393-8f19-4792-b180-f0ffcf622c30', 'timestamp': 1763957792.7752335}]"
2025-11-18 12:11:00+00:00,"Signal(ts=2025-11-18 12:11:00+00:00, action=SELL, qty=1, strategy=MACross)",08285e4c-267a-4996-afe5-7572bf8a64d3,"[{'price': 268.5, 'qty': 1, 'buy_id': '56cd6db1-e05d-4f97-a3d7-5a78bf3684dc', 'sell_id': '08285e4c-267a-4996-afe5-7572bf8a64d3', 'timestamp': 1763957792.7785044}]"
2025-11-18 12:12:00+00:00,"Signal(ts=2025-11-18 12:12:00+00:00, action=SELL, qty=1, strategy=MACross)",0ec142e8-211f-47fb-91c0-9add3eab9f26,"[{'price': 268.54, 'qty': 1, 'buy_id': '3574c32d-4a6c-4c39-a45b-27e1fb131aea', 'sell_id': '0ec142e8-211f-47fb-91c0-9add3eab9f26', 'timestamp': 1763957792.7797973}]"
2025-11-18 12:13:00+00:00,"Signal(ts=2025-11-18 12:13:00+00:00, action=SELL, qty=1, strategy=MACross)",011ca9fa-414e-419f-bb95-60be52bd73d9,"[{'price': 268.52, 'qty': 1, 'buy_id': '55887fed-d74f-49e4-968f-f2ed5cc322b2', 'sell_id': '011ca9fa-414e-419f-bb95-60be52bd73d9', 'timestamp': 1763957792.782066}]"
2025-11-18 12:14:00+00:00,"Signal(ts=2025-11-18 12:14:00+00:00, action=SELL, qty=1, strategy=MACross)",2de618d9-335b-4ae8-b6f2-34def5c8b83e,"[{'price': 268.53, 'qty': 1, 'buy_id': '01f093a2-a944-440a-8bec-21da86a3aeed', 'sell_id': '2de618d9-335b-4ae8-b6f2-34def5c8b83e', 'timestamp': 1763957792.7836647}]"
2025-11-18 12:15:00+00:00,"Signal(ts=2025-11-18 12:15:00+00:00, action=SELL, qty=1, strategy=MACross)",7f7c1467-f276-4e39-9ef6-a3866c844bd2,"[{'price': 268.61, 'qty': 1, 'buy_id': '8932fb8b-6522-4334-8374-ad8a3976526c', 'sell_id': '7f7c1467-f276-4e39-9ef6-a3866c844bd2', 'timestamp': 1763957792.7855544}]"
2025-11-18 12:16:00+00:00,"Signal(ts=2025-11-18 12:16:00+00:00, action=SELL, qty=1, strategy=MACross)",eb5a0c30-0506-416c-8c94-e47aff74004f,"[{'price': 268.58, 'qty': 1, 'buy_id': '4ad7377d-6c26-476c-867e-7841c9222548', 'sell_id': 'eb5a0c30-0506-416c-8c94-e47aff74004f', 'timestamp': 1763957792.7867336}]"
2025-11-18 12:17:00+00:00,"Signal(ts=2025-11-18 12:17:00+00:00, action=SELL, qty=1, strategy=MACross)",26ffef7a-1e34-4da7-9b36-d30b7324a2d8,"[{'price': 268.57, 'qty': 1, 'buy_id': '0d33624d-53f0-4100-a847-a6f2abf1cd99', 'sell_id': '26ffef7a-1e34-4da7-9b36-d30b7324a2d8', 'timestamp': 1763957792.7879503}]"
2025-11-18 12:18:00+00:00,"Signal(ts=2025-11-18 12:18:00+00:00, action=SELL, qty=1, strategy=MACross)",7179707c-2600-4b19-9049-08fe5cd9f4a6,[]
2025-11-18 12:19:00+00:00,"Signal(ts=2025-11-18 12:19:00+00:00, action=SELL, qty=1, strategy=MACross)",15627441-f79c-4d58-a45f-672ec375c370,[]
2025-11-18 12:21:00+00:00,"Signal(ts=2025-11-18 12:21:00+00:00, action=SELL, qty=1, strategy=MACross)",173f3fc2-685f-436d-84cc-9ce3b576a9ac,[]
2025-11-18 12:22:00+00:00,"Signal(ts=2025-11-18 12:22:00+00:00, action=BUY, qty=1, strategy=MACross)",1b51eece-dff6-48fd-b421-2fc1b1031ef2,[]
2025-11-18 12:23:00+00:00,"Signal(ts=2025-11-18 12:23:00+00:00, action=BUY, qty=1, strategy=MACross)",5e2d6b59-53e8-4173-8938-093e87c5ff6f,[]
2025-11-18 12:25:00+00:00,"Signal(ts=2025-11-18 12:25:00+00:00, action=BUY, qty=1, strategy=MACross)",8f539eff-a548-462e-896c-1cb6935ef153,[]
2025-11-18 12:26:00+00:00,"Signal(ts=2025-11-18 12:26:00+00:00, action=BUY, qty=1, strategy=MACross)",e251cfdb-6b53-4766-9b98-7254f3397b51,[]
2025-11-18 12:27:00+00:00,"Signal(ts=2025-11-18 12:27:00+00:00, action=BUY, qty=1, strategy=MACross)",dde74dfd-0cde-4f0a-87e1-5e2e3c1f2167,"[{'price': 268.64, 'qty': 1, 'buy_id': 'dde74dfd-0cde-4f0a-87e1-5e2e3c1f2167', 'sell_id': '7179707c-2600-4b19-9049-08fe5cd9f4a6', 'timestamp': 1763957792.8004477}]"
2025-11-18 12:28:00+00:00,"Signal(ts=2025-11-18 12:28:00+00:00, action=BUY, qty=1, strategy=MACross)",556f3196-0e0b-47ab-8361-ff8228155c2b,[]
2025-11-18 12:29:00+00:00,"Signal(ts=2025-11-18 12:29:00+00:00, action=BUY, qty=1, strategy=MACross)",e437309d-2121-4655-b11e-a1fef0dfad00,[]
2025-11-18 12:30:00+00:00,"Signal(ts=2025-11-18 12:30:00+00:00, action=BUY, qty=1, strategy=MACross)",d3005b0b-3201-4b81-a7e0-6d743062176e,[]
2025-11-18 12:31:00+00:00,"Signal(ts=2025-11-18 12:31:00+00:00, action=SELL, qty=1, strategy=MACross)",4bdd4d8b-0872-401c-b2c3-a2b4d6d62bb1,"[{'price': 268.5, 'qty': 1, 'buy_id': 'e251cfdb-6b53-4766-9b98-7254f3397b51', 'sell_id': '4bdd4d8b-0872-401c-b2c3-a2b4d6d62bb1', 'timestamp': 1763957792.8055115}]"
2025-11-18 12:32:00+00:00,"Signal(ts=2025-11-18 12:32:00+00:00, action=SELL, qty=1, strategy=MACross)",123bef79-9c55-48ad-a0e6-1985b0f025f2,"[{'price': 268.48, 'qty': 1, 'buy_id': '1b51eece-dff6-48fd-b421-2fc1b1031ef2', 'sell_id': '123bef79-9c55-48ad-a0e6-1985b0f025f2', 'timestamp': 1763957792.8065233}]"
2025-11-18 12:33:00+00:00,"Signal(ts=2025-11-18 12:33:00+00:00, action=SELL, qty=1, strategy=MACross)",3c4135f8-3af8-48fd-b43e-475172a43350,"[{'price': 268.48, 'qty': 1, 'buy_id': '5e2d6b59-53e8-4173-8938-093e87c5ff6f', 'sell_id': '3c4135f8-3af8-48fd-b43e-475172a43350', 'timestamp': 1763957792.8065233}]"
2025-11-18 12:34:00+00:00,"Signal(ts=2025-11-18 12:34:00+00:00, action=SELL, qty=1, strategy=MACross)",896d5091-f3e0-43e7-bccc-013668740323,"[{'price': 268.51, 'qty': 1, 'buy_id': '8f539eff-a548-462e-896c-1cb6935ef153', 'sell_id': '896d5091-f3e0-43e7-bccc-013668740323', 'timestamp': 1763957792.8103588}]"
2025-11-18 12:35:00+00:00,"Signal(ts=2025-11-18 12:35:00+00:00, action=SELL, qty=1, strategy=MACross)",41f3c1d7-0a9e-4a3a-8f4e-fb5f8025ff1a,"[{'price': 268.48, 'qty': 1, 'buy_id': '556f3196-0e0b-47ab-8361-ff8228155c2b', 'sell_id': '41f3c1d7-0a9e-4a3a-8f4e-fb5f8025ff1a', 'timestamp': 1763957792.8121629}]"
2025-11-18 12:36:00+00:00,"Signal(ts=2025-11-18 12:36:00+00:00, action=SELL, qty=1, strategy=MACross)",f2325a67-9ffe-40ad-9314-5a595155b19c,"[{'price': 268.49, 'qty': 1, 'buy_id': 'd3005b0b-3201-4b81-a7e0-6d743062176e', 'sell_id': 'f2325a67-9ffe-40ad-9314-5a595155b19c', 'timestamp': 1763957792.8145187}]"
2025-11-18 12:37:00+00:00,"Signal(ts=2025-11-18 12:37:00+00:00, action=SELL, qty=1, strategy=MACross)",a18a1382-5cf8-4e23-b35f-c5687ddaebf6,[]
2025-11-18 12:38:00+00:00,"Signal(ts=2025-11-18 12:38:00+00:00, action=SELL, qty=1, strategy=MACross)",a4ea6524-2d49-48c3-9a17-810fe1c186b4,[]
2025-11-18 12:39:00+00:00,"Signal(ts=2025-11-18 12:39:00+00:00, action=SELL, qty=1, strategy=MACross)",396e8ded-9fa2-47ec-86e5-deb15b27ba40,[]
2025-11-18 12:40:00+00:00,"Signal(ts=2025-11-18 12:40:00+00:00, action=SELL, qty=1, strategy=MACross)",04c4b21d-ceea-4c58-8c13-185d75b833a4,[]
2025-11-18 12:41:00+00:00,"Signal(ts=2025-11-18 12:41:00+00:00, action=SELL, qty=1, strategy=MACross)",ee696024-b6d7-4ac2-b21b-266cb1caf30a,[]
2025-11-18 12:42:00+00:00,"Signal(ts=2025-11-18 12:42:00+00:00, action=SELL, qty=1, strategy=MACross)",6b97ce7d-4244-451e-a718-6a6842856a58,[]
2025-11-18 12:43:00+00:00,"Signal(ts=2025-11-18 12:43:00+00:00, action=BUY, qty=1, strategy=MACross)",0f1653d5-b134-4a63-aba3-6ea133174cf1,"[{'price': 268.46, 'qty': 1, 'buy_id': '0f1653d5-b134-4a63-aba3-6ea133174cf1', 'sell_id': '6b97ce7d-4244-451e-a718-6a6842856a58', 'timestamp': 1763957792.8271186}]"
2025-11-18 12:44:00+00:00,"Signal(ts=2025-11-18 12:44:00+00:00, action=BUY, qty=1, strategy=MACross)",554492b4-9198-4c5f-bbbd-aab0daa06dd3,[]
2025-11-18 12:45:00+00:00,"Signal(ts=2025-11-18 12:45:00+00:00, action=SELL, qty=1, strategy=MACross)",7bbfde03-931f-42c8-a555-7e8cdc6a3267,"[{'price': 268.36, 'qty': 1, 'buy_id': 'e437309d-2121-4655-b11e-a1fef0dfad00', 'sell_id': '7bbfde03-931f-42c8-a555-7e8cdc6a3267', 'timestamp': 1763957792.8317468}]"
2025-11-18 12:46:00+00:00,"Signal(ts=2025-11-18 12:46:00+00:00, action=BUY, qty=1, strategy=MACross)",43b06b61-6982-472c-9815-31b29abaf314,"[{'price': 268.48, 'qty': 1, 'buy_id': '43b06b61-6982-472c-9815-31b29abaf314', 'sell_id': 'ee696024-b6d7-4ac2-b21b-266cb1caf30a', 'timestamp': 1763957792.8342433}]"
2025-11-18 12:47:00+00:00,"Signal(ts=2025-11-18 12:47:00+00:00, action=SELL, qty=1, strategy=MACross)",cd1a060c-3f06-49c5-b53d-27dd07fa356c,[]
2025-11-18 12:48:00+00:00,"Signal(ts=2025-11-18 12:48:00+00:00, action=SELL, qty=1, strategy=MACross)",03758860-3f9a-4477-9594-f959ed75be14,[]
2025-11-18 12:49:00+00:00,"Signal(ts=2025-11-18 12:49:00+00:00, action=SELL, qty=1, strategy=MACross)",e474d7ff-948d-4b7d-85a3-b75dc5cecf83,[]
2025-11-18 12:50:00+00:00,"Signal(ts=2025-11-18 12:50:00+00:00, action=SELL, qty=1, strategy=MACross)",89ea52f6-cf78-42b5-8597-00f37fe792d1,[]
2025-11-18 12:51:00+00:00,"Signal(ts=2025-11-18 12:51:00+00:00, action=SELL, qty=1, strategy=MACross)",d746345f-6d65-457e-988e-f59cb067e2e3,[]
2025-11-18 12:52:00+00:00,"Signal(ts=2025-11-18 12:52:00+00:00, action=SELL, qty=1, strategy=MACross)",57d5dde9-e916-4cea-b45b-4199bc6bc381,[]
2025-11-18 12:53:00+00:00,"Signal(ts=2025-11-18 12:53:00+00:00, action=SELL, qty=1, strategy=MACross)",209460bc-8ce7-4a92-ac12-4993701b726c,[]
2025-11-18 12:54:00+00:00,"Signal(ts=2025-11-18 12:54:00+00:00, action=SELL, qty=1, strategy=MACross)",1d4d3c45-9645-42e4-bbbb-1d34b3625c71,"[{'price': 268.3, 'qty': 1, 'buy_id': '554492b4-9198-4c5f-bbbd-aab0daa06dd3', 'sell_id': '1d4d3c45-9645-42e4-bbbb-1d34b3625c71', 'timestamp': 1763957792.8622615}]"
2025-11-18 12:55:00+00:00,"Signal(ts=2025-11-18 12:55:00+00:00, action=SELL, qty=1, strategy=MACross)",9ea2602d-fbb5-4ebf-a883-7100b5999bd0,[]
2025-11-18 12:56:00+00:00,"Signal(ts=2025-11-18 12:56:00+00:00, action=SELL, qty=1, strategy=MACross)",ee8ed78d-769e-4dd3-993c-de1e1fad6c20,[]
2025-11-18 12:57:00+00:00,"Signal(ts=2025-11-18 12:57:00+00:00, action=SELL, qty=1, strategy=MACross)",53943856-312f-49b9-8f4e-844a37131473,[]
2025-11-18 12:58:00+00:00,"Signal(ts=2025-11-18 12:58:00+00:00, action=SELL, qty=1, strategy=MACross)",9754e5b1-ee9c-4473-ba7e-6c16448ce3a6,[]
2025-11-18 12:59:00+00:00,"Signal(ts=2025-11-18 12:59:00+00:00, action=SELL, qty=1, strategy=MACross)",5aac0c2d-eb2c-4dd1-804c-56530f95ab2c,[]
2025-11-18 13:00:00+00:00,"Signal(ts=2025-11-18 13:00:00+00:00, action=SELL, qty=1, strategy=MACross)",cfb21b5a-d175-40df-81dc-ab06f7d16f60,[]
2025-11-18 13:01:00+00:00,"Signal(ts=2025-11-18 13:01:00+00:00, action=SELL, qty=1, strategy=MACross)",2a06e07a-32d7-4f00-9858-423a8593630f,[]
2025-11-18 13:02:00+00:00,"Signal(ts=2025-11-18 13:02:00+00:00, action=SELL, qty=1, strategy=MACross)",f738be3e-48e9-4d1e-985d-1fb0253621a2,[]
2025-11-18 13:03:00+00:00,"Signal(ts=2025-11-18 13:03:00+00:00, action=SELL, qty=1, strategy=MACross)",4f68fa75-a16b-4c07-8b51-23f4ac316332,[]
2025-11-18 13:04:00+00:00,"Signal(ts=2025-11-18 13:04:00+00:00, action=SELL, qty=1, strategy=MACross)",b49d40ec-c12b-4fa7-a8f5-f3bbd9bced35,[]
2025-11-18 13:05:00+00:00,"Signal(ts=2025-11-18 13:05:00+00:00, action=SELL, qty=1, strategy=MACross)",92355341-cd9e-4624-97d8-fcc5991c58dd,[]
2025-11-18 13:06:00+00:00,"Signal(ts=2025-11-18 13:06:00+00:00, action=SELL, qty=1, strategy=MACross)",f6f667e0-83b2-42ea-9bdc-2034d2949009,[]
2025-11-18 13:07:00+00:00,"Signal(ts=2025-11-18 13:07:00+00:00, action=SELL, qty=1, strategy=MACross)",40e29c04-8e86-4558-891b-be3e7ebb31b2,[]
2025-11-18 13:08:00+00:00,"Signal(ts=2025-11-18 13:08:00+00:00, action=SELL, qty=1, strategy=MACross)",c1cf940e-0523-4c50-b275-eb252a126805,[]
2025-11-18 13:09:00+00:00,"Signal(ts=2025-11-18 13:09:00+00:00, action=SELL, qty=1, strategy=MACross)",4e84e220-c77b-4e60-863f-91d8d5c188a9,[]
2025-11-18 13:10:00+00:00,"Signal(ts=2025-11-18 13:10:00+00:00, action=SELL, qty=1, strategy=MACross)",6ead2d0b-cdfe-4fca-a4d5-2e971d37af56,[]
2025-11-18 13:11:00+00:00,"Signal(ts=2025-11-18 13:11:00+00:00, action=BUY, qty=1, strategy=MACross)",50a211ae-f76f-403e-abab-eb359d9f04ce,"[{'price': 267.22, 'qty': 1, 'buy_id': '50a211ae-f76f-403e-abab-eb359d9f04ce', 'sell_id': 'f738be3e-48e9-4d1e-985d-1fb0253621a2', 'timestamp': 1763957792.9052005}]"
2025-11-18 13:12:00+00:00,"Signal(ts=2025-11-18 13:12:00+00:00, action=BUY, qty=1, strategy=MACross)",830a3816-878b-4710-b39c-87f109906fe8,"[{'price': 267.87, 'qty': 1, 'buy_id': '830a3816-878b-4710-b39c-87f109906fe8', 'sell_id': '53943856-312f-49b9-8f4e-844a37131473', 'timestamp': 1763957792.9086099}]"
2025-11-18 13:13:00+00:00,"Signal(ts=2025-11-18 13:13:00+00:00, action=BUY, qty=1, strategy=MACross)",1d5b2f09-150f-48a2-bb10-c0ef49c9dfe6,"[{'price': 268.02, 'qty': 1, 'buy_id': '1d5b2f09-150f-48a2-bb10-c0ef49c9dfe6', 'sell_id': '9754e5b1-ee9c-4473-ba7e-6c16448ce3a6', 'timestamp': 1763957792.9096205}]"
2025-11-18 13:14:00+00:00,"Signal(ts=2025-11-18 13:14:00+00:00, action=BUY, qty=1, strategy=MACross)",95eb21d8-7aae-4c2d-bd81-0fe71ac685b2,"[{'price': 268.07, 'qty': 1, 'buy_id': '95eb21d8-7aae-4c2d-bd81-0fe71ac685b2', 'sell_id': '2a06e07a-32d7-4f00-9858-423a8593630f', 'timestamp': 1763957792.9116163}]"
2025-11-18 13:15:00+00:00,"Signal(ts=2025-11-18 13:15:00+00:00, action=BUY, qty=1, strategy=MACross)",857dfc1c-457f-46a6-b42d-aac19342f43d,"[{'price': 268.08, 'qty': 1, 'buy_id': '857dfc1c-457f-46a6-b42d-aac19342f43d', 'sell_id': '5aac0c2d-eb2c-4dd1-804c-56530f95ab2c', 'timestamp': 1763957792.9150236}]"
2025-11-18 13:16:00+00:00,"Signal(ts=2025-11-18 13:16:00+00:00, action=BUY, qty=1, strategy=MACross)",c2e89e74-5f78-404b-b005-3e1bd96f9fe7,"[{'price': 268.18, 'qty': 1, 'buy_id': 'c2e89e74-5f78-404b-b005-3e1bd96f9fe7', 'sell_id': 'ee8ed78d-769e-4dd3-993c-de1e1fad6c20', 'timestamp': 1763957792.9172947}]"
2025-11-18 13:17:00+00:00,"Signal(ts=2025-11-18 13:17:00+00:00, action=BUY, qty=1, strategy=MACross)",9818aa0e-50a2-4cef-92d9-e2e8a8bc28bd,"[{'price': 268.24, 'qty': 1, 'buy_id': '9818aa0e-50a2-4cef-92d9-e2e8a8bc28bd', 'sell_id': 'cfb21b5a-d175-40df-81dc-ab06f7d16f60', 'timestamp': 1763957792.9193203}]"
2025-11-18 13:18:00+00:00,"Signal(ts=2025-11-18 13:18:00+00:00, action=BUY, qty=1, strategy=MACross)",e5fe6af2-6952-4228-945b-ecd93a288b35,"[{'price': 268.24, 'qty': 1, 'buy_id': 'e5fe6af2-6952-4228-945b-ecd93a288b35', 'sell_id': '4f68fa75-a16b-4c07-8b51-23f4ac316332', 'timestamp': 1763957792.9204266}]"
2025-11-18 13:19:00+00:00,"Signal(ts=2025-11-18 13:19:00+00:00, action=BUY, qty=1, strategy=MACross)",f3dc1b67-b4ca-4b38-8b3f-08ef96326b1c,"[{'price': 268.25, 'qty': 1, 'buy_id': 'f3dc1b67-b4ca-4b38-8b3f-08ef96326b1c', 'sell_id': '6ead2d0b-cdfe-4fca-a4d5-2e971d37af56', 'timestamp': 1763957792.923619}]"
2025-11-18 13:20:00+00:00,"Signal(ts=2025-11-18 13:20:00+00:00, action=BUY, qty=1, strategy=MACross)",5bd72b88-4285-44b3-b5db-91c2d5b64ccd,"[{'price': 268.32, 'qty': 1, 'buy_id': '5bd72b88-4285-44b3-b5db-91c2d5b64ccd', 'sell_id': '9ea2602d-fbb5-4ebf-a883-7100b5999bd0', 'timestamp': 1763957792.9246204}]"
2025-11-18 13:21:00+00:00,"Signal(ts=2025-11-18 13:21:00+00:00, action=BUY, qty=1, strategy=MACross)",8b09c0ad-9ab2-4d8b-84ee-5ca7136259b3,[]
2025-11-18 13:22:00+00:00,"Signal(ts=2025-11-18 13:22:00+00:00, action=BUY, qty=1, strategy=MACross)",55fcb182-61ba-4d74-ac60-a21074b55500,[]
2025-11-18 13:23:00+00:00,"Signal(ts=2025-11-18 13:23:00+00:00, action=SELL, qty=1, strategy=MACross)",405f5419-e568-4502-818a-87462e934d89,"[{'price': 268.16, 'qty': 1, 'buy_id': '55fcb182-61ba-4d74-ac60-a21074b55500', 'sell_id': '405f5419-e568-4502-818a-87462e934d89', 'timestamp': 1763957792.929813}]"
2025-11-18 13:24:00+00:00,"Signal(ts=2025-11-18 13:24:00+00:00, action=SELL, qty=1, strategy=MACross)",ed1e4533-a158-4672-9748-b31aade3f078,[]
2025-11-18 13:25:00+00:00,"Signal(ts=2025-11-18 13:25:00+00:00, action=SELL, qty=1, strategy=MACross)",4d82bedc-87f3-41e7-abd5-284041467714,[]
2025-11-18 13:26:00+00:00,"Signal(ts=2025-11-18 13:26:00+00:00, action=SELL, qty=1, strategy=MACross)",9d7e96f1-9663-4e64-9688-4a38ece46e35,[]
2025-11-18 13:27:00+00:00,"Signal(ts=2025-11-18 13:27:00+00:00, action=SELL, qty=1, strategy=MACross)",647861d8-1a5b-401e-bbbf-4915f9be4a2b,"[{'price': 268.08, 'qty': 1, 'buy_id': '8b09c0ad-9ab2-4d8b-84ee-5ca7136259b3', 'sell_id': '647861d8-1a5b-401e-bbbf-4915f9be4a2b', 'timestamp': 1763957792.9385726}]"
2025-11-18 13:28:00+00:00,"Signal(ts=2025-11-18 13:28:00+00:00, action=SELL, qty=1, strategy=MACross)",a4c901bd-a77f-49e7-ba34-34239d57bb08,[]
2025-11-18 13:29:00+00:00,"Signal(ts=2025-11-18 13:29:00+00:00, action=SELL, qty=1, strategy=MACross)",5e191ce1-7c94-452e-b377-5de0240344b7,[]
2025-11-18 13:30:00+00:00,"Signal(ts=2025-11-18 13:30:00+00:00, action=SELL, qty=1, strategy=MACross)",044b8456-bbba-4440-bea9-ca86d0238d58,[]
2025-11-18 13:31:00+00:00,"Signal(ts=2025-11-18 13:31:00+00:00, action=SELL, qty=1, strategy=MACross)",621549a6-a013-4b0a-87e5-f75533f5919d,[]
2025-11-18 13:32:00+00:00,"Signal(ts=2025-11-18 13:32:00+00:00, action=SELL, qty=1, strategy=MACross)",2479c8ae-8ed3-47db-b1b8-a00b03fb9fb1,[]
2025-11-18 13:33:00+00:00,"Signal(ts=2025-11-18 13:33:00+00:00, action=SELL, qty=1, strategy=MACross)",38f820db-7bb3-421a-a4d9-9b921793bbb9,[]
2025-11-18 13:34:00+00:00,"Signal(ts=2025-11-18 13:34:00+00:00, action=SELL, qty=1, strategy=MACross)",1becb05d-8938-4b18-92cc-4e46e2a085e4,[]
2025-11-18 13:35:00+00:00,"Signal(ts=2025-11-18 13:35:00+00:00, action=SELL, qty=1, strategy=MACross)",03395c16-c719-458a-91ca-47254d03e42a,[]
2025-11-18 13:36:00+00:00,"Signal(ts=2025-11-18 13:36:00+00:00, action=BUY, qty=1, strategy=MACross)",9946a83b-06c3-49e5-8b51-85db45eea31b,"[{'price': 268.1, 'qty': 1, 'buy_id': '9946a83b-06c3-49e5-8b51-85db45eea31b', 'sell_id': 'a4c901bd-a77f-49e7-ba34-34239d57bb08', 'timestamp': 1763957792.9636018}]"
2025-11-18 13:37:00+00:00,"Signal(ts=2025-11-18 13:37:00+00:00, action=BUY, qty=1, strategy=MACross)",1ce566fa-d8b8-40b8-9a4e-0aa075ef90a4,"[{'price': 268.1, 'qty': 1, 'buy_id': '1ce566fa-d8b8-40b8-9a4e-0aa075ef90a4', 'sell_id': '5e191ce1-7c94-452e-b377-5de0240344b7', 'timestamp': 1763957792.9643223}]"
2025-11-18 13:38:00+00:00,"Signal(ts=2025-11-18 13:38:00+00:00, action=BUY, qty=1, strategy=MACross)",e3375e96-f4d9-46bb-9143-e06ace7a3cdf,"[{'price': 268.24, 'qty': 1, 'buy_id': 'e3375e96-f4d9-46bb-9143-e06ace7a3cdf', 'sell_id': '9d7e96f1-9663-4e64-9688-4a38ece46e35', 'timestamp': 1763957792.9643223}]"
2025-11-18 13:39:00+00:00,"Signal(ts=2025-11-18 13:39:00+00:00, action=BUY, qty=1, strategy=MACross)",359d1758-75e7-4f2d-8ae0-43f62e27940b,"[{'price': 268.25, 'qty': 1, 'buy_id': '359d1758-75e7-4f2d-8ae0-43f62e27940b', 'sell_id': '4d82bedc-87f3-41e7-abd5-284041467714', 'timestamp': 1763957792.970797}]"
2025-11-18 13:40:00+00:00,"Signal(ts=2025-11-18 13:40:00+00:00, action=BUY, qty=1, strategy=MACross)",aed61395-529f-45c6-a9b4-8a78d0393f35,"[{'price': 268.26, 'qty': 1, 'buy_id': 'aed61395-529f-45c6-a9b4-8a78d0393f35', 'sell_id': '044b8456-bbba-4440-bea9-ca86d0238d58', 'timestamp': 1763957792.972801}]"
2025-11-18 13:41:00+00:00,"Signal(ts=2025-11-18 13:41:00+00:00, action=BUY, qty=1, strategy=MACross)",751c3d4c-92d8-40d3-87af-1bbfe210b74c,"[{'price': 268.3, 'qty': 1, 'buy_id': '751c3d4c-92d8-40d3-87af-1bbfe210b74c', 'sell_id': 'ed1e4533-a158-4672-9748-b31aade3f078', 'timestamp': 1763957792.9738045}]"
2025-11-18 13:42:00+00:00,"Signal(ts=2025-11-18 13:42:00+00:00, action=BUY, qty=1, strategy=MACross)",304c0446-aae2-424c-ae67-68c476d9bb9d,"[{'price': 268.32, 'qty': 1, 'buy_id': '304c0446-aae2-424c-ae67-68c476d9bb9d', 'sell_id': '40e29c04-8e86-4558-891b-be3e7ebb31b2', 'timestamp': 1763957792.9744062}]"
2025-11-18 13:43:00+00:00,"Signal(ts=2025-11-18 13:43:00+00:00, action=BUY, qty=1, strategy=MACross)",f1002b6e-fb0f-44ea-81cd-2d8b3262f6a6,"[{'price': 268.3412, 'qty': 1, 'buy_id': 'f1002b6e-fb0f-44ea-81cd-2d8b3262f6a6', 'sell_id': '621549a6-a013-4b0a-87e5-f75533f5919d', 'timestamp': 1763957792.9744062}]"
2025-11-18 13:44:00+00:00,"Signal(ts=2025-11-18 13:44:00+00:00, action=BUY, qty=1, strategy=MACross)",6f301e77-191a-4c74-a555-285ac742c610,"[{'price': 268.36, 'qty': 1, 'buy_id': '6f301e77-191a-4c74-a555-285ac742c610', 'sell_id': '92355341-cd9e-4624-97d8-fcc5991c58dd', 'timestamp': 1763957792.9795766}]"
2025-11-18 13:45:00+00:00,"Signal(ts=2025-11-18 13:45:00+00:00, action=BUY, qty=1, strategy=MACross)",b2cf1741-316b-44b2-8d0d-6f12ebdc14ca,"[{'price': 268.39, 'qty': 1, 'buy_id': 'b2cf1741-316b-44b2-8d0d-6f12ebdc14ca', 'sell_id': 'f6f667e0-83b2-42ea-9bdc-2034d2949009', 'timestamp': 1763957792.982549}]"
2025-11-18 13:46:00+00:00,"Signal(ts=2025-11-18 13:46:00+00:00, action=BUY, qty=1, strategy=MACross)",2ce1638f-3b2c-467f-954e-9ccccf26fb0a,"[{'price': 268.4, 'qty': 1, 'buy_id': '2ce1638f-3b2c-467f-954e-9ccccf26fb0a', 'sell_id': '2479c8ae-8ed3-47db-b1b8-a00b03fb9fb1', 'timestamp': 1763957792.9835508}]"
2025-11-18 13:47:00+00:00,"Signal(ts=2025-11-18 13:47:00+00:00, action=BUY, qty=1, strategy=MACross)",7f239056-a4f4-4597-9c14-316a1478218f,"[{'price': 268.4, 'qty': 1, 'buy_id': '7f239056-a4f4-4597-9c14-316a1478218f', 'sell_id': '38f820db-7bb3-421a-a4d9-9b921793bbb9', 'timestamp': 1763957792.9855053}]"
2025-11-18 13:48:00+00:00,"Signal(ts=2025-11-18 13:48:00+00:00, action=BUY, qty=1, strategy=MACross)",733baa24-16d3-4b87-b1b1-1026cce74bb0,"[{'price': 268.43, 'qty': 1, 'buy_id': '733baa24-16d3-4b87-b1b1-1026cce74bb0', 'sell_id': '03758860-3f9a-4477-9594-f959ed75be14', 'timestamp': 1763957792.9855053}]"
2025-11-18 13:49:00+00:00,"Signal(ts=2025-11-18 13:49:00+00:00, action=BUY, qty=1, strategy=MACross)",0403b238-66f8-4a23-9c06-e40ebf4766d8,"[{'price': 268.43, 'qty': 1, 'buy_id': '0403b238-66f8-4a23-9c06-e40ebf4766d8', 'sell_id': 'e474d7ff-948d-4b7d-85a3-b75dc5cecf83', 'timestamp': 1763957792.9883416}]"
2025-11-18 13:50:00+00:00,"Signal(ts=2025-11-18 13:50:00+00:00, action=BUY, qty=1, strategy=MACross)",02bb61a4-6763-4005-8bd1-5d14abf6cafe,"[{'price': 268.43, 'qty': 1, 'buy_id': '02bb61a4-6763-4005-8bd1-5d14abf6cafe', 'sell_id': '4e84e220-c77b-4e60-863f-91d8d5c188a9', 'timestamp': 1763957792.9883416}]"
2025-11-18 13:51:00+00:00,"Signal(ts=2025-11-18 13:51:00+00:00, action=BUY, qty=1, strategy=MACross)",19c11c31-b00d-4b0c-868f-23a6bb961ef4,"[{'price': 268.45, 'qty': 1, 'buy_id': '19c11c31-b00d-4b0c-868f-23a6bb961ef4', 'sell_id': '1becb05d-8938-4b18-92cc-4e46e2a085e4', 'timestamp': 1763957792.991442}]"
2025-11-18 13:52:00+00:00,"Signal(ts=2025-11-18 13:52:00+00:00, action=BUY, qty=1, strategy=MACross)",ea425b0b-c8d1-44f8-ad44-d6241e9768ee,"[{'price': 268.4627, 'qty': 1, 'buy_id': 'ea425b0b-c8d1-44f8-ad44-d6241e9768ee', 'sell_id': 'c1cf940e-0523-4c50-b275-eb252a126805', 'timestamp': 1763957792.9929192}]"
2025-11-18 13:53:00+00:00,"Signal(ts=2025-11-18 13:53:00+00:00, action=BUY, qty=1, strategy=MACross)",20dc2aa2-85cb-429f-afb7-10bf0265d6eb,"[{'price': 268.49, 'qty': 1, 'buy_id': '20dc2aa2-85cb-429f-afb7-10bf0265d6eb', 'sell_id': '89ea52f6-cf78-42b5-8597-00f37fe792d1', 'timestamp': 1763957792.9939198}]"
2025-11-18 13:54:00+00:00,"Signal(ts=2025-11-18 13:54:00+00:00, action=BUY, qty=1, strategy=MACross)",4d1201b1-2d4a-4a3a-99fa-7396a0bb150a,"[{'price': 268.5, 'qty': 1, 'buy_id': '4d1201b1-2d4a-4a3a-99fa-7396a0bb150a', 'sell_id': 'cd1a060c-3f06-49c5-b53d-27dd07fa356c', 'timestamp': 1763957792.9966688}]"
2025-11-18 13:55:00+00:00,"Signal(ts=2025-11-18 13:55:00+00:00, action=BUY, qty=1, strategy=MACross)",7e0eb4b9-b567-48b5-88ad-fdbc7ee77ccc,"[{'price': 268.5, 'qty': 1, 'buy_id': '7e0eb4b9-b567-48b5-88ad-fdbc7ee77ccc', 'sell_id': '57d5dde9-e916-4cea-b45b-4199bc6bc381', 'timestamp': 1763957792.997577}]"
2025-11-18 13:56:00+00:00,"Signal(ts=2025-11-18 13:56:00+00:00, action=BUY, qty=1, strategy=MACross)",a82050e8-1c45-4c3e-91e7-37036863f11a,"[{'price': 268.5, 'qty': 1, 'buy_id': 'a82050e8-1c45-4c3e-91e7-37036863f11a', 'sell_id': '209460bc-8ce7-4a92-ac12-4993701b726c', 'timestamp': 1763957792.997577}]"
2025-11-18 13:57:00+00:00,"Signal(ts=2025-11-18 13:57:00+00:00, action=SELL, qty=1, strategy=MACross)",de811f83-c158-4a6a-a1a9-8b43638081cb,[]
2025-11-18 13:58:00+00:00,"Signal(ts=2025-11-18 13:58:00+00:00, action=SELL, qty=1, strategy=MACross)",8b45d05b-8d1e-4e4d-afbc-0197107cbd4c,[]
2025-11-18 13:59:00+00:00,"Signal(ts=2025-11-18 13:59:00+00:00, action=SELL, qty=1, strategy=MACross)",be728da6-cb57-45e9-a89f-128436eef302,[]
2025-11-18 14:00:00+00:00,"Signal(ts=2025-11-18 14:00:00+00:00, action=SELL, qty=1, strategy=MACross)",1c5c64de-6445-44b7-8d81-df6630667cf5,[]
2025-11-18 14:01:00+00:00,"Signal(ts=2025-11-18 14:01:00+00:00, action=SELL, qty=1, strategy=MACross)",9de84c74-ac55-449d-9d38-92f6c7492558,[]
2025-11-18 14:02:00+00:00,"Signal(ts=2025-11-18 14:02:00+00:00, action=SELL, qty=1, strategy=MACross)",70f546bc-64ac-4d04-a775-c4f08420bf3d,[]
2025-11-18 14:03:00+00:00,"Signal(ts=2025-11-18 14:03:00+00:00, action=SELL, qty=1, strategy=MACross)",4be554d6-d0d7-48f9-ab51-e96a7a911b68,[]
2025-11-18 14:04:00+00:00,"Signal(ts=2025-11-18 14:04:00+00:00, action=SELL, qty=1, strategy=MACross)",8d78deb1-7942-40af-8be6-b1f9498296cf,[]
2025-11-18 14:05:00+00:00,"Signal(ts=2025-11-18 14:05:00+00:00, action=SELL, qty=1, strategy=MACross)",4b85f6d5-ca0b-4a98-a133-b41acb534d50,[]
2025-11-18 14:06:00+00:00,"Signal(ts=2025-11-18 14:06:00+00:00, action=SELL, qty=1, strategy=MACross)",c65cdbdb-bd19-4ca9-a06a-6db088d82fb0,[]
2025-11-18 14:07:00+00:00,"Signal(ts=2025-11-18 14:07:00+00:00, action=SELL, qty=1, strategy=MACross)",40380c37-45db-4c23-a5ed-ae0aac467d0f,[]
2025-11-18 14:08:00+00:00,"Signal(ts=2025-11-18 14:08:00+00:00, action=SELL, qty=1, strategy=MACross)",1fbf7623-ec01-4efb-bb9c-0e6d628e5650,[]
2025-11-18 14:09:00+00:00,"Signal(ts=2025-11-18 14:09:00+00:00, action=SELL, qty=1, strategy=MACross)",7b8b89cc-1bf8-4396-a01f-590d6859195f,[]
2025-11-18 14:10:00+00:00,"Signal(ts=2025-11-18 14:10:00+00:00, action=SELL, qty=1, strategy=MACross)",dd652e36-6065-4c4d-a110-cde32de52b53,[]
2025-11-18 14:11:00+00:00,"Signal(ts=2025-11-18 14:11:00+00:00, action=SELL, qty=1, strategy=MACross)",906e300c-1ddf-4f96-91af-f2e0327cc048,[]
2025-11-18 14:12:00+00:00,"Signal(ts=2025-11-18 14:12:00+00:00, action=SELL, qty=1, strategy=MACross)",d3d7e18d-7e80-4bf1-ae2e-284ee8c77c1a,[]
2025-11-18 14:13:00+00:00,"Signal(ts=2025-11-18 14:13:00+00:00, action=SELL, qty=1, strategy=MACross)",ab3264f0-3d73-49a3-bc66-409954171bb5,[]
2025-11-18 14:14:00+00:00,"Signal(ts=2025-11-18 14:14:00+00:00, action=SELL, qty=1, strategy=MACross)",999ade9a-1ff0-43b0-8901-18c1d1138924,[]
2025-11-18 14:15:00+00:00,"Signal(ts=2025-11-18 14:15:00+00:00, action=SELL, qty=1, strategy=MACross)",b8b54bd9-41cb-4c0f-bb00-bb6a319eee7c,[]
2025-11-18 14:16:00+00:00,"Signal(ts=2025-11-18 14:16:00+00:00, action=SELL, qty=1, strategy=MACross)",37fe80b4-2ef7-4f12-833b-5df0980f35d6,[]
2025-11-18 14:17:00+00:00,"Signal(ts=2025-11-18 14:17:00+00:00, action=SELL, qty=1, strategy=MACross)",f26c86e0-6519-4004-a487-708e1e90c213,[]
2025-11-18 14:18:00+00:00,"Signal(ts=2025-11-18 14:18:00+00:00, action=SELL, qty=1, strategy=MACross)",bd45d4b5-3072-42e1-9586-53eedf53f107,[]
2025-11-18 14:19:00+00:00,"Signal(ts=2025-11-18 14:19:00+00:00, action=SELL, qty=1, strategy=MACross)",2c1653ff-1d57-4bc5-a733-1e0284943695,[]
2025-11-18 14:20:00+00:00,"Signal(ts=2025-11-18 14:20:00+00:00, action=SELL, qty=1, strategy=MACross)",484fee20-0bfc-49e8-99c3-3281f5d9aec4,[]
2025-11-18 14:21:00+00:00,"Signal(ts=2025-11-18 14:21:00+00:00, action=SELL, qty=1, strategy=MACross)",9d522529-0e65-47fc-915f-9d078485178b,[]
2025-11-18 14:22:00+00:00,"Signal(ts=2025-11-18 14:22:00+00:00, action=SELL, qty=1, strategy=MACross)",94133af9-25cb-4c3a-a34c-69452f0fc74a,[]
2025-11-18 14:23:00+00:00,"Signal(ts=2025-11-18 14:23:00+00:00, action=SELL, qty=1, strategy=MACross)",59ea6f21-d58d-4180-a4fb-4b3b692164db,[]
2025-11-18 14:24:00+00:00,"Signal(ts=2025-11-18 14:24:00+00:00, action=SELL, qty=1, strategy=MACross)",e601270f-0c35-4af8-9518-882da8f4ac06,[]
2025-11-18 14:25:00+00:00,"Signal(ts=2025-11-18 14:25:00+00:00, action=SELL, qty=1, strategy=MACross)",6b770d0a-a879-41b7-9104-0b137690f166,[]
2025-11-18 14:26:00+00:00,"Signal(ts=2025-11-18 14:26:00+00:00, action=SELL, qty=1, strategy=MACross)",6b48ac9f-1b35-4a24-9c88-cd81587369bf,[]
2025-11-18 14:27:00+00:00,"Signal(ts=2025-11-18 14:27:00+00:00, action=SELL, qty=1, strategy=MACross)",bafb1f6e-7add-41d6-a41a-5b364ce68b51,[]
2025-11-18 14:28:00+00:00,"Signal(ts=2025-11-18 14:28:00+00:00, action=BUY, qty=1, strategy=MACross)",3d87913f-4aa0-4354-8900-7256ffbe3159,"[{'price': 268.01, 'qty': 1, 'buy_id': '3d87913f-4aa0-4354-8900-7256ffbe3159', 'sell_id': '6b770d0a-a879-41b7-9104-0b137690f166', 'timestamp': 1763957793.0548794}]"
2025-11-18 14:29:00+00:00,"Signal(ts=2025-11-18 14:29:00+00:00, action=BUY, qty=1, strategy=MACross)",f7dd83eb-68c0-4ede-bb01-2e09b8d759b8,"[{'price': 268.09, 'qty': 1, 'buy_id': 'f7dd83eb-68c0-4ede-bb01-2e09b8d759b8', 'sell_id': '59ea6f21-d58d-4180-a4fb-4b3b692164db', 'timestamp': 1763957793.0582206}]"
2025-11-18 14:30:00+00:00,"Signal(ts=2025-11-18 14:30:00+00:00, action=BUY, qty=1, strategy=MACross)",ef4ec466-ab14-4771-9a8a-3aa39bbc42bf,"[{'price': 268.1, 'qty': 1, 'buy_id': 'ef4ec466-ab14-4771-9a8a-3aa39bbc42bf', 'sell_id': '94133af9-25cb-4c3a-a34c-69452f0fc74a', 'timestamp': 1763957793.0592234}]"
2025-11-18 14:31:00+00:00,"Signal(ts=2025-11-18 14:31:00+00:00, action=BUY, qty=1, strategy=MACross)",7a8a5cc4-19b8-46a1-b322-792bf41a6112,"[{'price': 268.2, 'qty': 1, 'buy_id': '7a8a5cc4-19b8-46a1-b322-792bf41a6112', 'sell_id': 'e601270f-0c35-4af8-9518-882da8f4ac06', 'timestamp': 1763957793.0612197}]"
2025-11-18 14:32:00+00:00,"Signal(ts=2025-11-18 14:32:00+00:00, action=BUY, qty=1, strategy=MACross)",20332709-2271-4738-882b-414a4df8c6b3,"[{'price': 268.3, 'qty': 1, 'buy_id': '20332709-2271-4738-882b-414a4df8c6b3', 'sell_id': '484fee20-0bfc-49e8-99c3-3281f5d9aec4', 'timestamp': 1763957793.0636978}]"
2025-11-18 14:33:00+00:00,"Signal(ts=2025-11-18 14:33:00+00:00, action=BUY, qty=2, strategy=MACross)",48f2b1c0-9df8-45d4-b82c-87e94f462120,"[{'price': 268.31, 'qty': 1, 'buy_id': '48f2b1c0-9df8-45d4-b82c-87e94f462120', 'sell_id': 'be728da6-cb57-45e9-a89f-128436eef302', 'timestamp': 1763957793.0636978}, {'price': 268.36, 'qty': 1, 'buy_id': '48f2b1c0-9df8-45d4-b82c-87e94f462120', 'sell_id': 'bd45d4b5-3072-42e1-9586-53eedf53f107', 'timestamp': 1763957793.0636978}]"
2025-11-18 14:34:00+00:00,"Signal(ts=2025-11-18 14:34:00+00:00, action=BUY, qty=2, strategy=MACross)",a250644f-5568-4c87-8dc2-37dd0e143a71,"[{'price': 268.36, 'qty': 1, 'buy_id': 'a250644f-5568-4c87-8dc2-37dd0e143a71', 'sell_id': '9d522529-0e65-47fc-915f-9d078485178b', 'timestamp': 1763957793.0673137}, {'price': 268.39, 'qty': 1, 'buy_id': 'a250644f-5568-4c87-8dc2-37dd0e143a71', 'sell_id': 'ab3264f0-3d73-49a3-bc66-409954171bb5', 'timestamp': 1763957793.0673137}]"
2025-11-18 14:35:00+00:00,"Signal(ts=2025-11-18 14:35:00+00:00, action=BUY, qty=3, strategy=MACross)",9a89ca76-dee9-4485-b239-a2278d609e3c,"[{'price': 268.42, 'qty': 1, 'buy_id': '9a89ca76-dee9-4485-b239-a2278d609e3c', 'sell_id': '37fe80b4-2ef7-4f12-833b-5df0980f35d6', 'timestamp': 1763957793.0684667}, {'price': 268.43, 'qty': 1, 'buy_id': '9a89ca76-dee9-4485-b239-a2278d609e3c', 'sell_id': 'd3d7e18d-7e80-4bf1-ae2e-284ee8c77c1a', 'timestamp': 1763957793.0684667}, {'price': 268.44, 'qty': 1, 'buy_id': '9a89ca76-dee9-4485-b239-a2278d609e3c', 'sell_id': '999ade9a-1ff0-43b0-8901-18c1d1138924', 'timestamp': 1763957793.0684667}]"
2025-11-18 14:36:00+00:00,"Signal(ts=2025-11-18 14:36:00+00:00, action=BUY, qty=3, strategy=MACross)",122151f1-9ec5-403b-978f-bf97f651ce83,"[{'price': 268.4509, 'qty': 1, 'buy_id': '122151f1-9ec5-403b-978f-bf97f651ce83', 'sell_id': '1c5c64de-6445-44b7-8d81-df6630667cf5', 'timestamp': 1763957793.070466}, {'price': 268.49, 'qty': 1, 'buy_id': '122151f1-9ec5-403b-978f-bf97f651ce83', 'sell_id': '2c1653ff-1d57-4bc5-a733-1e0284943695', 'timestamp': 1763957793.070466}, {'price': 268.5, 'qty': 1, 'buy_id': '122151f1-9ec5-403b-978f-bf97f651ce83', 'sell_id': 'b8b54bd9-41cb-4c0f-bb00-bb6a319eee7c', 'timestamp': 1763957793.070466}]"
2025-11-18 14:37:00+00:00,"Signal(ts=2025-11-18 14:37:00+00:00, action=BUY, qty=3, strategy=MACross)",6bcfc132-deec-47f7-8547-a87fc6cb7825,"[{'price': 268.5, 'qty': 1, 'buy_id': '6bcfc132-deec-47f7-8547-a87fc6cb7825', 'sell_id': 'f26c86e0-6519-4004-a487-708e1e90c213', 'timestamp': 1763957793.07133}, {'price': 268.51, 'qty': 1, 'buy_id': '6bcfc132-deec-47f7-8547-a87fc6cb7825', 'sell_id': 'a4ea6524-2d49-48c3-9a17-810fe1c186b4', 'timestamp': 1763957793.07133}, {'price': 268.51, 'qty': 1, 'buy_id': '6bcfc132-deec-47f7-8547-a87fc6cb7825', 'sell_id': 'dd652e36-6065-4c4d-a110-cde32de52b53', 'timestamp': 1763957793.07133}]"
2025-11-18 14:38:00+00:00,"Signal(ts=2025-11-18 14:38:00+00:00, action=BUY, qty=2, strategy=MACross)",2118a0c9-7a3a-4be9-b8c3-5708606d678c,"[{'price': 268.52, 'qty': 1, 'buy_id': '2118a0c9-7a3a-4be9-b8c3-5708606d678c', 'sell_id': 'c65cdbdb-bd19-4ca9-a06a-6db088d82fb0', 'timestamp': 1763957793.07133}, {'price': 268.5317, 'qty': 1, 'buy_id': '2118a0c9-7a3a-4be9-b8c3-5708606d678c', 'sell_id': '8b45d05b-8d1e-4e4d-afbc-0197107cbd4c', 'timestamp': 1763957793.07133}]"
2025-11-18 14:39:00+00:00,"Signal(ts=2025-11-18 14:39:00+00:00, action=BUY, qty=1, strategy=MACross)",57dc3fe1-cadd-46d3-b19f-46452b987130,[]
2025-11-18 14:40:00+00:00,"Signal(ts=2025-11-18 14:40:00+00:00, action=BUY, qty=1, strategy=MACross)",5ec5df04-72e2-4a17-adeb-ea16a985a1e7,[]
2025-11-18 14:41:00+00:00,"Signal(ts=2025-11-18 14:41:00+00:00, action=SELL, qty=1, strategy=MACross)",71671c5c-d117-44c8-b49e-5ecb1c1e37e1,"[{'price': 268.04998779296875, 'qty': 1, 'buy_id': '57dc3fe1-cadd-46d3-b19f-46452b987130', 'sell_id': '71671c5c-d117-44c8-b49e-5ecb1c1e37e1', 'timestamp': 1763957793.078422}]"
2025-11-18 14:42:00+00:00,"Signal(ts=2025-11-18 14:42:00+00:00, action=SELL, qty=1, strategy=MACross)",0085e78a-fe74-4dfd-b682-a73c96e7ac7c,"[{'price': 267.8800048828125, 'qty': 1, 'buy_id': '5ec5df04-72e2-4a17-adeb-ea16a985a1e7', 'sell_id': '0085e78a-fe74-4dfd-b682-a73c96e7ac7c', 'timestamp': 1763957793.0812042}]"
2025-11-18 14:43:00+00:00,"Signal(ts=2025-11-18 14:43:00+00:00, action=SELL, qty=1, strategy=MACross)",5dc8078f-f594-4caa-8413-31588e3f95cd,[]
2025-11-18 14:44:00+00:00,"Signal(ts=2025-11-18 14:44:00+00:00, action=SELL, qty=2, strategy=MACross)",c746c3e3-0f59-4d57-b3ea-414e3227a0c6,[]
2025-11-18 14:45:00+00:00,"Signal(ts=2025-11-18 14:45:00+00:00, action=SELL, qty=2, strategy=MACross)",6ed2f43d-dff0-430d-a815-0f2bcfffc7ff,[]
2025-11-18 14:46:00+00:00,"Signal(ts=2025-11-18 14:46:00+00:00, action=SELL, qty=3, strategy=MACross)",09411b6e-b434-474b-b165-d02b15e1ca7b,[]
2025-11-18 14:47:00+00:00,"Signal(ts=2025-11-18 14:47:00+00:00, action=SELL, qty=3, strategy=MACross)",c39181a7-92cb-4e65-8196-512438e748d7,[]
2025-11-18 14:48:00+00:00,"Signal(ts=2025-11-18 14:48:00+00:00, action=SELL, qty=3, strategy=MACross)",668b84d3-ce45-49af-bf68-6a4084f11dec,[]
2025-11-18 14:49:00+00:00,"Signal(ts=2025-11-18 14:49:00+00:00, action=SELL, qty=3, strategy=MACross)",5dcccaff-a2fe-4858-a09a-94b3718fede8,[]
2025-11-18 14:50:00+00:00,"Signal(ts=2025-11-18 14:50:00+00:00, action=SELL, qty=3, strategy=MACross)",ef29db21-1e8c-4ada-a9c9-e3dd280d01c6,[]
2025-11-18 14:51:00+00:00,"Signal(ts=2025-11-18 14:51:00+00:00, action=SELL, qty=3, strategy=MACross)",b5ff7a84-273c-4d9f-8b16-1cfbd4910f0e,[]
2025-11-18 14:52:00+00:00,"Signal(ts=2025-11-18 14:52:00+00:00, action=SELL, qty=3, strategy=MACross)",1450da3b-fbda-4154-a7cb-fff01c5f4ac7,[]
2025-11-18 14:53:00+00:00,"Signal(ts=2025-11-18 14:53:00+00:00, action=SELL, qty=3, strategy=MACross)",21342128-3856-449b-b8ec-01b23d3548dc,[]
2025-11-18 14:54:00+00:00,"Signal(ts=2025-11-18 14:54:00+00:00, action=SELL, qty=3, strategy=MACross)",ffb39058-e534-4bd7-b23f-7028d4d1947b,[]
2025-11-18 14:55:00+00:00,"Signal(ts=2025-11-18 14:55:00+00:00, action=SELL, qty=3, strategy=MACross)",b5b48e8a-eb19-4df2-be39-e3466ec3b5f2,[]
2025-11-18 14:56:00+00:00,"Signal(ts=2025-11-18 14:56:00+00:00, action=SELL, qty=3, strategy=MACross)",bb94e59c-1657-45a4-9f20-ed62abbfd6b3,[]
2025-11-18 14:57:00+00:00,"Signal(ts=2025-11-18 14:57:00+00:00, action=SELL, qty=3, strategy=MACross)",1fbce788-716e-49b7-828f-abd56c6d5815,[]
2025-11-18 14:58:00+00:00,"Signal(ts=2025-11-18 14:58:00+00:00, action=SELL, qty=2, strategy=MACross)",7345f3b2-e0f4-4d85-a823-108458afc07f,[]
2025-11-18 14:59:00+00:00,"Signal(ts=2025-11-18 14:59:00+00:00, action=SELL, qty=2, strategy=MACross)",626d3d05-a187-48a3-93dc-ac5119b99310,[]
2025-11-18 15:00:00+00:00,"Signal(ts=2025-11-18 15:00:00+00:00, action=SELL, qty=2, strategy=MACross)",d3d998fc-45f2-49de-9eb8-1271aacd5ec0,[]
2025-11-18 15:01:00+00:00,"Signal(ts=2025-11-18 15:01:00+00:00, action=SELL, qty=1, strategy=MACross)",cc41eda0-66f1-4742-b487-f51b8993f41f,[]
2025-11-18 15:02:00+00:00,"Signal(ts=2025-11-18 15:02:00+00:00, action=SELL, qty=1, strategy=MACross)",97b109a0-55ba-40db-890b-4b82888348bd,[]
2025-11-18 15:03:00+00:00,"Signal(ts=2025-11-18 15:03:00+00:00, action=SELL, qty=1, strategy=MACross)",d3b4bbb0-dd15-4738-bac0-38772a30c34d,[]
2025-11-18 15:04:00+00:00,"Signal(ts=2025-11-18 15:04:00+00:00, action=SELL, qty=1, strategy=MACross)",c9b4c442-c50a-4e5e-a2f3-07901ef9a7db,[]
2025-11-18 15:05:00+00:00,"Signal(ts=2025-11-18 15:05:00+00:00, action=SELL, qty=1, strategy=MACross)",c2a55caf-3813-4391-8020-e1fbafef946f,[]
2025-11-18 15:06:00+00:00,"Signal(ts=2025-11-18 15:06:00+00:00, action=SELL, qty=1, strategy=MACross)",f3cc4180-fb71-47a7-a864-5abd29712db4,[]
2025-11-18 15:07:00+00:00,"Signal(ts=2025-11-18 15:07:00+00:00, action=SELL, qty=1, strategy=MACross)",9a678e1c-9966-4be9-b087-5106cfb49f08,[]
2025-11-18 15:08:00+00:00,"Signal(ts=2025-11-18 15:08:00+00:00, action=SELL, qty=1, strategy=MACross)",ef2f5259-b821-44e8-a7d5-ec78b670e775,[]
2025-11-18 15:09:00+00:00,"Signal(ts=2025-11-18 15:09:00+00:00, action=SELL, qty=1, strategy=MACross)",b2e36bd7-e0e6-41ce-ad34-b42f07fcd132,[]
2025-11-18 15:10:00+00:00,"Signal(ts=2025-11-18 15:10:00+00:00, action=SELL, qty=1, strategy=MACross)",3bef26b3-66d1-486f-a334-3466e73428c4,[]
2025-11-18 15:11:00+00:00,"Signal(ts=2025-11-18 15:11:00+00:00, action=SELL, qty=1, strategy=MACross)",1b90382a-e156-4d01-9980-397212fc806c,[]
2025-11-18 15:12:00+00:00,"Signal(ts=2025-11-18 15:12:00+00:00, action=SELL, qty=1, strategy=MACross)",81389714-adbf-4721-aee3-09027a44748c,[]
2025-11-18 15:13:00+00:00,"Signal(ts=2025-11-18 15:13:00+00:00, action=SELL, qty=1, strategy=MACross)",73adaecf-5f3c-4d9e-8eaa-eae9897c5828,[]
2025-11-18 15:14:00+00:00,"Signal(ts=2025-11-18 15:14:00+00:00, action=SELL, qty=1, strategy=MACross)",5050ff5a-4538-4f8f-b8a1-f46ec9e3ef5c,[]
2025-11-18 15:15:00+00:00,"Signal(ts=2025-11-18 15:15:00+00:00, action=SELL, qty=1, strategy=MACross)",6075f820-4c80-479a-a9f3-fa53d093d4e5,[]
2025-11-18 15:16:00+00:00,"Signal(ts=2025-11-18 15:16:00+00:00, action=SELL, qty=1, strategy=MACross)",44668e7a-48fc-457d-989d-8680e6533b7f,[]
2025-11-18 15:17:00+00:00,"Signal(ts=2025-11-18 15:17:00+00:00, action=SELL, qty=1, strategy=MACross)",3b6ae924-f477-416a-ba38-a79960a641be,[]
2025-11-18 15:18:00+00:00,"Signal(ts=2025-11-18 15:18:00+00:00, action=SELL, qty=1, strategy=MACross)",bb880c11-d9f9-48e6-801a-9b4b384b2eda,[]
2025-11-18 15:19:00+00:00,"Signal(ts=2025-11-18 15:19:00+00:00, action=SELL, qty=1, strategy=MACross)",98f2235e-3bfc-4eb4-b5d7-cc9f1dddfa9e,[]
2025-11-18 15:20:00+00:00,"Signal(ts=2025-11-18 15:20:00+00:00, action=SELL, qty=1, strategy=MACross)",dc4f1093-2ceb-4e12-b5de-8a7befbbf2d9,[]
2025-11-18 15:21:00+00:00,"Signal(ts=2025-11-18 15:21:00+00:00, action=SELL, qty=1, strategy=MACross)",87631391-b829-4ed0-9044-1b2788e66779,[]
2025-11-18 15:22:00+00:00,"Signal(ts=2025-11-18 15:22:00+00:00, action=SELL, qty=1, strategy=MACross)",9f638b23-a32c-4843-a29c-2426ae7d7ee6,[]
2025-11-18 15:23:00+00:00,"Signal(ts=2025-11-18 15:23:00+00:00, action=SELL, qty=1, strategy=MACross)",2f046413-93a9-4ada-a16e-9c7dfab6ff4a,[]
2025-11-18 15:24:00+00:00,"Signal(ts=2025-11-18 15:24:00+00:00, action=BUY, qty=1, strategy=MACross)",eb4ecea4-ba61-4787-8a4c-70020e24e3ec,"[{'price': 265.53399658203125, 'qty': 1, 'buy_id': 'eb4ecea4-ba61-4787-8a4c-70020e24e3ec', 'sell_id': '3b6ae924-f477-416a-ba38-a79960a641be', 'timestamp': 1763957793.1806278}]"
2025-11-18 15:25:00+00:00,"Signal(ts=2025-11-18 15:25:00+00:00, action=BUY, qty=1, strategy=MACross)",dce6cdaa-7ffc-402c-9815-4eea671b900d,"[{'price': 265.5799865722656, 'qty': 1, 'buy_id': 'dce6cdaa-7ffc-402c-9815-4eea671b900d', 'sell_id': 'bb880c11-d9f9-48e6-801a-9b4b384b2eda', 'timestamp': 1763957793.1828895}]"
2025-11-18 15:26:00+00:00,"Signal(ts=2025-11-18 15:26:00+00:00, action=BUY, qty=1, strategy=MACross)",273e2fce-160b-49dd-911b-8ff4e16e55e0,"[{'price': 265.8464050292969, 'qty': 1, 'buy_id': '273e2fce-160b-49dd-911b-8ff4e16e55e0', 'sell_id': '44668e7a-48fc-457d-989d-8680e6533b7f', 'timestamp': 1763957793.1853096}]"
2025-11-18 15:27:00+00:00,"Signal(ts=2025-11-18 15:27:00+00:00, action=BUY, qty=2, strategy=MACross)",1207cfde-e0ec-45b2-af0e-5b43443dc937,"[{'price': 266.1072082519531, 'qty': 1, 'buy_id': '1207cfde-e0ec-45b2-af0e-5b43443dc937', 'sell_id': '98f2235e-3bfc-4eb4-b5d7-cc9f1dddfa9e', 'timestamp': 1763957793.1872923}, {'price': 266.2099914550781, 'qty': 1, 'buy_id': '1207cfde-e0ec-45b2-af0e-5b43443dc937', 'sell_id': 'c2a55caf-3813-4391-8020-e1fbafef946f', 'timestamp': 1763957793.1872923}]"
2025-11-18 15:28:00+00:00,"Signal(ts=2025-11-18 15:28:00+00:00, action=BUY, qty=2, strategy=MACross)",47b4fa2c-de71-42ef-ad39-1c8a706cbb6d,"[{'price': 266.2349853515625, 'qty': 1, 'buy_id': '47b4fa2c-de71-42ef-ad39-1c8a706cbb6d', 'sell_id': '6075f820-4c80-479a-a9f3-fa53d093d4e5', 'timestamp': 1763957793.188796}, {'price': 266.25, 'qty': 1, 'buy_id': '47b4fa2c-de71-42ef-ad39-1c8a706cbb6d', 'sell_id': '1b90382a-e156-4d01-9980-397212fc806c', 'timestamp': 1763957793.188796}]"
2025-11-18 15:29:00+00:00,"Signal(ts=2025-11-18 15:29:00+00:00, action=BUY, qty=3, strategy=MACross)",fea64d94-80ec-4b7a-a105-4827c39cd5b4,"[{'price': 266.32000732421875, 'qty': 1, 'buy_id': 'fea64d94-80ec-4b7a-a105-4827c39cd5b4', 'sell_id': '81389714-adbf-4721-aee3-09027a44748c', 'timestamp': 1763957793.1898003}, {'price': 266.4378967285156, 'qty': 1, 'buy_id': 'fea64d94-80ec-4b7a-a105-4827c39cd5b4', 'sell_id': 'f3cc4180-fb71-47a7-a864-5abd29712db4', 'timestamp': 1763957793.1898003}, {'price': 266.4599914550781, 'qty': 1, 'buy_id': 'fea64d94-80ec-4b7a-a105-4827c39cd5b4', 'sell_id': '73adaecf-5f3c-4d9e-8eaa-eae9897c5828', 'timestamp': 1763957793.1898003}]"
2025-11-18 15:30:00+00:00,"Signal(ts=2025-11-18 15:30:00+00:00, action=BUY, qty=3, strategy=MACross)",5e78893c-fd80-423b-a287-1e42e9270369,"[{'price': 266.5299987792969, 'qty': 1, 'buy_id': '5e78893c-fd80-423b-a287-1e42e9270369', 'sell_id': '5050ff5a-4538-4f8f-b8a1-f46ec9e3ef5c', 'timestamp': 1763957793.192214}, {'price': 266.54998779296875, 'qty': 1, 'buy_id': '5e78893c-fd80-423b-a287-1e42e9270369', 'sell_id': 'c9b4c442-c50a-4e5e-a2f3-07901ef9a7db', 'timestamp': 1763957793.192214}, {'price': 266.70001220703125, 'qty': 1, 'buy_id': '5e78893c-fd80-423b-a287-1e42e9270369', 'sell_id': '1450da3b-fbda-4154-a7cb-fff01c5f4ac7', 'timestamp': 1763957793.192214}]"
2025-11-18 15:31:00+00:00,"Signal(ts=2025-11-18 15:31:00+00:00, action=BUY, qty=3, strategy=MACross)",134df65e-d9d3-4c0d-a1a1-9356f3be8e13,"[{'price': 266.70001220703125, 'qty': 2, 'buy_id': '134df65e-d9d3-4c0d-a1a1-9356f3be8e13', 'sell_id': '1450da3b-fbda-4154-a7cb-fff01c5f4ac7', 'timestamp': 1763957793.1944923}, {'price': 266.7300109863281, 'qty': 1, 'buy_id': '134df65e-d9d3-4c0d-a1a1-9356f3be8e13', 'sell_id': '626d3d05-a187-48a3-93dc-ac5119b99310', 'timestamp': 1763957793.1944923}]"
2025-11-18 15:32:00+00:00,"Signal(ts=2025-11-18 15:32:00+00:00, action=BUY, qty=3, strategy=MACross)",ce39a6f7-caca-4282-a251-a8f08cce487c,"[{'price': 266.7300109863281, 'qty': 1, 'buy_id': 'ce39a6f7-caca-4282-a251-a8f08cce487c', 'sell_id': '626d3d05-a187-48a3-93dc-ac5119b99310', 'timestamp': 1763957793.198094}, {'price': 266.7349853515625, 'qty': 1, 'buy_id': 'ce39a6f7-caca-4282-a251-a8f08cce487c', 'sell_id': '3bef26b3-66d1-486f-a334-3466e73428c4', 'timestamp': 1763957793.198094}, {'price': 266.739990234375, 'qty': 1, 'buy_id': 'ce39a6f7-caca-4282-a251-a8f08cce487c', 'sell_id': 'b5ff7a84-273c-4d9f-8b16-1cfbd4910f0e', 'timestamp': 1763957793.198094}]"
2025-11-18 15:33:00+00:00,"Signal(ts=2025-11-18 15:33:00+00:00, action=BUY, qty=3, strategy=MACross)",e553e377-a3a2-4d87-aa43-3e3ed397bb20,"[{'price': 266.739990234375, 'qty': 2, 'buy_id': 'e553e377-a3a2-4d87-aa43-3e3ed397bb20', 'sell_id': 'b5ff7a84-273c-4d9f-8b16-1cfbd4910f0e', 'timestamp': 1763957793.200215}, {'price': 266.760009765625, 'qty': 1, 'buy_id': 'e553e377-a3a2-4d87-aa43-3e3ed397bb20', 'sell_id': '21342128-3856-449b-b8ec-01b23d3548dc', 'timestamp': 1763957793.200215}]"
2025-11-18 15:34:00+00:00,"Signal(ts=2025-11-18 15:34:00+00:00, action=BUY, qty=3, strategy=MACross)",f92149d0-b36e-4343-ac9c-f2174597a33c,"[{'price': 266.760009765625, 'qty': 2, 'buy_id': 'f92149d0-b36e-4343-ac9c-f2174597a33c', 'sell_id': '21342128-3856-449b-b8ec-01b23d3548dc', 'timestamp': 1763957793.201371}, {'price': 266.7654113769531, 'qty': 1, 'buy_id': 'f92149d0-b36e-4343-ac9c-f2174597a33c', 'sell_id': 'ffb39058-e534-4bd7-b23f-7028d4d1947b', 'timestamp': 1763957793.201371}]"
2025-11-18 15:35:00+00:00,"Signal(ts=2025-11-18 15:35:00+00:00, action=BUY, qty=2, strategy=MACross)",3fe55edf-bf8a-480e-8043-a63bb2fb2ca5,"[{'price': 266.7654113769531, 'qty': 2, 'buy_id': '3fe55edf-bf8a-480e-8043-a63bb2fb2ca5', 'sell_id': 'ffb39058-e534-4bd7-b23f-7028d4d1947b', 'timestamp': 1763957793.2035275}]"
2025-11-18 15:36:00+00:00,"Signal(ts=2025-11-18 15:36:00+00:00, action=BUY, qty=2, strategy=MACross)",a54277f6-ecf2-4d22-bf6a-a52ea7247fa7,"[{'price': 266.77508544921875, 'qty': 1, 'buy_id': 'a54277f6-ecf2-4d22-bf6a-a52ea7247fa7', 'sell_id': 'ef2f5259-b821-44e8-a7d5-ec78b670e775', 'timestamp': 1763957793.2043276}, {'price': 266.7900085449219, 'qty': 1, 'buy_id': 'a54277f6-ecf2-4d22-bf6a-a52ea7247fa7', 'sell_id': '97b109a0-55ba-40db-890b-4b82888348bd', 'timestamp': 1763957793.2043276}]"
2025-11-18 15:37:00+00:00,"Signal(ts=2025-11-18 15:37:00+00:00, action=BUY, qty=1, strategy=MACross)",5a7151a8-aa89-4d63-9062-5e1d23c766b3,"[{'price': 266.7900085449219, 'qty': 1, 'buy_id': '5a7151a8-aa89-4d63-9062-5e1d23c766b3', 'sell_id': 'dc4f1093-2ceb-4e12-b5de-8a7befbbf2d9', 'timestamp': 1763957793.2078252}]"
2025-11-18 15:38:00+00:00,"Signal(ts=2025-11-18 15:38:00+00:00, action=BUY, qty=1, strategy=MACross)",ccb3e96a-659f-45e8-aeff-1cab360a2975,"[{'price': 266.7950134277344, 'qty': 1, 'buy_id': 'ccb3e96a-659f-45e8-aeff-1cab360a2975', 'sell_id': '9a678e1c-9966-4be9-b087-5106cfb49f08', 'timestamp': 1763957793.2092874}]"
2025-11-18 15:39:00+00:00,"Signal(ts=2025-11-18 15:39:00+00:00, action=BUY, qty=1, strategy=MACross)",f2725c3b-5a33-43fb-9d21-bad6143966f7,"[{'price': 266.81500244140625, 'qty': 1, 'buy_id': 'f2725c3b-5a33-43fb-9d21-bad6143966f7', 'sell_id': '5dcccaff-a2fe-4858-a09a-94b3718fede8', 'timestamp': 1763957793.211286}]"
2025-11-18 15:40:00+00:00,"Signal(ts=2025-11-18 15:40:00+00:00, action=SELL, qty=1, strategy=MACross)",df6f507b-6810-4353-8ba3-e89de5adcdbf,[]
2025-11-18 15:41:00+00:00,"Signal(ts=2025-11-18 15:41:00+00:00, action=SELL, qty=1, strategy=MACross)",0da3594d-ed15-4121-9993-f6329b1a5dee,[]
2025-11-18 15:42:00+00:00,"Signal(ts=2025-11-18 15:42:00+00:00, action=SELL, qty=1, strategy=MACross)",2ffa8ecc-bec5-4f44-bdbd-364d20d67cf6,[]
2025-11-18 15:43:00+00:00,"Signal(ts=2025-11-18 15:43:00+00:00, action=SELL, qty=1, strategy=MACross)",2df7c68c-5dc6-4962-bb0e-de27602cdaa6,[]
2025-11-18 15:44:00+00:00,"Signal(ts=2025-11-18 15:44:00+00:00, action=SELL, qty=1, strategy=MACross)",1187e78f-c23c-450f-8e84-47f66bb49e69,[]
2025-11-18 15:45:00+00:00,"Signal(ts=2025-11-18 15:45:00+00:00, action=SELL, qty=1, strategy=MACross)",ab1c3286-a014-44a2-aa25-57f37baa1f1c,[]
2025-11-18 15:46:00+00:00,"Signal(ts=2025-11-18 15:46:00+00:00, action=SELL, qty=1, strategy=MACross)",be1c664c-c61c-45bb-a29b-d845028a2c30,[]
2025-11-18 15:47:00+00:00,"Signal(ts=2025-11-18 15:47:00+00:00, action=SELL, qty=1, strategy=MACross)",25b642ec-5f2b-484a-8d1c-7972770973cf,[]
2025-11-18 15:48:00+00:00,"Signal(ts=2025-11-18 15:48:00+00:00, action=SELL, qty=1, strategy=MACross)",c314b47c-36b4-456f-9015-52a091c6b34e,[]
2025-11-18 15:49:00+00:00,"Signal(ts=2025-11-18 15:49:00+00:00, action=SELL, qty=1, strategy=MACross)",6affb3be-dd27-4e00-84b2-30363685f935,[]
2025-11-18 15:50:00+00:00,"Signal(ts=2025-11-18 15:50:00+00:00, action=SELL, qty=1, strategy=MACross)",5b8cebd0-2b74-40b3-9525-213dcdc742cf,[]
2025-11-18 15:51:00+00:00,"Signal(ts=2025-11-18 15:51:00+00:00, action=SELL, qty=1, strategy=MACross)",6b98fa8a-9500-4948-bb38-ddc7cd045dd6,[]
2025-11-18 15:52:00+00:00,"Signal(ts=2025-11-18 15:52:00+00:00, action=SELL, qty=1, strategy=MACross)",f0098d33-c030-4251-b3ab-cbb818fe3959,[]
2025-11-18 15:53:00+00:00,"Signal(ts=2025-11-18 15:53:00+00:00, action=SELL, qty=1, strategy=MACross)",39da635e-bcc9-404e-8870-a05a262481e0,[]
2025-11-18 15:54:00+00:00,"Signal(ts=2025-11-18 15:54:00+00:00, action=SELL, qty=1, strategy=MACross)",7d5fa5c2-1c17-4c24-a026-c7e3bfa52b72,[]
2025-11-18 15:55:00+00:00,"Signal(ts=2025-11-18 15:55:00+00:00, action=SELL, qty=1, strategy=MACross)",4a0c3108-4280-4e55-ba8f-e95dfff7cf50,[]
2025-11-18 15:56:00+00:00,"Signal(ts=2025-11-18 15:56:00+00:00, action=SELL, qty=1, strategy=MACross)",68c11450-4a7f-4ebe-bac7-10182bdfbc18,[]
2025-11-18 15:57:00+00:00,"Signal(ts=2025-11-18 15:57:00+00:00, action=SELL, qty=1, strategy=MACross)",f9a5e939-90ea-48d1-b48b-0b64e001e358,[]
2025-11-18 15:58:00+00:00,"Signal(ts=2025-11-18 15:58:00+00:00, action=SELL, qty=1, strategy=MACross)",e812ae13-ef62-456f-820e-6b704cf5c74c,[]
2025-11-18 15:59:00+00:00,"Signal(ts=2025-11-18 15:59:00+00:00, action=SELL, qty=1, strategy=MACross)",30ed0d25-a126-437e-875a-e23cfc8a51c6,[]
2025-11-18 16:00:00+00:00,"Signal(ts=2025-11-18 16:00:00+00:00, action=SELL, qty=1, strategy=MACross)",f39d1aea-e5f9-4834-9b00-8686f76adffa,[]
2025-11-18 16:01:00+00:00,"Signal(ts=2025-11-18 16:01:00+00:00, action=SELL, qty=1, strategy=MACross)",1a5f7551-91fd-4700-87f3-f138439f8809,[]
2025-11-18 16:02:00+00:00,"Signal(ts=2025-11-18 16:02:00+00:00, action=SELL, qty=1, strategy=MACross)",4a3b589b-7501-4007-9285-cec3b5644316,[]
2025-11-18 16:03:00+00:00,"Signal(ts=2025-11-18 16:03:00+00:00, action=SELL, qty=1, strategy=MACross)",dc30ab83-16d3-4a9a-89a3-481a9d1e780d,[]
2025-11-18 16:04:00+00:00,"Signal(ts=2025-11-18 16:04:00+00:00, action=SELL, qty=1, strategy=MACross)",b9b4e135-833e-44c4-ae69-2f0a8c964bae,[]
2025-11-18 16:05:00+00:00,"Signal(ts=2025-11-18 16:05:00+00:00, action=SELL, qty=1, strategy=MACross)",da93e943-e19c-47ef-9c6e-62315b677f35,[]
2025-11-18 16:06:00+00:00,"Signal(ts=2025-11-18 16:06:00+00:00, action=SELL, qty=1, strategy=MACross)",8ead93e3-e4a4-4827-be71-9e9b1cffd26e,[]
2025-11-18 16:07:00+00:00,"Signal(ts=2025-11-18 16:07:00+00:00, action=SELL, qty=1, strategy=MACross)",6a3383aa-c2d9-4270-9819-664caf8c3ef2,[]
2025-11-18 16:08:00+00:00,"Signal(ts=2025-11-18 16:08:00+00:00, action=SELL, qty=1, strategy=MACross)",b8b58da1-0532-43d4-bff9-313e65afb88c,[]
2025-11-18 16:09:00+00:00,"Signal(ts=2025-11-18 16:09:00+00:00, action=SELL, qty=1, strategy=MACross)",ca946f77-e477-4aa7-9780-66d54917da46,[]
2025-11-18 16:10:00+00:00,"Signal(ts=2025-11-18 16:10:00+00:00, action=SELL, qty=1, strategy=MACross)",294ed200-2df0-49a2-86ed-00b6434621c7,[]
2025-11-18 16:11:00+00:00,"Signal(ts=2025-11-18 16:11:00+00:00, action=SELL, qty=1, strategy=MACross)",f78ff564-f998-4640-b19c-18aec824d1a9,[]
2025-11-18 16:12:00+00:00,"Signal(ts=2025-11-18 16:12:00+00:00, action=SELL, qty=1, strategy=MACross)",c2de88a7-6a2a-4c54-8b0b-ff461fd340bd,[]
2025-11-18 16:13:00+00:00,"Signal(ts=2025-11-18 16:13:00+00:00, action=BUY, qty=1, strategy=MACross)",0adefd79-671b-4fd8-836b-41c7407e7af2,"[{'price': 266.0845031738281, 'qty': 1, 'buy_id': '0adefd79-671b-4fd8-836b-41c7407e7af2', 'sell_id': 'dc30ab83-16d3-4a9a-89a3-481a9d1e780d', 'timestamp': 1763957793.2794943}]"
2025-11-18 16:14:00+00:00,"Signal(ts=2025-11-18 16:14:00+00:00, action=BUY, qty=1, strategy=MACross)",db77e2a3-34d9-4b4b-88bd-36597b247646,"[{'price': 266.15509033203125, 'qty': 1, 'buy_id': 'db77e2a3-34d9-4b4b-88bd-36597b247646', 'sell_id': '4a3b589b-7501-4007-9285-cec3b5644316', 'timestamp': 1763957793.2817194}]"
2025-11-18 16:15:00+00:00,"Signal(ts=2025-11-18 16:15:00+00:00, action=BUY, qty=1, strategy=MACross)",1e4ca218-da16-4eb2-8204-b753f5d58974,"[{'price': 266.17999267578125, 'qty': 1, 'buy_id': '1e4ca218-da16-4eb2-8204-b753f5d58974', 'sell_id': '1a5f7551-91fd-4700-87f3-f138439f8809', 'timestamp': 1763957793.283889}]"
2025-11-18 16:16:00+00:00,"Signal(ts=2025-11-18 16:16:00+00:00, action=BUY, qty=1, strategy=MACross)",60635c10-e4c8-45d7-b93a-9c3d62ce3565,"[{'price': 266.19000244140625, 'qty': 1, 'buy_id': '60635c10-e4c8-45d7-b93a-9c3d62ce3565', 'sell_id': 'b9b4e135-833e-44c4-ae69-2f0a8c964bae', 'timestamp': 1763957793.2860923}]"
2025-11-18 16:17:00+00:00,"Signal(ts=2025-11-18 16:17:00+00:00, action=BUY, qty=1, strategy=MACross)",2c0cc130-81b2-4e61-a9b7-44de87b49b37,"[{'price': 266.20050048828125, 'qty': 1, 'buy_id': '2c0cc130-81b2-4e61-a9b7-44de87b49b37', 'sell_id': '8ead93e3-e4a4-4827-be71-9e9b1cffd26e', 'timestamp': 1763957793.287198}]"
2025-11-18 16:18:00+00:00,"Signal(ts=2025-11-18 16:18:00+00:00, action=BUY, qty=1, strategy=MACross)",364ca8a5-7385-4774-8ab6-b4e3f070387a,"[{'price': 266.2250061035156, 'qty': 1, 'buy_id': '364ca8a5-7385-4774-8ab6-b4e3f070387a', 'sell_id': 'da93e943-e19c-47ef-9c6e-62315b677f35', 'timestamp': 1763957793.2900624}]"
2025-11-18 16:19:00+00:00,"Signal(ts=2025-11-18 16:19:00+00:00, action=BUY, qty=1, strategy=MACross)",1ed30765-63e4-416c-8cc6-f7de7e51a682,"[{'price': 266.5249938964844, 'qty': 1, 'buy_id': '1ed30765-63e4-416c-8cc6-f7de7e51a682', 'sell_id': '6a3383aa-c2d9-4270-9819-664caf8c3ef2', 'timestamp': 1763957793.2923017}]"
2025-11-18 16:20:00+00:00,"Signal(ts=2025-11-18 16:20:00+00:00, action=BUY, qty=2, strategy=MACross)",e463bd53-8515-4e6a-a586-70ba513db180,"[{'price': 266.54998779296875, 'qty': 1, 'buy_id': 'e463bd53-8515-4e6a-a586-70ba513db180', 'sell_id': '30ed0d25-a126-437e-875a-e23cfc8a51c6', 'timestamp': 1763957793.2933013}, {'price': 266.57000732421875, 'qty': 1, 'buy_id': 'e463bd53-8515-4e6a-a586-70ba513db180', 'sell_id': 'ca946f77-e477-4aa7-9780-66d54917da46', 'timestamp': 1763957793.2933013}]"
2025-11-18 16:21:00+00:00,"Signal(ts=2025-11-18 16:21:00+00:00, action=BUY, qty=1, strategy=MACross)",44743805-1327-40fa-87a5-2598b8d5819e,"[{'price': 266.6000061035156, 'qty': 1, 'buy_id': '44743805-1327-40fa-87a5-2598b8d5819e', 'sell_id': 'e812ae13-ef62-456f-820e-6b704cf5c74c', 'timestamp': 1763957793.2959697}]"
2025-11-18 16:22:00+00:00,"Signal(ts=2025-11-18 16:22:00+00:00, action=BUY, qty=1, strategy=MACross)",894a39c0-e362-44b4-9d4e-2743b8f1f67a,"[{'price': 266.6000061035156, 'qty': 1, 'buy_id': '894a39c0-e362-44b4-9d4e-2743b8f1f67a', 'sell_id': 'b8b58da1-0532-43d4-bff9-313e65afb88c', 'timestamp': 1763957793.2976184}]"
2025-11-18 16:23:00+00:00,"Signal(ts=2025-11-18 16:23:00+00:00, action=BUY, qty=1, strategy=MACross)",beeee5af-a7fa-4795-aa69-cd89fcc6fb09,"[{'price': 266.6650085449219, 'qty': 1, 'buy_id': 'beeee5af-a7fa-4795-aa69-cd89fcc6fb09', 'sell_id': 'f39d1aea-e5f9-4834-9b00-8686f76adffa', 'timestamp': 1763957793.2997828}]"
2025-11-18 16:24:00+00:00,"Signal(ts=2025-11-18 16:24:00+00:00, action=BUY, qty=1, strategy=MACross)",8300aa0f-f316-475b-89bf-f3c2c685dd8e,"[{'price': 266.6731872558594, 'qty': 1, 'buy_id': '8300aa0f-f316-475b-89bf-f3c2c685dd8e', 'sell_id': '68c11450-4a7f-4ebe-bac7-10182bdfbc18', 'timestamp': 1763957793.3007922}]"
2025-11-18 16:25:00+00:00,"Signal(ts=2025-11-18 16:25:00+00:00, action=BUY, qty=1, strategy=MACross)",87b5261a-b778-450a-9a29-4dab6f16bb69,"[{'price': 266.7074890136719, 'qty': 1, 'buy_id': '87b5261a-b778-450a-9a29-4dab6f16bb69', 'sell_id': '294ed200-2df0-49a2-86ed-00b6434621c7', 'timestamp': 1763957793.3028123}]"
2025-11-18 16:26:00+00:00,"Signal(ts=2025-11-18 16:26:00+00:00, action=BUY, qty=1, strategy=MACross)",b23dbb78-21dc-4c48-917e-c391e33a58d8,"[{'price': 266.79998779296875, 'qty': 1, 'buy_id': 'b23dbb78-21dc-4c48-917e-c391e33a58d8', 'sell_id': 'f9a5e939-90ea-48d1-b48b-0b64e001e358', 'timestamp': 1763957793.3052063}]"
2025-11-18 16:27:00+00:00,"Signal(ts=2025-11-18 16:27:00+00:00, action=BUY, qty=1, strategy=MACross)",6e3309a1-bf33-45d4-8b44-8e1a50739ad4,"[{'price': 266.81500244140625, 'qty': 1, 'buy_id': '6e3309a1-bf33-45d4-8b44-8e1a50739ad4', 'sell_id': '5dcccaff-a2fe-4858-a09a-94b3718fede8', 'timestamp': 1763957793.306691}]"
2025-11-18 16:28:00+00:00,"Signal(ts=2025-11-18 16:28:00+00:00, action=BUY, qty=1, strategy=MACross)",08f9ae8c-7c06-47d9-881e-e747d69ba11e,"[{'price': 266.81500244140625, 'qty': 1, 'buy_id': '08f9ae8c-7c06-47d9-881e-e747d69ba11e', 'sell_id': '5dcccaff-a2fe-4858-a09a-94b3718fede8', 'timestamp': 1763957793.3076892}]"
2025-11-18 16:29:00+00:00,"Signal(ts=2025-11-18 16:29:00+00:00, action=BUY, qty=1, strategy=MACross)",6aa9f6a7-e92a-43be-a067-31ffd95a3793,"[{'price': 266.8299865722656, 'qty': 1, 'buy_id': '6aa9f6a7-e92a-43be-a067-31ffd95a3793', 'sell_id': 'b2e36bd7-e0e6-41ce-ad34-b42f07fcd132', 'timestamp': 1763957793.30969}]"
2025-11-18 16:30:00+00:00,"Signal(ts=2025-11-18 16:30:00+00:00, action=BUY, qty=1, strategy=MACross)",9be05328-451a-42c0-823f-c416329f728c,"[{'price': 266.8500061035156, 'qty': 1, 'buy_id': '9be05328-451a-42c0-823f-c416329f728c', 'sell_id': 'bb94e59c-1657-45a4-9f20-ed62abbfd6b3', 'timestamp': 1763957793.30969}]"
2025-11-18 16:31:00+00:00,"Signal(ts=2025-11-18 16:31:00+00:00, action=BUY, qty=1, strategy=MACross)",9dc45109-aec3-4b46-8d5d-3b1c184ce91a,"[{'price': 266.8500061035156, 'qty': 1, 'buy_id': '9dc45109-aec3-4b46-8d5d-3b1c184ce91a', 'sell_id': 'bb94e59c-1657-45a4-9f20-ed62abbfd6b3', 'timestamp': 1763957793.3133957}]"
2025-11-18 16:32:00+00:00,"Signal(ts=2025-11-18 16:32:00+00:00, action=BUY, qty=1, strategy=MACross)",552ea0f5-ca7d-4878-a2aa-c67641e5a673,"[{'price': 266.8500061035156, 'qty': 1, 'buy_id': '552ea0f5-ca7d-4878-a2aa-c67641e5a673', 'sell_id': 'bb94e59c-1657-45a4-9f20-ed62abbfd6b3', 'timestamp': 1763957793.316772}]"
2025-11-18 16:33:00+00:00,"Signal(ts=2025-11-18 16:33:00+00:00, action=BUY, qty=1, strategy=MACross)",565a4ef2-0765-4e8b-9485-f5e7fb3812e1,"[{'price': 266.8500061035156, 'qty': 1, 'buy_id': '565a4ef2-0765-4e8b-9485-f5e7fb3812e1', 'sell_id': '39da635e-bcc9-404e-8870-a05a262481e0', 'timestamp': 1763957793.3189495}]"
2025-11-18 16:34:00+00:00,"Signal(ts=2025-11-18 16:34:00+00:00, action=BUY, qty=1, strategy=MACross)",20542cea-da19-4a85-8158-a38984cf99d4,"[{'price': 266.8599853515625, 'qty': 1, 'buy_id': '20542cea-da19-4a85-8158-a38984cf99d4', 'sell_id': 'b5b48e8a-eb19-4df2-be39-e3466ec3b5f2', 'timestamp': 1763957793.3209493}]"
2025-11-18 16:35:00+00:00,"Signal(ts=2025-11-18 16:35:00+00:00, action=BUY, qty=1, strategy=MACross)",7adc3119-eca1-4465-8ebb-873a8187707b,"[{'price': 266.8599853515625, 'qty': 1, 'buy_id': '7adc3119-eca1-4465-8ebb-873a8187707b', 'sell_id': 'b5b48e8a-eb19-4df2-be39-e3466ec3b5f2', 'timestamp': 1763957793.3219526}]"
2025-11-18 16:36:00+00:00,"Signal(ts=2025-11-18 16:36:00+00:00, action=BUY, qty=1, strategy=MACross)",762959e2-6694-41f5-816b-18646c880ba2,"[{'price': 266.8599853515625, 'qty': 1, 'buy_id': '762959e2-6694-41f5-816b-18646c880ba2', 'sell_id': 'b5b48e8a-eb19-4df2-be39-e3466ec3b5f2', 'timestamp': 1763957793.3219526}]"
2025-11-18 16:37:00+00:00,"Signal(ts=2025-11-18 16:37:00+00:00, action=BUY, qty=1, strategy=MACross)",38d27520-4320-4e49-a77f-4553fe41449f,"[{'price': 266.8699951171875, 'qty': 1, 'buy_id': '38d27520-4320-4e49-a77f-4553fe41449f', 'sell_id': '7d5fa5c2-1c17-4c24-a026-c7e3bfa52b72', 'timestamp': 1763957793.3219526}]"
2025-11-18 16:38:00+00:00,"Signal(ts=2025-11-18 16:38:00+00:00, action=BUY, qty=1, strategy=MACross)",1505118c-3293-44e7-89c0-14075e4bf458,"[{'price': 266.8999938964844, 'qty': 1, 'buy_id': '1505118c-3293-44e7-89c0-14075e4bf458', 'sell_id': '5b8cebd0-2b74-40b3-9525-213dcdc742cf', 'timestamp': 1763957793.3219526}]"
2025-11-18 16:39:00+00:00,"Signal(ts=2025-11-18 16:39:00+00:00, action=SELL, qty=1, strategy=MACross)",88f3f7d3-bcbf-45d2-8c0b-47a554d10f8d,[]
2025-11-18 16:40:00+00:00,"Signal(ts=2025-11-18 16:40:00+00:00, action=SELL, qty=1, strategy=MACross)",a26bfa8e-7f0e-4f7c-9782-393d36d33d29,[]
2025-11-18 16:41:00+00:00,"Signal(ts=2025-11-18 16:41:00+00:00, action=SELL, qty=1, strategy=MACross)",aab4ddb1-bb7c-4579-b5eb-f7ad88246611,[]
2025-11-18 16:42:00+00:00,"Signal(ts=2025-11-18 16:42:00+00:00, action=SELL, qty=1, strategy=MACross)",16db4747-eebc-42e2-86a5-ed9f33637ab5,[]
2025-11-18 16:43:00+00:00,"Signal(ts=2025-11-18 16:43:00+00:00, action=SELL, qty=1, strategy=MACross)",8ee7d39d-0131-4441-8453-6beaeff3a3a1,[]
2025-11-18 16:44:00+00:00,"Signal(ts=2025-11-18 16:44:00+00:00, action=SELL, qty=1, strategy=MACross)",461e82e2-b89c-455d-9174-e3ec7d365b23,[]
2025-11-18 16:45:00+00:00,"Signal(ts=2025-11-18 16:45:00+00:00, action=BUY, qty=1, strategy=MACross)",feff7ab3-7e22-4b6e-ac54-cebc956cb104,"[{'price': 266.94000244140625, 'qty': 1, 'buy_id': 'feff7ab3-7e22-4b6e-ac54-cebc956cb104', 'sell_id': 'cc41eda0-66f1-4742-b487-f51b8993f41f', 'timestamp': 1763957793.340611}]"
2025-11-18 16:46:00+00:00,"Signal(ts=2025-11-18 16:46:00+00:00, action=BUY, qty=1, strategy=MACross)",f267efff-b82c-4df9-957f-a5c8d419e78c,"[{'price': 267.010009765625, 'qty': 1, 'buy_id': 'f267efff-b82c-4df9-957f-a5c8d419e78c', 'sell_id': 'd3b4bbb0-dd15-4738-bac0-38772a30c34d', 'timestamp': 1763957793.340611}]"
2025-11-18 16:47:00+00:00,"Signal(ts=2025-11-18 16:47:00+00:00, action=BUY, qty=1, strategy=MACross)",ebc6ac2d-5069-4417-8531-1b100e7acda2,"[{'price': 267.01971435546875, 'qty': 1, 'buy_id': 'ebc6ac2d-5069-4417-8531-1b100e7acda2', 'sell_id': '6b98fa8a-9500-4948-bb38-ddc7cd045dd6', 'timestamp': 1763957793.340611}]"
2025-11-18 16:48:00+00:00,"Signal(ts=2025-11-18 16:48:00+00:00, action=BUY, qty=1, strategy=MACross)",18c42e8e-b32a-44c1-a5f6-c9e01402fb92,"[{'price': 267.0375061035156, 'qty': 1, 'buy_id': '18c42e8e-b32a-44c1-a5f6-c9e01402fb92', 'sell_id': 'f0098d33-c030-4251-b3ab-cbb818fe3959', 'timestamp': 1763957793.340611}]"
2025-11-18 16:49:00+00:00,"Signal(ts=2025-11-18 16:49:00+00:00, action=BUY, qty=1, strategy=MACross)",4a1104a9-6899-4880-b6fb-ba9aac568035,"[{'price': 267.0400085449219, 'qty': 1, 'buy_id': '4a1104a9-6899-4880-b6fb-ba9aac568035', 'sell_id': '1fbce788-716e-49b7-828f-abd56c6d5815', 'timestamp': 1763957793.340611}]"
2025-11-18 16:50:00+00:00,"Signal(ts=2025-11-18 16:50:00+00:00, action=BUY, qty=1, strategy=MACross)",232c1c3c-ee36-4f94-ae25-a186ccb80038,"[{'price': 267.0400085449219, 'qty': 1, 'buy_id': '232c1c3c-ee36-4f94-ae25-a186ccb80038', 'sell_id': '1fbce788-716e-49b7-828f-abd56c6d5815', 'timestamp': 1763957793.340611}]"
2025-11-18 16:51:00+00:00,"Signal(ts=2025-11-18 16:51:00+00:00, action=BUY, qty=1, strategy=MACross)",bd7f2e59-6a5a-4cea-ab9e-60707ecd0f64,"[{'price': 267.0400085449219, 'qty': 1, 'buy_id': 'bd7f2e59-6a5a-4cea-ab9e-60707ecd0f64', 'sell_id': '1fbce788-716e-49b7-828f-abd56c6d5815', 'timestamp': 1763957793.340611}]"
2025-11-18 16:52:00+00:00,"Signal(ts=2025-11-18 16:52:00+00:00, action=BUY, qty=1, strategy=MACross)",a8e25237-2ba9-452d-85c1-6bd511ef4fbe,"[{'price': 267.0599975585937, 'qty': 1, 'buy_id': 'a8e25237-2ba9-452d-85c1-6bd511ef4fbe', 'sell_id': 'd3d998fc-45f2-49de-9eb8-1271aacd5ec0', 'timestamp': 1763957793.340611}]"
2025-11-18 16:53:00+00:00,"Signal(ts=2025-11-18 16:53:00+00:00, action=BUY, qty=1, strategy=MACross)",452be1f8-80da-4bf7-892b-a7d17ca84f82,"[{'price': 267.0599975585937, 'qty': 1, 'buy_id': '452be1f8-80da-4bf7-892b-a7d17ca84f82', 'sell_id': 'd3d998fc-45f2-49de-9eb8-1271aacd5ec0', 'timestamp': 1763957793.340611}]"
2025-11-18 16:54:00+00:00,"Signal(ts=2025-11-18 16:54:00+00:00, action=BUY, qty=1, strategy=MACross)",b9cc30b1-7eeb-4153-a5a1-885b9a2acbe6,"[{'price': 267.07501220703125, 'qty': 1, 'buy_id': 'b9cc30b1-7eeb-4153-a5a1-885b9a2acbe6', 'sell_id': '4a0c3108-4280-4e55-ba8f-e95dfff7cf50', 'timestamp': 1763957793.3538535}]"
2025-11-18 16:55:00+00:00,"Signal(ts=2025-11-18 16:55:00+00:00, action=BUY, qty=1, strategy=MACross)",f3025f19-1779-4168-a9f1-4753e547856b,"[{'price': 267.0799865722656, 'qty': 1, 'buy_id': 'f3025f19-1779-4168-a9f1-4753e547856b', 'sell_id': '2ffa8ecc-bec5-4f44-bdbd-364d20d67cf6', 'timestamp': 1763957793.3549256}]"
2025-11-18 16:56:00+00:00,"Signal(ts=2025-11-18 16:56:00+00:00, action=BUY, qty=1, strategy=MACross)",342ff896-daa3-4fdd-8606-ce939608a88a,"[{'price': 267.1000061035156, 'qty': 1, 'buy_id': '342ff896-daa3-4fdd-8606-ce939608a88a', 'sell_id': '7345f3b2-e0f4-4d85-a823-108458afc07f', 'timestamp': 1763957793.358369}]"
2025-11-18 16:57:00+00:00,"Signal(ts=2025-11-18 16:57:00+00:00, action=BUY, qty=1, strategy=MACross)",e334c590-beef-4142-bccc-c4ac5f5ff89c,"[{'price': 267.1000061035156, 'qty': 1, 'buy_id': 'e334c590-beef-4142-bccc-c4ac5f5ff89c', 'sell_id': '7345f3b2-e0f4-4d85-a823-108458afc07f', 'timestamp': 1763957793.3597631}]"
2025-11-18 16:58:00+00:00,"Signal(ts=2025-11-18 16:58:00+00:00, action=BUY, qty=1, strategy=MACross)",d3c02d45-2f89-41b8-8494-54afa8fa8848,"[{'price': 267.1099853515625, 'qty': 1, 'buy_id': 'd3c02d45-2f89-41b8-8494-54afa8fa8848', 'sell_id': 'f78ff564-f998-4640-b19c-18aec824d1a9', 'timestamp': 1763957793.3607616}]"
2025-11-18 16:59:00+00:00,"Signal(ts=2025-11-18 16:59:00+00:00, action=SELL, qty=1, strategy=MACross)",1ca0707a-d2f7-4ef0-9e38-3900ddc59fe9,[]
2025-11-18 17:00:00+00:00,"Signal(ts=2025-11-18 17:00:00+00:00, action=SELL, qty=1, strategy=MACross)",3e03c630-eea5-4e69-88f9-7ea30ecb8dd5,[]
2025-11-18 17:01:00+00:00,"Signal(ts=2025-11-18 17:01:00+00:00, action=SELL, qty=1, strategy=MACross)",bd30f5a8-8a63-41ab-88e8-4b518220b122,[]
2025-11-18 17:02:00+00:00,"Signal(ts=2025-11-18 17:02:00+00:00, action=SELL, qty=1, strategy=MACross)",33663747-3fb9-4e2b-bded-1ac2566a98b5,[]
2025-11-18 17:03:00+00:00,"Signal(ts=2025-11-18 17:03:00+00:00, action=BUY, qty=1, strategy=MACross)",783c9033-5ea0-49dc-90f5-f317dd0e4146,"[{'price': 267.1199951171875, 'qty': 1, 'buy_id': '783c9033-5ea0-49dc-90f5-f317dd0e4146', 'sell_id': '87631391-b829-4ed0-9044-1b2788e66779', 'timestamp': 1763957793.362764}]"
2025-11-18 17:04:00+00:00,"Signal(ts=2025-11-18 17:04:00+00:00, action=BUY, qty=1, strategy=MACross)",62cbd6e5-aae8-46ee-8c45-7513605cb638,"[{'price': 267.1499938964844, 'qty': 1, 'buy_id': '62cbd6e5-aae8-46ee-8c45-7513605cb638', 'sell_id': '2df7c68c-5dc6-4962-bb0e-de27602cdaa6', 'timestamp': 1763957793.362764}]"
2025-11-18 17:05:00+00:00,"Signal(ts=2025-11-18 17:05:00+00:00, action=SELL, qty=1, strategy=MACross)",fc4c9b3f-29b5-4490-93c7-309cc93523bf,[]
2025-11-18 17:06:00+00:00,"Signal(ts=2025-11-18 17:06:00+00:00, action=SELL, qty=1, strategy=MACross)",ebbd78c3-2b85-4d74-9b05-e458f01c09e0,[]
2025-11-18 17:07:00+00:00,"Signal(ts=2025-11-18 17:07:00+00:00, action=SELL, qty=1, strategy=MACross)",1049b43b-d33f-4fe5-a3ae-811f8a11613f,[]
2025-11-18 17:08:00+00:00,"Signal(ts=2025-11-18 17:08:00+00:00, action=BUY, qty=1, strategy=MACross)",b00d029d-ea27-4647-b951-eda72bf19818,"[{'price': 267.1650085449219, 'qty': 1, 'buy_id': 'b00d029d-ea27-4647-b951-eda72bf19818', 'sell_id': 'df6f507b-6810-4353-8ba3-e89de5adcdbf', 'timestamp': 1763957793.374322}]"
2025-11-18 17:09:00+00:00,"Signal(ts=2025-11-18 17:09:00+00:00, action=BUY, qty=1, strategy=MACross)",bc732223-e185-42cd-8b3b-613cf9cd5929,"[{'price': 267.19989013671875, 'qty': 1, 'buy_id': 'bc732223-e185-42cd-8b3b-613cf9cd5929', 'sell_id': 'ef29db21-1e8c-4ada-a9c9-e3dd280d01c6', 'timestamp': 1763957793.3775458}]"
2025-11-18 17:10:00+00:00,"Signal(ts=2025-11-18 17:10:00+00:00, action=BUY, qty=1, strategy=MACross)",9a00cca6-4db5-44c6-9a7f-58db762e27b3,"[{'price': 267.19989013671875, 'qty': 1, 'buy_id': '9a00cca6-4db5-44c6-9a7f-58db762e27b3', 'sell_id': 'ef29db21-1e8c-4ada-a9c9-e3dd280d01c6', 'timestamp': 1763957793.3787365}]"
2025-11-18 17:11:00+00:00,"Signal(ts=2025-11-18 17:11:00+00:00, action=BUY, qty=1, strategy=MACross)",69e1b3f3-749f-4755-b884-024ca2011838,"[{'price': 267.19989013671875, 'qty': 1, 'buy_id': '69e1b3f3-749f-4755-b884-024ca2011838', 'sell_id': 'ef29db21-1e8c-4ada-a9c9-e3dd280d01c6', 'timestamp': 1763957793.3807328}]"
2025-11-18 17:12:00+00:00,"Signal(ts=2025-11-18 17:12:00+00:00, action=BUY, qty=1, strategy=MACross)",642349f2-fef8-4a14-ad9a-0f40674b38df,"[{'price': 267.20001220703125, 'qty': 1, 'buy_id': '642349f2-fef8-4a14-ad9a-0f40674b38df', 'sell_id': '6affb3be-dd27-4e00-84b2-30363685f935', 'timestamp': 1763957793.3817334}]"
2025-11-18 17:13:00+00:00,"Signal(ts=2025-11-18 17:13:00+00:00, action=SELL, qty=1, strategy=MACross)",8316920b-25ec-489b-b6eb-78e4af072479,[]
2025-11-18 17:14:00+00:00,"Signal(ts=2025-11-18 17:14:00+00:00, action=SELL, qty=1, strategy=MACross)",5f789883-20bf-49e6-be44-c4a93c80b32d,[]
2025-11-18 17:15:00+00:00,"Signal(ts=2025-11-18 17:15:00+00:00, action=BUY, qty=1, strategy=MACross)",6d876353-5271-4176-8406-e55d2bb0833e,"[{'price': 267.2200012207031, 'qty': 1, 'buy_id': '6d876353-5271-4176-8406-e55d2bb0833e', 'sell_id': 'c2de88a7-6a2a-4c54-8b0b-ff461fd340bd', 'timestamp': 1763957793.3817334}]"
2025-11-18 17:16:00+00:00,"Signal(ts=2025-11-18 17:16:00+00:00, action=BUY, qty=1, strategy=MACross)",d6554e01-1a52-4e3d-a6aa-968244c0ef57,"[{'price': 267.2850036621094, 'qty': 1, 'buy_id': 'd6554e01-1a52-4e3d-a6aa-968244c0ef57', 'sell_id': 'c314b47c-36b4-456f-9015-52a091c6b34e', 'timestamp': 1763957793.388948}]"
2025-11-18 17:17:00+00:00,"Signal(ts=2025-11-18 17:17:00+00:00, action=BUY, qty=1, strategy=MACross)",afbffa7a-3433-4c4a-bb9d-31800015ad9a,"[{'price': 267.3800048828125, 'qty': 1, 'buy_id': 'afbffa7a-3433-4c4a-bb9d-31800015ad9a', 'sell_id': '88f3f7d3-bcbf-45d2-8c0b-47a554d10f8d', 'timestamp': 1763957793.3910034}]"
2025-11-18 17:18:00+00:00,"Signal(ts=2025-11-18 17:18:00+00:00, action=SELL, qty=1, strategy=MACross)",4307b0ac-6f87-4988-8d5f-da80c30114ae,[]
2025-11-18 17:19:00+00:00,"Signal(ts=2025-11-18 17:19:00+00:00, action=SELL, qty=1, strategy=MACross)",7cfcc526-c79a-4d13-bb74-21c7756ee95f,[]
2025-11-18 17:20:00+00:00,"Signal(ts=2025-11-18 17:20:00+00:00, action=SELL, qty=1, strategy=MACross)",75a0ec6f-0cd4-4e0d-86bd-8de2c7aa68f7,[]
2025-11-18 17:21:00+00:00,"Signal(ts=2025-11-18 17:21:00+00:00, action=SELL, qty=1, strategy=MACross)",3410e1fc-f767-4bc9-ae4d-5ca4c16e3d11,[]
2025-11-18 17:22:00+00:00,"Signal(ts=2025-11-18 17:22:00+00:00, action=SELL, qty=1, strategy=MACross)",f2a5e5fc-a4ea-4a73-bf8b-7a5388fe3836,[]
2025-11-18 17:23:00+00:00,"Signal(ts=2025-11-18 17:23:00+00:00, action=SELL, qty=1, strategy=MACross)",e0f92290-162b-487b-8bef-88c98f401b9c,[]
2025-11-18 17:24:00+00:00,"Signal(ts=2025-11-18 17:24:00+00:00, action=SELL, qty=1, strategy=MACross)",ea69e903-8a4f-4b1e-939d-25f0e1bf6e1d,[]
2025-11-18 17:25:00+00:00,"Signal(ts=2025-11-18 17:25:00+00:00, action=SELL, qty=1, strategy=MACross)",97593e31-1f0a-4559-a4ec-45d36bdcc85c,[]
2025-11-18 17:26:00+00:00,"Signal(ts=2025-11-18 17:26:00+00:00, action=SELL, qty=1, strategy=MACross)",6719e080-dc5d-4eb5-b7d0-1521555570b8,[]
2025-11-18 17:27:00+00:00,"Signal(ts=2025-11-18 17:27:00+00:00, action=SELL, qty=1, strategy=MACross)",dbd42780-4a25-41f7-a730-c609cf891ffe,[]
2025-11-18 17:28:00+00:00,"Signal(ts=2025-11-18 17:28:00+00:00, action=SELL, qty=1, strategy=MACross)",4814e9c3-cefa-48c0-95a1-c5ddb823ab7c,[]
2025-11-18 17:29:00+00:00,"Signal(ts=2025-11-18 17:29:00+00:00, action=SELL, qty=1, strategy=MACross)",4bbf9b49-c797-40d4-a385-fe407d2dc677,[]
2025-11-18 17:30:00+00:00,"Signal(ts=2025-11-18 17:30:00+00:00, action=SELL, qty=1, strategy=MACross)",73812d57-f1c6-4871-8927-35cbc6785a9b,[]
2025-11-18 17:31:00+00:00,"Signal(ts=2025-11-18 17:31:00+00:00, action=SELL, qty=1, strategy=MACross)",c94aca0c-2196-4ea9-b7fa-e03e8e19903c,[]
2025-11-18 17:32:00+00:00,"Signal(ts=2025-11-18 17:32:00+00:00, action=SELL, qty=1, strategy=MACross)",f6b8f0b0-5b84-41cf-903b-65d46f682230,[]
2025-11-18 17:33:00+00:00,"Signal(ts=2025-11-18 17:33:00+00:00, action=SELL, qty=1, strategy=MACross)",b5ad131a-15c4-4905-895a-681d10610948,[]
2025-11-18 17:34:00+00:00,"Signal(ts=2025-11-18 17:34:00+00:00, action=SELL, qty=1, strategy=MACross)",07b0e100-3ded-4dfb-89fe-368b59a98e0d,[]
2025-11-18 17:35:00+00:00,"Signal(ts=2025-11-18 17:35:00+00:00, action=SELL, qty=1, strategy=MACross)",f853b933-31a9-460b-820f-c89490951d35,[]
2025-11-18 17:36:00+00:00,"Signal(ts=2025-11-18 17:36:00+00:00, action=SELL, qty=1, strategy=MACross)",ea625aec-6ff0-41b4-98bf-867848c0683c,[]
2025-11-18 17:37:00+00:00,"Signal(ts=2025-11-18 17:37:00+00:00, action=SELL, qty=1, strategy=MACross)",0da0d58f-88f4-42c1-aae0-f364cbd3c28f,[]
2025-11-18 17:38:00+00:00,"Signal(ts=2025-11-18 17:38:00+00:00, action=SELL, qty=1, strategy=MACross)",8d8f25f8-0433-4e80-b59b-4f60f8853922,[]
2025-11-18 17:39:00+00:00,"Signal(ts=2025-11-18 17:39:00+00:00, action=SELL, qty=1, strategy=MACross)",bd3094bd-cd0f-49bb-88d2-9562ae623779,[]
2025-11-18 17:40:00+00:00,"Signal(ts=2025-11-18 17:40:00+00:00, action=SELL, qty=1, strategy=MACross)",681865ff-332a-470e-9e60-0c97a5733c5b,[]
2025-11-18 17:41:00+00:00,"Signal(ts=2025-11-18 17:41:00+00:00, action=BUY, qty=1, strategy=MACross)",dc71d40a-c8ea-4dbd-94cb-0277e5d749f4,"[{'price': 266.6000061035156, 'qty': 1, 'buy_id': 'dc71d40a-c8ea-4dbd-94cb-0277e5d749f4', 'sell_id': 'b5ad131a-15c4-4905-895a-681d10610948', 'timestamp': 1763957793.4348068}]"
2025-11-18 17:42:00+00:00,"Signal(ts=2025-11-18 17:42:00+00:00, action=BUY, qty=1, strategy=MACross)",7c2e956e-3f65-4079-b653-c7ee4291fa98,"[{'price': 266.61090087890625, 'qty': 1, 'buy_id': '7c2e956e-3f65-4079-b653-c7ee4291fa98', 'sell_id': 'f6b8f0b0-5b84-41cf-903b-65d46f682230', 'timestamp': 1763957793.4389098}]"
2025-11-18 17:43:00+00:00,"Signal(ts=2025-11-18 17:43:00+00:00, action=BUY, qty=1, strategy=MACross)",39917653-8ce2-45e5-a299-335ec228fe82,"[{'price': 266.8026123046875, 'qty': 1, 'buy_id': '39917653-8ce2-45e5-a299-335ec228fe82', 'sell_id': 'c94aca0c-2196-4ea9-b7fa-e03e8e19903c', 'timestamp': 1763957793.4430254}]"
2025-11-18 17:44:00+00:00,"Signal(ts=2025-11-18 17:44:00+00:00, action=BUY, qty=2, strategy=MACross)",5e313bcc-15ee-4bce-9054-34779d1983b7,"[{'price': 266.8500061035156, 'qty': 1, 'buy_id': '5e313bcc-15ee-4bce-9054-34779d1983b7', 'sell_id': '07b0e100-3ded-4dfb-89fe-368b59a98e0d', 'timestamp': 1763957793.4430254}, {'price': 266.9599914550781, 'qty': 1, 'buy_id': '5e313bcc-15ee-4bce-9054-34779d1983b7', 'sell_id': '73812d57-f1c6-4871-8927-35cbc6785a9b', 'timestamp': 1763957793.4430254}]"
2025-11-18 17:45:00+00:00,"Signal(ts=2025-11-18 17:45:00+00:00, action=BUY, qty=2, strategy=MACross)",2828f482-43fd-467f-90c7-745c1217858f,"[{'price': 266.9800109863281, 'qty': 1, 'buy_id': '2828f482-43fd-467f-90c7-745c1217858f', 'sell_id': 'f853b933-31a9-460b-820f-c89490951d35', 'timestamp': 1763957793.4430254}, {'price': 267.1650085449219, 'qty': 1, 'buy_id': '2828f482-43fd-467f-90c7-745c1217858f', 'sell_id': '4bbf9b49-c797-40d4-a385-fe407d2dc677', 'timestamp': 1763957793.4430254}]"
2025-11-18 17:46:00+00:00,"Signal(ts=2025-11-18 17:46:00+00:00, action=BUY, qty=2, strategy=MACross)",42b3e67a-719e-4a89-8cb4-74a3ec2af502,"[{'price': 267.17999267578125, 'qty': 1, 'buy_id': '42b3e67a-719e-4a89-8cb4-74a3ec2af502', 'sell_id': '4814e9c3-cefa-48c0-95a1-c5ddb823ab7c', 'timestamp': 1763957793.4551127}, {'price': 267.2699890136719, 'qty': 1, 'buy_id': '42b3e67a-719e-4a89-8cb4-74a3ec2af502', 'sell_id': '97593e31-1f0a-4559-a4ec-45d36bdcc85c', 'timestamp': 1763957793.4551127}]"
2025-11-18 17:47:00+00:00,"Signal(ts=2025-11-18 17:47:00+00:00, action=BUY, qty=2, strategy=MACross)",49c5a0ec-2d9b-4fa9-81ea-d5ca85a3864f,"[{'price': 267.2699890136719, 'qty': 1, 'buy_id': '49c5a0ec-2d9b-4fa9-81ea-d5ca85a3864f', 'sell_id': 'ea625aec-6ff0-41b4-98bf-867848c0683c', 'timestamp': 1763957793.4581637}, {'price': 267.2749938964844, 'qty': 1, 'buy_id': '49c5a0ec-2d9b-4fa9-81ea-d5ca85a3864f', 'sell_id': 'ea69e903-8a4f-4b1e-939d-25f0e1bf6e1d', 'timestamp': 1763957793.4581637}]"
2025-11-18 17:48:00+00:00,"Signal(ts=2025-11-18 17:48:00+00:00, action=BUY, qty=2, strategy=MACross)",ad5832c8-660c-48ac-879b-e2d4b244e8be,"[{'price': 267.2817077636719, 'qty': 1, 'buy_id': 'ad5832c8-660c-48ac-879b-e2d4b244e8be', 'sell_id': 'dbd42780-4a25-41f7-a730-c609cf891ffe', 'timestamp': 1763957793.4604301}, {'price': 267.4005126953125, 'qty': 1, 'buy_id': 'ad5832c8-660c-48ac-879b-e2d4b244e8be', 'sell_id': 'e0f92290-162b-487b-8bef-88c98f401b9c', 'timestamp': 1763957793.4604301}]"
2025-11-18 17:49:00+00:00,"Signal(ts=2025-11-18 17:49:00+00:00, action=BUY, qty=2, strategy=MACross)",e53d5772-9974-41fe-9cda-b9636857f3cb,"[{'price': 267.4200134277344, 'qty': 1, 'buy_id': 'e53d5772-9974-41fe-9cda-b9636857f3cb', 'sell_id': '25b642ec-5f2b-484a-8d1c-7972770973cf', 'timestamp': 1763957793.4604301}, {'price': 267.4200134277344, 'qty': 1, 'buy_id': 'e53d5772-9974-41fe-9cda-b9636857f3cb', 'sell_id': '7cfcc526-c79a-4d13-bb74-21c7756ee95f', 'timestamp': 1763957793.4604301}]"
2025-11-18 17:50:00+00:00,"Signal(ts=2025-11-18 17:50:00+00:00, action=BUY, qty=2, strategy=MACross)",4a37f935-ab63-41d2-8507-a90cf2d5c512,"[{'price': 267.42999267578125, 'qty': 2, 'buy_id': '4a37f935-ab63-41d2-8507-a90cf2d5c512', 'sell_id': '668b84d3-ce45-49af-bf68-6a4084f11dec', 'timestamp': 1763957793.4604301}]"
2025-11-18 17:51:00+00:00,"Signal(ts=2025-11-18 17:51:00+00:00, action=BUY, qty=2, strategy=MACross)",8c50a4cf-0026-4b5c-aa5f-552a66a40edf,"[{'price': 267.42999267578125, 'qty': 1, 'buy_id': '8c50a4cf-0026-4b5c-aa5f-552a66a40edf', 'sell_id': '668b84d3-ce45-49af-bf68-6a4084f11dec', 'timestamp': 1763957793.4604301}, {'price': 267.4345092773437, 'qty': 1, 'buy_id': '8c50a4cf-0026-4b5c-aa5f-552a66a40edf', 'sell_id': '9f638b23-a32c-4843-a29c-2426ae7d7ee6', 'timestamp': 1763957793.4604301}]"
2025-11-18 17:52:00+00:00,"Signal(ts=2025-11-18 17:52:00+00:00, action=BUY, qty=1, strategy=MACross)",1ed0f0e6-ee0b-4de5-adb2-67f631f001a6,"[{'price': 267.44000244140625, 'qty': 1, 'buy_id': '1ed0f0e6-ee0b-4de5-adb2-67f631f001a6', 'sell_id': '0da0d58f-88f4-42c1-aae0-f364cbd3c28f', 'timestamp': 1763957793.472731}]"
2025-11-18 17:53:00+00:00,"Signal(ts=2025-11-18 17:53:00+00:00, action=BUY, qty=1, strategy=MACross)",a075c8f2-1b20-4794-9f7f-0e04fd526cc9,"[{'price': 267.45001220703125, 'qty': 1, 'buy_id': 'a075c8f2-1b20-4794-9f7f-0e04fd526cc9', 'sell_id': '6719e080-dc5d-4eb5-b7d0-1521555570b8', 'timestamp': 1763957793.4758089}]"
2025-11-18 17:54:00+00:00,"Signal(ts=2025-11-18 17:54:00+00:00, action=BUY, qty=1, strategy=MACross)",fff0aa65-1610-4050-977b-24d1348d4189,"[{'price': 267.5050048828125, 'qty': 1, 'buy_id': 'fff0aa65-1610-4050-977b-24d1348d4189', 'sell_id': 'a26bfa8e-7f0e-4f7c-9782-393d36d33d29', 'timestamp': 1763957793.4758089}]"
2025-11-18 17:55:00+00:00,"Signal(ts=2025-11-18 17:55:00+00:00, action=BUY, qty=1, strategy=MACross)",cf8d80b3-cff2-4fee-acb0-74d4199c1222,"[{'price': 267.510009765625, 'qty': 1, 'buy_id': 'cf8d80b3-cff2-4fee-acb0-74d4199c1222', 'sell_id': '5f789883-20bf-49e6-be44-c4a93c80b32d', 'timestamp': 1763957793.4758089}]"
2025-11-18 17:56:00+00:00,"Signal(ts=2025-11-18 17:56:00+00:00, action=BUY, qty=1, strategy=MACross)",b3441dbd-b9f3-4cbf-a264-f61f256170a1,"[{'price': 267.5299987792969, 'qty': 1, 'buy_id': 'b3441dbd-b9f3-4cbf-a264-f61f256170a1', 'sell_id': 'f2a5e5fc-a4ea-4a73-bf8b-7a5388fe3836', 'timestamp': 1763957793.4758089}]"
2025-11-18 17:57:00+00:00,"Signal(ts=2025-11-18 17:57:00+00:00, action=BUY, qty=1, strategy=MACross)",b42b1527-3246-4c96-b165-69d1b4fc7687,"[{'price': 267.5425109863281, 'qty': 1, 'buy_id': 'b42b1527-3246-4c96-b165-69d1b4fc7687', 'sell_id': '0da3594d-ed15-4121-9993-f6329b1a5dee', 'timestamp': 1763957793.4758089}]"
2025-11-18 17:58:00+00:00,"Signal(ts=2025-11-18 17:58:00+00:00, action=BUY, qty=1, strategy=MACross)",04c2c7ec-790d-40ca-9858-d82c54799b29,"[{'price': 267.54998779296875, 'qty': 1, 'buy_id': '04c2c7ec-790d-40ca-9858-d82c54799b29', 'sell_id': '4307b0ac-6f87-4988-8d5f-da80c30114ae', 'timestamp': 1763957793.4758089}]"
2025-11-18 17:59:00+00:00,"Signal(ts=2025-11-18 17:59:00+00:00, action=BUY, qty=1, strategy=MACross)",9ee62fac-a791-4822-8a59-c8f5fc4cf8c3,"[{'price': 267.5599975585937, 'qty': 1, 'buy_id': '9ee62fac-a791-4822-8a59-c8f5fc4cf8c3', 'sell_id': '1187e78f-c23c-450f-8e84-47f66bb49e69', 'timestamp': 1763957793.4758089}]"
2025-11-18 18:00:00+00:00,"Signal(ts=2025-11-18 18:00:00+00:00, action=BUY, qty=1, strategy=MACross)",e8859a95-b92e-4117-b33f-c8b908d620da,"[{'price': 267.5899963378906, 'qty': 1, 'buy_id': 'e8859a95-b92e-4117-b33f-c8b908d620da', 'sell_id': 'ab1c3286-a014-44a2-aa25-57f37baa1f1c', 'timestamp': 1763957793.4887872}]"
2025-11-18 18:01:00+00:00,"Signal(ts=2025-11-18 18:01:00+00:00, action=BUY, qty=1, strategy=MACross)",a8fad48e-730d-4d5b-9d82-329e501cb4f5,"[{'price': 267.6000061035156, 'qty': 1, 'buy_id': 'a8fad48e-730d-4d5b-9d82-329e501cb4f5', 'sell_id': 'ebbd78c3-2b85-4d74-9b05-e458f01c09e0', 'timestamp': 1763957793.4940398}]"
2025-11-18 18:02:00+00:00,"Signal(ts=2025-11-18 18:02:00+00:00, action=BUY, qty=1, strategy=MACross)",1c0d1a8b-a36d-43b5-b4ad-ccf2c0aec693,"[{'price': 267.6199951171875, 'qty': 1, 'buy_id': '1c0d1a8b-a36d-43b5-b4ad-ccf2c0aec693', 'sell_id': 'aab4ddb1-bb7c-4579-b5eb-f7ad88246611', 'timestamp': 1763957793.4970455}]"
2025-11-18 18:03:00+00:00,"Signal(ts=2025-11-18 18:03:00+00:00, action=BUY, qty=1, strategy=MACross)",0fc9ae33-c854-47b1-aeff-cd7af43bea64,"[{'price': 267.6933898925781, 'qty': 1, 'buy_id': '0fc9ae33-c854-47b1-aeff-cd7af43bea64', 'sell_id': 'c39181a7-92cb-4e65-8196-512438e748d7', 'timestamp': 1763957793.4980464}]"
2025-11-18 18:04:00+00:00,"Signal(ts=2025-11-18 18:04:00+00:00, action=BUY, qty=1, strategy=MACross)",2b0897a4-494c-4e00-9b4e-cc60240118ec,"[{'price': 267.6933898925781, 'qty': 1, 'buy_id': '2b0897a4-494c-4e00-9b4e-cc60240118ec', 'sell_id': 'c39181a7-92cb-4e65-8196-512438e748d7', 'timestamp': 1763957793.4980464}]"
2025-11-18 18:05:00+00:00,"Signal(ts=2025-11-18 18:05:00+00:00, action=BUY, qty=1, strategy=MACross)",b0e637f0-6e33-422c-82e6-28c750b6d27f,"[{'price': 267.6933898925781, 'qty': 1, 'buy_id': 'b0e637f0-6e33-422c-82e6-28c750b6d27f', 'sell_id': 'c39181a7-92cb-4e65-8196-512438e748d7', 'timestamp': 1763957793.4980464}]"
2025-11-18 18:06:00+00:00,"Signal(ts=2025-11-18 18:06:00+00:00, action=BUY, qty=1, strategy=MACross)",8f2f889f-c3b9-48e3-971a-03ee14c0ebde,"[{'price': 267.70001220703125, 'qty': 1, 'buy_id': '8f2f889f-c3b9-48e3-971a-03ee14c0ebde', 'sell_id': '1ca0707a-d2f7-4ef0-9e38-3900ddc59fe9', 'timestamp': 1763957793.5053296}]"
2025-11-18 18:07:00+00:00,"Signal(ts=2025-11-18 18:07:00+00:00, action=SELL, qty=1, strategy=MACross)",4983fbda-a94c-4f2a-b45e-ce85e3569168,[]
2025-11-18 18:08:00+00:00,"Signal(ts=2025-11-18 18:08:00+00:00, action=SELL, qty=1, strategy=MACross)",daa4f7b7-7d98-4df9-b962-a60354c026b0,[]
2025-11-18 18:09:00+00:00,"Signal(ts=2025-11-18 18:09:00+00:00, action=SELL, qty=1, strategy=MACross)",2dd44a80-0d4d-4740-b73e-a920568f1411,[]
2025-11-18 18:10:00+00:00,"Signal(ts=2025-11-18 18:10:00+00:00, action=SELL, qty=1, strategy=MACross)",9249e6e3-4da3-4749-be1c-ded943773454,[]
2025-11-18 18:11:00+00:00,"Signal(ts=2025-11-18 18:11:00+00:00, action=SELL, qty=1, strategy=MACross)",6f4bd241-99df-4c71-84eb-65707fcb16ec,[]
2025-11-18 18:12:00+00:00,"Signal(ts=2025-11-18 18:12:00+00:00, action=SELL, qty=1, strategy=MACross)",2be20a82-671d-489d-954e-00360da4db36,[]
2025-11-18 18:13:00+00:00,"Signal(ts=2025-11-18 18:13:00+00:00, action=SELL, qty=1, strategy=MACross)",7806bbc4-a725-46ff-b2e9-fb719e5a2a90,[]
2025-11-18 18:14:00+00:00,"Signal(ts=2025-11-18 18:14:00+00:00, action=SELL, qty=1, strategy=MACross)",a507abdf-5aa6-4a8d-b59e-b970c52b6ad1,[]
2025-11-18 18:15:00+00:00,"Signal(ts=2025-11-18 18:15:00+00:00, action=SELL, qty=1, strategy=MACross)",445f966e-49c3-48ff-9092-8d402c634a9f,[]
2025-11-18 18:16:00+00:00,"Signal(ts=2025-11-18 18:16:00+00:00, action=SELL, qty=1, strategy=MACross)",24eec88f-d4e9-4d2c-aafa-dfe6bafddc0e,[]
2025-11-18 18:17:00+00:00,"Signal(ts=2025-11-18 18:17:00+00:00, action=SELL, qty=1, strategy=MACross)",be93c1d6-3c3a-4856-bbed-4dd3e360561e,[]
2025-11-18 18:18:00+00:00,"Signal(ts=2025-11-18 18:18:00+00:00, action=SELL, qty=1, strategy=MACross)",a62cd3ba-b675-4557-abb2-64a27be56d42,[]
2025-11-18 18:19:00+00:00,"Signal(ts=2025-11-18 18:19:00+00:00, action=BUY, qty=1, strategy=MACross)",1dc4781d-e2cf-4637-9751-05733d7d34a9,"[{'price': 267.7099914550781, 'qty': 1, 'buy_id': '1dc4781d-e2cf-4637-9751-05733d7d34a9', 'sell_id': 'fc4c9b3f-29b5-4490-93c7-309cc93523bf', 'timestamp': 1763957793.5317826}]"
2025-11-18 18:20:00+00:00,"Signal(ts=2025-11-18 18:20:00+00:00, action=BUY, qty=1, strategy=MACross)",105d1206-5755-4544-b73e-e90cf42b50d3,"[{'price': 267.7200012207031, 'qty': 1, 'buy_id': '105d1206-5755-4544-b73e-e90cf42b50d3', 'sell_id': '8d8f25f8-0433-4e80-b59b-4f60f8853922', 'timestamp': 1763957793.5337875}]"
2025-11-18 18:21:00+00:00,"Signal(ts=2025-11-18 18:21:00+00:00, action=BUY, qty=1, strategy=MACross)",40e72eca-23cf-4a6c-8f65-db9ff12d500c,"[{'price': 267.7300109863281, 'qty': 1, 'buy_id': '40e72eca-23cf-4a6c-8f65-db9ff12d500c', 'sell_id': '2f046413-93a9-4ada-a16e-9c7dfab6ff4a', 'timestamp': 1763957793.5337875}]"
2025-11-18 18:22:00+00:00,"Signal(ts=2025-11-18 18:22:00+00:00, action=BUY, qty=1, strategy=MACross)",da1c3322-4d8e-41e4-a173-08e701f38854,"[{'price': 267.7300109863281, 'qty': 1, 'buy_id': 'da1c3322-4d8e-41e4-a173-08e701f38854', 'sell_id': 'be1c664c-c61c-45bb-a29b-d845028a2c30', 'timestamp': 1763957793.5389514}]"
2025-11-18 18:23:00+00:00,"Signal(ts=2025-11-18 18:23:00+00:00, action=BUY, qty=1, strategy=MACross)",082c48cb-0755-4d66-940d-f26a9eac7401,"[{'price': 267.7900085449219, 'qty': 1, 'buy_id': '082c48cb-0755-4d66-940d-f26a9eac7401', 'sell_id': '75a0ec6f-0cd4-4e0d-86bd-8de2c7aa68f7', 'timestamp': 1763957793.540967}]"
2025-11-18 18:24:00+00:00,"Signal(ts=2025-11-18 18:24:00+00:00, action=BUY, qty=1, strategy=MACross)",9d3b9869-e54e-4a50-87d4-1052c287c288,"[{'price': 267.79998779296875, 'qty': 1, 'buy_id': '9d3b9869-e54e-4a50-87d4-1052c287c288', 'sell_id': 'c746c3e3-0f59-4d57-b3ea-414e3227a0c6', 'timestamp': 1763957793.5413136}]"
2025-11-18 18:25:00+00:00,"Signal(ts=2025-11-18 18:25:00+00:00, action=BUY, qty=1, strategy=MACross)",7427beff-7f51-429b-af1e-80051cb044af,"[{'price': 267.79998779296875, 'qty': 1, 'buy_id': '7427beff-7f51-429b-af1e-80051cb044af', 'sell_id': 'c746c3e3-0f59-4d57-b3ea-414e3227a0c6', 'timestamp': 1763957793.5452082}]"
2025-11-18 18:26:00+00:00,"Signal(ts=2025-11-18 18:26:00+00:00, action=BUY, qty=1, strategy=MACross)",b78a0ecb-0f1d-4f17-b81a-48abbf35641f,"[{'price': 267.8117980957031, 'qty': 1, 'buy_id': 'b78a0ecb-0f1d-4f17-b81a-48abbf35641f', 'sell_id': 'bd30f5a8-8a63-41ab-88e8-4b518220b122', 'timestamp': 1763957793.5472066}]"
2025-11-18 18:27:00+00:00,"Signal(ts=2025-11-18 18:27:00+00:00, action=BUY, qty=1, strategy=MACross)",6effc037-acfa-4a57-97f7-1f07fdb10697,"[{'price': 267.8299865722656, 'qty': 1, 'buy_id': '6effc037-acfa-4a57-97f7-1f07fdb10697', 'sell_id': '3410e1fc-f767-4bc9-ae4d-5ca4c16e3d11', 'timestamp': 1763957793.5482106}]"
2025-11-18 18:28:00+00:00,"Signal(ts=2025-11-18 18:28:00+00:00, action=BUY, qty=1, strategy=MACross)",9ccc1f97-e120-45fc-8418-b2596cff323e,"[{'price': 267.87921142578125, 'qty': 1, 'buy_id': '9ccc1f97-e120-45fc-8418-b2596cff323e', 'sell_id': '8316920b-25ec-489b-b6eb-78e4af072479', 'timestamp': 1763957793.5482106}]"
2025-11-18 18:29:00+00:00,"Signal(ts=2025-11-18 18:29:00+00:00, action=BUY, qty=1, strategy=MACross)",10e1fc8b-96d7-482a-995d-3736a7b688d3,"[{'price': 267.8800048828125, 'qty': 1, 'buy_id': '10e1fc8b-96d7-482a-995d-3736a7b688d3', 'sell_id': 'bd3094bd-cd0f-49bb-88d2-9562ae623779', 'timestamp': 1763957793.5482106}]"
2025-11-18 18:30:00+00:00,"Signal(ts=2025-11-18 18:30:00+00:00, action=BUY, qty=1, strategy=MACross)",6172627b-70b8-4b95-8f03-3eea7c937117,"[{'price': 267.8949890136719, 'qty': 1, 'buy_id': '6172627b-70b8-4b95-8f03-3eea7c937117', 'sell_id': '16db4747-eebc-42e2-86a5-ed9f33637ab5', 'timestamp': 1763957793.5541334}]"
2025-11-18 18:31:00+00:00,"Signal(ts=2025-11-18 18:31:00+00:00, action=BUY, qty=1, strategy=MACross)",cf86e196-7046-4ffc-94b0-740b1ed75ae8,"[{'price': 267.9150085449219, 'qty': 1, 'buy_id': 'cf86e196-7046-4ffc-94b0-740b1ed75ae8', 'sell_id': '3e03c630-eea5-4e69-88f9-7ea30ecb8dd5', 'timestamp': 1763957793.5565443}]"
2025-11-18 18:32:00+00:00,"Signal(ts=2025-11-18 18:32:00+00:00, action=BUY, qty=1, strategy=MACross)",27437a7a-85ce-4496-8ac5-22f1e5bd4d4f,"[{'price': 267.9200134277344, 'qty': 1, 'buy_id': '27437a7a-85ce-4496-8ac5-22f1e5bd4d4f', 'sell_id': '8ee7d39d-0131-4441-8453-6beaeff3a3a1', 'timestamp': 1763957793.557921}]"
2025-11-18 18:33:00+00:00,"Signal(ts=2025-11-18 18:33:00+00:00, action=BUY, qty=1, strategy=MACross)",61dabc1f-9755-4c70-8c69-ff20fe01c183,"[{'price': 267.9649963378906, 'qty': 1, 'buy_id': '61dabc1f-9755-4c70-8c69-ff20fe01c183', 'sell_id': '1049b43b-d33f-4fe5-a3ae-811f8a11613f', 'timestamp': 1763957793.5607831}]"
2025-11-18 18:34:00+00:00,"Signal(ts=2025-11-18 18:34:00+00:00, action=BUY, qty=1, strategy=MACross)",4d25df01-f22f-476d-86eb-347570602de4,"[{'price': 268.0105895996094, 'qty': 1, 'buy_id': '4d25df01-f22f-476d-86eb-347570602de4', 'sell_id': '681865ff-332a-470e-9e60-0c97a5733c5b', 'timestamp': 1763957793.5629318}]"
2025-11-18 18:35:00+00:00,"Signal(ts=2025-11-18 18:35:00+00:00, action=BUY, qty=1, strategy=MACross)",9ede3e38-994b-4dfd-be6a-30a8fbae67ea,"[{'price': 268.0599975585937, 'qty': 1, 'buy_id': '9ede3e38-994b-4dfd-be6a-30a8fbae67ea', 'sell_id': '5dc8078f-f594-4caa-8413-31588e3f95cd', 'timestamp': 1763957793.5649364}]"
2025-11-18 18:36:00+00:00,"Signal(ts=2025-11-18 18:36:00+00:00, action=BUY, qty=1, strategy=MACross)",a8266961-597e-4935-8690-b6866a4ecec5,"[{'price': 268.0599975585937, 'qty': 1, 'buy_id': 'a8266961-597e-4935-8690-b6866a4ecec5', 'sell_id': '461e82e2-b89c-455d-9174-e3ec7d365b23', 'timestamp': 1763957793.569174}]"
2025-11-18 18:37:00+00:00,"Signal(ts=2025-11-18 18:37:00+00:00, action=BUY, qty=1, strategy=MACross)",505084ea-bba5-41d5-ac36-61d6be8e74e0,"[{'price': 268.07501220703125, 'qty': 1, 'buy_id': '505084ea-bba5-41d5-ac36-61d6be8e74e0', 'sell_id': '33663747-3fb9-4e2b-bded-1ac2566a98b5', 'timestamp': 1763957793.5724125}]"
2025-11-18 18:38:00+00:00,"Signal(ts=2025-11-18 18:38:00+00:00, action=BUY, qty=1, strategy=MACross)",77067cfb-0303-40f6-a878-f49b5ed64c01,"[{'price': 268.1700134277344, 'qty': 1, 'buy_id': '77067cfb-0303-40f6-a878-f49b5ed64c01', 'sell_id': '7806bbc4-a725-46ff-b2e9-fb719e5a2a90', 'timestamp': 1763957793.5734496}]"
2025-11-18 18:39:00+00:00,"Signal(ts=2025-11-18 18:39:00+00:00, action=BUY, qty=1, strategy=MACross)",30775e28-1b43-40a3-a544-42da81a72508,"[{'price': 268.2699890136719, 'qty': 1, 'buy_id': '30775e28-1b43-40a3-a544-42da81a72508', 'sell_id': '4983fbda-a94c-4f2a-b45e-ce85e3569168', 'timestamp': 1763957793.5734496}]"
2025-11-18 18:40:00+00:00,"Signal(ts=2025-11-18 18:40:00+00:00, action=BUY, qty=1, strategy=MACross)",3cae6ad4-0ac1-400c-9249-5718103df99a,"[{'price': 268.2901916503906, 'qty': 1, 'buy_id': '3cae6ad4-0ac1-400c-9249-5718103df99a', 'sell_id': '445f966e-49c3-48ff-9092-8d402c634a9f', 'timestamp': 1763957793.578725}]"
2025-11-18 18:41:00+00:00,"Signal(ts=2025-11-18 18:41:00+00:00, action=BUY, qty=1, strategy=MACross)",535754f4-617d-4ee2-b8c9-0e7f20086c69,"[{'price': 268.29998779296875, 'qty': 1, 'buy_id': '535754f4-617d-4ee2-b8c9-0e7f20086c69', 'sell_id': '09411b6e-b434-474b-b165-d02b15e1ca7b', 'timestamp': 1763957793.5811367}]"
2025-11-18 18:42:00+00:00,"Signal(ts=2025-11-18 18:42:00+00:00, action=BUY, qty=1, strategy=MACross)",c753ff8b-73bb-4926-af87-362d3d5c8bb1,"[{'price': 268.29998779296875, 'qty': 1, 'buy_id': 'c753ff8b-73bb-4926-af87-362d3d5c8bb1', 'sell_id': '09411b6e-b434-474b-b165-d02b15e1ca7b', 'timestamp': 1763957793.581593}]"
2025-11-18 18:43:00+00:00,"Signal(ts=2025-11-18 18:43:00+00:00, action=SELL, qty=1, strategy=MACross)",6d897074-2897-42a4-8ccb-095a5119c15d,[]
2025-11-18 18:44:00+00:00,"Signal(ts=2025-11-18 18:44:00+00:00, action=SELL, qty=1, strategy=MACross)",2be3f9b9-553f-4db2-a256-f3e18fd07675,[]
2025-11-18 18:45:00+00:00,"Signal(ts=2025-11-18 18:45:00+00:00, action=SELL, qty=1, strategy=MACross)",1cdc06f4-9241-490d-af1a-d4dead740797,[]
2025-11-18 18:46:00+00:00,"Signal(ts=2025-11-18 18:46:00+00:00, action=SELL, qty=1, strategy=MACross)",eeb12028-efb6-4dc6-9c51-886a6f2c0578,[]
2025-11-18 18:47:00+00:00,"Signal(ts=2025-11-18 18:47:00+00:00, action=SELL, qty=1, strategy=MACross)",3360d6fa-3dc7-4af0-81d8-eb72a864e874,[]
2025-11-18 18:48:00+00:00,"Signal(ts=2025-11-18 18:48:00+00:00, action=SELL, qty=1, strategy=MACross)",c3c846f8-fec1-4750-a7a5-c722b58479e8,[]
2025-11-18 18:49:00+00:00,"Signal(ts=2025-11-18 18:49:00+00:00, action=SELL, qty=1, strategy=MACross)",ec12d36b-4f3c-46ce-b63b-8da19ef2bf21,[]
2025-11-18 18:50:00+00:00,"Signal(ts=2025-11-18 18:50:00+00:00, action=SELL, qty=1, strategy=MACross)",bd399f00-ae08-4e24-9d74-257af8ff4c26,[]
2025-11-18 18:51:00+00:00,"Signal(ts=2025-11-18 18:51:00+00:00, action=SELL, qty=1, strategy=MACross)",19ff9d59-bfcf-42f4-be2a-48ad0f81ac2b,[]
2025-11-18 18:52:00+00:00,"Signal(ts=2025-11-18 18:52:00+00:00, action=BUY, qty=1, strategy=MACross)",6e26c9d1-45c6-43b8-826c-ef2122176e0f,"[{'price': 268.29998779296875, 'qty': 1, 'buy_id': '6e26c9d1-45c6-43b8-826c-ef2122176e0f', 'sell_id': '09411b6e-b434-474b-b165-d02b15e1ca7b', 'timestamp': 1763957793.6079705}]"
2025-11-18 18:53:00+00:00,"Signal(ts=2025-11-18 18:53:00+00:00, action=BUY, qty=1, strategy=MACross)",14bf4ee5-1824-4f26-9562-8ea836bf0665,"[{'price': 268.32000732421875, 'qty': 1, 'buy_id': '14bf4ee5-1824-4f26-9562-8ea836bf0665', 'sell_id': '2dd44a80-0d4d-4740-b73e-a920568f1411', 'timestamp': 1763957793.609974}]"
2025-11-18 18:54:00+00:00,"Signal(ts=2025-11-18 18:54:00+00:00, action=BUY, qty=1, strategy=MACross)",a5ad4964-8d45-4b84-b240-3d65213eb23d,"[{'price': 268.3299865722656, 'qty': 1, 'buy_id': 'a5ad4964-8d45-4b84-b240-3d65213eb23d', 'sell_id': 'daa4f7b7-7d98-4df9-b962-a60354c026b0', 'timestamp': 1763957793.6115947}]"
2025-11-18 18:55:00+00:00,"Signal(ts=2025-11-18 18:55:00+00:00, action=BUY, qty=1, strategy=MACross)",8eec96ad-6abf-4085-8815-8819f990cdd3,"[{'price': 268.385009765625, 'qty': 1, 'buy_id': '8eec96ad-6abf-4085-8815-8819f990cdd3', 'sell_id': '2be20a82-671d-489d-954e-00360da4db36', 'timestamp': 1763957793.6115947}]"
2025-11-18 18:56:00+00:00,"Signal(ts=2025-11-18 18:56:00+00:00, action=BUY, qty=1, strategy=MACross)",7ad0ec84-b9ad-47f3-b6b9-5f7a85c545b5,"[{'price': 268.3900146484375, 'qty': 1, 'buy_id': '7ad0ec84-b9ad-47f3-b6b9-5f7a85c545b5', 'sell_id': 'be93c1d6-3c3a-4856-bbed-4dd3e360561e', 'timestamp': 1763957793.6115947}]"
2025-11-18 18:57:00+00:00,"Signal(ts=2025-11-18 18:57:00+00:00, action=BUY, qty=1, strategy=MACross)",939140cb-0989-419d-a38d-478d758349f3,"[{'price': 268.42999267578125, 'qty': 1, 'buy_id': '939140cb-0989-419d-a38d-478d758349f3', 'sell_id': '9249e6e3-4da3-4749-be1c-ded943773454', 'timestamp': 1763957793.6175025}]"
2025-11-18 18:58:00+00:00,"Signal(ts=2025-11-18 18:58:00+00:00, action=BUY, qty=1, strategy=MACross)",417103e8-ea65-4e6d-909c-6bdf79c36305,[]
2025-11-18 18:59:00+00:00,"Signal(ts=2025-11-18 18:59:00+00:00, action=BUY, qty=1, strategy=MACross)",4f9eedca-ca62-4ecb-8c79-cf1776639433,[]
2025-11-18 19:00:00+00:00,"Signal(ts=2025-11-18 19:00:00+00:00, action=BUY, qty=1, strategy=MACross)",61a55b48-4dcd-4b0a-a4c3-7bcf5cc19316,[]
2025-11-18 19:01:00+00:00,"Signal(ts=2025-11-18 19:01:00+00:00, action=SELL, qty=1, strategy=MACross)",fd80a70d-440a-4616-a363-2f39aa494867,[]
2025-11-18 19:02:00+00:00,"Signal(ts=2025-11-18 19:02:00+00:00, action=SELL, qty=1, strategy=MACross)",4536a517-77dd-4239-a295-b984725a5393,[]
2025-11-18 19:03:00+00:00,"Signal(ts=2025-11-18 19:03:00+00:00, action=SELL, qty=1, strategy=MACross)",056d4d68-b1b1-48b5-bf4c-8828f6992b45,"[{'price': 268.25, 'qty': 1, 'buy_id': '61a55b48-4dcd-4b0a-a4c3-7bcf5cc19316', 'sell_id': '056d4d68-b1b1-48b5-bf4c-8828f6992b45', 'timestamp': 1763957793.628458}]"
2025-11-18 19:04:00+00:00,"Signal(ts=2025-11-18 19:04:00+00:00, action=SELL, qty=1, strategy=MACross)",728120ed-9572-4705-b0e8-203da07d639b,"[{'price': 268.32000732421875, 'qty': 1, 'buy_id': '417103e8-ea65-4e6d-909c-6bdf79c36305', 'sell_id': '728120ed-9572-4705-b0e8-203da07d639b', 'timestamp': 1763957793.628458}]"
2025-11-18 19:05:00+00:00,"Signal(ts=2025-11-18 19:05:00+00:00, action=SELL, qty=1, strategy=MACross)",46273939-1b05-4ea8-97e7-d98a0cc4fc7d,[]
2025-11-18 19:06:00+00:00,"Signal(ts=2025-11-18 19:06:00+00:00, action=SELL, qty=1, strategy=MACross)",87a47fe0-f9e4-494d-b837-1f25cfa6d235,[]
2025-11-18 19:07:00+00:00,"Signal(ts=2025-11-18 19:07:00+00:00, action=SELL, qty=1, strategy=MACross)",56fb1e99-7166-46c9-9647-c7132ffcf83a,[]
2025-11-18 19:08:00+00:00,"Signal(ts=2025-11-18 19:08:00+00:00, action=SELL, qty=1, strategy=MACross)",12571661-6dda-4507-8cf2-9814d5dfdada,[]
2025-11-18 19:09:00+00:00,"Signal(ts=2025-11-18 19:09:00+00:00, action=SELL, qty=1, strategy=MACross)",20a1f032-419d-4812-883d-587e307495a3,[]
2025-11-18 19:10:00+00:00,"Signal(ts=2025-11-18 19:10:00+00:00, action=SELL, qty=1, strategy=MACross)",2a791391-310c-43d5-9741-cac0a179a6df,[]
2025-11-18 19:11:00+00:00,"Signal(ts=2025-11-18 19:11:00+00:00, action=SELL, qty=1, strategy=MACross)",076b4484-0cd6-4b40-bb6e-247f4143f46d,[]
2025-11-18 19:12:00+00:00,"Signal(ts=2025-11-18 19:12:00+00:00, action=SELL, qty=1, strategy=MACross)",88ac46fd-edf4-448e-9a1d-dc0d259997ef,[]
2025-11-18 19:13:00+00:00,"Signal(ts=2025-11-18 19:13:00+00:00, action=SELL, qty=1, strategy=MACross)",62881f6d-3d30-41ef-a6c4-a22c19e6d527,[]
2025-11-18 19:14:00+00:00,"Signal(ts=2025-11-18 19:14:00+00:00, action=BUY, qty=1, strategy=MACross)",f46776d4-6622-4c7a-b675-e18f29d50f55,"[{'price': 268.2900085449219, 'qty': 1, 'buy_id': 'f46776d4-6622-4c7a-b675-e18f29d50f55', 'sell_id': '076b4484-0cd6-4b40-bb6e-247f4143f46d', 'timestamp': 1763957793.6545322}]"
2025-11-18 19:15:00+00:00,"Signal(ts=2025-11-18 19:15:00+00:00, action=BUY, qty=1, strategy=MACross)",b0983322-57bb-41e9-801b-158e4ed6042e,[]
2025-11-18 19:16:00+00:00,"Signal(ts=2025-11-18 19:16:00+00:00, action=BUY, qty=1, strategy=MACross)",2041b6ca-cf4e-42b1-8e00-62040ac7ce56,[]
2025-11-18 19:17:00+00:00,"Signal(ts=2025-11-18 19:17:00+00:00, action=SELL, qty=1, strategy=MACross)",73a2519a-e788-4920-910d-dc16da4ddb53,"[{'price': 268.1722106933594, 'qty': 1, 'buy_id': '2041b6ca-cf4e-42b1-8e00-62040ac7ce56', 'sell_id': '73a2519a-e788-4920-910d-dc16da4ddb53', 'timestamp': 1763957793.660766}]"
2025-11-18 19:18:00+00:00,"Signal(ts=2025-11-18 19:18:00+00:00, action=SELL, qty=1, strategy=MACross)",0f80a6f0-662e-4427-ab17-50d09f89e005,"[{'price': 268.2699890136719, 'qty': 1, 'buy_id': '4f9eedca-ca62-4ecb-8c79-cf1776639433', 'sell_id': '0f80a6f0-662e-4427-ab17-50d09f89e005', 'timestamp': 1763957793.6620634}]"
2025-11-18 19:19:00+00:00,"Signal(ts=2025-11-18 19:19:00+00:00, action=SELL, qty=1, strategy=MACross)",147af000-a346-46f9-8125-0565f0aaadae,[]
2025-11-18 19:20:00+00:00,"Signal(ts=2025-11-18 19:20:00+00:00, action=SELL, qty=1, strategy=MACross)",9ccaa653-a35f-4d76-9944-5cde085c57be,"[{'price': 268.25, 'qty': 1, 'buy_id': 'b0983322-57bb-41e9-801b-158e4ed6042e', 'sell_id': '9ccaa653-a35f-4d76-9944-5cde085c57be', 'timestamp': 1763957793.6674554}]"
2025-11-18 19:21:00+00:00,"Signal(ts=2025-11-18 19:21:00+00:00, action=SELL, qty=1, strategy=MACross)",2c04f1d6-7fe3-4aa6-9caa-9f9899524fb5,[]
2025-11-18 19:22:00+00:00,"Signal(ts=2025-11-18 19:22:00+00:00, action=SELL, qty=1, strategy=MACross)",5e3f00c5-507f-4b6c-8b6f-f027cf991bf6,[]
2025-11-18 19:23:00+00:00,"Signal(ts=2025-11-18 19:23:00+00:00, action=SELL, qty=1, strategy=MACross)",8cd9e8a9-ee3b-4f5d-9dba-73c0bb8da8f8,[]
2025-11-18 19:24:00+00:00,"Signal(ts=2025-11-18 19:24:00+00:00, action=SELL, qty=1, strategy=MACross)",cbe011ab-a251-47f2-a868-5830a6fe24b2,[]
2025-11-18 19:25:00+00:00,"Signal(ts=2025-11-18 19:25:00+00:00, action=SELL, qty=1, strategy=MACross)",a3015641-fb76-4942-a11b-342756cacf99,[]
2025-11-18 19:26:00+00:00,"Signal(ts=2025-11-18 19:26:00+00:00, action=SELL, qty=1, strategy=MACross)",c7cd214b-5372-4ca2-b8b5-d54dcd83d041,[]
2025-11-18 19:27:00+00:00,"Signal(ts=2025-11-18 19:27:00+00:00, action=SELL, qty=1, strategy=MACross)",3f790233-aae8-49d4-aae7-fcb562195f56,[]
2025-11-18 19:28:00+00:00,"Signal(ts=2025-11-18 19:28:00+00:00, action=SELL, qty=1, strategy=MACross)",3e4dec08-cf00-442c-b48b-ddb4d4669ed4,[]
2025-11-18 19:29:00+00:00,"Signal(ts=2025-11-18 19:29:00+00:00, action=SELL, qty=1, strategy=MACross)",20490317-c307-49ec-96e5-589d49ca74cb,[]
2025-11-18 19:30:00+00:00,"Signal(ts=2025-11-18 19:30:00+00:00, action=SELL, qty=1, strategy=MACross)",20a672e9-2fc4-46cd-98bd-d710a7aed4bf,[]
2025-11-18 19:31:00+00:00,"Signal(ts=2025-11-18 19:31:00+00:00, action=SELL, qty=1, strategy=MACross)",5b755ae7-89bf-4477-bec3-0c8583d0095e,[]
2025-11-18 19:32:00+00:00,"Signal(ts=2025-11-18 19:32:00+00:00, action=SELL, qty=1, strategy=MACross)",35340669-c754-4343-a95d-990be1cf5df4,[]
2025-11-18 19:33:00+00:00,"Signal(ts=2025-11-18 19:33:00+00:00, action=SELL, qty=1, strategy=MACross)",3055fe36-3ad4-4345-90d3-e8bb237ce876,[]
2025-11-18 19:34:00+00:00,"Signal(ts=2025-11-18 19:34:00+00:00, action=SELL, qty=1, strategy=MACross)",30c6f481-3af1-4350-8856-9c8f6cc72aeb,[]
2025-11-18 19:35:00+00:00,"Signal(ts=2025-11-18 19:35:00+00:00, action=SELL, qty=1, strategy=MACross)",dbeab96c-92f1-4fb3-a735-62f989652cc4,[]
2025-11-18 19:36:00+00:00,"Signal(ts=2025-11-18 19:36:00+00:00, action=SELL, qty=1, strategy=MACross)",3ff69ead-190a-48bf-b49e-38c3c322a94a,[]
2025-11-18 19:37:00+00:00,"Signal(ts=2025-11-18 19:37:00+00:00, action=SELL, qty=1, strategy=MACross)",41108752-4086-47aa-9075-dd962c1e2be0,[]
2025-11-18 19:38:00+00:00,"Signal(ts=2025-11-18 19:38:00+00:00, action=SELL, qty=1, strategy=MACross)",99def7aa-1e51-4015-9466-b82f59a72c9e,[]
2025-11-18 19:39:00+00:00,"Signal(ts=2025-11-18 19:39:00+00:00, action=SELL, qty=1, strategy=MACross)",64b9c1c4-b9b4-49af-86a3-11637afc4fd6,[]
2025-11-18 19:40:00+00:00,"Signal(ts=2025-11-18 19:40:00+00:00, action=BUY, qty=1, strategy=MACross)",f6aebd22-e3a8-4d93-8441-ee48bcc962c6,"[{'price': 267.8500061035156, 'qty': 1, 'buy_id': 'f6aebd22-e3a8-4d93-8441-ee48bcc962c6', 'sell_id': '35340669-c754-4343-a95d-990be1cf5df4', 'timestamp': 1763957793.7146053}]"
2025-11-18 19:41:00+00:00,"Signal(ts=2025-11-18 19:41:00+00:00, action=BUY, qty=1, strategy=MACross)",004f87b5-6653-4f68-98d7-829c1ae0cd72,"[{'price': 267.8699951171875, 'qty': 1, 'buy_id': '004f87b5-6653-4f68-98d7-829c1ae0cd72', 'sell_id': '30c6f481-3af1-4350-8856-9c8f6cc72aeb', 'timestamp': 1763957793.7167547}]"
2025-11-18 19:42:00+00:00,"Signal(ts=2025-11-18 19:42:00+00:00, action=BUY, qty=1, strategy=MACross)",86db1d32-bf14-4a76-8ca2-ebbdde8489ac,"[{'price': 267.8800048828125, 'qty': 1, 'buy_id': '86db1d32-bf14-4a76-8ca2-ebbdde8489ac', 'sell_id': '5b755ae7-89bf-4477-bec3-0c8583d0095e', 'timestamp': 1763957793.7187555}]"
2025-11-18 19:43:00+00:00,"Signal(ts=2025-11-18 19:43:00+00:00, action=BUY, qty=1, strategy=MACross)",d283ed19-c385-4885-8c63-d2909e7d8f72,"[{'price': 267.92999267578125, 'qty': 1, 'buy_id': 'd283ed19-c385-4885-8c63-d2909e7d8f72', 'sell_id': '3055fe36-3ad4-4345-90d3-e8bb237ce876', 'timestamp': 1763957793.722844}]"
2025-11-18 19:44:00+00:00,"Signal(ts=2025-11-18 19:44:00+00:00, action=BUY, qty=1, strategy=MACross)",8c55de0c-90a2-441b-8263-a11252cb2650,"[{'price': 267.94000244140625, 'qty': 1, 'buy_id': '8c55de0c-90a2-441b-8263-a11252cb2650', 'sell_id': '20a672e9-2fc4-46cd-98bd-d710a7aed4bf', 'timestamp': 1763957793.7261553}]"
2025-11-18 19:45:00+00:00,"Signal(ts=2025-11-18 19:45:00+00:00, action=BUY, qty=1, strategy=MACross)",c6aa1bb0-10a9-4062-8fb8-26a158d634bc,"[{'price': 267.9800109863281, 'qty': 1, 'buy_id': 'c6aa1bb0-10a9-4062-8fb8-26a158d634bc', 'sell_id': '3e4dec08-cf00-442c-b48b-ddb4d4669ed4', 'timestamp': 1763957793.7302186}]"
2025-11-18 19:46:00+00:00,"Signal(ts=2025-11-18 19:46:00+00:00, action=BUY, qty=1, strategy=MACross)",4ff913f2-9dc5-4e46-a79a-04baa887c1e7,"[{'price': 268.03448486328125, 'qty': 1, 'buy_id': '4ff913f2-9dc5-4e46-a79a-04baa887c1e7', 'sell_id': '20490317-c307-49ec-96e5-589d49ca74cb', 'timestamp': 1763957793.7347615}]"
2025-11-18 19:47:00+00:00,"Signal(ts=2025-11-18 19:47:00+00:00, action=BUY, qty=1, strategy=MACross)",8442c638-437c-4135-b4d4-4e0d4e49a7c1,"[{'price': 268.07501220703125, 'qty': 1, 'buy_id': '8442c638-437c-4135-b4d4-4e0d4e49a7c1', 'sell_id': '2c04f1d6-7fe3-4aa6-9caa-9f9899524fb5', 'timestamp': 1763957793.7391331}]"
2025-11-18 19:48:00+00:00,"Signal(ts=2025-11-18 19:48:00+00:00, action=BUY, qty=1, strategy=MACross)",ca5bc2f3-8d62-4628-9b2e-586790583d67,"[{'price': 268.0799865722656, 'qty': 1, 'buy_id': 'ca5bc2f3-8d62-4628-9b2e-586790583d67', 'sell_id': 'cbe011ab-a251-47f2-a868-5830a6fe24b2', 'timestamp': 1763957793.741681}]"
2025-11-18 19:49:00+00:00,"Signal(ts=2025-11-18 19:49:00+00:00, action=BUY, qty=1, strategy=MACross)",33c3e79b-2554-48aa-a34d-54f83b0f31b6,"[{'price': 268.0898132324219, 'qty': 1, 'buy_id': '33c3e79b-2554-48aa-a34d-54f83b0f31b6', 'sell_id': 'dbeab96c-92f1-4fb3-a735-62f989652cc4', 'timestamp': 1763957793.741681}]"
2025-11-18 19:50:00+00:00,"Signal(ts=2025-11-18 19:50:00+00:00, action=BUY, qty=1, strategy=MACross)",eb5a3679-27a4-4000-beb7-df28037fb7d3,"[{'price': 268.0899963378906, 'qty': 1, 'buy_id': 'eb5a3679-27a4-4000-beb7-df28037fb7d3', 'sell_id': '8cd9e8a9-ee3b-4f5d-9dba-73c0bb8da8f8', 'timestamp': 1763957793.7551441}]"
2025-11-18 19:51:00+00:00,"Signal(ts=2025-11-18 19:51:00+00:00, action=BUY, qty=1, strategy=MACross)",26aefa97-2e67-4427-97f5-0765d21df974,"[{'price': 268.1099853515625, 'qty': 1, 'buy_id': '26aefa97-2e67-4427-97f5-0765d21df974', 'sell_id': '3ff69ead-190a-48bf-b49e-38c3c322a94a', 'timestamp': 1763957793.7557256}]"
2025-11-18 19:52:00+00:00,"Signal(ts=2025-11-18 19:52:00+00:00, action=BUY, qty=1, strategy=MACross)",7acd45d3-1bb8-4b96-8f98-4ee106707df5,"[{'price': 268.125, 'qty': 1, 'buy_id': '7acd45d3-1bb8-4b96-8f98-4ee106707df5', 'sell_id': '3f790233-aae8-49d4-aae7-fcb562195f56', 'timestamp': 1763957793.7557256}]"
2025-11-18 19:53:00+00:00,"Signal(ts=2025-11-18 19:53:00+00:00, action=BUY, qty=1, strategy=MACross)",eb622d7a-8194-4436-8752-989aaad62f37,"[{'price': 268.14019775390625, 'qty': 1, 'buy_id': 'eb622d7a-8194-4436-8752-989aaad62f37', 'sell_id': '41108752-4086-47aa-9075-dd962c1e2be0', 'timestamp': 1763957793.7557256}]"
2025-11-18 19:54:00+00:00,"Signal(ts=2025-11-18 19:54:00+00:00, action=SELL, qty=1, strategy=MACross)",35460d80-8a36-4ac9-a95a-a98e57399d97,[]
2025-11-18 19:55:00+00:00,"Signal(ts=2025-11-18 19:55:00+00:00, action=SELL, qty=1, strategy=MACross)",cd598b02-5092-4031-adf3-99860d30c01f,[]
2025-11-18 19:56:00+00:00,"Signal(ts=2025-11-18 19:56:00+00:00, action=SELL, qty=1, strategy=MACross)",0ef0014e-c5ae-456d-969d-a820f6fed3c4,[]
2025-11-18 19:57:00+00:00,"Signal(ts=2025-11-18 19:57:00+00:00, action=SELL, qty=1, strategy=MACross)",6c80cda0-0dc5-48da-8419-de69ae282fd6,[]
2025-11-18 19:58:00+00:00,"Signal(ts=2025-11-18 19:58:00+00:00, action=SELL, qty=1, strategy=MACross)",fa63a50e-44db-4c84-a285-eb2976e1a228,[]
2025-11-18 19:59:00+00:00,"Signal(ts=2025-11-18 19:59:00+00:00, action=BUY, qty=1, strategy=MACross)",48526222-a6e1-43fb-85bc-0a230a8572d7,"[{'price': 268.1199951171875, 'qty': 1, 'buy_id': '48526222-a6e1-43fb-85bc-0a230a8572d7', 'sell_id': '35460d80-8a36-4ac9-a95a-a98e57399d97', 'timestamp': 1763957793.779846}]"
2025-11-18 20:00:00+00:00,"Signal(ts=2025-11-18 20:00:00+00:00, action=BUY, qty=1, strategy=MACross)",6175d566-b9d1-4094-8c4c-a2a40c1f8823,"[{'price': 268.1579895019531, 'qty': 1, 'buy_id': '6175d566-b9d1-4094-8c4c-a2a40c1f8823', 'sell_id': '5e3f00c5-507f-4b6c-8b6f-f027cf991bf6', 'timestamp': 1763957793.785511}]"
2025-11-18 20:01:00+00:00,"Signal(ts=2025-11-18 20:01:00+00:00, action=BUY, qty=1, strategy=MACross)",f4057b94-37c5-4207-af04-69a26b801b97,"[{'price': 268.2099914550781, 'qty': 1, 'buy_id': 'f4057b94-37c5-4207-af04-69a26b801b97', 'sell_id': 'c7cd214b-5372-4ca2-b8b5-d54dcd83d041', 'timestamp': 1763957793.7875128}]"
2025-11-18 20:02:00+00:00,"Signal(ts=2025-11-18 20:02:00+00:00, action=BUY, qty=1, strategy=MACross)",c39c4b1d-4b13-4e50-9851-831bb62ee1d4,"[{'price': 268.25, 'qty': 1, 'buy_id': 'c39c4b1d-4b13-4e50-9851-831bb62ee1d4', 'sell_id': 'a3015641-fb76-4942-a11b-342756cacf99', 'timestamp': 1763957793.7892303}]"
2025-11-18 20:03:00+00:00,"Signal(ts=2025-11-18 20:03:00+00:00, action=BUY, qty=1, strategy=MACross)",efc8ec49-8518-4a3b-a000-9b9b82c79643,"[{'price': 268.2745056152344, 'qty': 1, 'buy_id': 'efc8ec49-8518-4a3b-a000-9b9b82c79643', 'sell_id': 'cd598b02-5092-4031-adf3-99860d30c01f', 'timestamp': 1763957793.7892303}]"
2025-11-18 20:04:00+00:00,"Signal(ts=2025-11-18 20:04:00+00:00, action=BUY, qty=1, strategy=MACross)",0531e5cd-c208-4b49-ae33-fff79ed215cf,"[{'price': 268.3599853515625, 'qty': 1, 'buy_id': '0531e5cd-c208-4b49-ae33-fff79ed215cf', 'sell_id': '99def7aa-1e51-4015-9466-b82f59a72c9e', 'timestamp': 1763957793.7892303}]"
2025-11-18 20:05:00+00:00,"Signal(ts=2025-11-18 20:05:00+00:00, action=BUY, qty=1, strategy=MACross)",dab7c881-d52a-4538-85be-e5685cd7460f,[]
2025-11-18 20:06:00+00:00,"Signal(ts=2025-11-18 20:06:00+00:00, action=BUY, qty=1, strategy=MACross)",71d6f196-afcd-40f1-b958-62ab1319ae45,[]
2025-11-18 20:07:00+00:00,"Signal(ts=2025-11-18 20:07:00+00:00, action=BUY, qty=1, strategy=MACross)",5b7edc1f-f09c-451b-958b-b35d710beab8,[]
2025-11-18 20:08:00+00:00,"Signal(ts=2025-11-18 20:08:00+00:00, action=BUY, qty=1, strategy=MACross)",a4f65610-43e8-4f88-bd1e-13ca186bfe36,[]
2025-11-18 20:09:00+00:00,"Signal(ts=2025-11-18 20:09:00+00:00, action=BUY, qty=1, strategy=MACross)",65514690-256f-4ef7-9fef-0ca3e9341265,[]
2025-11-18 20:10:00+00:00,"Signal(ts=2025-11-18 20:10:00+00:00, action=SELL, qty=1, strategy=MACross)",c021bbf8-db40-4da7-a4b8-93fe1c17f87c,[]
2025-11-18 20:11:00+00:00,"Signal(ts=2025-11-18 20:11:00+00:00, action=SELL, qty=1, strategy=MACross)",b9f606e7-b71f-473a-8557-2b8e1fee6d96,"[{'price': 268.2900085449219, 'qty': 1, 'buy_id': 'dab7c881-d52a-4538-85be-e5685cd7460f', 'sell_id': 'b9f606e7-b71f-473a-8557-2b8e1fee6d96', 'timestamp': 1763957793.8095262}]"
2025-11-18 20:12:00+00:00,"Signal(ts=2025-11-18 20:12:00+00:00, action=SELL, qty=1, strategy=MACross)",c01bdc61-be23-4b6e-aeef-3989c03a15d6,"[{'price': 268.2200012207031, 'qty': 1, 'buy_id': '5b7edc1f-f09c-451b-958b-b35d710beab8', 'sell_id': 'c01bdc61-be23-4b6e-aeef-3989c03a15d6', 'timestamp': 1763957793.811807}]"
2025-11-18 20:13:00+00:00,"Signal(ts=2025-11-18 20:13:00+00:00, action=SELL, qty=1, strategy=MACross)",2cbf1055-4839-476f-9f18-3e37fa3441b0,"[{'price': 268.20001220703125, 'qty': 1, 'buy_id': '71d6f196-afcd-40f1-b958-62ab1319ae45', 'sell_id': '2cbf1055-4839-476f-9f18-3e37fa3441b0', 'timestamp': 1763957793.8131676}]"
2025-11-18 20:14:00+00:00,"Signal(ts=2025-11-18 20:14:00+00:00, action=SELL, qty=1, strategy=MACross)",415ecbf9-6aed-410e-b8c7-1f0f8c58fa01,[]
2025-11-18 20:15:00+00:00,"Signal(ts=2025-11-18 20:15:00+00:00, action=SELL, qty=1, strategy=MACross)",2d7bddc4-ceff-4f06-be04-00e68a12471f,[]
2025-11-18 20:16:00+00:00,"Signal(ts=2025-11-18 20:16:00+00:00, action=SELL, qty=1, strategy=MACross)",f032ee02-b99a-41ca-84b7-8667289d9cef,[]
2025-11-18 20:17:00+00:00,"Signal(ts=2025-11-18 20:17:00+00:00, action=SELL, qty=1, strategy=MACross)",356ebf75-4715-4948-8d0b-99aa86fc81f8,[]
2025-11-18 20:18:00+00:00,"Signal(ts=2025-11-18 20:18:00+00:00, action=SELL, qty=1, strategy=MACross)",8e55cfd8-dbef-43d4-80ab-2dc26847f102,[]
2025-11-18 20:19:00+00:00,"Signal(ts=2025-11-18 20:19:00+00:00, action=SELL, qty=1, strategy=MACross)",20138fbb-a4d0-4209-b909-fde0c907db40,"[{'price': 268.1200866699219, 'qty': 1, 'buy_id': '65514690-256f-4ef7-9fef-0ca3e9341265', 'sell_id': '20138fbb-a4d0-4209-b909-fde0c907db40', 'timestamp': 1763957793.8271623}]"
2025-11-18 20:20:00+00:00,"Signal(ts=2025-11-18 20:20:00+00:00, action=SELL, qty=1, strategy=MACross)",9bc5027f-78c5-4e42-ae82-b0a801c7db39,[]
2025-11-18 20:21:00+00:00,"Signal(ts=2025-11-18 20:21:00+00:00, action=SELL, qty=1, strategy=MACross)",80d29838-a2a9-440f-8911-8046040b712b,[]
2025-11-18 20:22:00+00:00,"Signal(ts=2025-11-18 20:22:00+00:00, action=SELL, qty=1, strategy=MACross)",f17251b5-9f9b-45e6-9bb8-5fc768f624fc,[]
2025-11-18 20:23:00+00:00,"Signal(ts=2025-11-18 20:23:00+00:00, action=BUY, qty=1, strategy=MACross)",7b076c19-1537-453a-a290-75a1fcfbdf52,"[{'price': 268.260009765625, 'qty': 1, 'buy_id': '7b076c19-1537-453a-a290-75a1fcfbdf52', 'sell_id': '8e55cfd8-dbef-43d4-80ab-2dc26847f102', 'timestamp': 1763957793.836932}]"
2025-11-18 20:24:00+00:00,"Signal(ts=2025-11-18 20:24:00+00:00, action=BUY, qty=1, strategy=MACross)",46813b8b-96c6-41b1-b451-afbea4711e46,"[{'price': 268.2699890136719, 'qty': 1, 'buy_id': '46813b8b-96c6-41b1-b451-afbea4711e46', 'sell_id': '9bc5027f-78c5-4e42-ae82-b0a801c7db39', 'timestamp': 1763957793.8391178}]"
2025-11-18 20:25:00+00:00,"Signal(ts=2025-11-18 20:25:00+00:00, action=BUY, qty=1, strategy=MACross)",dddeba62-a3a7-4306-b329-0b048fae1b85,[]
2025-11-18 20:26:00+00:00,"Signal(ts=2025-11-18 20:26:00+00:00, action=BUY, qty=1, strategy=MACross)",f828a170-e845-4803-bdc7-5943fecca9a6,[]
2025-11-18 20:27:00+00:00,"Signal(ts=2025-11-18 20:27:00+00:00, action=BUY, qty=1, strategy=MACross)",b0837b12-5006-43b5-b5cc-e8722274200d,[]
2025-11-18 20:28:00+00:00,"Signal(ts=2025-11-18 20:28:00+00:00, action=SELL, qty=1, strategy=MACross)",e98f16b5-ef9c-4f44-beb9-46074a6d2925,"[{'price': 268.1600036621094, 'qty': 1, 'buy_id': 'dddeba62-a3a7-4306-b329-0b048fae1b85', 'sell_id': 'e98f16b5-ef9c-4f44-beb9-46074a6d2925', 'timestamp': 1763957793.8471596}]"
2025-11-18 20:29:00+00:00,"Signal(ts=2025-11-18 20:29:00+00:00, action=BUY, qty=1, strategy=MACross)",435677ec-90d8-4449-835d-b55fa5494f1a,"[{'price': 268.2799987792969, 'qty': 1, 'buy_id': '435677ec-90d8-4449-835d-b55fa5494f1a', 'sell_id': '415ecbf9-6aed-410e-b8c7-1f0f8c58fa01', 'timestamp': 1763957793.8471596}]"
2025-11-18 20:30:00+00:00,"Signal(ts=2025-11-18 20:30:00+00:00, action=BUY, qty=1, strategy=MACross)",01568f3a-a925-4c36-9fff-0edd9a3b9c08,"[{'price': 268.2850036621094, 'qty': 1, 'buy_id': '01568f3a-a925-4c36-9fff-0edd9a3b9c08', 'sell_id': '356ebf75-4715-4948-8d0b-99aa86fc81f8', 'timestamp': 1763957793.8471596}]"
2025-11-18 20:31:00+00:00,"Signal(ts=2025-11-18 20:31:00+00:00, action=SELL, qty=1, strategy=MACross)",22b8315b-78ff-4dcd-b9e3-cc9da582c14d,"[{'price': 268.1300048828125, 'qty': 1, 'buy_id': 'f828a170-e845-4803-bdc7-5943fecca9a6', 'sell_id': '22b8315b-78ff-4dcd-b9e3-cc9da582c14d', 'timestamp': 1763957793.855146}]"
2025-11-18 20:32:00+00:00,"Signal(ts=2025-11-18 20:32:00+00:00, action=SELL, qty=1, strategy=MACross)",48d55723-a88a-4244-bf68-36ec7d62b911,"[{'price': 268.1000061035156, 'qty': 1, 'buy_id': 'a4f65610-43e8-4f88-bd1e-13ca186bfe36', 'sell_id': '48d55723-a88a-4244-bf68-36ec7d62b911', 'timestamp': 1763957793.8571434}]"
2025-11-18 20:33:00+00:00,"Signal(ts=2025-11-18 20:33:00+00:00, action=SELL, qty=1, strategy=MACross)",7a6722ad-e0d8-48ca-9fbd-f2aec3eb734c,"[{'price': 268.1000061035156, 'qty': 1, 'buy_id': 'b0837b12-5006-43b5-b5cc-e8722274200d', 'sell_id': '7a6722ad-e0d8-48ca-9fbd-f2aec3eb734c', 'timestamp': 1763957793.8571434}]"
2025-11-18 20:34:00+00:00,"Signal(ts=2025-11-18 20:34:00+00:00, action=SELL, qty=1, strategy=MACross)",7af6500a-27f2-4a99-9df2-ff944ed779de,[]
2025-11-18 20:35:00+00:00,"Signal(ts=2025-11-18 20:35:00+00:00, action=SELL, qty=1, strategy=MACross)",61a3933a-e469-4e17-8af4-0d1ca0325378,[]
2025-11-18 20:36:00+00:00,"Signal(ts=2025-11-18 20:36:00+00:00, action=SELL, qty=1, strategy=MACross)",513afc3c-52e5-4912-b33a-c90ee6e61f41,[]
2025-11-18 20:37:00+00:00,"Signal(ts=2025-11-18 20:37:00+00:00, action=SELL, qty=1, strategy=MACross)",6cbb583c-875d-48db-b1d2-9b05bbb593fd,[]
2025-11-18 20:38:00+00:00,"Signal(ts=2025-11-18 20:38:00+00:00, action=SELL, qty=1, strategy=MACross)",98f67965-a15d-4cb8-8ca3-70cb3e479154,[]
2025-11-18 20:39:00+00:00,"Signal(ts=2025-11-18 20:39:00+00:00, action=SELL, qty=1, strategy=MACross)",9724e9b0-3fca-45da-9dd7-e36a68518aa9,[]
2025-11-18 20:40:00+00:00,"Signal(ts=2025-11-18 20:40:00+00:00, action=SELL, qty=1, strategy=MACross)",c047be28-32b5-4e34-80bd-32e143f35ddc,[]
2025-11-18 20:41:00+00:00,"Signal(ts=2025-11-18 20:41:00+00:00, action=SELL, qty=1, strategy=MACross)",d08f8bc1-efc9-4618-a0ee-2a0d578bfbc7,[]
2025-11-18 20:42:00+00:00,"Signal(ts=2025-11-18 20:42:00+00:00, action=SELL, qty=1, strategy=MACross)",8baa579b-defa-4b60-aded-7fcfd65182a1,[]
2025-11-18 20:43:00+00:00,"Signal(ts=2025-11-18 20:43:00+00:00, action=SELL, qty=1, strategy=MACross)",54023251-df27-4c22-bdfa-3c9d80eb5643,[]
2025-11-18 20:44:00+00:00,"Signal(ts=2025-11-18 20:44:00+00:00, action=SELL, qty=1, strategy=MACross)",27ee4d6d-c828-47ee-869b-ca95b03f4e10,[]
2025-11-18 20:45:00+00:00,"Signal(ts=2025-11-18 20:45:00+00:00, action=SELL, qty=1, strategy=MACross)",a301a53c-a7bb-42e3-b484-b0909ea6800d,[]
2025-11-18 20:46:00+00:00,"Signal(ts=2025-11-18 20:46:00+00:00, action=SELL, qty=1, strategy=MACross)",026f70bf-a009-4d48-a737-5bf95b10ae80,[]
2025-11-18 20:47:00+00:00,"Signal(ts=2025-11-18 20:47:00+00:00, action=SELL, qty=1, strategy=MACross)",bd84ab82-a8a9-4e99-a1c5-56ea04b54b95,[]
2025-11-18 20:48:00+00:00,"Signal(ts=2025-11-18 20:48:00+00:00, action=SELL, qty=1, strategy=MACross)",7691e7f0-82b7-4fa2-bdc5-68d19058f67c,[]
2025-11-18 20:49:00+00:00,"Signal(ts=2025-11-18 20:49:00+00:00, action=SELL, qty=1, strategy=MACross)",96a850f6-e86d-4fbf-9012-d1a6f775761b,[]
2025-11-18 20:50:00+00:00,"Signal(ts=2025-11-18 20:50:00+00:00, action=SELL, qty=1, strategy=MACross)",94fd8274-2451-4ad4-b049-2703bde9fe69,[]
2025-11-18 20:51:00+00:00,"Signal(ts=2025-11-18 20:51:00+00:00, action=SELL, qty=1, strategy=MACross)",79569e0f-5578-47eb-bdc4-00776eccf266,[]
2025-11-18 20:52:00+00:00,"Signal(ts=2025-11-18 20:52:00+00:00, action=SELL, qty=1, strategy=MACross)",3a4cec6a-5290-4346-a0b5-a2f3afddd755,[]
2025-11-18 20:53:00+00:00,"Signal(ts=2025-11-18 20:53:00+00:00, action=SELL, qty=1, strategy=MACross)",4cc95e14-f394-4fa8-9062-784d357fb506,[]
2025-11-18 20:54:00+00:00,"Signal(ts=2025-11-18 20:54:00+00:00, action=SELL, qty=1, strategy=MACross)",7de65b93-6124-4906-955d-feb404e1fd6a,[]
2025-11-18 20:55:00+00:00,"Signal(ts=2025-11-18 20:55:00+00:00, action=SELL, qty=1, strategy=MACross)",860f9302-063b-41c2-8ff1-93d955a10cce,[]
2025-11-18 20:56:00+00:00,"Signal(ts=2025-11-18 20:56:00+00:00, action=SELL, qty=1, strategy=MACross)",dc8df3a3-16e4-4a33-8558-935e13457e21,[]
2025-11-18 20:57:00+00:00,"Signal(ts=2025-11-18 20:57:00+00:00, action=SELL, qty=1, strategy=MACross)",78319f47-4d13-4cc4-a334-32cc3e26931a,[]
2025-11-18 20:58:00+00:00,"Signal(ts=2025-11-18 20:58:00+00:00, action=SELL, qty=1, strategy=MACross)",81ec4e08-1b05-4506-bd2c-700076976229,[]
2025-11-18 20:59:00+00:00,"Signal(ts=2025-11-18 20:59:00+00:00, action=SELL, qty=1, strategy=MACross)",129e161d-9dfe-4a72-8561-c0ec677fc956,[]
2025-11-18 21:00:00+00:00,"Signal(ts=2025-11-18 21:00:00+00:00, action=SELL, qty=1, strategy=MACross)",5dae3eea-7579-4fa4-b35e-b0452f117b41,[]
2025-11-18 21:01:00+00:00,"Signal(ts=2025-11-18 21:01:00+00:00, action=SELL, qty=1, strategy=MACross)",9d21b87e-335a-4963-9d7a-9f2692a0604b,[]
2025-11-18 21:02:00+00:00,"Signal(ts=2025-11-18 21:02:00+00:00, action=SELL, qty=1, strategy=MACross)",db06651e-0d5e-4691-a317-801f28fabee5,[]
2025-11-18 21:03:00+00:00,"Signal(ts=2025-11-18 21:03:00+00:00, action=SELL, qty=1, strategy=MACross)",9fcc218f-2d81-47e0-9410-b37a9c34bfe3,[]
2025-11-18 21:04:00+00:00,"Signal(ts=2025-11-18 21:04:00+00:00, action=SELL, qty=1, strategy=MACross)",5d966d95-9059-4ddc-b758-1d987f28ee31,[]
2025-11-18 21:05:00+00:00,"Signal(ts=2025-11-18 21:05:00+00:00, action=SELL, qty=1, strategy=MACross)",431f7fd1-06cb-4fcf-8d47-cbc2bd90c597,[]
2025-11-18 21:06:00+00:00,"Signal(ts=2025-11-18 21:06:00+00:00, action=SELL, qty=1, strategy=MACross)",844c4597-8c84-4ea1-8006-7ebee2c4724a,[]
2025-11-18 21:07:00+00:00,"Signal(ts=2025-11-18 21:07:00+00:00, action=SELL, qty=1, strategy=MACross)",652507fe-bd27-41e2-8756-2d37fb83e506,[]
2025-11-18 21:08:00+00:00,"Signal(ts=2025-11-18 21:08:00+00:00, action=SELL, qty=1, strategy=MACross)",42f07d08-ff2a-445b-a9bd-5b50e66eb6de,[]
2025-11-18 21:09:00+00:00,"Signal(ts=2025-11-18 21:09:00+00:00, action=SELL, qty=1, strategy=MACross)",e67661bf-1953-4bfc-a2bb-2df84a95086f,[]
2025-11-18 21:10:00+00:00,"Signal(ts=2025-11-18 21:10:00+00:00, action=SELL, qty=1, strategy=MACross)",6d3db811-64f7-4e33-abb5-ab856e2664dd,[]
2025-11-18 21:11:00+00:00,"Signal(ts=2025-11-18 21:11:00+00:00, action=SELL, qty=1, strategy=MACross)",7152c046-f337-4030-b105-11fe844a2f76,[]
2025-11-18 21:12:00+00:00,"Signal(ts=2025-11-18 21:12:00+00:00, action=SELL, qty=1, strategy=MACross)",733adfc9-383b-40c4-a766-b10a06ccf6cf,[]
2025-11-18 21:13:00+00:00,"Signal(ts=2025-11-18 21:13:00+00:00, action=SELL, qty=1, strategy=MACross)",39357fa5-32e8-49ef-a102-2d79509a92b5,[]
2025-11-18 21:14:00+00:00,"Signal(ts=2025-11-18 21:14:00+00:00, action=SELL, qty=1, strategy=MACross)",8e421ea9-1094-48cf-85fb-edc922cb3b96,[]
2025-11-18 21:15:00+00:00,"Signal(ts=2025-11-18 21:15:00+00:00, action=SELL, qty=1, strategy=MACross)",d2f625c7-59fa-441b-ad31-89e76a7f37cb,[]
2025-11-18 21:16:00+00:00,"Signal(ts=2025-11-18 21:16:00+00:00, action=SELL, qty=1, strategy=MACross)",f5b17f3f-1a6c-4537-ab0b-ea689bab123a,[]
2025-11-18 21:17:00+00:00,"Signal(ts=2025-11-18 21:17:00+00:00, action=SELL, qty=1, strategy=MACross)",bfc837b6-1f50-4dbe-a576-71b2875022da,[]
2025-11-18 21:18:00+00:00,"Signal(ts=2025-11-18 21:18:00+00:00, action=SELL, qty=1, strategy=MACross)",fea30c35-3cf9-4c5d-834a-243e325857d8,[]
2025-11-18 21:19:00+00:00,"Signal(ts=2025-11-18 21:19:00+00:00, action=SELL, qty=1, strategy=MACross)",71e1ac6f-33d3-43ca-b9df-2e2841aaafb3,[]
2025-11-18 21:20:00+00:00,"Signal(ts=2025-11-18 21:20:00+00:00, action=SELL, qty=1, strategy=MACross)",649cd663-7ff0-42e3-a3e9-43ed2b2f78b8,[]
2025-11-18 21:21:00+00:00,"Signal(ts=2025-11-18 21:21:00+00:00, action=SELL, qty=1, strategy=MACross)",f9f225ff-7712-4ae0-9238-437ae87cf38d,[]
2025-11-18 21:22:00+00:00,"Signal(ts=2025-11-18 21:22:00+00:00, action=SELL, qty=1, strategy=MACross)",58bc7747-53bc-479f-aaa9-48153560f949,[]
2025-11-18 21:23:00+00:00,"Signal(ts=2025-11-18 21:23:00+00:00, action=SELL, qty=1, strategy=MACross)",36593142-be69-4e60-ab7a-2f5a1fa30d08,[]
2025-11-18 21:24:00+00:00,"Signal(ts=2025-11-18 21:24:00+00:00, action=SELL, qty=1, strategy=MACross)",ae8972de-b51d-4d42-9a86-231649db010e,[]
2025-11-18 21:25:00+00:00,"Signal(ts=2025-11-18 21:25:00+00:00, action=SELL, qty=1, strategy=MACross)",03ec479a-2464-48a5-aa44-6fac2218fb3d,[]
2025-11-18 21:26:00+00:00,"Signal(ts=2025-11-18 21:26:00+00:00, action=SELL, qty=1, strategy=MACross)",22cdea66-5789-447b-9eea-2884b500f247,[]
2025-11-18 21:27:00+00:00,"Signal(ts=2025-11-18 21:27:00+00:00, action=SELL, qty=1, strategy=MACross)",b4ff5ce7-dea9-43b8-a145-d48c78f4a843,[]
2025-11-18 21:28:00+00:00,"Signal(ts=2025-11-18 21:28:00+00:00, action=SELL, qty=1, strategy=MACross)",eb4755ca-6d0c-4050-9b2b-e454b9125787,[]
2025-11-18 21:29:00+00:00,"Signal(ts=2025-11-18 21:29:00+00:00, action=SELL, qty=1, strategy=MACross)",32d3f7b1-fe52-41bb-9a67-543a4a1b78cb,[]
2025-11-18 21:30:00+00:00,"Signal(ts=2025-11-18 21:30:00+00:00, action=BUY, qty=1, strategy=MACross)",521a6ab5-f27b-4ca8-b0e5-b71143c4abd3,"[{'price': 266.7615, 'qty': 1, 'buy_id': '521a6ab5-f27b-4ca8-b0e5-b71143c4abd3', 'sell_id': 'd2f625c7-59fa-441b-ad31-89e76a7f37cb', 'timestamp': 1763957793.9890738}]"
2025-11-18 21:31:00+00:00,"Signal(ts=2025-11-18 21:31:00+00:00, action=BUY, qty=1, strategy=MACross)",0da571c3-3983-4c1e-bf98-b38f6b7fa4b5,"[{'price': 267.0, 'qty': 1, 'buy_id': '0da571c3-3983-4c1e-bf98-b38f6b7fa4b5', 'sell_id': '36593142-be69-4e60-ab7a-2f5a1fa30d08', 'timestamp': 1763957793.9937193}]"
2025-11-18 21:32:00+00:00,"Signal(ts=2025-11-18 21:32:00+00:00, action=BUY, qty=1, strategy=MACross)",9e2811af-ed54-417d-9af4-1742b23c23fe,[]
2025-11-18 21:33:00+00:00,"Signal(ts=2025-11-18 21:33:00+00:00, action=BUY, qty=1, strategy=MACross)",d99993a5-e9e0-481a-88a4-d0334d4468af,"[{'price': 267.0475, 'qty': 1, 'buy_id': 'd99993a5-e9e0-481a-88a4-d0334d4468af', 'sell_id': 'fea30c35-3cf9-4c5d-834a-243e325857d8', 'timestamp': 1763957793.9981625}]"
2025-11-18 21:34:00+00:00,"Signal(ts=2025-11-18 21:34:00+00:00, action=BUY, qty=1, strategy=MACross)",9e6b1a2f-c731-41a9-9a03-4e9c7ecc4953,"[{'price': 267.05, 'qty': 1, 'buy_id': '9e6b1a2f-c731-41a9-9a03-4e9c7ecc4953', 'sell_id': 'db06651e-0d5e-4691-a317-801f28fabee5', 'timestamp': 1763957793.9981625}]"
2025-11-18 21:35:00+00:00,"Signal(ts=2025-11-18 21:35:00+00:00, action=BUY, qty=1, strategy=MACross)",b0077892-207b-400e-a9c3-d72937967bf8,[]
2025-11-18 21:36:00+00:00,"Signal(ts=2025-11-18 21:36:00+00:00, action=BUY, qty=1, strategy=MACross)",fad2d7c9-78a1-4976-a0f0-c24cfce30cba,"[{'price': 267.1, 'qty': 1, 'buy_id': 'fad2d7c9-78a1-4976-a0f0-c24cfce30cba', 'sell_id': '649cd663-7ff0-42e3-a3e9-43ed2b2f78b8', 'timestamp': 1763957794.005445}]"
2025-11-18 21:37:00+00:00,"Signal(ts=2025-11-18 21:37:00+00:00, action=BUY, qty=1, strategy=MACross)",0416787d-6e74-4fc9-a243-100adc6fffb4,"[{'price': 267.1, 'qty': 1, 'buy_id': '0416787d-6e74-4fc9-a243-100adc6fffb4', 'sell_id': '58bc7747-53bc-479f-aaa9-48153560f949', 'timestamp': 1763957794.0074427}]"
2025-11-18 21:38:00+00:00,"Signal(ts=2025-11-18 21:38:00+00:00, action=BUY, qty=1, strategy=MACross)",ea3a9af4-bd0d-42ac-b2bf-72bef3923838,"[{'price': 267.11, 'qty': 1, 'buy_id': 'ea3a9af4-bd0d-42ac-b2bf-72bef3923838', 'sell_id': 'eb4755ca-6d0c-4050-9b2b-e454b9125787', 'timestamp': 1763957794.0074427}]"
2025-11-18 21:39:00+00:00,"Signal(ts=2025-11-18 21:39:00+00:00, action=BUY, qty=1, strategy=MACross)",72f3df0d-2cad-4570-8802-3e227c0884ba,"[{'price': 267.11, 'qty': 1, 'buy_id': '72f3df0d-2cad-4570-8802-3e227c0884ba', 'sell_id': '32d3f7b1-fe52-41bb-9a67-543a4a1b78cb', 'timestamp': 1763957794.0074427}]"
2025-11-18 21:40:00+00:00,"Signal(ts=2025-11-18 21:40:00+00:00, action=BUY, qty=1, strategy=MACross)",02b6ee01-2e5f-4b47-8120-21a769dfdae3,"[{'price': 267.1164, 'qty': 1, 'buy_id': '02b6ee01-2e5f-4b47-8120-21a769dfdae3', 'sell_id': '652507fe-bd27-41e2-8756-2d37fb83e506', 'timestamp': 1763957794.0147293}]"
2025-11-18 21:41:00+00:00,"Signal(ts=2025-11-18 21:41:00+00:00, action=SELL, qty=1, strategy=MACross)",0f06ce0a-efe6-49fb-aea2-6c64daf0da52,"[{'price': 267.0167, 'qty': 1, 'buy_id': 'b0077892-207b-400e-a9c3-d72937967bf8', 'sell_id': '0f06ce0a-efe6-49fb-aea2-6c64daf0da52', 'timestamp': 1763957794.0167675}]"
2025-11-18 21:42:00+00:00,"Signal(ts=2025-11-18 21:42:00+00:00, action=BUY, qty=1, strategy=MACross)",8db8e490-7edb-4e7d-a95b-8a22c9c04109,"[{'price': 267.13, 'qty': 1, 'buy_id': '8db8e490-7edb-4e7d-a95b-8a22c9c04109', 'sell_id': '71e1ac6f-33d3-43ca-b9df-2e2841aaafb3', 'timestamp': 1763957794.018767}]"
2025-11-18 21:43:00+00:00,"Signal(ts=2025-11-18 21:43:00+00:00, action=SELL, qty=1, strategy=MACross)",a8661427-0615-4dd2-8948-d214b94d0c67,[]
2025-11-18 21:44:00+00:00,"Signal(ts=2025-11-18 21:44:00+00:00, action=SELL, qty=1, strategy=MACross)",ff12e2fb-fda8-4e79-a50e-49e3785963a9,[]
2025-11-18 21:45:00+00:00,"Signal(ts=2025-11-18 21:45:00+00:00, action=SELL, qty=1, strategy=MACross)",d135d819-ad20-4184-acf1-1eb5c862ddaf,[]
2025-11-18 21:46:00+00:00,"Signal(ts=2025-11-18 21:46:00+00:00, action=BUY, qty=1, strategy=MACross)",1a709376-5cde-4ce1-9f0a-b2ff5464c4e9,"[{'price': 267.0397, 'qty': 1, 'buy_id': '1a709376-5cde-4ce1-9f0a-b2ff5464c4e9', 'sell_id': 'ff12e2fb-fda8-4e79-a50e-49e3785963a9', 'timestamp': 1763957794.0345526}]"
2025-11-18 21:47:00+00:00,"Signal(ts=2025-11-18 21:47:00+00:00, action=BUY, qty=1, strategy=MACross)",a9b4e80d-066a-442c-8a2d-e191cd1a6d7b,"[{'price': 267.1, 'qty': 1, 'buy_id': 'a9b4e80d-066a-442c-8a2d-e191cd1a6d7b', 'sell_id': 'a8661427-0615-4dd2-8948-d214b94d0c67', 'timestamp': 1763957794.0394049}]"
2025-11-18 21:48:00+00:00,"Signal(ts=2025-11-18 21:48:00+00:00, action=SELL, qty=1, strategy=MACross)",074f62da-3b06-47d5-8fbc-d5caf285b1ae,[]
2025-11-18 21:49:00+00:00,"Signal(ts=2025-11-18 21:49:00+00:00, action=SELL, qty=1, strategy=MACross)",c62408d2-7a85-4f59-b3ba-2dbf434ddf82,[]
2025-11-18 21:50:00+00:00,"Signal(ts=2025-11-18 21:50:00+00:00, action=SELL, qty=1, strategy=MACross)",a5962241-63bd-4e6c-8a28-ff482d0da588,[]
2025-11-18 21:51:00+00:00,"Signal(ts=2025-11-18 21:51:00+00:00, action=BUY, qty=1, strategy=MACross)",721f34da-0c57-4c6c-86aa-8fd3b366446f,"[{'price': 267.0212, 'qty': 1, 'buy_id': '721f34da-0c57-4c6c-86aa-8fd3b366446f', 'sell_id': 'c62408d2-7a85-4f59-b3ba-2dbf434ddf82', 'timestamp': 1763957794.0558434}]"
2025-11-18 21:52:00+00:00,"Signal(ts=2025-11-18 21:52:00+00:00, action=BUY, qty=1, strategy=MACross)",f137f290-9472-4314-8704-c049b4108b61,"[{'price': 267.1786, 'qty': 1, 'buy_id': 'f137f290-9472-4314-8704-c049b4108b61', 'sell_id': 'f5b17f3f-1a6c-4537-ab0b-ea689bab123a', 'timestamp': 1763957794.0580125}]"
2025-11-18 21:53:00+00:00,"Signal(ts=2025-11-18 21:53:00+00:00, action=BUY, qty=1, strategy=MACross)",769df941-59ab-4664-9424-d0dce97a389e,"[{'price': 267.19, 'qty': 1, 'buy_id': '769df941-59ab-4664-9424-d0dce97a389e', 'sell_id': '9d21b87e-335a-4963-9d7a-9f2692a0604b', 'timestamp': 1763957794.0610144}]"
2025-11-18 21:54:00+00:00,"Signal(ts=2025-11-18 21:54:00+00:00, action=BUY, qty=1, strategy=MACross)",b99d902f-0986-4c50-8ec7-0a4657bf3ac8,[]
2025-11-18 21:55:00+00:00,"Signal(ts=2025-11-18 21:55:00+00:00, action=BUY, qty=1, strategy=MACross)",c919586a-4533-4bd7-84ab-2990acd65e68,[]
2025-11-18 21:56:00+00:00,"Signal(ts=2025-11-18 21:56:00+00:00, action=SELL, qty=1, strategy=MACross)",0e024c3e-6970-47a3-bef8-c5818867ea0a,"[{'price': 267.13, 'qty': 1, 'buy_id': 'b99d902f-0986-4c50-8ec7-0a4657bf3ac8', 'sell_id': '0e024c3e-6970-47a3-bef8-c5818867ea0a', 'timestamp': 1763957794.072288}]"
2025-11-18 21:57:00+00:00,"Signal(ts=2025-11-18 21:57:00+00:00, action=SELL, qty=1, strategy=MACross)",d3625260-8bec-4263-8356-112d8f6915ed,"[{'price': 267.08, 'qty': 1, 'buy_id': 'c919586a-4533-4bd7-84ab-2990acd65e68', 'sell_id': 'd3625260-8bec-4263-8356-112d8f6915ed', 'timestamp': 1763957794.0740404}]"
2025-11-18 21:58:00+00:00,"Signal(ts=2025-11-18 21:58:00+00:00, action=SELL, qty=1, strategy=MACross)",735a8b68-b85b-470a-805f-5377c0824393,"[{'price': 266.89, 'qty': 1, 'buy_id': '9e2811af-ed54-417d-9af4-1742b23c23fe', 'sell_id': '735a8b68-b85b-470a-805f-5377c0824393', 'timestamp': 1763957794.07715}]"
2025-11-18 21:59:00+00:00,"Signal(ts=2025-11-18 21:59:00+00:00, action=SELL, qty=1, strategy=MACross)",1686c22b-926c-459b-8974-943ad787d44d,[]
2025-11-18 22:00:00+00:00,"Signal(ts=2025-11-18 22:00:00+00:00, action=SELL, qty=1, strategy=MACross)",b60e2f3c-0802-4927-9eac-b9683f03eaac,[]
2025-11-18 22:01:00+00:00,"Signal(ts=2025-11-18 22:01:00+00:00, action=SELL, qty=1, strategy=MACross)",4eb6a0b7-46e3-4486-bf40-e63751b55730,[]
2025-11-18 22:02:00+00:00,"Signal(ts=2025-11-18 22:02:00+00:00, action=SELL, qty=1, strategy=MACross)",6f81f0db-0525-445f-b2d2-5e553bc8e9e8,[]
2025-11-18 22:03:00+00:00,"Signal(ts=2025-11-18 22:03:00+00:00, action=SELL, qty=1, strategy=MACross)",af165f08-5f31-46a5-9a29-5c5653dc4436,[]
2025-11-18 22:04:00+00:00,"Signal(ts=2025-11-18 22:04:00+00:00, action=SELL, qty=1, strategy=MACross)",905adc40-b14d-419f-8224-4c34bc7c1823,[]
2025-11-18 22:05:00+00:00,"Signal(ts=2025-11-18 22:05:00+00:00, action=SELL, qty=1, strategy=MACross)",a72ae1f4-5cb1-4b55-9dc0-a6660f024e7f,[]
2025-11-18 22:06:00+00:00,"Signal(ts=2025-11-18 22:06:00+00:00, action=SELL, qty=1, strategy=MACross)",d0502b8c-ee2a-4526-af33-eeed3d0e8b8b,[]
2025-11-18 22:07:00+00:00,"Signal(ts=2025-11-18 22:07:00+00:00, action=SELL, qty=1, strategy=MACross)",e617d057-e0a0-40aa-b9e8-c824ec0cb2a5,[]
2025-11-18 22:08:00+00:00,"Signal(ts=2025-11-18 22:08:00+00:00, action=SELL, qty=1, strategy=MACross)",a12e9592-09cb-4c77-92eb-e142af714f47,[]
2025-11-18 22:09:00+00:00,"Signal(ts=2025-11-18 22:09:00+00:00, action=SELL, qty=1, strategy=MACross)",3962f499-7fb6-4de7-8729-60a6cdb0f906,[]
2025-11-18 22:11:00+00:00,"Signal(ts=2025-11-18 22:11:00+00:00, action=SELL, qty=1, strategy=MACross)",6991e17f-0e78-446b-aeab-0783aef24b05,[]
2025-11-18 22:12:00+00:00,"Signal(ts=2025-11-18 22:12:00+00:00, action=SELL, qty=1, strategy=MACross)",4e593693-d607-41c9-9478-6a8b73e67766,[]
2025-11-18 22:13:00+00:00,"Signal(ts=2025-11-18 22:13:00+00:00, action=SELL, qty=1, strategy=MACross)",ae824fbf-d5d3-4d2d-aae8-cee548d0ca52,[]
2025-11-18 22:14:00+00:00,"Signal(ts=2025-11-18 22:14:00+00:00, action=SELL, qty=1, strategy=MACross)",36137fd3-227d-438a-9a13-f6ed06b92953,[]
2025-11-18 22:15:00+00:00,"Signal(ts=2025-11-18 22:15:00+00:00, action=SELL, qty=1, strategy=MACross)",ea4cc640-1a5b-49e7-aa6a-4cb5b97ed3bb,[]
2025-11-18 22:16:00+00:00,"Signal(ts=2025-11-18 22:16:00+00:00, action=SELL, qty=1, strategy=MACross)",33c88f68-2ba0-4e7d-8e44-98dd249dffd9,[]
2025-11-18 22:17:00+00:00,"Signal(ts=2025-11-18 22:17:00+00:00, action=BUY, qty=1, strategy=MACross)",2fa15e33-a687-43f5-819e-3b22aadd28ea,"[{'price': 266.75, 'qty': 1, 'buy_id': '2fa15e33-a687-43f5-819e-3b22aadd28ea', 'sell_id': '4e593693-d607-41c9-9478-6a8b73e67766', 'timestamp': 1763957794.1217513}]"
2025-11-18 22:18:00+00:00,"Signal(ts=2025-11-18 22:18:00+00:00, action=BUY, qty=1, strategy=MACross)",dfc3f93a-f5e7-4e0a-b83c-2d2fa4aa3af4,"[{'price': 266.7512, 'qty': 1, 'buy_id': 'dfc3f93a-f5e7-4e0a-b83c-2d2fa4aa3af4', 'sell_id': 'a72ae1f4-5cb1-4b55-9dc0-a6660f024e7f', 'timestamp': 1763957794.1239793}]"
2025-11-18 22:19:00+00:00,"Signal(ts=2025-11-18 22:19:00+00:00, action=SELL, qty=1, strategy=MACross)",b9afd7db-576f-4748-ab07-08dd3659c574,[]
2025-11-18 22:20:00+00:00,"Signal(ts=2025-11-18 22:20:00+00:00, action=BUY, qty=1, strategy=MACross)",1f7bdae0-2875-4847-8d67-61949d237922,"[{'price': 266.75, 'qty': 1, 'buy_id': '1f7bdae0-2875-4847-8d67-61949d237922', 'sell_id': 'b9afd7db-576f-4748-ab07-08dd3659c574', 'timestamp': 1763957794.1255288}]"
2025-11-18 22:21:00+00:00,"Signal(ts=2025-11-18 22:21:00+00:00, action=SELL, qty=1, strategy=MACross)",a18ed8fa-c83a-4871-9f29-fef9daee7db2,[]
2025-11-18 22:22:00+00:00,"Signal(ts=2025-11-18 22:22:00+00:00, action=SELL, qty=1, strategy=MACross)",2bcae9ae-1b5a-46ec-ba63-f8b89c54650b,[]
2025-11-18 22:23:00+00:00,"Signal(ts=2025-11-18 22:23:00+00:00, action=SELL, qty=1, strategy=MACross)",66d8c3fc-a99e-448f-b65f-27d69f9dade6,[]
2025-11-18 22:24:00+00:00,"Signal(ts=2025-11-18 22:24:00+00:00, action=SELL, qty=1, strategy=MACross)",912bc60a-c504-4bf9-8366-1ac90623e584,[]
2025-11-18 22:25:00+00:00,"Signal(ts=2025-11-18 22:25:00+00:00, action=SELL, qty=1, strategy=MACross)",fbcf87f0-d3ed-4e24-b2df-41232a7d47cd,[]
2025-11-18 22:26:00+00:00,"Signal(ts=2025-11-18 22:26:00+00:00, action=SELL, qty=1, strategy=MACross)",2fabd4a7-7be3-4e55-9bca-6db6df7c9733,[]
2025-11-18 22:27:00+00:00,"Signal(ts=2025-11-18 22:27:00+00:00, action=SELL, qty=1, strategy=MACross)",74a9e2f9-9177-4c33-bb3f-c5f220459e3f,[]
2025-11-18 22:28:00+00:00,"Signal(ts=2025-11-18 22:28:00+00:00, action=SELL, qty=1, strategy=MACross)",a6743cc1-e3b3-4471-bae8-0527aa3e289f,[]
2025-11-18 22:29:00+00:00,"Signal(ts=2025-11-18 22:29:00+00:00, action=SELL, qty=1, strategy=MACross)",19134d03-9a4e-42f7-a453-815d73fa9f33,[]
2025-11-18 22:30:00+00:00,"Signal(ts=2025-11-18 22:30:00+00:00, action=SELL, qty=1, strategy=MACross)",1411fda1-9686-4e8e-9753-81e2b661fb47,[]
2025-11-18 22:31:00+00:00,"Signal(ts=2025-11-18 22:31:00+00:00, action=BUY, qty=1, strategy=MACross)",217f0336-107c-4db8-919d-4116636e35c7,"[{'price': 266.76, 'qty': 1, 'buy_id': '217f0336-107c-4db8-919d-4116636e35c7', 'sell_id': 'a18ed8fa-c83a-4871-9f29-fef9daee7db2', 'timestamp': 1763957794.1525161}]"
2025-11-18 22:32:00+00:00,"Signal(ts=2025-11-18 22:32:00+00:00, action=BUY, qty=1, strategy=MACross)",5665ab2e-7e4c-4716-8b13-75ca0ffa5d36,"[{'price': 266.7863, 'qty': 1, 'buy_id': '5665ab2e-7e4c-4716-8b13-75ca0ffa5d36', 'sell_id': 'd0502b8c-ee2a-4526-af33-eeed3d0e8b8b', 'timestamp': 1763957794.1550093}]"
2025-11-18 22:33:00+00:00,"Signal(ts=2025-11-18 22:33:00+00:00, action=BUY, qty=1, strategy=MACross)",36ebe132-277a-469d-b7b6-12cb03e112d2,"[{'price': 266.7863, 'qty': 1, 'buy_id': '36ebe132-277a-469d-b7b6-12cb03e112d2', 'sell_id': '3962f499-7fb6-4de7-8729-60a6cdb0f906', 'timestamp': 1763957794.158232}]"
2025-11-18 22:34:00+00:00,"Signal(ts=2025-11-18 22:34:00+00:00, action=BUY, qty=1, strategy=MACross)",820becc8-5633-4e0b-9efe-45149478b051,"[{'price': 266.85, 'qty': 1, 'buy_id': '820becc8-5633-4e0b-9efe-45149478b051', 'sell_id': '33c88f68-2ba0-4e7d-8e44-98dd249dffd9', 'timestamp': 1763957794.160236}]"
2025-11-18 22:35:00+00:00,"Signal(ts=2025-11-18 22:35:00+00:00, action=BUY, qty=1, strategy=MACross)",6dd49fcd-378b-44c2-bc91-e8bce4e1b96c,"[{'price': 266.85, 'qty': 1, 'buy_id': '6dd49fcd-378b-44c2-bc91-e8bce4e1b96c', 'sell_id': '2bcae9ae-1b5a-46ec-ba63-f8b89c54650b', 'timestamp': 1763957794.1612368}]"
2025-11-18 22:36:00+00:00,"Signal(ts=2025-11-18 22:36:00+00:00, action=BUY, qty=1, strategy=MACross)",1086f772-b10f-4e6e-95af-49092d53018a,[]
2025-11-18 22:37:00+00:00,"Signal(ts=2025-11-18 22:37:00+00:00, action=BUY, qty=1, strategy=MACross)",7f5f6f24-cdc5-4dc8-823f-17c8ade91a8a,[]
2025-11-18 22:38:00+00:00,"Signal(ts=2025-11-18 22:38:00+00:00, action=BUY, qty=1, strategy=MACross)",daf96922-41a1-452e-bf14-0d430b290b44,[]
2025-11-18 22:39:00+00:00,"Signal(ts=2025-11-18 22:39:00+00:00, action=SELL, qty=1, strategy=MACross)",50dfbd9e-ca36-47aa-bc14-e018213b9080,"[{'price': 266.8, 'qty': 1, 'buy_id': '7f5f6f24-cdc5-4dc8-823f-17c8ade91a8a', 'sell_id': '50dfbd9e-ca36-47aa-bc14-e018213b9080', 'timestamp': 1763957794.1711152}]"
2025-11-18 22:40:00+00:00,"Signal(ts=2025-11-18 22:40:00+00:00, action=SELL, qty=1, strategy=MACross)",a5aea138-e51a-4671-a73d-d699ad406fc0,"[{'price': 266.82, 'qty': 1, 'buy_id': 'daf96922-41a1-452e-bf14-0d430b290b44', 'sell_id': 'a5aea138-e51a-4671-a73d-d699ad406fc0', 'timestamp': 1763957794.1735635}]"
2025-11-18 22:41:00+00:00,"Signal(ts=2025-11-18 22:41:00+00:00, action=SELL, qty=1, strategy=MACross)",85ecb559-b0ec-4218-a2fe-7a7954a21a5b,[]
2025-11-18 22:42:00+00:00,"Signal(ts=2025-11-18 22:42:00+00:00, action=SELL, qty=1, strategy=MACross)",363b2a0b-7528-4331-89df-9766383ebf47,[]
2025-11-18 22:43:00+00:00,"Signal(ts=2025-11-18 22:43:00+00:00, action=SELL, qty=1, strategy=MACross)",bc712aa8-128a-4b68-99d0-4b6a2c75c9f9,[]
2025-11-18 22:44:00+00:00,"Signal(ts=2025-11-18 22:44:00+00:00, action=SELL, qty=1, strategy=MACross)",45774f32-c3f8-4b1e-a69a-665cd508b930,[]
2025-11-18 22:45:00+00:00,"Signal(ts=2025-11-18 22:45:00+00:00, action=SELL, qty=1, strategy=MACross)",a661fc02-19b7-478a-a141-9d29da762046,[]
2025-11-18 22:46:00+00:00,"Signal(ts=2025-11-18 22:46:00+00:00, action=SELL, qty=1, strategy=MACross)",eb057640-4c0e-43cc-8950-f0645b0e9a04,[]
2025-11-18 22:47:00+00:00,"Signal(ts=2025-11-18 22:47:00+00:00, action=SELL, qty=1, strategy=MACross)",b1162607-4bad-4cfd-b38c-4f28f6b46a34,[]
2025-11-18 22:48:00+00:00,"Signal(ts=2025-11-18 22:48:00+00:00, action=SELL, qty=1, strategy=MACross)",89ff2f11-4d0f-43f5-bcad-ece39e5190d0,[]
2025-11-18 22:49:00+00:00,"Signal(ts=2025-11-18 22:49:00+00:00, action=SELL, qty=1, strategy=MACross)",ea4b5bae-dcec-4823-afcd-96f5029c3bb6,[]
2025-11-18 22:50:00+00:00,"Signal(ts=2025-11-18 22:50:00+00:00, action=SELL, qty=1, strategy=MACross)",f12c4b34-aa79-45f5-a5f4-5459a8173d3a,[]
2025-11-18 22:51:00+00:00,"Signal(ts=2025-11-18 22:51:00+00:00, action=SELL, qty=1, strategy=MACross)",5d2ca373-a443-4d36-8518-42850b60c3fa,[]
2025-11-18 22:52:00+00:00,"Signal(ts=2025-11-18 22:52:00+00:00, action=BUY, qty=1, strategy=MACross)",d7e2a399-8de0-4933-9e4f-53e7d0961d59,"[{'price': 266.8012, 'qty': 1, 'buy_id': 'd7e2a399-8de0-4933-9e4f-53e7d0961d59', 'sell_id': 'eb057640-4c0e-43cc-8950-f0645b0e9a04', 'timestamp': 1763957794.2016344}]"
2025-11-18 22:53:00+00:00,"Signal(ts=2025-11-18 22:53:00+00:00, action=BUY, qty=1, strategy=MACross)",1d602beb-2ae6-4d58-b222-64ec4b701ef3,"[{'price': 266.82, 'qty': 1, 'buy_id': '1d602beb-2ae6-4d58-b222-64ec4b701ef3', 'sell_id': '363b2a0b-7528-4331-89df-9766383ebf47', 'timestamp': 1763957794.2036347}]"
2025-11-18 22:54:00+00:00,"Signal(ts=2025-11-18 22:54:00+00:00, action=BUY, qty=1, strategy=MACross)",3d357e78-4c8e-4d77-a976-4a0ec6e0e928,[]
2025-11-18 22:55:00+00:00,"Signal(ts=2025-11-18 22:55:00+00:00, action=BUY, qty=1, strategy=MACross)",95fed946-40b4-4aab-8a8d-b538952d6afe,"[{'price': 266.82, 'qty': 1, 'buy_id': '95fed946-40b4-4aab-8a8d-b538952d6afe', 'sell_id': 'b1162607-4bad-4cfd-b38c-4f28f6b46a34', 'timestamp': 1763957794.2098708}]"
2025-11-18 22:56:00+00:00,"Signal(ts=2025-11-18 22:56:00+00:00, action=BUY, qty=1, strategy=MACross)",7c4ab821-82af-4d68-bc0b-2e4d1fcf1c30,"[{'price': 266.83, 'qty': 1, 'buy_id': '7c4ab821-82af-4d68-bc0b-2e4d1fcf1c30', 'sell_id': '85ecb559-b0ec-4218-a2fe-7a7954a21a5b', 'timestamp': 1763957794.2126682}]"
2025-11-18 22:57:00+00:00,"Signal(ts=2025-11-18 22:57:00+00:00, action=BUY, qty=1, strategy=MACross)",395b9643-a608-421e-845d-65353a5dd9fa,"[{'price': 266.83, 'qty': 1, 'buy_id': '395b9643-a608-421e-845d-65353a5dd9fa', 'sell_id': '45774f32-c3f8-4b1e-a69a-665cd508b930', 'timestamp': 1763957794.2136674}]"
2025-11-18 22:58:00+00:00,"Signal(ts=2025-11-18 22:58:00+00:00, action=BUY, qty=1, strategy=MACross)",070e1c6c-4de1-44ce-9613-8acdf699e105,"[{'price': 266.83, 'qty': 1, 'buy_id': '070e1c6c-4de1-44ce-9613-8acdf699e105', 'sell_id': 'a661fc02-19b7-478a-a141-9d29da762046', 'timestamp': 1763957794.2174392}]"
2025-11-18 22:59:00+00:00,"Signal(ts=2025-11-18 22:59:00+00:00, action=BUY, qty=1, strategy=MACross)",9379cbc3-a4d2-46c1-b4ef-859fdbedcbc0,"[{'price': 266.85, 'qty': 1, 'buy_id': '9379cbc3-a4d2-46c1-b4ef-859fdbedcbc0', 'sell_id': '89ff2f11-4d0f-43f5-bcad-ece39e5190d0', 'timestamp': 1763957794.219438}]"
2025-11-18 23:00:00+00:00,"Signal(ts=2025-11-18 23:00:00+00:00, action=BUY, qty=1, strategy=MACross)",92f237f6-1aae-4778-9d5e-28920a4c3e92,"[{'price': 266.86, 'qty': 1, 'buy_id': '92f237f6-1aae-4778-9d5e-28920a4c3e92', 'sell_id': 'b60e2f3c-0802-4927-9eac-b9683f03eaac', 'timestamp': 1763957794.2215416}]"
2025-11-18 23:01:00+00:00,"Signal(ts=2025-11-18 23:01:00+00:00, action=BUY, qty=1, strategy=MACross)",7768aa35-1db3-48f3-86fc-c0b06a296703,"[{'price': 266.9, 'qty': 1, 'buy_id': '7768aa35-1db3-48f3-86fc-c0b06a296703', 'sell_id': '4eb6a0b7-46e3-4486-bf40-e63751b55730', 'timestamp': 1763957794.2215416}]"
2025-11-18 23:02:00+00:00,"Signal(ts=2025-11-18 23:02:00+00:00, action=BUY, qty=1, strategy=MACross)",9dbc55c8-5c7e-4484-9a69-03e9f04215ae,"[{'price': 266.9, 'qty': 1, 'buy_id': '9dbc55c8-5c7e-4484-9a69-03e9f04215ae', 'sell_id': '905adc40-b14d-419f-8224-4c34bc7c1823', 'timestamp': 1763957794.227542}]"
2025-11-18 23:03:00+00:00,"Signal(ts=2025-11-18 23:03:00+00:00, action=BUY, qty=1, strategy=MACross)",5447d4bd-cd6b-4600-b061-f8b6c72cfafc,"[{'price': 266.9, 'qty': 1, 'buy_id': '5447d4bd-cd6b-4600-b061-f8b6c72cfafc', 'sell_id': 'e617d057-e0a0-40aa-b9e8-c824ec0cb2a5', 'timestamp': 1763957794.2295406}]"
2025-11-18 23:04:00+00:00,"Signal(ts=2025-11-18 23:04:00+00:00, action=BUY, qty=1, strategy=MACross)",c3ae832f-bf57-4d5c-8b91-dd7c0d3dfd8f,"[{'price': 266.9, 'qty': 1, 'buy_id': 'c3ae832f-bf57-4d5c-8b91-dd7c0d3dfd8f', 'sell_id': '36137fd3-227d-438a-9a13-f6ed06b92953', 'timestamp': 1763957794.2302287}]"
2025-11-18 23:05:00+00:00,"Signal(ts=2025-11-18 23:05:00+00:00, action=BUY, qty=1, strategy=MACross)",cb68c6d3-921a-4df7-8aac-305a64a0ba62,"[{'price': 266.9, 'qty': 1, 'buy_id': 'cb68c6d3-921a-4df7-8aac-305a64a0ba62', 'sell_id': '66d8c3fc-a99e-448f-b65f-27d69f9dade6', 'timestamp': 1763957794.2302287}]"
2025-11-18 23:06:00+00:00,"Signal(ts=2025-11-18 23:06:00+00:00, action=BUY, qty=1, strategy=MACross)",e653ad0e-72d3-4ad4-905c-c3a584cd5333,"[{'price': 266.9, 'qty': 1, 'buy_id': 'e653ad0e-72d3-4ad4-905c-c3a584cd5333', 'sell_id': 'bc712aa8-128a-4b68-99d0-4b6a2c75c9f9', 'timestamp': 1763957794.2302287}]"
2025-11-18 23:07:00+00:00,"Signal(ts=2025-11-18 23:07:00+00:00, action=BUY, qty=1, strategy=MACross)",c311ef0a-f1c9-4049-8ccb-bd5d7460ce3e,"[{'price': 266.9, 'qty': 1, 'buy_id': 'c311ef0a-f1c9-4049-8ccb-bd5d7460ce3e', 'sell_id': 'ea4b5bae-dcec-4823-afcd-96f5029c3bb6', 'timestamp': 1763957794.2388206}]"
2025-11-18 23:08:00+00:00,"Signal(ts=2025-11-18 23:08:00+00:00, action=BUY, qty=1, strategy=MACross)",34cc7f1d-2594-4365-b711-af31c6ca6830,"[{'price': 266.9025, 'qty': 1, 'buy_id': '34cc7f1d-2594-4365-b711-af31c6ca6830', 'sell_id': '74a9e2f9-9177-4c33-bb3f-c5f220459e3f', 'timestamp': 1763957794.2415533}]"
2025-11-18 23:09:00+00:00,"Signal(ts=2025-11-18 23:09:00+00:00, action=BUY, qty=1, strategy=MACross)",e35bbf42-cc52-4c80-9a7f-6018af8bed7f,"[{'price': 266.91, 'qty': 1, 'buy_id': 'e35bbf42-cc52-4c80-9a7f-6018af8bed7f', 'sell_id': '912bc60a-c504-4bf9-8366-1ac90623e584', 'timestamp': 1763957794.2415533}]"
2025-11-18 23:10:00+00:00,"Signal(ts=2025-11-18 23:10:00+00:00, action=BUY, qty=1, strategy=MACross)",ee8eb023-2682-40d9-b185-bf744b1ac177,"[{'price': 266.91, 'qty': 1, 'buy_id': 'ee8eb023-2682-40d9-b185-bf744b1ac177', 'sell_id': 'fbcf87f0-d3ed-4e24-b2df-41232a7d47cd', 'timestamp': 1763957794.2415533}]"
2025-11-18 23:11:00+00:00,"Signal(ts=2025-11-18 23:11:00+00:00, action=BUY, qty=1, strategy=MACross)",7448ed34-c367-45b7-b218-751cd904b829,"[{'price': 266.91, 'qty': 1, 'buy_id': '7448ed34-c367-45b7-b218-751cd904b829', 'sell_id': 'a6743cc1-e3b3-4471-bae8-0527aa3e289f', 'timestamp': 1763957794.2473752}]"
2025-11-18 23:12:00+00:00,"Signal(ts=2025-11-18 23:12:00+00:00, action=BUY, qty=1, strategy=MACross)",a5122caf-2797-4ea7-9bfe-7aeca13a572d,"[{'price': 266.91, 'qty': 1, 'buy_id': 'a5122caf-2797-4ea7-9bfe-7aeca13a572d', 'sell_id': '1411fda1-9686-4e8e-9753-81e2b661fb47', 'timestamp': 1763957794.2494888}]"
2025-11-18 23:13:00+00:00,"Signal(ts=2025-11-18 23:13:00+00:00, action=BUY, qty=1, strategy=MACross)",5449c0af-8820-4a4a-a23f-8a85fd26e6fa,"[{'price': 266.9118, 'qty': 1, 'buy_id': '5449c0af-8820-4a4a-a23f-8a85fd26e6fa', 'sell_id': '2fabd4a7-7be3-4e55-9bca-6db6df7c9733', 'timestamp': 1763957794.2513719}]"
2025-11-18 23:14:00+00:00,"Signal(ts=2025-11-18 23:14:00+00:00, action=BUY, qty=1, strategy=MACross)",e1280be8-4004-40b4-8a91-8e17b39760f7,"[{'price': 266.93, 'qty': 1, 'buy_id': 'e1280be8-4004-40b4-8a91-8e17b39760f7', 'sell_id': 'af165f08-5f31-46a5-9a29-5c5653dc4436', 'timestamp': 1763957794.2553422}]"
2025-11-18 23:15:00+00:00,"Signal(ts=2025-11-18 23:15:00+00:00, action=BUY, qty=1, strategy=MACross)",22762a47-2aef-4e59-82d1-62263207eff4,"[{'price': 266.95, 'qty': 1, 'buy_id': '22762a47-2aef-4e59-82d1-62263207eff4', 'sell_id': 'f12c4b34-aa79-45f5-a5f4-5459a8173d3a', 'timestamp': 1763957794.2584686}]"
2025-11-18 23:16:00+00:00,"Signal(ts=2025-11-18 23:16:00+00:00, action=BUY, qty=1, strategy=MACross)",6da31b73-941e-4a61-9a29-d7930cb7d37d,"[{'price': 266.95, 'qty': 1, 'buy_id': '6da31b73-941e-4a61-9a29-d7930cb7d37d', 'sell_id': '5d2ca373-a443-4d36-8518-42850b60c3fa', 'timestamp': 1763957794.2605164}]"
2025-11-18 23:17:00+00:00,"Signal(ts=2025-11-18 23:17:00+00:00, action=BUY, qty=1, strategy=MACross)",60af8f18-ae5c-449e-aa9e-14857cc7fbf1,"[{'price': 266.9725, 'qty': 1, 'buy_id': '60af8f18-ae5c-449e-aa9e-14857cc7fbf1', 'sell_id': 'ea4cc640-1a5b-49e7-aa6a-4cb5b97ed3bb', 'timestamp': 1763957794.262402}]"
2025-11-18 23:18:00+00:00,"Signal(ts=2025-11-18 23:18:00+00:00, action=BUY, qty=1, strategy=MACross)",badbba19-5a60-4e5e-83ce-0998672670da,"[{'price': 266.99, 'qty': 1, 'buy_id': 'badbba19-5a60-4e5e-83ce-0998672670da', 'sell_id': '19134d03-9a4e-42f7-a453-815d73fa9f33', 'timestamp': 1763957794.2645905}]"
2025-11-18 23:19:00+00:00,"Signal(ts=2025-11-18 23:19:00+00:00, action=BUY, qty=1, strategy=MACross)",2d11b163-d89f-4e15-bc20-e6455326b6d5,"[{'price': 267.0, 'qty': 1, 'buy_id': '2d11b163-d89f-4e15-bc20-e6455326b6d5', 'sell_id': '1686c22b-926c-459b-8974-943ad787d44d', 'timestamp': 1763957794.2645905}]"
2025-11-18 23:20:00+00:00,"Signal(ts=2025-11-18 23:20:00+00:00, action=BUY, qty=1, strategy=MACross)",5714ca62-bba6-4449-9153-658cc27311a1,"[{'price': 267.08, 'qty': 1, 'buy_id': '5714ca62-bba6-4449-9153-658cc27311a1', 'sell_id': '6f81f0db-0525-445f-b2d2-5e553bc8e9e8', 'timestamp': 1763957794.2697399}]"
2025-11-18 23:21:00+00:00,"Signal(ts=2025-11-18 23:21:00+00:00, action=BUY, qty=1, strategy=MACross)",ec87f96d-1687-42a3-bef3-23173ab5e52d,"[{'price': 267.08, 'qty': 1, 'buy_id': 'ec87f96d-1687-42a3-bef3-23173ab5e52d', 'sell_id': 'a12e9592-09cb-4c77-92eb-e142af714f47', 'timestamp': 1763957794.2722576}]"
2025-11-18 23:22:00+00:00,"Signal(ts=2025-11-18 23:22:00+00:00, action=BUY, qty=1, strategy=MACross)",82afead0-efcf-42a0-8a90-45b6f19df422,"[{'price': 267.08, 'qty': 1, 'buy_id': '82afead0-efcf-42a0-8a90-45b6f19df422', 'sell_id': '6991e17f-0e78-446b-aeab-0783aef24b05', 'timestamp': 1763957794.2755537}]"
2025-11-18 23:23:00+00:00,"Signal(ts=2025-11-18 23:23:00+00:00, action=SELL, qty=1, strategy=MACross)",bca50a34-8599-4d5d-ae24-82ba1938e1b7,[]
2025-11-18 23:24:00+00:00,"Signal(ts=2025-11-18 23:24:00+00:00, action=BUY, qty=1, strategy=MACross)",379c2aa2-6151-4acb-b255-cca7e87a5339,"[{'price': 267.08, 'qty': 1, 'buy_id': '379c2aa2-6151-4acb-b255-cca7e87a5339', 'sell_id': 'ae824fbf-d5d3-4d2d-aae8-cee548d0ca52', 'timestamp': 1763957794.280176}]"
2025-11-18 23:25:00+00:00,"Signal(ts=2025-11-18 23:25:00+00:00, action=BUY, qty=1, strategy=MACross)",96bae7b7-a2b8-4608-a865-24e46655f3c9,"[{'price': 267.19, 'qty': 1, 'buy_id': '96bae7b7-a2b8-4608-a865-24e46655f3c9', 'sell_id': 'f9f225ff-7712-4ae0-9238-437ae87cf38d', 'timestamp': 1763957794.2811742}]"
2025-11-18 23:26:00+00:00,"Signal(ts=2025-11-18 23:26:00+00:00, action=BUY, qty=1, strategy=MACross)",319a8f80-8276-4b2d-8e1f-ac139353bb56,"[{'price': 267.2, 'qty': 1, 'buy_id': '319a8f80-8276-4b2d-8e1f-ac139353bb56', 'sell_id': '9fcc218f-2d81-47e0-9410-b37a9c34bfe3', 'timestamp': 1763957794.284098}]"
2025-11-18 23:27:00+00:00,"Signal(ts=2025-11-18 23:27:00+00:00, action=BUY, qty=1, strategy=MACross)",be3b3934-7eab-44b5-89fa-bfc1186a133e,"[{'price': 267.2, 'qty': 1, 'buy_id': 'be3b3934-7eab-44b5-89fa-bfc1186a133e', 'sell_id': 'ae8972de-b51d-4d42-9a86-231649db010e', 'timestamp': 1763957794.286158}]"
2025-11-18 23:28:00+00:00,"Signal(ts=2025-11-18 23:28:00+00:00, action=BUY, qty=1, strategy=MACross)",6a742e6b-7fbd-4174-9a3e-9201fdda4d7f,"[{'price': 267.2, 'qty': 1, 'buy_id': '6a742e6b-7fbd-4174-9a3e-9201fdda4d7f', 'sell_id': '22cdea66-5789-447b-9eea-2884b500f247', 'timestamp': 1763957794.2892141}]"
2025-11-18 23:29:00+00:00,"Signal(ts=2025-11-18 23:29:00+00:00, action=BUY, qty=1, strategy=MACross)",79056418-966c-4598-b16d-070683573818,"[{'price': 267.21, 'qty': 1, 'buy_id': '79056418-966c-4598-b16d-070683573818', 'sell_id': 'bfc837b6-1f50-4dbe-a576-71b2875022da', 'timestamp': 1763957794.2892141}]"
2025-11-18 23:30:00+00:00,"Signal(ts=2025-11-18 23:30:00+00:00, action=BUY, qty=1, strategy=MACross)",affb7fff-cb7b-4e32-a518-49c80824f674,"[{'price': 267.21, 'qty': 1, 'buy_id': 'affb7fff-cb7b-4e32-a518-49c80824f674', 'sell_id': 'b4ff5ce7-dea9-43b8-a145-d48c78f4a843', 'timestamp': 1763957794.2892141}]"
2025-11-18 23:31:00+00:00,"Signal(ts=2025-11-18 23:31:00+00:00, action=BUY, qty=1, strategy=MACross)",49dc29b2-05b4-467d-83ef-4f53fb4bb477,"[{'price': 267.23, 'qty': 1, 'buy_id': '49dc29b2-05b4-467d-83ef-4f53fb4bb477', 'sell_id': '074f62da-3b06-47d5-8fbc-d5caf285b1ae', 'timestamp': 1763957794.2966294}]"
2025-11-18 23:32:00+00:00,"Signal(ts=2025-11-18 23:32:00+00:00, action=BUY, qty=1, strategy=MACross)",dc671cac-a63a-4205-9077-1443796ddc56,"[{'price': 267.24, 'qty': 1, 'buy_id': 'dc671cac-a63a-4205-9077-1443796ddc56', 'sell_id': '03ec479a-2464-48a5-aa44-6fac2218fb3d', 'timestamp': 1763957794.298917}]"
2025-11-18 23:33:00+00:00,"Signal(ts=2025-11-18 23:33:00+00:00, action=BUY, qty=1, strategy=MACross)",1c1c32ee-53f9-46e8-8d43-718ff6c1392b,"[{'price': 267.2401, 'qty': 1, 'buy_id': '1c1c32ee-53f9-46e8-8d43-718ff6c1392b', 'sell_id': 'a5962241-63bd-4e6c-8a28-ff482d0da588', 'timestamp': 1763957794.3011746}]"
2025-11-18 23:34:00+00:00,"Signal(ts=2025-11-18 23:34:00+00:00, action=BUY, qty=1, strategy=MACross)",8bba8002-80d3-4dd3-a942-ac3559d4c80e,"[{'price': 267.25, 'qty': 1, 'buy_id': '8bba8002-80d3-4dd3-a942-ac3559d4c80e', 'sell_id': '8e421ea9-1094-48cf-85fb-edc922cb3b96', 'timestamp': 1763957794.3038323}]"
2025-11-18 23:35:00+00:00,"Signal(ts=2025-11-18 23:35:00+00:00, action=BUY, qty=1, strategy=MACross)",dfc18347-02b6-43cc-8d20-efba91539045,"[{'price': 267.27, 'qty': 1, 'buy_id': 'dfc18347-02b6-43cc-8d20-efba91539045', 'sell_id': '39357fa5-32e8-49ef-a102-2d79509a92b5', 'timestamp': 1763957794.304666}]"
2025-11-18 23:36:00+00:00,"Signal(ts=2025-11-18 23:36:00+00:00, action=BUY, qty=1, strategy=MACross)",47798439-4de2-44d5-a7e2-f42f19cfea6a,"[{'price': 267.28, 'qty': 1, 'buy_id': '47798439-4de2-44d5-a7e2-f42f19cfea6a', 'sell_id': 'd135d819-ad20-4184-acf1-1eb5c862ddaf', 'timestamp': 1763957794.304666}]"
2025-11-18 23:37:00+00:00,"Signal(ts=2025-11-18 23:37:00+00:00, action=BUY, qty=1, strategy=MACross)",83697b33-8531-481f-86cd-5a8bb3471922,"[{'price': 267.3, 'qty': 1, 'buy_id': '83697b33-8531-481f-86cd-5a8bb3471922', 'sell_id': '42f07d08-ff2a-445b-a9bd-5b50e66eb6de', 'timestamp': 1763957794.3151352}]"
2025-11-18 23:38:00+00:00,"Signal(ts=2025-11-18 23:38:00+00:00, action=BUY, qty=1, strategy=MACross)",f3dcf3db-3f08-4850-baa1-212dccd6f2d5,"[{'price': 267.3, 'qty': 1, 'buy_id': 'f3dcf3db-3f08-4850-baa1-212dccd6f2d5', 'sell_id': 'e67661bf-1953-4bfc-a2bb-2df84a95086f', 'timestamp': 1763957794.3183198}]"
2025-11-18 23:39:00+00:00,"Signal(ts=2025-11-18 23:39:00+00:00, action=BUY, qty=1, strategy=MACross)",82bd2c8c-7e0d-4245-90d1-3d1f1d2c9077,"[{'price': 267.3, 'qty': 1, 'buy_id': '82bd2c8c-7e0d-4245-90d1-3d1f1d2c9077', 'sell_id': '733adfc9-383b-40c4-a766-b10a06ccf6cf', 'timestamp': 1763957794.3222005}]"
2025-11-18 23:40:00+00:00,"Signal(ts=2025-11-18 23:40:00+00:00, action=SELL, qty=1, strategy=MACross)",2be798e5-6774-46e1-8393-56164dff4c7c,[]
2025-11-18 23:41:00+00:00,"Signal(ts=2025-11-18 23:41:00+00:00, action=SELL, qty=1, strategy=MACross)",a746dc70-9427-4700-b59d-3824b719b9ef,[]
2025-11-18 23:42:00+00:00,"Signal(ts=2025-11-18 23:42:00+00:00, action=SELL, qty=1, strategy=MACross)",f2b9a276-1eb6-4691-9e64-08c20d341017,[]
2025-11-18 23:43:00+00:00,"Signal(ts=2025-11-18 23:43:00+00:00, action=SELL, qty=1, strategy=MACross)",9eebe19e-afce-490c-8aac-3ce3b32f08da,[]
2025-11-18 23:44:00+00:00,"Signal(ts=2025-11-18 23:44:00+00:00, action=SELL, qty=1, strategy=MACross)",9611e125-9e0a-4cde-9bf0-bbded8dd9ccd,[]
2025-11-18 23:45:00+00:00,"Signal(ts=2025-11-18 23:45:00+00:00, action=SELL, qty=1, strategy=MACross)",7919be2a-ab6b-4f66-a341-d10e095fead5,[]
2025-11-18 23:46:00+00:00,"Signal(ts=2025-11-18 23:46:00+00:00, action=SELL, qty=1, strategy=MACross)",f994ee23-b308-408d-95de-fefdb14b77c2,[]
2025-11-18 23:47:00+00:00,"Signal(ts=2025-11-18 23:47:00+00:00, action=SELL, qty=1, strategy=MACross)",6f3f366c-8e44-4023-b669-c362bcf9371e,[]
2025-11-18 23:48:00+00:00,"Signal(ts=2025-11-18 23:48:00+00:00, action=SELL, qty=1, strategy=MACross)",1b90bb47-9fb0-4a1e-bf3c-3e2e353e405d,[]
2025-11-18 23:49:00+00:00,"Signal(ts=2025-11-18 23:49:00+00:00, action=SELL, qty=1, strategy=MACross)",11637f26-1be8-4392-b951-cad148d5f07a,[]
2025-11-18 23:50:00+00:00,"Signal(ts=2025-11-18 23:50:00+00:00, action=SELL, qty=1, strategy=MACross)",a638409d-db1b-4e6d-8d2c-428e746c8a0c,[]
2025-11-18 23:51:00+00:00,"Signal(ts=2025-11-18 23:51:00+00:00, action=SELL, qty=1, strategy=MACross)",df0db920-d0fd-4d5d-984a-78e41749bf63,[]
2025-11-18 23:52:00+00:00,"Signal(ts=2025-11-18 23:52:00+00:00, action=SELL, qty=1, strategy=MACross)",bb81528d-9990-45ce-8fb9-85387527fbe7,[]
2025-11-18 23:53:00+00:00,"Signal(ts=2025-11-18 23:53:00+00:00, action=SELL, qty=1, strategy=MACross)",ceae32bd-7305-4d49-b558-3c13171440c3,[]
2025-11-18 23:54:00+00:00,"Signal(ts=2025-11-18 23:54:00+00:00, action=SELL, qty=1, strategy=MACross)",ee304fb3-2573-40ca-a55a-f9008da8e79a,[]
2025-11-18 23:55:00+00:00,"Signal(ts=2025-11-18 23:55:00+00:00, action=SELL, qty=1, strategy=MACross)",edd29e8f-5d47-4d63-a78a-26bf3d08485a,[]
2025-11-18 23:56:00+00:00,"Signal(ts=2025-11-18 23:56:00+00:00, action=SELL, qty=1, strategy=MACross)",0fad8946-d0e2-4a0c-9b85-43b1d98e92c2,[]
2025-11-18 23:57:00+00:00,"Signal(ts=2025-11-18 23:57:00+00:00, action=SELL, qty=1, strategy=MACross)",caf20e7d-5901-4954-bdfa-5c8af62cc376,[]
2025-11-18 23:58:00+00:00,"Signal(ts=2025-11-18 23:58:00+00:00, action=SELL, qty=1, strategy=MACross)",af09bef7-84c5-425f-9519-17221de53d8d,[]
2025-11-18 23:59:00+00:00,"Signal(ts=2025-11-18 23:59:00+00:00, action=SELL, qty=1, strategy=MACross)",75984ab5-f467-4fa9-a417-2cb08e06d8ba,[]
2025-11-19 00:00:00+00:00,"Signal(ts=2025-11-19 00:00:00+00:00, action=SELL, qty=1, strategy=MACross)",0c9432fa-c307-4374-ae2f-b2fb6f5ee751,[]
2025-11-19 00:01:00+00:00,"Signal(ts=2025-11-19 00:01:00+00:00, action=SELL, qty=1, strategy=MACross)",fe72d45f-7868-4e06-8d92-c58344e46e8a,[]
2025-11-19 00:02:00+00:00,"Signal(ts=2025-11-19 00:02:00+00:00, action=SELL, qty=1, strategy=MACross)",a9b1daea-9175-4694-b7e2-c189feb2c64a,[]
2025-11-19 00:03:00+00:00,"Signal(ts=2025-11-19 00:03:00+00:00, action=SELL, qty=1, strategy=MACross)",40e70a03-b1a7-4c91-96df-106ebeb13cdd,[]
2025-11-19 00:04:00+00:00,"Signal(ts=2025-11-19 00:04:00+00:00, action=SELL, qty=1, strategy=MACross)",78abb33f-1f4e-471b-b0d4-e3105ab2254a,[]
2025-11-19 00:05:00+00:00,"Signal(ts=2025-11-19 00:05:00+00:00, action=SELL, qty=1, strategy=MACross)",83fa81bf-93e5-4413-a57b-09c6eb01144d,[]
2025-11-19 00:06:00+00:00,"Signal(ts=2025-11-19 00:06:00+00:00, action=SELL, qty=1, strategy=MACross)",0a5f59d7-f575-4430-8951-6da532bf9937,[]
2025-11-19 00:07:00+00:00,"Signal(ts=2025-11-19 00:07:00+00:00, action=SELL, qty=1, strategy=MACross)",9fbbd81c-9366-4e0e-908f-36dd9d256f6e,[]
2025-11-19 00:08:00+00:00,"Signal(ts=2025-11-19 00:08:00+00:00, action=SELL, qty=1, strategy=MACross)",87604b9f-409f-4e0c-a543-abf0a124d1bf,[]
2025-11-19 00:09:00+00:00,"Signal(ts=2025-11-19 00:09:00+00:00, action=SELL, qty=1, strategy=MACross)",6d570c33-f124-4394-8878-b1cf5d0a0110,[]
2025-11-19 00:10:00+00:00,"Signal(ts=2025-11-19 00:10:00+00:00, action=SELL, qty=1, strategy=MACross)",cfbb7380-18b9-4fd9-b2f0-60a33d4b5c7e,[]
2025-11-19 00:11:00+00:00,"Signal(ts=2025-11-19 00:11:00+00:00, action=SELL, qty=1, strategy=MACross)",8646c02c-b070-460f-9170-88db3bf5e6bc,[]
2025-11-19 00:12:00+00:00,"Signal(ts=2025-11-19 00:12:00+00:00, action=SELL, qty=1, strategy=MACross)",1afe3527-92b9-47cd-a1b6-11a9d6ef536a,[]
2025-11-19 00:13:00+00:00,"Signal(ts=2025-11-19 00:13:00+00:00, action=SELL, qty=1, strategy=MACross)",84e8e1fa-020e-4568-85a6-ae57debdf6ad,[]
2025-11-19 00:14:00+00:00,"Signal(ts=2025-11-19 00:14:00+00:00, action=SELL, qty=1, strategy=MACross)",03b3793b-1a64-4dfc-87a2-657f4952659b,[]
2025-11-19 00:15:00+00:00,"Signal(ts=2025-11-19 00:15:00+00:00, action=SELL, qty=1, strategy=MACross)",837cd779-dfe1-4eae-b587-afb3a9c330b4,[]
2025-11-19 00:16:00+00:00,"Signal(ts=2025-11-19 00:16:00+00:00, action=SELL, qty=1, strategy=MACross)",2d79421d-a7c4-4d1a-9c18-3f40bddaabab,[]
2025-11-19 00:17:00+00:00,"Signal(ts=2025-11-19 00:17:00+00:00, action=SELL, qty=1, strategy=MACross)",89a10259-5d5a-49d9-b6d2-b42be5aa5d72,"[{'price': 266.55, 'qty': 1, 'buy_id': '3d357e78-4c8e-4d77-a976-4a0ec6e0e928', 'sell_id': '89a10259-5d5a-49d9-b6d2-b42be5aa5d72', 'timestamp': 1763957794.417775}]"
2025-11-19 00:18:00+00:00,"Signal(ts=2025-11-19 00:18:00+00:00, action=SELL, qty=1, strategy=MACross)",20f54041-a7d3-4d7e-889a-4c1bb24de427,[]
2025-11-19 00:19:00+00:00,"Signal(ts=2025-11-19 00:19:00+00:00, action=SELL, qty=1, strategy=MACross)",e727a493-1e7f-4312-8efd-554537974530,[]
2025-11-19 00:20:00+00:00,"Signal(ts=2025-11-19 00:20:00+00:00, action=SELL, qty=1, strategy=MACross)",2e2b6876-76fe-45e4-b476-e9f0731f4d0f,[]
2025-11-19 00:21:00+00:00,"Signal(ts=2025-11-19 00:21:00+00:00, action=SELL, qty=1, strategy=MACross)",cbcbfe1a-2525-4eae-b7fc-89aa82ed33bf,"[{'price': 266.67, 'qty': 1, 'buy_id': '1086f772-b10f-4e6e-95af-49092d53018a', 'sell_id': 'cbcbfe1a-2525-4eae-b7fc-89aa82ed33bf', 'timestamp': 1763957794.4287834}]"
2025-11-19 00:22:00+00:00,"Signal(ts=2025-11-19 00:22:00+00:00, action=SELL, qty=1, strategy=MACross)",9efd2678-05d6-4a5a-9860-b6e02ffb9f7d,[]
2025-11-19 00:23:00+00:00,"Signal(ts=2025-11-19 00:23:00+00:00, action=SELL, qty=1, strategy=MACross)",a76eccc7-05fd-466b-8b6c-c7d3a3c62b5d,[]
2025-11-19 00:24:00+00:00,"Signal(ts=2025-11-19 00:24:00+00:00, action=SELL, qty=1, strategy=MACross)",86918cbf-252e-4857-9bee-dc086afcdc19,[]
2025-11-19 00:25:00+00:00,"Signal(ts=2025-11-19 00:25:00+00:00, action=SELL, qty=1, strategy=MACross)",9b9f3294-4963-499f-b2ad-2db845c8d7e5,[]
2025-11-19 00:26:00+00:00,"Signal(ts=2025-11-19 00:26:00+00:00, action=SELL, qty=1, strategy=MACross)",ec2c99ea-305a-44cf-8b08-cfcf2e6bf5a6,[]
2025-11-19 00:27:00+00:00,"Signal(ts=2025-11-19 00:27:00+00:00, action=SELL, qty=1, strategy=MACross)",cd3a2286-ed8c-45bd-ba32-f56e182bcb02,[]
2025-11-19 00:28:00+00:00,"Signal(ts=2025-11-19 00:28:00+00:00, action=SELL, qty=1, strategy=MACross)",9fdb0f53-3404-490d-8552-8cc904084860,[]
2025-11-19 00:29:00+00:00,"Signal(ts=2025-11-19 00:29:00+00:00, action=SELL, qty=1, strategy=MACross)",97bb41bc-efb3-4f55-9d4c-d198f5f205d7,[]
2025-11-19 00:30:00+00:00,"Signal(ts=2025-11-19 00:30:00+00:00, action=SELL, qty=1, strategy=MACross)",87efa05a-5a77-4176-a7ca-d8083c9dd0b8,[]
2025-11-19 00:31:00+00:00,"Signal(ts=2025-11-19 00:31:00+00:00, action=SELL, qty=1, strategy=MACross)",99e90ed4-5333-4042-b275-f8e7f5c9a797,[]
2025-11-19 00:32:00+00:00,"Signal(ts=2025-11-19 00:32:00+00:00, action=SELL, qty=1, strategy=MACross)",e61b4b82-64d4-4169-9e84-4428f912dcd8,[]
2025-11-19 00:33:00+00:00,"Signal(ts=2025-11-19 00:33:00+00:00, action=SELL, qty=1, strategy=MACross)",ebe75c85-75b1-4838-a05e-739db470686c,[]
2025-11-19 00:34:00+00:00,"Signal(ts=2025-11-19 00:34:00+00:00, action=SELL, qty=1, strategy=MACross)",f40d4aff-a581-457c-b830-c611c5bb8ad7,[]
2025-11-19 00:35:00+00:00,"Signal(ts=2025-11-19 00:35:00+00:00, action=SELL, qty=1, strategy=MACross)",57048b73-ab2f-48f0-add0-a6b71b4e7bc1,[]
2025-11-19 00:36:00+00:00,"Signal(ts=2025-11-19 00:36:00+00:00, action=SELL, qty=1, strategy=MACross)",591a1758-c59b-4e71-b212-b4340e6d17d6,[]
2025-11-19 00:37:00+00:00,"Signal(ts=2025-11-19 00:37:00+00:00, action=SELL, qty=1, strategy=MACross)",87807391-7826-42b3-84d2-c849cd289265,[]
2025-11-19 00:38:00+00:00,"Signal(ts=2025-11-19 00:38:00+00:00, action=SELL, qty=1, strategy=MACross)",30f48039-1e2b-419d-b96f-7dcf964b8416,[]
2025-11-19 00:39:00+00:00,"Signal(ts=2025-11-19 00:39:00+00:00, action=SELL, qty=1, strategy=MACross)",fe613fd4-70a5-4b6e-b891-e4e9f9948097,[]
2025-11-19 00:40:00+00:00,"Signal(ts=2025-11-19 00:40:00+00:00, action=SELL, qty=1, strategy=MACross)",dd108628-ddb5-4927-a9dc-a128452cdbd0,[]
2025-11-19 00:41:00+00:00,"Signal(ts=2025-11-19 00:41:00+00:00, action=SELL, qty=1, strategy=MACross)",c391325f-5c8f-47b3-af23-b7a02f20d00d,[]
2025-11-19 00:42:00+00:00,"Signal(ts=2025-11-19 00:42:00+00:00, action=SELL, qty=1, strategy=MACross)",7b74fe15-86f8-4240-ad45-b285f6532cbc,[]
2025-11-19 00:43:00+00:00,"Signal(ts=2025-11-19 00:43:00+00:00, action=BUY, qty=1, strategy=MACross)",3bbaf350-d593-446a-a19e-af1f394a63a0,"[{'price': 266.56, 'qty': 1, 'buy_id': '3bbaf350-d593-446a-a19e-af1f394a63a0', 'sell_id': '9efd2678-05d6-4a5a-9860-b6e02ffb9f7d', 'timestamp': 1763957794.4771097}]"
2025-11-19 00:44:00+00:00,"Signal(ts=2025-11-19 00:44:00+00:00, action=BUY, qty=1, strategy=MACross)",8f610636-7813-4b32-a505-a3d2da7509fc,"[{'price': 266.65, 'qty': 1, 'buy_id': '8f610636-7813-4b32-a505-a3d2da7509fc', 'sell_id': '97bb41bc-efb3-4f55-9d4c-d198f5f205d7', 'timestamp': 1763957794.4793258}]"
2025-11-19 00:45:00+00:00,"Signal(ts=2025-11-19 00:45:00+00:00, action=BUY, qty=1, strategy=MACross)",717452f8-b497-407b-a716-e50529fe9a99,"[{'price': 266.71, 'qty': 1, 'buy_id': '717452f8-b497-407b-a716-e50529fe9a99', 'sell_id': '99e90ed4-5333-4042-b275-f8e7f5c9a797', 'timestamp': 1763957794.480328}]"
2025-11-19 00:46:00+00:00,"Signal(ts=2025-11-19 00:46:00+00:00, action=BUY, qty=1, strategy=MACross)",27ac7d1c-84b7-400f-8297-f864c9ee923a,"[{'price': 266.7367, 'qty': 1, 'buy_id': '27ac7d1c-84b7-400f-8297-f864c9ee923a', 'sell_id': 'e61b4b82-64d4-4169-9e84-4428f912dcd8', 'timestamp': 1763957794.4830086}]"
2025-11-19 00:47:00+00:00,"Signal(ts=2025-11-19 00:47:00+00:00, action=BUY, qty=1, strategy=MACross)",e084043b-985e-420d-97ef-ec6b3edea4e4,"[{'price': 266.7371, 'qty': 1, 'buy_id': 'e084043b-985e-420d-97ef-ec6b3edea4e4', 'sell_id': 'cd3a2286-ed8c-45bd-ba32-f56e182bcb02', 'timestamp': 1763957794.4850075}]"
2025-11-19 00:48:00+00:00,"Signal(ts=2025-11-19 00:48:00+00:00, action=BUY, qty=1, strategy=MACross)",65725535-c299-4cc7-90c9-0171bdc88845,"[{'price': 266.78, 'qty': 1, 'buy_id': '65725535-c299-4cc7-90c9-0171bdc88845', 'sell_id': '57048b73-ab2f-48f0-add0-a6b71b4e7bc1', 'timestamp': 1763957794.4875848}]"
2025-11-19 00:49:00+00:00,"Signal(ts=2025-11-19 00:49:00+00:00, action=BUY, qty=1, strategy=MACross)",df25f863-8dcd-4bb3-b839-c6781f8b6bbe,"[{'price': 266.79, 'qty': 1, 'buy_id': 'df25f863-8dcd-4bb3-b839-c6781f8b6bbe', 'sell_id': '87efa05a-5a77-4176-a7ca-d8083c9dd0b8', 'timestamp': 1763957794.489995}]"
2025-11-19 00:50:00+00:00,"Signal(ts=2025-11-19 00:50:00+00:00, action=BUY, qty=1, strategy=MACross)",a0d18efa-1161-4246-bf48-7c426eb85c7d,"[{'price': 266.79, 'qty': 1, 'buy_id': 'a0d18efa-1161-4246-bf48-7c426eb85c7d', 'sell_id': '87807391-7826-42b3-84d2-c849cd289265', 'timestamp': 1763957794.4921448}]"
2025-11-19 00:51:00+00:00,"Signal(ts=2025-11-19 00:51:00+00:00, action=BUY, qty=1, strategy=MACross)",f0d2d971-41d2-4d27-8fd7-c86f527c37c3,"[{'price': 266.8, 'qty': 1, 'buy_id': 'f0d2d971-41d2-4d27-8fd7-c86f527c37c3', 'sell_id': 'ebe75c85-75b1-4838-a05e-739db470686c', 'timestamp': 1763957794.4941397}]"
2025-11-19 00:52:00+00:00,"Signal(ts=2025-11-19 00:52:00+00:00, action=BUY, qty=1, strategy=MACross)",45c5c7f4-b0f4-4ea2-807e-8280634c3034,"[{'price': 266.8, 'qty': 1, 'buy_id': '45c5c7f4-b0f4-4ea2-807e-8280634c3034', 'sell_id': 'c391325f-5c8f-47b3-af23-b7a02f20d00d', 'timestamp': 1763957794.4951363}]"
2025-11-19 00:53:00+00:00,"Signal(ts=2025-11-19 00:53:00+00:00, action=BUY, qty=1, strategy=MACross)",6e1b1db3-8323-4171-8e13-c9cf2467c9c7,"[{'price': 266.8002, 'qty': 1, 'buy_id': '6e1b1db3-8323-4171-8e13-c9cf2467c9c7', 'sell_id': '2e2b6876-76fe-45e4-b476-e9f0731f4d0f', 'timestamp': 1763957794.4981718}]"
2025-11-19 00:54:00+00:00,"Signal(ts=2025-11-19 00:54:00+00:00, action=BUY, qty=1, strategy=MACross)",a764c521-35f3-4a8f-b81d-cec64ed840c2,"[{'price': 266.83, 'qty': 1, 'buy_id': 'a764c521-35f3-4a8f-b81d-cec64ed840c2', 'sell_id': 'e727a493-1e7f-4312-8efd-554537974530', 'timestamp': 1763957794.4992874}]"
2025-11-19 00:55:00+00:00,"Signal(ts=2025-11-19 00:55:00+00:00, action=BUY, qty=1, strategy=MACross)",6f6e7165-24f3-4e26-b535-f422b02dd0af,"[{'price': 266.83, 'qty': 1, 'buy_id': '6f6e7165-24f3-4e26-b535-f422b02dd0af', 'sell_id': 'fe613fd4-70a5-4b6e-b891-e4e9f9948097', 'timestamp': 1763957794.5012834}]"
2025-11-19 00:56:00+00:00,"Signal(ts=2025-11-19 00:56:00+00:00, action=BUY, qty=1, strategy=MACross)",46cc442d-f20f-40ee-8c75-6e3cd44aad77,"[{'price': 266.84, 'qty': 1, 'buy_id': '46cc442d-f20f-40ee-8c75-6e3cd44aad77', 'sell_id': '30f48039-1e2b-419d-b96f-7dcf964b8416', 'timestamp': 1763957794.504576}]"
2025-11-19 00:57:00+00:00,"Signal(ts=2025-11-19 00:57:00+00:00, action=BUY, qty=1, strategy=MACross)",c82a48f9-fba0-4a7a-9b49-7fe909c2dc1a,"[{'price': 266.86, 'qty': 1, 'buy_id': 'c82a48f9-fba0-4a7a-9b49-7fe909c2dc1a', 'sell_id': '591a1758-c59b-4e71-b212-b4340e6d17d6', 'timestamp': 1763957794.504576}]"
2025-11-19 00:58:00+00:00,"Signal(ts=2025-11-19 00:58:00+00:00, action=BUY, qty=1, strategy=MACross)",3ba0d545-96eb-4690-8881-e1cac0354646,"[{'price': 266.9, 'qty': 1, 'buy_id': '3ba0d545-96eb-4690-8881-e1cac0354646', 'sell_id': '20f54041-a7d3-4d7e-889a-4c1bb24de427', 'timestamp': 1763957794.508452}]"
2025-11-19 00:59:00+00:00,"Signal(ts=2025-11-19 00:59:00+00:00, action=BUY, qty=1, strategy=MACross)",52291b76-6c15-4fa5-83f6-6c9da069d1bd,"[{'price': 266.9, 'qty': 1, 'buy_id': '52291b76-6c15-4fa5-83f6-6c9da069d1bd', 'sell_id': '86918cbf-252e-4857-9bee-dc086afcdc19', 'timestamp': 1763957794.5105944}]"
