timestamp,signal,order_id,trades
2025-11-18 09:00:00+00:00,"Signal(ts=2025-11-18 09:00:00+00:00, action=HOLD, qty=0, strategy=Momentum)",,[]
2025-11-18 09:02:00+00:00,"Signal(ts=2025-11-18 09:02:00+00:00, action=HOLD, qty=0, strategy=Momentum)",,[]
2025-11-18 09:03:00+00:00,"Signal(ts=2025-11-18 09:03:00+00:00, action=HOLD, qty=0, strategy=Momentum)",,[]
2025-11-18 09:04:00+00:00,"Signal(ts=2025-11-18 09:04:00+00:00, action=HOLD, qty=0, strategy=Momentum)",,[]
2025-11-18 09:05:00+00:00,"Signal(ts=2025-11-18 09:05:00+00:00, action=HOLD, qty=0, strategy=Momentum)",,[]
2025-11-18 09:06:00+00:00,"Signal(ts=2025-11-18 09:06:00+00:00, action=HOLD, qty=0, strategy=Momentum)",,[]
2025-11-18 09:07:00+00:00,"Signal(ts=2025-11-18 09:07:00+00:00, action=HOLD, qty=0, strategy=Momentum)",,[]
2025-11-18 09:08:00+00:00,"Signal(ts=2025-11-18 09:08:00+00:00, action=HOLD, qty=0, strategy=Momentum)",,[]
2025-11-18 09:09:00+00:00,"Signal(ts=2025-11-18 09:09:00+00:00, action=HOLD, qty=0, strategy=Momentum)",,[]
2025-11-18 09:10:00+00:00,"Signal(ts=2025-11-18 09:10:00+00:00, action=HOLD, qty=0, strategy=Momentum)",,[]
2025-11-18 09:12:00+00:00,"Signal(ts=2025-11-18 09:12:00+00:00, action=HOLD, qty=0, strategy=Momentum)",,[]
2025-11-18 09:13:00+00:00,"Signal(ts=2025-11-18 09:13:00+00:00, action=HOLD, qty=0, strategy=Momentum)",,[]
2025-11-18 09:14:00+00:00,"Signal(ts=2025-11-18 09:14:00+00:00, action=HOLD, qty=0, strategy=Momentum)",,[]
2025-11-18 09:15:00+00:00,"Signal(ts=2025-11-18 09:15:00+00:00, action=HOLD, qty=0, strategy=Momentum)",,[]
2025-11-18 09:16:00+00:00,"Signal(ts=2025-11-18 09:16:00+00:00, action=HOLD, qty=0, strategy=Momentum)",,[]
2025-11-18 09:17:00+00:00,"Signal(ts=2025-11-18 09:17:00+00:00, action=HOLD, qty=0, strategy=Momentum)",,[]
2025-11-18 09:19:00+00:00,"Signal(ts=2025-11-18 09:19:00+00:00, action=HOLD, qty=0, strategy=Momentum)",,[]
2025-11-18 09:20:00+00:00,"Signal(ts=2025-11-18 09:20:00+00:00, action=HOLD, qty=0, strategy=Momentum)",,[]
2025-11-18 09:21:00+00:00,"Signal(ts=2025-11-18 09:21:00+00:00, action=HOLD, qty=0, strategy=Momentum)",,[]
2025-11-18 09:22:00+00:00,"Signal(ts=2025-11-18 09:22:00+00:00, action=HOLD, qty=0, strategy=Momentum)",,[]
2025-11-18 09:23:00+00:00,"Signal(ts=2025-11-18 09:23:00+00:00, action=HOLD, qty=0, strategy=Momentum)",,[]
2025-11-18 09:24:00+00:00,"Signal(ts=2025-11-18 09:24:00+00:00, action=HOLD, qty=0, strategy=Momentum)",,[]
2025-11-18 09:25:00+00:00,"Signal(ts=2025-11-18 09:25:00+00:00, action=HOLD, qty=0, strategy=Momentum)",,[]
2025-11-18 09:26:00+00:00,"Signal(ts=2025-11-18 09:26:00+00:00, action=HOLD, qty=0, strategy=Momentum)",,[]
2025-11-18 09:27:00+00:00,"Signal(ts=2025-11-18 09:27:00+00:00, action=HOLD, qty=0, strategy=Momentum)",,[]
2025-11-18 09:28:00+00:00,"Signal(ts=2025-11-18 09:28:00+00:00, action=HOLD, qty=0, strategy=Momentum)",,[]
2025-11-18 09:30:00+00:00,"Signal(ts=2025-11-18 09:30:00+00:00, action=HOLD, qty=0, strategy=Momentum)",,[]
2025-11-18 09:32:00+00:00,"Signal(ts=2025-11-18 09:32:00+00:00, action=HOLD, qty=0, strategy=Momentum)",,[]
2025-11-18 09:33:00+00:00,"Signal(ts=2025-11-18 09:33:00+00:00, action=HOLD, qty=0, strategy=Momentum)",,[]
2025-11-18 09:34:00+00:00,"Signal(ts=2025-11-18 09:34:00+00:00, action=HOLD, qty=0, strategy=Momentum)",,[]
2025-11-18 09:35:00+00:00,"Signal(ts=2025-11-18 09:35:00+00:00, action=HOLD, qty=0, strategy=Momentum)",,[]
2025-11-18 09:36:00+00:00,"Signal(ts=2025-11-18 09:36:00+00:00, action=SELL, qty=1, strategy=Momentum)",43ee8b9e-6c83-4f2e-b42e-b6cb02cca019,[]
2025-11-18 09:38:00+00:00,"Signal(ts=2025-11-18 09:38:00+00:00, action=SELL, qty=1, strategy=Momentum)",4caef176-5387-4158-89c0-0fdbaa2c04ce,[]
2025-11-18 09:39:00+00:00,"Signal(ts=2025-11-18 09:39:00+00:00, action=HOLD, qty=0, strategy=Momentum)",,[]
2025-11-18 09:40:00+00:00,"Signal(ts=2025-11-18 09:40:00+00:00, action=SELL, qty=1, strategy=Momentum)",d7fa0f3e-c532-46ec-b5ea-f3dd8c590abf,[]
2025-11-18 09:41:00+00:00,"Signal(ts=2025-11-18 09:41:00+00:00, action=SELL, qty=1, strategy=Momentum)",8900d755-1573-4883-b687-907fcd19cfec,[]
2025-11-18 09:42:00+00:00,"Signal(ts=2025-11-18 09:42:00+00:00, action=SELL, qty=2, strategy=Momentum)",c78788b5-0ac4-4a78-aaa4-0417950fd57d,[]
2025-11-18 09:44:00+00:00,"Signal(ts=2025-11-18 09:44:00+00:00, action=SELL, qty=2, strategy=Momentum)",d2b188af-34c8-4e01-a2b4-36423371bbd5,[]
2025-11-18 09:45:00+00:00,"Signal(ts=2025-11-18 09:45:00+00:00, action=SELL, qty=1, strategy=Momentum)",d16625d6-d03f-4e3b-a53d-8191cd5635e9,[]
2025-11-18 09:46:00+00:00,"Signal(ts=2025-11-18 09:46:00+00:00, action=SELL, qty=1, strategy=Momentum)",b6c08498-9382-44f5-a56a-1c21281519fb,[]
2025-11-18 09:47:00+00:00,"Signal(ts=2025-11-18 09:47:00+00:00, action=SELL, qty=1, strategy=Momentum)",60665714-12d7-4cf3-9778-02b56f03d64b,[]
2025-11-18 09:48:00+00:00,"Signal(ts=2025-11-18 09:48:00+00:00, action=SELL, qty=1, strategy=Momentum)",da785f9e-2828-4e5c-9e34-8bbab0b08016,[]
2025-11-18 09:49:00+00:00,"Signal(ts=2025-11-18 09:49:00+00:00, action=SELL, qty=2, strategy=Momentum)",92a0bd05-a3b7-47aa-a15e-ce7d6c780513,[]
2025-11-18 09:50:00+00:00,"Signal(ts=2025-11-18 09:50:00+00:00, action=SELL, qty=1, strategy=Momentum)",6c934cc1-5f2d-44f8-ba4c-c8b357b70d85,[]
2025-11-18 09:51:00+00:00,"Signal(ts=2025-11-18 09:51:00+00:00, action=HOLD, qty=0, strategy=Momentum)",,[]
2025-11-18 09:52:00+00:00,"Signal(ts=2025-11-18 09:52:00+00:00, action=BUY, qty=1, strategy=Momentum)",77cee178-56eb-4271-bcbe-c2a0eb30cee0,"[{'price': 267.3, 'qty': 1, 'buy_id': '77cee178-56eb-4271-bcbe-c2a0eb30cee0', 'sell_id': '43ee8b9e-6c83-4f2e-b42e-b6cb02cca019', 'timestamp': 1763961889.6695764}]"
2025-11-18 09:54:00+00:00,"Signal(ts=2025-11-18 09:54:00+00:00, action=BUY, qty=1, strategy=Momentum)",324c711f-089f-48cc-9de3-cbc97960061e,"[{'price': 267.38, 'qty': 1, 'buy_id': '324c711f-089f-48cc-9de3-cbc97960061e', 'sell_id': 'd7fa0f3e-c532-46ec-b5ea-f3dd8c590abf', 'timestamp': 1763961889.670581}]"
2025-11-18 09:55:00+00:00,"Signal(ts=2025-11-18 09:55:00+00:00, action=BUY, qty=2, strategy=Momentum)",84ea2874-5c72-47eb-9665-2bfbf3d978bc,"[{'price': 267.46, 'qty': 1, 'buy_id': '84ea2874-5c72-47eb-9665-2bfbf3d978bc', 'sell_id': '4caef176-5387-4158-89c0-0fdbaa2c04ce', 'timestamp': 1763961889.670581}, {'price': 267.47, 'qty': 1, 'buy_id': '84ea2874-5c72-47eb-9665-2bfbf3d978bc', 'sell_id': 'c78788b5-0ac4-4a78-aaa4-0417950fd57d', 'timestamp': 1763961889.670581}]"
2025-11-18 09:56:00+00:00,"Signal(ts=2025-11-18 09:56:00+00:00, action=BUY, qty=3, strategy=Momentum)",78f94341-d116-4e92-a882-e6d16a0e761b,"[{'price': 267.47, 'qty': 1, 'buy_id': '78f94341-d116-4e92-a882-e6d16a0e761b', 'sell_id': 'c78788b5-0ac4-4a78-aaa4-0417950fd57d', 'timestamp': 1763961889.670581}, {'price': 267.47, 'qty': 1, 'buy_id': '78f94341-d116-4e92-a882-e6d16a0e761b', 'sell_id': 'd16625d6-d03f-4e3b-a53d-8191cd5635e9', 'timestamp': 1763961889.670581}, {'price': 267.47, 'qty': 1, 'buy_id': '78f94341-d116-4e92-a882-e6d16a0e761b', 'sell_id': '92a0bd05-a3b7-47aa-a15e-ce7d6c780513', 'timestamp': 1763961889.670581}]"
2025-11-18 09:57:00+00:00,"Signal(ts=2025-11-18 09:57:00+00:00, action=BUY, qty=4, strategy=Momentum)",ea78daff-707a-4b97-9d88-6742193da527,"[{'price': 267.47, 'qty': 1, 'buy_id': 'ea78daff-707a-4b97-9d88-6742193da527', 'sell_id': '92a0bd05-a3b7-47aa-a15e-ce7d6c780513', 'timestamp': 1763961889.670581}, {'price': 267.48, 'qty': 1, 'buy_id': 'ea78daff-707a-4b97-9d88-6742193da527', 'sell_id': '8900d755-1573-4883-b687-907fcd19cfec', 'timestamp': 1763961889.670581}, {'price': 267.48, 'qty': 2, 'buy_id': 'ea78daff-707a-4b97-9d88-6742193da527', 'sell_id': 'd2b188af-34c8-4e01-a2b4-36423371bbd5', 'timestamp': 1763961889.670581}]"
2025-11-18 09:58:00+00:00,"Signal(ts=2025-11-18 09:58:00+00:00, action=BUY, qty=3, strategy=Momentum)",a866ad90-38e0-4e98-8de3-874c351e3911,"[{'price': 267.48, 'qty': 1, 'buy_id': 'a866ad90-38e0-4e98-8de3-874c351e3911', 'sell_id': 'b6c08498-9382-44f5-a56a-1c21281519fb', 'timestamp': 1763961889.6754127}, {'price': 267.53, 'qty': 1, 'buy_id': 'a866ad90-38e0-4e98-8de3-874c351e3911', 'sell_id': '60665714-12d7-4cf3-9778-02b56f03d64b', 'timestamp': 1763961889.6754127}, {'price': 267.55, 'qty': 1, 'buy_id': 'a866ad90-38e0-4e98-8de3-874c351e3911', 'sell_id': 'da785f9e-2828-4e5c-9e34-8bbab0b08016', 'timestamp': 1763961889.6754127}]"
2025-11-18 09:59:00+00:00,"Signal(ts=2025-11-18 09:59:00+00:00, action=BUY, qty=2, strategy=Momentum)",f17a4ae7-a824-4460-bd3f-4f199232b2ba,"[{'price': 267.6, 'qty': 1, 'buy_id': 'f17a4ae7-a824-4460-bd3f-4f199232b2ba', 'sell_id': '6c934cc1-5f2d-44f8-ba4c-c8b357b70d85', 'timestamp': 1763961889.676415}]"
2025-11-18 10:01:00+00:00,"Signal(ts=2025-11-18 10:01:00+00:00, action=BUY, qty=3, strategy=Momentum)",73ed9cbd-0bec-49da-aa39-a110fd6e1d8f,[]
2025-11-18 10:02:00+00:00,"Signal(ts=2025-11-18 10:02:00+00:00, action=BUY, qty=3, strategy=Momentum)",576632e2-c1b5-47c7-bb90-d5314bb00f02,[]
2025-11-18 10:03:00+00:00,"Signal(ts=2025-11-18 10:03:00+00:00, action=BUY, qty=3, strategy=Momentum)",0e2e49c0-fafa-4005-a0d6-bc3ba5c7fe74,[]
2025-11-18 10:04:00+00:00,"Signal(ts=2025-11-18 10:04:00+00:00, action=BUY, qty=3, strategy=Momentum)",ee58c98a-1d5b-4779-811b-600ae0808ea2,[]
2025-11-18 10:06:00+00:00,"Signal(ts=2025-11-18 10:06:00+00:00, action=BUY, qty=2, strategy=Momentum)",a2dd9f73-1160-4ad1-8251-edcccf787a59,[]
2025-11-18 10:07:00+00:00,"Signal(ts=2025-11-18 10:07:00+00:00, action=BUY, qty=2, strategy=Momentum)",fb256803-f66b-4ef8-bb1b-256aa631ea76,[]
2025-11-18 10:08:00+00:00,"Signal(ts=2025-11-18 10:08:00+00:00, action=BUY, qty=2, strategy=Momentum)",47f2744d-1dfa-46ce-85fd-d8b0b8ade39a,[]
2025-11-18 10:09:00+00:00,"Signal(ts=2025-11-18 10:09:00+00:00, action=BUY, qty=2, strategy=Momentum)",e5eaba14-c200-4ca3-8a10-c3c99459f580,[]
2025-11-18 10:10:00+00:00,"Signal(ts=2025-11-18 10:10:00+00:00, action=BUY, qty=3, strategy=Momentum)",6625c596-8cea-451a-8882-6cd062192d01,[]
2025-11-18 10:11:00+00:00,"Signal(ts=2025-11-18 10:11:00+00:00, action=BUY, qty=3, strategy=Momentum)",ec604ea6-340f-486f-8ed4-fee21e77c606,[]
2025-11-18 10:12:00+00:00,"Signal(ts=2025-11-18 10:12:00+00:00, action=BUY, qty=3, strategy=Momentum)",116ea437-b17a-4479-bd92-4ec56afcd131,[]
2025-11-18 10:13:00+00:00,"Signal(ts=2025-11-18 10:13:00+00:00, action=BUY, qty=3, strategy=Momentum)",730ea0f2-343d-4bae-ab06-156b3d094045,[]
2025-11-18 10:14:00+00:00,"Signal(ts=2025-11-18 10:14:00+00:00, action=BUY, qty=2, strategy=Momentum)",5e729a7b-1704-4b54-8f21-023c2b517b11,[]
2025-11-18 10:17:00+00:00,"Signal(ts=2025-11-18 10:17:00+00:00, action=BUY, qty=2, strategy=Momentum)",5177f8c6-c808-49ec-9e1b-729bb41b33fe,[]
2025-11-18 10:18:00+00:00,"Signal(ts=2025-11-18 10:18:00+00:00, action=BUY, qty=4, strategy=Momentum)",054108e4-4c22-4d32-a8da-4a2a5f5340da,[]
2025-11-18 10:19:00+00:00,"Signal(ts=2025-11-18 10:19:00+00:00, action=BUY, qty=3, strategy=Momentum)",b2da9a64-ca8a-4e68-83a2-4c2c73807fd9,[]
2025-11-18 10:20:00+00:00,"Signal(ts=2025-11-18 10:20:00+00:00, action=BUY, qty=3, strategy=Momentum)",a799ace2-7258-4bf6-af9a-201019aa51e1,[]
2025-11-18 10:26:00+00:00,"Signal(ts=2025-11-18 10:26:00+00:00, action=BUY, qty=2, strategy=Momentum)",ea60629a-4fac-451f-9de2-0aa3adf10440,[]
2025-11-18 10:27:00+00:00,"Signal(ts=2025-11-18 10:27:00+00:00, action=BUY, qty=2, strategy=Momentum)",43c2eb0b-24ef-4e3f-abb5-c9c03f52a7a3,[]
2025-11-18 10:28:00+00:00,"Signal(ts=2025-11-18 10:28:00+00:00, action=BUY, qty=3, strategy=Momentum)",2d47a0d0-788e-416b-974e-52417c269038,[]
2025-11-18 10:29:00+00:00,"Signal(ts=2025-11-18 10:29:00+00:00, action=BUY, qty=3, strategy=Momentum)",048c0116-89a2-4d23-8b33-becbf1d0989f,[]
2025-11-18 10:30:00+00:00,"Signal(ts=2025-11-18 10:30:00+00:00, action=BUY, qty=2, strategy=Momentum)",990047d8-2acb-44af-970a-9eb6a546d5f8,[]
2025-11-18 10:31:00+00:00,"Signal(ts=2025-11-18 10:31:00+00:00, action=BUY, qty=4, strategy=Momentum)",69c57206-a87b-4ffa-ad23-fb5c63d65a2f,[]
2025-11-18 10:32:00+00:00,"Signal(ts=2025-11-18 10:32:00+00:00, action=BUY, qty=6, strategy=Momentum)",8535c926-388b-49a0-86ea-23a39ca6eed8,[]
2025-11-18 10:33:00+00:00,"Signal(ts=2025-11-18 10:33:00+00:00, action=BUY, qty=4, strategy=Momentum)",e18fc876-d2a0-4c6b-bf0a-30d418d61d62,[]
2025-11-18 10:34:00+00:00,"Signal(ts=2025-11-18 10:34:00+00:00, action=BUY, qty=3, strategy=Momentum)",39525112-5cb4-40c4-954a-a6233d5b6437,[]
2025-11-18 10:35:00+00:00,"Signal(ts=2025-11-18 10:35:00+00:00, action=BUY, qty=2, strategy=Momentum)",ce68bca5-ac0c-4d71-b483-cfc1d09f65f0,[]
2025-11-18 10:37:00+00:00,"Signal(ts=2025-11-18 10:37:00+00:00, action=BUY, qty=2, strategy=Momentum)",df7fb111-4b8b-4c83-9ba8-f558cb4c022e,[]
2025-11-18 10:38:00+00:00,"Signal(ts=2025-11-18 10:38:00+00:00, action=BUY, qty=3, strategy=Momentum)",d614edfb-2c6a-4f00-b03d-cb6a14e03a77,[]
2025-11-18 10:40:00+00:00,"Signal(ts=2025-11-18 10:40:00+00:00, action=BUY, qty=2, strategy=Momentum)",77ac8ff2-c4f5-4104-a10e-23a6ad5589d3,[]
2025-11-18 10:44:00+00:00,"Signal(ts=2025-11-18 10:44:00+00:00, action=BUY, qty=3, strategy=Momentum)",4394c9d6-c038-439b-9fd3-48026584cadb,[]
2025-11-18 10:45:00+00:00,"Signal(ts=2025-11-18 10:45:00+00:00, action=BUY, qty=3, strategy=Momentum)",1d422b6f-9940-4529-b0f3-22412bd7d6b9,[]
2025-11-18 10:46:00+00:00,"Signal(ts=2025-11-18 10:46:00+00:00, action=BUY, qty=2, strategy=Momentum)",eaee18d5-2685-4da0-8db3-4080ed68f810,[]
2025-11-18 10:47:00+00:00,"Signal(ts=2025-11-18 10:47:00+00:00, action=BUY, qty=2, strategy=Momentum)",221fc3bb-007f-436b-9230-35a6b3968626,[]
2025-11-18 10:48:00+00:00,"Signal(ts=2025-11-18 10:48:00+00:00, action=BUY, qty=3, strategy=Momentum)",66a2d31a-3803-4a58-ab46-83530cec3455,[]
2025-11-18 10:49:00+00:00,"Signal(ts=2025-11-18 10:49:00+00:00, action=BUY, qty=2, strategy=Momentum)",a271c428-4354-4987-b885-6e6efd73f979,[]
2025-11-18 10:50:00+00:00,"Signal(ts=2025-11-18 10:50:00+00:00, action=BUY, qty=4, strategy=Momentum)",68f7c012-3bed-4b0d-b47d-1f15148509a5,[]
2025-11-18 10:53:00+00:00,"Signal(ts=2025-11-18 10:53:00+00:00, action=BUY, qty=3, strategy=Momentum)",36c38037-9996-4c3f-aa6b-eaca414c7478,[]
2025-11-18 10:54:00+00:00,"Signal(ts=2025-11-18 10:54:00+00:00, action=BUY, qty=3, strategy=Momentum)",cb81fda7-7ae6-495a-8e5f-675ab6f5702f,[]
2025-11-18 10:55:00+00:00,"Signal(ts=2025-11-18 10:55:00+00:00, action=BUY, qty=3, strategy=Momentum)",cdede0d0-191e-4107-a276-7f40d15d6d6d,[]
2025-11-18 10:57:00+00:00,"Signal(ts=2025-11-18 10:57:00+00:00, action=BUY, qty=4, strategy=Momentum)",eab58b8f-32ba-4286-969b-8b27b5a7ed30,[]
2025-11-18 10:58:00+00:00,"Signal(ts=2025-11-18 10:58:00+00:00, action=BUY, qty=4, strategy=Momentum)",b79afe72-47c1-4a62-83ef-d1e237bc8d14,[]
2025-11-18 11:01:00+00:00,"Signal(ts=2025-11-18 11:01:00+00:00, action=BUY, qty=4, strategy=Momentum)",dc651e9a-704f-4f30-9b07-8ed29d9b55e5,[]
2025-11-18 11:03:00+00:00,"Signal(ts=2025-11-18 11:03:00+00:00, action=BUY, qty=2, strategy=Momentum)",0de5366b-733d-47b3-949c-b5469551eacc,[]
2025-11-18 11:04:00+00:00,"Signal(ts=2025-11-18 11:04:00+00:00, action=BUY, qty=3, strategy=Momentum)",f69be0b9-e220-4993-8e98-a08012c85eba,[]
2025-11-18 11:05:00+00:00,"Signal(ts=2025-11-18 11:05:00+00:00, action=BUY, qty=3, strategy=Momentum)",d7d6d359-2927-4e28-805f-47c9ab0dea07,[]
2025-11-18 11:06:00+00:00,"Signal(ts=2025-11-18 11:06:00+00:00, action=BUY, qty=5, strategy=Momentum)",dbfea8d1-143d-43fd-88b9-0e5a771d7493,[]
2025-11-18 11:07:00+00:00,"Signal(ts=2025-11-18 11:07:00+00:00, action=BUY, qty=4, strategy=Momentum)",9fb1ea54-4c2f-45f3-a299-c209586b0ab4,[]
2025-11-18 11:08:00+00:00,"Signal(ts=2025-11-18 11:08:00+00:00, action=BUY, qty=3, strategy=Momentum)",8a1270bb-13fd-4aa6-8fd6-6dbede26aae9,[]
2025-11-18 11:09:00+00:00,"Signal(ts=2025-11-18 11:09:00+00:00, action=BUY, qty=2, strategy=Momentum)",4e2aecdc-5541-47b9-a2cc-7a97030a0c8e,[]
2025-11-18 11:10:00+00:00,"Signal(ts=2025-11-18 11:10:00+00:00, action=BUY, qty=1, strategy=Momentum)",10929bcd-cf03-43b5-aed9-fd81dcde807b,[]
2025-11-18 11:11:00+00:00,"Signal(ts=2025-11-18 11:11:00+00:00, action=SELL, qty=1, strategy=Momentum)",fbf738e9-ee20-461d-bb58-d0517da9bdec,"[{'price': 269.14, 'qty': 1, 'buy_id': '8535c926-388b-49a0-86ea-23a39ca6eed8', 'sell_id': 'fbf738e9-ee20-461d-bb58-d0517da9bdec', 'timestamp': 1763961889.7366877}]"
2025-11-18 11:13:00+00:00,"Signal(ts=2025-11-18 11:13:00+00:00, action=SELL, qty=2, strategy=Momentum)",8d64dd17-3c63-4fd8-a20e-29fa65eb9ecb,"[{'price': 268.98, 'qty': 2, 'buy_id': '8535c926-388b-49a0-86ea-23a39ca6eed8', 'sell_id': '8d64dd17-3c63-4fd8-a20e-29fa65eb9ecb', 'timestamp': 1763961889.737866}]"
2025-11-18 11:14:00+00:00,"Signal(ts=2025-11-18 11:14:00+00:00, action=SELL, qty=3, strategy=Momentum)",24fd54e3-b306-43ad-89a9-ef46dc3ccd46,"[{'price': 268.8, 'qty': 3, 'buy_id': '8535c926-388b-49a0-86ea-23a39ca6eed8', 'sell_id': '24fd54e3-b306-43ad-89a9-ef46dc3ccd46', 'timestamp': 1763961889.738863}]"
2025-11-18 11:15:00+00:00,"Signal(ts=2025-11-18 11:15:00+00:00, action=SELL, qty=2, strategy=Momentum)",b27090ac-4798-4c40-aab8-e0a96e8a6da1,"[{'price': 268.85, 'qty': 2, 'buy_id': 'e18fc876-d2a0-4c6b-bf0a-30d418d61d62', 'sell_id': 'b27090ac-4798-4c40-aab8-e0a96e8a6da1', 'timestamp': 1763961889.739864}]"
2025-11-18 11:16:00+00:00,"Signal(ts=2025-11-18 11:16:00+00:00, action=SELL, qty=1, strategy=Momentum)",6a40185d-4bf3-4177-ad26-7548b9da9d5c,"[{'price': 268.86, 'qty': 1, 'buy_id': 'e18fc876-d2a0-4c6b-bf0a-30d418d61d62', 'sell_id': '6a40185d-4bf3-4177-ad26-7548b9da9d5c', 'timestamp': 1763961889.7407897}]"
2025-11-18 11:18:00+00:00,"Signal(ts=2025-11-18 11:18:00+00:00, action=SELL, qty=1, strategy=Momentum)",7334dac9-d514-4afd-9ea6-ba464593bbd6,"[{'price': 268.88, 'qty': 1, 'buy_id': 'e18fc876-d2a0-4c6b-bf0a-30d418d61d62', 'sell_id': '7334dac9-d514-4afd-9ea6-ba464593bbd6', 'timestamp': 1763961889.7407897}]"
2025-11-18 11:19:00+00:00,"Signal(ts=2025-11-18 11:19:00+00:00, action=SELL, qty=1, strategy=Momentum)",44fa2666-b97f-4893-82a8-7c7ba3474b71,"[{'price': 268.89, 'qty': 1, 'buy_id': 'dbfea8d1-143d-43fd-88b9-0e5a771d7493', 'sell_id': '44fa2666-b97f-4893-82a8-7c7ba3474b71', 'timestamp': 1763961889.7407897}]"
2025-11-18 11:21:00+00:00,"Signal(ts=2025-11-18 11:21:00+00:00, action=SELL, qty=1, strategy=Momentum)",ed4d325c-9389-419e-bc92-65734b2db710,"[{'price': 268.89, 'qty': 1, 'buy_id': 'dbfea8d1-143d-43fd-88b9-0e5a771d7493', 'sell_id': 'ed4d325c-9389-419e-bc92-65734b2db710', 'timestamp': 1763961889.743716}]"
2025-11-18 11:23:00+00:00,"Signal(ts=2025-11-18 11:23:00+00:00, action=SELL, qty=1, strategy=Momentum)",996d87b6-4694-449d-ab7e-e8720fc0e5ab,"[{'price': 269.15, 'qty': 1, 'buy_id': 'dbfea8d1-143d-43fd-88b9-0e5a771d7493', 'sell_id': '996d87b6-4694-449d-ab7e-e8720fc0e5ab', 'timestamp': 1763961889.744723}]"
2025-11-18 11:24:00+00:00,"Signal(ts=2025-11-18 11:24:00+00:00, action=HOLD, qty=0, strategy=Momentum)",,[]
2025-11-18 11:26:00+00:00,"Signal(ts=2025-11-18 11:26:00+00:00, action=HOLD, qty=0, strategy=Momentum)",,[]
2025-11-18 11:27:00+00:00,"Signal(ts=2025-11-18 11:27:00+00:00, action=HOLD, qty=0, strategy=Momentum)",,[]
2025-11-18 11:28:00+00:00,"Signal(ts=2025-11-18 11:28:00+00:00, action=HOLD, qty=0, strategy=Momentum)",,[]
2025-11-18 11:29:00+00:00,"Signal(ts=2025-11-18 11:29:00+00:00, action=HOLD, qty=0, strategy=Momentum)",,[]
2025-11-18 11:30:00+00:00,"Signal(ts=2025-11-18 11:30:00+00:00, action=HOLD, qty=0, strategy=Momentum)",,[]
2025-11-18 11:31:00+00:00,"Signal(ts=2025-11-18 11:31:00+00:00, action=HOLD, qty=0, strategy=Momentum)",,[]
2025-11-18 11:32:00+00:00,"Signal(ts=2025-11-18 11:32:00+00:00, action=HOLD, qty=0, strategy=Momentum)",,[]
2025-11-18 11:33:00+00:00,"Signal(ts=2025-11-18 11:33:00+00:00, action=SELL, qty=1, strategy=Momentum)",0081ef02-9268-4665-8175-a3d3919b9dd3,"[{'price': 268.98, 'qty': 1, 'buy_id': 'dbfea8d1-143d-43fd-88b9-0e5a771d7493', 'sell_id': '0081ef02-9268-4665-8175-a3d3919b9dd3', 'timestamp': 1763961889.7568545}]"
2025-11-18 11:35:00+00:00,"Signal(ts=2025-11-18 11:35:00+00:00, action=SELL, qty=1, strategy=Momentum)",60975328-03ad-4641-bd0a-c4c79858a01d,"[{'price': 269.02, 'qty': 1, 'buy_id': 'dbfea8d1-143d-43fd-88b9-0e5a771d7493', 'sell_id': '60975328-03ad-4641-bd0a-c4c79858a01d', 'timestamp': 1763961889.7582953}]"
2025-11-18 11:36:00+00:00,"Signal(ts=2025-11-18 11:36:00+00:00, action=SELL, qty=1, strategy=Momentum)",5c5e68ef-054d-44ce-8f82-159c4a2747e3,"[{'price': 269.02, 'qty': 1, 'buy_id': '39525112-5cb4-40c4-954a-a6233d5b6437', 'sell_id': '5c5e68ef-054d-44ce-8f82-159c4a2747e3', 'timestamp': 1763961889.7593014}]"
2025-11-18 11:37:00+00:00,"Signal(ts=2025-11-18 11:37:00+00:00, action=SELL, qty=1, strategy=Momentum)",8f11b4bb-d28d-4314-8dbe-80fd4012fd5a,"[{'price': 268.87, 'qty': 1, 'buy_id': '39525112-5cb4-40c4-954a-a6233d5b6437', 'sell_id': '8f11b4bb-d28d-4314-8dbe-80fd4012fd5a', 'timestamp': 1763961889.7601056}]"
2025-11-18 11:38:00+00:00,"Signal(ts=2025-11-18 11:38:00+00:00, action=SELL, qty=1, strategy=Momentum)",ecae2a0e-b463-4578-9f38-2eae69f9538c,"[{'price': 268.86, 'qty': 1, 'buy_id': '39525112-5cb4-40c4-954a-a6233d5b6437', 'sell_id': 'ecae2a0e-b463-4578-9f38-2eae69f9538c', 'timestamp': 1763961889.7622797}]"
2025-11-18 11:39:00+00:00,"Signal(ts=2025-11-18 11:39:00+00:00, action=SELL, qty=1, strategy=Momentum)",eb3fb11a-c0e6-4a51-832d-d546b51b5acb,"[{'price': 268.95, 'qty': 1, 'buy_id': '9fb1ea54-4c2f-45f3-a299-c209586b0ab4', 'sell_id': 'eb3fb11a-c0e6-4a51-832d-d546b51b5acb', 'timestamp': 1763961889.7631533}]"
2025-11-18 11:40:00+00:00,"Signal(ts=2025-11-18 11:40:00+00:00, action=SELL, qty=1, strategy=Momentum)",ddb687ad-f4f8-472b-bf84-2a7f13ef7f73,"[{'price': 268.9, 'qty': 1, 'buy_id': '9fb1ea54-4c2f-45f3-a299-c209586b0ab4', 'sell_id': 'ddb687ad-f4f8-472b-bf84-2a7f13ef7f73', 'timestamp': 1763961889.765415}]"
2025-11-18 11:41:00+00:00,"Signal(ts=2025-11-18 11:41:00+00:00, action=SELL, qty=2, strategy=Momentum)",28dfa2b9-190f-4183-bce4-83d30b1e8490,"[{'price': 269.0, 'qty': 2, 'buy_id': '9fb1ea54-4c2f-45f3-a299-c209586b0ab4', 'sell_id': '28dfa2b9-190f-4183-bce4-83d30b1e8490', 'timestamp': 1763961889.7662787}]"
2025-11-18 11:42:00+00:00,"Signal(ts=2025-11-18 11:42:00+00:00, action=SELL, qty=1, strategy=Momentum)",11d16ded-eab2-4f40-a873-e185a3185e3e,"[{'price': 269.11, 'qty': 1, 'buy_id': 'f69be0b9-e220-4993-8e98-a08012c85eba', 'sell_id': '11d16ded-eab2-4f40-a873-e185a3185e3e', 'timestamp': 1763961889.7675052}]"
2025-11-18 11:43:00+00:00,"Signal(ts=2025-11-18 11:43:00+00:00, action=SELL, qty=1, strategy=Momentum)",cecd4214-9c6e-4985-9dac-3e1d357920bf,"[{'price': 269.0, 'qty': 1, 'buy_id': 'f69be0b9-e220-4993-8e98-a08012c85eba', 'sell_id': 'cecd4214-9c6e-4985-9dac-3e1d357920bf', 'timestamp': 1763961889.7685037}]"
2025-11-18 11:44:00+00:00,"Signal(ts=2025-11-18 11:44:00+00:00, action=SELL, qty=1, strategy=Momentum)",92808f9d-0761-490a-b321-378c84715839,"[{'price': 269.03, 'qty': 1, 'buy_id': 'f69be0b9-e220-4993-8e98-a08012c85eba', 'sell_id': '92808f9d-0761-490a-b321-378c84715839', 'timestamp': 1763961889.7695043}]"
2025-11-18 11:45:00+00:00,"Signal(ts=2025-11-18 11:45:00+00:00, action=HOLD, qty=0, strategy=Momentum)",,[]
2025-11-18 11:46:00+00:00,"Signal(ts=2025-11-18 11:46:00+00:00, action=SELL, qty=1, strategy=Momentum)",d747b411-1e91-412d-ae94-5f5bda2132bc,"[{'price': 269.0, 'qty': 1, 'buy_id': '77ac8ff2-c4f5-4104-a10e-23a6ad5589d3', 'sell_id': 'd747b411-1e91-412d-ae94-5f5bda2132bc', 'timestamp': 1763961889.7703385}]"
2025-11-18 11:49:00+00:00,"Signal(ts=2025-11-18 11:49:00+00:00, action=HOLD, qty=0, strategy=Momentum)",,[]
2025-11-18 11:51:00+00:00,"Signal(ts=2025-11-18 11:51:00+00:00, action=BUY, qty=1, strategy=Momentum)",ef1b113a-779c-46a5-a972-0c15c288052d,[]
2025-11-18 11:53:00+00:00,"Signal(ts=2025-11-18 11:53:00+00:00, action=HOLD, qty=0, strategy=Momentum)",,[]
2025-11-18 11:54:00+00:00,"Signal(ts=2025-11-18 11:54:00+00:00, action=BUY, qty=1, strategy=Momentum)",652bd473-2707-4abe-a4fb-71b4ac01538d,[]
2025-11-18 11:55:00+00:00,"Signal(ts=2025-11-18 11:55:00+00:00, action=BUY, qty=1, strategy=Momentum)",654498ad-a939-4964-8c9a-a463bc5c61e8,[]
2025-11-18 11:56:00+00:00,"Signal(ts=2025-11-18 11:56:00+00:00, action=HOLD, qty=0, strategy=Momentum)",,[]
2025-11-18 11:59:00+00:00,"Signal(ts=2025-11-18 11:59:00+00:00, action=BUY, qty=1, strategy=Momentum)",74b8d7a1-1463-417c-a806-48390fcb0705,[]
2025-11-18 12:00:00+00:00,"Signal(ts=2025-11-18 12:00:00+00:00, action=SELL, qty=1, strategy=Momentum)",691ed8c7-7f17-41aa-9cfe-a9b041affdc8,"[{'price': 268.97, 'qty': 1, 'buy_id': '77ac8ff2-c4f5-4104-a10e-23a6ad5589d3', 'sell_id': '691ed8c7-7f17-41aa-9cfe-a9b041affdc8', 'timestamp': 1763961889.7803466}]"
2025-11-18 12:01:00+00:00,"Signal(ts=2025-11-18 12:01:00+00:00, action=SELL, qty=1, strategy=Momentum)",638cd9a3-17f7-4d64-a551-8518f9f0e4ec,"[{'price': 269.0, 'qty': 1, 'buy_id': '4394c9d6-c038-439b-9fd3-48026584cadb', 'sell_id': '638cd9a3-17f7-4d64-a551-8518f9f0e4ec', 'timestamp': 1763961889.7803466}]"
2025-11-18 12:02:00+00:00,"Signal(ts=2025-11-18 12:02:00+00:00, action=SELL, qty=1, strategy=Momentum)",6bd78f26-b773-4da7-b51d-7278b3df537e,"[{'price': 268.88, 'qty': 1, 'buy_id': '4394c9d6-c038-439b-9fd3-48026584cadb', 'sell_id': '6bd78f26-b773-4da7-b51d-7278b3df537e', 'timestamp': 1763961889.7862098}]"
2025-11-18 12:03:00+00:00,"Signal(ts=2025-11-18 12:03:00+00:00, action=SELL, qty=2, strategy=Momentum)",386f7dd3-9498-4e9a-a36d-cb972829cc39,"[{'price': 268.53, 'qty': 1, 'buy_id': '4394c9d6-c038-439b-9fd3-48026584cadb', 'sell_id': '386f7dd3-9498-4e9a-a36d-cb972829cc39', 'timestamp': 1763961889.7872145}, {'price': 268.53, 'qty': 1, 'buy_id': 'dc651e9a-704f-4f30-9b07-8ed29d9b55e5', 'sell_id': '386f7dd3-9498-4e9a-a36d-cb972829cc39', 'timestamp': 1763961889.7872145}]"
2025-11-18 12:04:00+00:00,"Signal(ts=2025-11-18 12:04:00+00:00, action=SELL, qty=1, strategy=Momentum)",63bbcdb2-a52d-489b-978d-a99c89ed79c6,"[{'price': 268.52, 'qty': 1, 'buy_id': 'dc651e9a-704f-4f30-9b07-8ed29d9b55e5', 'sell_id': '63bbcdb2-a52d-489b-978d-a99c89ed79c6', 'timestamp': 1763961889.7880528}]"
2025-11-18 12:05:00+00:00,"Signal(ts=2025-11-18 12:05:00+00:00, action=SELL, qty=2, strategy=Momentum)",26ae60fd-6dd6-4ee5-9ea2-201e03e860f3,"[{'price': 268.54, 'qty': 2, 'buy_id': 'dc651e9a-704f-4f30-9b07-8ed29d9b55e5', 'sell_id': '26ae60fd-6dd6-4ee5-9ea2-201e03e860f3', 'timestamp': 1763961889.7901282}]"
2025-11-18 12:06:00+00:00,"Signal(ts=2025-11-18 12:06:00+00:00, action=SELL, qty=2, strategy=Momentum)",c035d60a-3dc1-4c57-974a-197db728c8da,"[{'price': 268.51, 'qty': 2, 'buy_id': 'ce68bca5-ac0c-4d71-b483-cfc1d09f65f0', 'sell_id': 'c035d60a-3dc1-4c57-974a-197db728c8da', 'timestamp': 1763961889.7906072}]"
2025-11-18 12:07:00+00:00,"Signal(ts=2025-11-18 12:07:00+00:00, action=SELL, qty=1, strategy=Momentum)",1bf63031-7860-4da3-b954-777d119d577e,"[{'price': 268.66, 'qty': 1, 'buy_id': 'd7d6d359-2927-4e28-805f-47c9ab0dea07', 'sell_id': '1bf63031-7860-4da3-b954-777d119d577e', 'timestamp': 1763961889.7922735}]"
2025-11-18 12:08:00+00:00,"Signal(ts=2025-11-18 12:08:00+00:00, action=SELL, qty=1, strategy=Momentum)",2d7e5020-c577-4e10-9f9b-f760d741d1ea,"[{'price': 268.6, 'qty': 1, 'buy_id': 'd7d6d359-2927-4e28-805f-47c9ab0dea07', 'sell_id': '2d7e5020-c577-4e10-9f9b-f760d741d1ea', 'timestamp': 1763961889.7933767}]"
2025-11-18 12:09:00+00:00,"Signal(ts=2025-11-18 12:09:00+00:00, action=SELL, qty=1, strategy=Momentum)",5a3f8b8a-8dc7-4251-bfe4-ab137c22f858,"[{'price': 268.55, 'qty': 1, 'buy_id': 'd7d6d359-2927-4e28-805f-47c9ab0dea07', 'sell_id': '5a3f8b8a-8dc7-4251-bfe4-ab137c22f858', 'timestamp': 1763961889.7961142}]"
2025-11-18 12:10:00+00:00,"Signal(ts=2025-11-18 12:10:00+00:00, action=SELL, qty=1, strategy=Momentum)",e6cc0dd3-e639-4081-89b2-e4e610daa171,"[{'price': 268.51, 'qty': 1, 'buy_id': 'eab58b8f-32ba-4286-969b-8b27b5a7ed30', 'sell_id': 'e6cc0dd3-e639-4081-89b2-e4e610daa171', 'timestamp': 1763961889.7965481}]"
2025-11-18 12:11:00+00:00,"Signal(ts=2025-11-18 12:11:00+00:00, action=SELL, qty=1, strategy=Momentum)",7dfdceee-093e-4c6c-952f-ec372b45fb48,"[{'price': 268.5, 'qty': 1, 'buy_id': 'eab58b8f-32ba-4286-969b-8b27b5a7ed30', 'sell_id': '7dfdceee-093e-4c6c-952f-ec372b45fb48', 'timestamp': 1763961889.7965481}]"
2025-11-18 12:12:00+00:00,"Signal(ts=2025-11-18 12:12:00+00:00, action=SELL, qty=1, strategy=Momentum)",a86f01d4-5402-4571-953f-6c9351891224,"[{'price': 268.54, 'qty': 1, 'buy_id': 'eab58b8f-32ba-4286-969b-8b27b5a7ed30', 'sell_id': 'a86f01d4-5402-4571-953f-6c9351891224', 'timestamp': 1763961889.801011}]"
2025-11-18 12:13:00+00:00,"Signal(ts=2025-11-18 12:13:00+00:00, action=SELL, qty=1, strategy=Momentum)",73a7a9b9-e1a4-44c9-afad-48ef0f93b306,"[{'price': 268.52, 'qty': 1, 'buy_id': 'eab58b8f-32ba-4286-969b-8b27b5a7ed30', 'sell_id': '73a7a9b9-e1a4-44c9-afad-48ef0f93b306', 'timestamp': 1763961889.8026118}]"
2025-11-18 12:14:00+00:00,"Signal(ts=2025-11-18 12:14:00+00:00, action=SELL, qty=1, strategy=Momentum)",71add994-5502-42ad-a5ab-415193a62d18,"[{'price': 268.53, 'qty': 1, 'buy_id': 'b79afe72-47c1-4a62-83ef-d1e237bc8d14', 'sell_id': '71add994-5502-42ad-a5ab-415193a62d18', 'timestamp': 1763961889.803118}]"
2025-11-18 12:15:00+00:00,"Signal(ts=2025-11-18 12:15:00+00:00, action=SELL, qty=1, strategy=Momentum)",85b52fbd-01be-41db-99a6-f2732b82e3c5,"[{'price': 268.61, 'qty': 1, 'buy_id': 'b79afe72-47c1-4a62-83ef-d1e237bc8d14', 'sell_id': '85b52fbd-01be-41db-99a6-f2732b82e3c5', 'timestamp': 1763961889.8051267}]"
2025-11-18 12:16:00+00:00,"Signal(ts=2025-11-18 12:16:00+00:00, action=SELL, qty=1, strategy=Momentum)",e414aea7-fbeb-4d77-857a-da300f2ea7b8,"[{'price': 268.58, 'qty': 1, 'buy_id': 'b79afe72-47c1-4a62-83ef-d1e237bc8d14', 'sell_id': 'e414aea7-fbeb-4d77-857a-da300f2ea7b8', 'timestamp': 1763961889.805838}]"
2025-11-18 12:17:00+00:00,"Signal(ts=2025-11-18 12:17:00+00:00, action=SELL, qty=2, strategy=Momentum)",7e97b208-5dbe-434a-a919-83de9ebfa217,"[{'price': 268.57, 'qty': 1, 'buy_id': 'b79afe72-47c1-4a62-83ef-d1e237bc8d14', 'sell_id': '7e97b208-5dbe-434a-a919-83de9ebfa217', 'timestamp': 1763961889.8079839}, {'price': 268.57, 'qty': 1, 'buy_id': '1d422b6f-9940-4529-b0f3-22412bd7d6b9', 'sell_id': '7e97b208-5dbe-434a-a919-83de9ebfa217', 'timestamp': 1763961889.8079839}]"
2025-11-18 12:18:00+00:00,"Signal(ts=2025-11-18 12:18:00+00:00, action=SELL, qty=1, strategy=Momentum)",1ba125d8-66a1-44cb-a29d-d85070af4fb8,"[{'price': 268.64, 'qty': 1, 'buy_id': '1d422b6f-9940-4529-b0f3-22412bd7d6b9', 'sell_id': '1ba125d8-66a1-44cb-a29d-d85070af4fb8', 'timestamp': 1763961889.8090007}]"
2025-11-18 12:19:00+00:00,"Signal(ts=2025-11-18 12:19:00+00:00, action=SELL, qty=1, strategy=Momentum)",9a0707a8-77c5-4ed0-80cf-ea920568c940,"[{'price': 268.69, 'qty': 1, 'buy_id': '1d422b6f-9940-4529-b0f3-22412bd7d6b9', 'sell_id': '9a0707a8-77c5-4ed0-80cf-ea920568c940', 'timestamp': 1763961889.8103058}]"
2025-11-18 12:21:00+00:00,"Signal(ts=2025-11-18 12:21:00+00:00, action=SELL, qty=1, strategy=Momentum)",48469564-9f64-424b-b270-b3dcb8324e67,"[{'price': 268.72, 'qty': 1, 'buy_id': '69c57206-a87b-4ffa-ad23-fb5c63d65a2f', 'sell_id': '48469564-9f64-424b-b270-b3dcb8324e67', 'timestamp': 1763961889.8136044}]"
2025-11-18 12:22:00+00:00,"Signal(ts=2025-11-18 12:22:00+00:00, action=SELL, qty=1, strategy=Momentum)",708c5a5b-d272-41d4-b454-c10f1f0bb88b,"[{'price': 268.58, 'qty': 1, 'buy_id': '69c57206-a87b-4ffa-ad23-fb5c63d65a2f', 'sell_id': '708c5a5b-d272-41d4-b454-c10f1f0bb88b', 'timestamp': 1763961889.8136044}]"
2025-11-18 12:23:00+00:00,"Signal(ts=2025-11-18 12:23:00+00:00, action=SELL, qty=1, strategy=Momentum)",a01ae75a-6536-41f2-8e81-bf6f00411327,"[{'price': 268.58, 'qty': 1, 'buy_id': '69c57206-a87b-4ffa-ad23-fb5c63d65a2f', 'sell_id': 'a01ae75a-6536-41f2-8e81-bf6f00411327', 'timestamp': 1763961889.8168378}]"
2025-11-18 12:25:00+00:00,"Signal(ts=2025-11-18 12:25:00+00:00, action=SELL, qty=1, strategy=Momentum)",a4151af8-8f98-4b2e-8ee5-05141b53f69f,"[{'price': 268.53, 'qty': 1, 'buy_id': '69c57206-a87b-4ffa-ad23-fb5c63d65a2f', 'sell_id': 'a4151af8-8f98-4b2e-8ee5-05141b53f69f', 'timestamp': 1763961889.8190367}]"
2025-11-18 12:26:00+00:00,"Signal(ts=2025-11-18 12:26:00+00:00, action=SELL, qty=1, strategy=Momentum)",c2b4a327-b163-4d73-82b5-11acbd137808,"[{'price': 268.6, 'qty': 1, 'buy_id': '0de5366b-733d-47b3-949c-b5469551eacc', 'sell_id': 'c2b4a327-b163-4d73-82b5-11acbd137808', 'timestamp': 1763961889.8200421}]"
2025-11-18 12:27:00+00:00,"Signal(ts=2025-11-18 12:27:00+00:00, action=SELL, qty=1, strategy=Momentum)",d7882aa2-3661-4bbb-85a4-cce52475ab84,"[{'price': 268.65, 'qty': 1, 'buy_id': '0de5366b-733d-47b3-949c-b5469551eacc', 'sell_id': 'd7882aa2-3661-4bbb-85a4-cce52475ab84', 'timestamp': 1763961889.820857}]"
2025-11-18 12:28:00+00:00,"Signal(ts=2025-11-18 12:28:00+00:00, action=SELL, qty=2, strategy=Momentum)",5a66556c-3058-4d77-97b5-d06ebe374b9e,"[{'price': 268.5, 'qty': 2, 'buy_id': '68f7c012-3bed-4b0d-b47d-1f15148509a5', 'sell_id': '5a66556c-3058-4d77-97b5-d06ebe374b9e', 'timestamp': 1763961889.820857}]"
2025-11-18 12:29:00+00:00,"Signal(ts=2025-11-18 12:29:00+00:00, action=SELL, qty=2, strategy=Momentum)",32368cd5-ae4a-42cb-9e62-1388734c1e9b,"[{'price': 268.42, 'qty': 2, 'buy_id': '68f7c012-3bed-4b0d-b47d-1f15148509a5', 'sell_id': '32368cd5-ae4a-42cb-9e62-1388734c1e9b', 'timestamp': 1763961889.820857}]"
2025-11-18 12:30:00+00:00,"Signal(ts=2025-11-18 12:30:00+00:00, action=SELL, qty=2, strategy=Momentum)",1abe7949-fc4b-4b44-807f-1b0cbf193630,"[{'price': 268.5, 'qty': 2, 'buy_id': '8a1270bb-13fd-4aa6-8fd6-6dbede26aae9', 'sell_id': '1abe7949-fc4b-4b44-807f-1b0cbf193630', 'timestamp': 1763961889.820857}]"
2025-11-18 12:31:00+00:00,"Signal(ts=2025-11-18 12:31:00+00:00, action=SELL, qty=1, strategy=Momentum)",293205d9-4f61-4846-adcc-e7d24f4c2035,"[{'price': 268.5, 'qty': 1, 'buy_id': '8a1270bb-13fd-4aa6-8fd6-6dbede26aae9', 'sell_id': '293205d9-4f61-4846-adcc-e7d24f4c2035', 'timestamp': 1763961889.828061}]"
2025-11-18 12:32:00+00:00,"Signal(ts=2025-11-18 12:32:00+00:00, action=SELL, qty=1, strategy=Momentum)",e47ade96-46fe-4d94-815c-da0991fe9426,"[{'price': 268.48, 'qty': 1, 'buy_id': 'cb81fda7-7ae6-495a-8e5f-675ab6f5702f', 'sell_id': 'e47ade96-46fe-4d94-815c-da0991fe9426', 'timestamp': 1763961889.8294895}]"
2025-11-18 12:33:00+00:00,"Signal(ts=2025-11-18 12:33:00+00:00, action=SELL, qty=1, strategy=Momentum)",405a8493-6e2d-4620-8298-159c0507e7fe,"[{'price': 268.48, 'qty': 1, 'buy_id': 'cb81fda7-7ae6-495a-8e5f-675ab6f5702f', 'sell_id': '405a8493-6e2d-4620-8298-159c0507e7fe', 'timestamp': 1763961889.8332534}]"
2025-11-18 12:34:00+00:00,"Signal(ts=2025-11-18 12:34:00+00:00, action=HOLD, qty=0, strategy=Momentum)",,[]
2025-11-18 12:35:00+00:00,"Signal(ts=2025-11-18 12:35:00+00:00, action=HOLD, qty=0, strategy=Momentum)",,[]
2025-11-18 12:36:00+00:00,"Signal(ts=2025-11-18 12:36:00+00:00, action=HOLD, qty=0, strategy=Momentum)",,[]
2025-11-18 12:37:00+00:00,"Signal(ts=2025-11-18 12:37:00+00:00, action=HOLD, qty=0, strategy=Momentum)",,[]
2025-11-18 12:38:00+00:00,"Signal(ts=2025-11-18 12:38:00+00:00, action=SELL, qty=1, strategy=Momentum)",ef8e55ed-422e-4ea4-a417-86999d778d52,"[{'price': 268.51, 'qty': 1, 'buy_id': 'cb81fda7-7ae6-495a-8e5f-675ab6f5702f', 'sell_id': 'ef8e55ed-422e-4ea4-a417-86999d778d52', 'timestamp': 1763961889.8417916}]"
2025-11-18 12:39:00+00:00,"Signal(ts=2025-11-18 12:39:00+00:00, action=HOLD, qty=0, strategy=Momentum)",,[]
2025-11-18 12:40:00+00:00,"Signal(ts=2025-11-18 12:40:00+00:00, action=HOLD, qty=0, strategy=Momentum)",,[]
2025-11-18 12:41:00+00:00,"Signal(ts=2025-11-18 12:41:00+00:00, action=HOLD, qty=0, strategy=Momentum)",,[]
2025-11-18 12:42:00+00:00,"Signal(ts=2025-11-18 12:42:00+00:00, action=HOLD, qty=0, strategy=Momentum)",,[]
2025-11-18 12:43:00+00:00,"Signal(ts=2025-11-18 12:43:00+00:00, action=HOLD, qty=0, strategy=Momentum)",,[]
2025-11-18 12:44:00+00:00,"Signal(ts=2025-11-18 12:44:00+00:00, action=HOLD, qty=0, strategy=Momentum)",,[]
2025-11-18 12:45:00+00:00,"Signal(ts=2025-11-18 12:45:00+00:00, action=SELL, qty=1, strategy=Momentum)",04cdac27-8a26-4bfa-bc3b-e03e06e54d53,"[{'price': 268.36, 'qty': 1, 'buy_id': 'cdede0d0-191e-4107-a276-7f40d15d6d6d', 'sell_id': '04cdac27-8a26-4bfa-bc3b-e03e06e54d53', 'timestamp': 1763961889.852027}]"
2025-11-18 12:46:00+00:00,"Signal(ts=2025-11-18 12:46:00+00:00, action=HOLD, qty=0, strategy=Momentum)",,[]
2025-11-18 12:47:00+00:00,"Signal(ts=2025-11-18 12:47:00+00:00, action=HOLD, qty=0, strategy=Momentum)",,[]
2025-11-18 12:48:00+00:00,"Signal(ts=2025-11-18 12:48:00+00:00, action=SELL, qty=1, strategy=Momentum)",36de4863-0e2b-4aca-bdab-e22ced46e278,"[{'price': 268.43, 'qty': 1, 'buy_id': 'cdede0d0-191e-4107-a276-7f40d15d6d6d', 'sell_id': '36de4863-0e2b-4aca-bdab-e22ced46e278', 'timestamp': 1763961889.8532262}]"
2025-11-18 12:49:00+00:00,"Signal(ts=2025-11-18 12:49:00+00:00, action=SELL, qty=1, strategy=Momentum)",60057358-3421-4920-8baf-c9dd0ac6f4cd,"[{'price': 268.43, 'qty': 1, 'buy_id': 'cdede0d0-191e-4107-a276-7f40d15d6d6d', 'sell_id': '60057358-3421-4920-8baf-c9dd0ac6f4cd', 'timestamp': 1763961889.8532262}]"
2025-11-18 12:50:00+00:00,"Signal(ts=2025-11-18 12:50:00+00:00, action=SELL, qty=1, strategy=Momentum)",8914998a-f9ce-4074-9756-48e9290b8a10,"[{'price': 268.49, 'qty': 1, 'buy_id': '4e2aecdc-5541-47b9-a2cc-7a97030a0c8e', 'sell_id': '8914998a-f9ce-4074-9756-48e9290b8a10', 'timestamp': 1763961889.8592908}]"
2025-11-18 12:51:00+00:00,"Signal(ts=2025-11-18 12:51:00+00:00, action=SELL, qty=1, strategy=Momentum)",9e9bcdda-d414-4406-a0e5-f5332445d868,"[{'price': 268.57, 'qty': 1, 'buy_id': '4e2aecdc-5541-47b9-a2cc-7a97030a0c8e', 'sell_id': '9e9bcdda-d414-4406-a0e5-f5332445d868', 'timestamp': 1763961889.861666}]"
2025-11-18 12:52:00+00:00,"Signal(ts=2025-11-18 12:52:00+00:00, action=HOLD, qty=0, strategy=Momentum)",,[]
2025-11-18 12:53:00+00:00,"Signal(ts=2025-11-18 12:53:00+00:00, action=HOLD, qty=0, strategy=Momentum)",,[]
2025-11-18 12:54:00+00:00,"Signal(ts=2025-11-18 12:54:00+00:00, action=SELL, qty=1, strategy=Momentum)",1246ab04-528f-4ea6-9af9-67af2649d7f4,"[{'price': 268.3, 'qty': 1, 'buy_id': 'eaee18d5-2685-4da0-8db3-4080ed68f810', 'sell_id': '1246ab04-528f-4ea6-9af9-67af2649d7f4', 'timestamp': 1763961889.8625817}]"
2025-11-18 12:55:00+00:00,"Signal(ts=2025-11-18 12:55:00+00:00, action=SELL, qty=1, strategy=Momentum)",e7b1b17a-fce9-4caa-ac33-82cceec2f73f,"[{'price': 268.32, 'qty': 1, 'buy_id': 'eaee18d5-2685-4da0-8db3-4080ed68f810', 'sell_id': 'e7b1b17a-fce9-4caa-ac33-82cceec2f73f', 'timestamp': 1763961889.8625817}]"
2025-11-18 12:56:00+00:00,"Signal(ts=2025-11-18 12:56:00+00:00, action=SELL, qty=1, strategy=Momentum)",3cc07887-0d34-4456-a218-e275d12c52b3,"[{'price': 268.18, 'qty': 1, 'buy_id': '221fc3bb-007f-436b-9230-35a6b3968626', 'sell_id': '3cc07887-0d34-4456-a218-e275d12c52b3', 'timestamp': 1763961889.8625817}]"
2025-11-18 12:57:00+00:00,"Signal(ts=2025-11-18 12:57:00+00:00, action=SELL, qty=2, strategy=Momentum)",77cc5b8c-44ca-4bfc-b06b-8fabbf0348ab,"[{'price': 267.87, 'qty': 1, 'buy_id': '221fc3bb-007f-436b-9230-35a6b3968626', 'sell_id': '77cc5b8c-44ca-4bfc-b06b-8fabbf0348ab', 'timestamp': 1763961889.8625817}, {'price': 267.87, 'qty': 1, 'buy_id': '652bd473-2707-4abe-a4fb-71b4ac01538d', 'sell_id': '77cc5b8c-44ca-4bfc-b06b-8fabbf0348ab', 'timestamp': 1763961889.8625817}]"
2025-11-18 12:58:00+00:00,"Signal(ts=2025-11-18 12:58:00+00:00, action=SELL, qty=1, strategy=Momentum)",ba6c1f5e-1f85-484b-bc06-cd420557e6af,"[{'price': 268.02, 'qty': 1, 'buy_id': '10929bcd-cf03-43b5-aed9-fd81dcde807b', 'sell_id': 'ba6c1f5e-1f85-484b-bc06-cd420557e6af', 'timestamp': 1763961889.8725536}]"
2025-11-18 12:59:00+00:00,"Signal(ts=2025-11-18 12:59:00+00:00, action=SELL, qty=1, strategy=Momentum)",86fc0c1b-eb09-4c07-b1b4-c90d5e978480,"[{'price': 268.08, 'qty': 1, 'buy_id': '66a2d31a-3803-4a58-ab46-83530cec3455', 'sell_id': '86fc0c1b-eb09-4c07-b1b4-c90d5e978480', 'timestamp': 1763961889.8787735}]"
2025-11-18 13:00:00+00:00,"Signal(ts=2025-11-18 13:00:00+00:00, action=SELL, qty=1, strategy=Momentum)",95e67ef0-4f01-4345-813a-50e0eb9beab6,"[{'price': 268.24, 'qty': 1, 'buy_id': '66a2d31a-3803-4a58-ab46-83530cec3455', 'sell_id': '95e67ef0-4f01-4345-813a-50e0eb9beab6', 'timestamp': 1763961889.8787735}]"
2025-11-18 13:01:00+00:00,"Signal(ts=2025-11-18 13:01:00+00:00, action=SELL, qty=1, strategy=Momentum)",5837eaaa-9f8d-4618-9ad9-536f758b2611,"[{'price': 268.07, 'qty': 1, 'buy_id': '66a2d31a-3803-4a58-ab46-83530cec3455', 'sell_id': '5837eaaa-9f8d-4618-9ad9-536f758b2611', 'timestamp': 1763961889.8843753}]"
2025-11-18 13:02:00+00:00,"Signal(ts=2025-11-18 13:02:00+00:00, action=SELL, qty=4, strategy=Momentum)",d5543374-576a-4948-9a2a-28d1621a3c63,"[{'price': 267.22, 'qty': 3, 'buy_id': '36c38037-9996-4c3f-aa6b-eaca414c7478', 'sell_id': 'd5543374-576a-4948-9a2a-28d1621a3c63', 'timestamp': 1763961889.8843753}, {'price': 267.22, 'qty': 1, 'buy_id': '654498ad-a939-4964-8c9a-a463bc5c61e8', 'sell_id': 'd5543374-576a-4948-9a2a-28d1621a3c63', 'timestamp': 1763961889.8843753}]"
2025-11-18 13:03:00+00:00,"Signal(ts=2025-11-18 13:03:00+00:00, action=SELL, qty=1, strategy=Momentum)",ab43c150-ca3b-47c8-9d09-6f849989f1f5,"[{'price': 268.24, 'qty': 1, 'buy_id': 'df7fb111-4b8b-4c83-9ba8-f558cb4c022e', 'sell_id': 'ab43c150-ca3b-47c8-9d09-6f849989f1f5', 'timestamp': 1763961889.891156}]"
2025-11-18 13:04:00+00:00,"Signal(ts=2025-11-18 13:04:00+00:00, action=HOLD, qty=0, strategy=Momentum)",,[]
2025-11-18 13:05:00+00:00,"Signal(ts=2025-11-18 13:05:00+00:00, action=HOLD, qty=0, strategy=Momentum)",,[]
2025-11-18 13:06:00+00:00,"Signal(ts=2025-11-18 13:06:00+00:00, action=SELL, qty=1, strategy=Momentum)",8a3f1a4d-0d0f-48d4-b479-bc8bce6d6605,"[{'price': 268.39, 'qty': 1, 'buy_id': 'df7fb111-4b8b-4c83-9ba8-f558cb4c022e', 'sell_id': '8a3f1a4d-0d0f-48d4-b479-bc8bce6d6605', 'timestamp': 1763961889.8958645}]"
2025-11-18 13:07:00+00:00,"Signal(ts=2025-11-18 13:07:00+00:00, action=SELL, qty=1, strategy=Momentum)",1c2bcbed-3edc-4941-8879-771b4f47fcf5,"[{'price': 268.32, 'qty': 1, 'buy_id': 'd614edfb-2c6a-4f00-b03d-cb6a14e03a77', 'sell_id': '1c2bcbed-3edc-4941-8879-771b4f47fcf5', 'timestamp': 1763961889.8958645}]"
2025-11-18 13:08:00+00:00,"Signal(ts=2025-11-18 13:08:00+00:00, action=SELL, qty=1, strategy=Momentum)",24d39182-fc15-46e2-b0fc-37e013eceb42,"[{'price': 268.4627, 'qty': 1, 'buy_id': 'd614edfb-2c6a-4f00-b03d-cb6a14e03a77', 'sell_id': '24d39182-fc15-46e2-b0fc-37e013eceb42', 'timestamp': 1763961889.8958645}]"
2025-11-18 13:09:00+00:00,"Signal(ts=2025-11-18 13:09:00+00:00, action=SELL, qty=1, strategy=Momentum)",454bab2d-3785-4ab4-989e-0eff56c26dc9,"[{'price': 268.43, 'qty': 1, 'buy_id': 'd614edfb-2c6a-4f00-b03d-cb6a14e03a77', 'sell_id': '454bab2d-3785-4ab4-989e-0eff56c26dc9', 'timestamp': 1763961889.8958645}]"
2025-11-18 13:10:00+00:00,"Signal(ts=2025-11-18 13:10:00+00:00, action=SELL, qty=1, strategy=Momentum)",d0fae29a-ad3a-4403-b8a8-6a39a1c39b36,"[{'price': 268.25, 'qty': 1, 'buy_id': '74b8d7a1-1463-417c-a806-48390fcb0705', 'sell_id': 'd0fae29a-ad3a-4403-b8a8-6a39a1c39b36', 'timestamp': 1763961889.8958645}]"
2025-11-18 13:11:00+00:00,"Signal(ts=2025-11-18 13:11:00+00:00, action=HOLD, qty=0, strategy=Momentum)",,[]
2025-11-18 13:12:00+00:00,"Signal(ts=2025-11-18 13:12:00+00:00, action=SELL, qty=1, strategy=Momentum)",2281293a-bb48-466a-8e53-4db4139a0db1,"[{'price': 268.25, 'qty': 1, 'buy_id': 'ef1b113a-779c-46a5-a972-0c15c288052d', 'sell_id': '2281293a-bb48-466a-8e53-4db4139a0db1', 'timestamp': 1763961889.9133453}]"
2025-11-18 13:13:00+00:00,"Signal(ts=2025-11-18 13:13:00+00:00, action=BUY, qty=1, strategy=Momentum)",9522633e-c438-4892-9946-ad555a1d770a,[]
2025-11-18 13:14:00+00:00,"Signal(ts=2025-11-18 13:14:00+00:00, action=BUY, qty=1, strategy=Momentum)",1a103df1-cb04-4c99-8e72-5103d9222037,[]
2025-11-18 13:15:00+00:00,"Signal(ts=2025-11-18 13:15:00+00:00, action=BUY, qty=1, strategy=Momentum)",86e6e34b-208e-4185-a751-61296ad0c0a7,[]
2025-11-18 13:16:00+00:00,"Signal(ts=2025-11-18 13:16:00+00:00, action=HOLD, qty=0, strategy=Momentum)",,[]
2025-11-18 13:17:00+00:00,"Signal(ts=2025-11-18 13:17:00+00:00, action=HOLD, qty=0, strategy=Momentum)",,[]
2025-11-18 13:18:00+00:00,"Signal(ts=2025-11-18 13:18:00+00:00, action=HOLD, qty=0, strategy=Momentum)",,[]
2025-11-18 13:19:00+00:00,"Signal(ts=2025-11-18 13:19:00+00:00, action=HOLD, qty=0, strategy=Momentum)",,[]
2025-11-18 13:20:00+00:00,"Signal(ts=2025-11-18 13:20:00+00:00, action=SELL, qty=1, strategy=Momentum)",447df254-130f-49ea-b7b5-ff95b9b9ba67,"[{'price': 268.36, 'qty': 1, 'buy_id': 'a271c428-4354-4987-b885-6e6efd73f979', 'sell_id': '447df254-130f-49ea-b7b5-ff95b9b9ba67', 'timestamp': 1763961889.927881}]"
2025-11-18 13:21:00+00:00,"Signal(ts=2025-11-18 13:21:00+00:00, action=SELL, qty=1, strategy=Momentum)",9328a851-4d4b-4862-966f-eb6d3c1771c8,"[{'price': 268.19, 'qty': 1, 'buy_id': 'a271c428-4354-4987-b885-6e6efd73f979', 'sell_id': '9328a851-4d4b-4862-966f-eb6d3c1771c8', 'timestamp': 1763961889.9298804}]"
2025-11-18 13:22:00+00:00,"Signal(ts=2025-11-18 13:22:00+00:00, action=SELL, qty=1, strategy=Momentum)",7e49c9c6-f404-498f-902b-64f8789a0bc9,"[{'price': 268.2, 'qty': 1, 'buy_id': '86e6e34b-208e-4185-a751-61296ad0c0a7', 'sell_id': '7e49c9c6-f404-498f-902b-64f8789a0bc9', 'timestamp': 1763961889.9298804}]"
2025-11-18 13:23:00+00:00,"Signal(ts=2025-11-18 13:23:00+00:00, action=SELL, qty=1, strategy=Momentum)",e1f3f2fc-12ff-47a3-b36c-b53c54ffd536,"[{'price': 268.16, 'qty': 1, 'buy_id': '990047d8-2acb-44af-970a-9eb6a546d5f8', 'sell_id': 'e1f3f2fc-12ff-47a3-b36c-b53c54ffd536', 'timestamp': 1763961889.9298804}]"
2025-11-18 13:24:00+00:00,"Signal(ts=2025-11-18 13:24:00+00:00, action=HOLD, qty=0, strategy=Momentum)",,[]
2025-11-18 13:25:00+00:00,"Signal(ts=2025-11-18 13:25:00+00:00, action=HOLD, qty=0, strategy=Momentum)",,[]
2025-11-18 13:26:00+00:00,"Signal(ts=2025-11-18 13:26:00+00:00, action=BUY, qty=1, strategy=Momentum)",feeb5971-e15c-4970-b146-2126dac55fed,[]
2025-11-18 13:27:00+00:00,"Signal(ts=2025-11-18 13:27:00+00:00, action=HOLD, qty=0, strategy=Momentum)",,[]
2025-11-18 13:28:00+00:00,"Signal(ts=2025-11-18 13:28:00+00:00, action=HOLD, qty=0, strategy=Momentum)",,[]
2025-11-18 13:29:00+00:00,"Signal(ts=2025-11-18 13:29:00+00:00, action=SELL, qty=1, strategy=Momentum)",53f989ac-2ac1-40f9-adc0-779607ac8429,"[{'price': 268.1, 'qty': 1, 'buy_id': '990047d8-2acb-44af-970a-9eb6a546d5f8', 'sell_id': '53f989ac-2ac1-40f9-adc0-779607ac8429', 'timestamp': 1763961889.9412076}]"
2025-11-18 13:30:00+00:00,"Signal(ts=2025-11-18 13:30:00+00:00, action=BUY, qty=1, strategy=Momentum)",2022c6b8-33ca-4e5f-85b0-0a28e055bc1c,[]
2025-11-18 13:31:00+00:00,"Signal(ts=2025-11-18 13:31:00+00:00, action=BUY, qty=4, strategy=Momentum)",dfec9d6d-095c-4af7-96da-f45a52fa8b59,[]
2025-11-18 13:32:00+00:00,"Signal(ts=2025-11-18 13:32:00+00:00, action=BUY, qty=1, strategy=Momentum)",cf1395b5-0d7c-46a9-a031-90c168105524,[]
2025-11-18 13:33:00+00:00,"Signal(ts=2025-11-18 13:33:00+00:00, action=SELL, qty=1, strategy=Momentum)",7da3de7b-eede-42ec-bbeb-22dc6553437a,"[{'price': 268.4, 'qty': 1, 'buy_id': '73ed9cbd-0bec-49da-aa39-a110fd6e1d8f', 'sell_id': '7da3de7b-eede-42ec-bbeb-22dc6553437a', 'timestamp': 1763961889.9432077}]"
2025-11-18 13:34:00+00:00,"Signal(ts=2025-11-18 13:34:00+00:00, action=HOLD, qty=0, strategy=Momentum)",,[]
2025-11-18 13:35:00+00:00,"Signal(ts=2025-11-18 13:35:00+00:00, action=BUY, qty=1, strategy=Momentum)",a1407407-089f-46e6-93cf-39bf97e8aa6c,[]
2025-11-18 13:36:00+00:00,"Signal(ts=2025-11-18 13:36:00+00:00, action=BUY, qty=1, strategy=Momentum)",a720be83-4ae7-4318-950b-e6fa190496d2,[]
2025-11-18 13:37:00+00:00,"Signal(ts=2025-11-18 13:37:00+00:00, action=BUY, qty=1, strategy=Momentum)",b7c9c304-78c5-4711-9470-01e99c9e3b2e,[]
2025-11-18 13:38:00+00:00,"Signal(ts=2025-11-18 13:38:00+00:00, action=HOLD, qty=0, strategy=Momentum)",,[]
2025-11-18 13:39:00+00:00,"Signal(ts=2025-11-18 13:39:00+00:00, action=BUY, qty=1, strategy=Momentum)",5bd36ca3-05f8-465f-ab6c-bd4e337851f5,[]
2025-11-18 13:40:00+00:00,"Signal(ts=2025-11-18 13:40:00+00:00, action=BUY, qty=1, strategy=Momentum)",2685b96e-9e4f-4c93-8468-86b556de42e6,[]
2025-11-18 13:41:00+00:00,"Signal(ts=2025-11-18 13:41:00+00:00, action=BUY, qty=2, strategy=Momentum)",a0c0b36f-0484-4cf2-a2f7-80d95643ebe6,[]
2025-11-18 13:42:00+00:00,"Signal(ts=2025-11-18 13:42:00+00:00, action=BUY, qty=1, strategy=Momentum)",5437c017-c7d7-42c4-88b0-96721c174a54,[]
2025-11-18 13:43:00+00:00,"Signal(ts=2025-11-18 13:43:00+00:00, action=BUY, qty=1, strategy=Momentum)",610d8147-fffa-4a97-b734-3c1e530d7e73,[]
2025-11-18 13:44:00+00:00,"Signal(ts=2025-11-18 13:44:00+00:00, action=HOLD, qty=0, strategy=Momentum)",,[]
2025-11-18 13:45:00+00:00,"Signal(ts=2025-11-18 13:45:00+00:00, action=BUY, qty=1, strategy=Momentum)",451d02c7-cc28-497c-ba7a-1581d898f9d3,[]
2025-11-18 13:46:00+00:00,"Signal(ts=2025-11-18 13:46:00+00:00, action=BUY, qty=2, strategy=Momentum)",4f825363-f74d-4a23-8535-9e61451b4a3f,[]
2025-11-18 13:47:00+00:00,"Signal(ts=2025-11-18 13:47:00+00:00, action=BUY, qty=2, strategy=Momentum)",d1118abf-c124-419c-8fce-8554ffefa695,[]
2025-11-18 13:48:00+00:00,"Signal(ts=2025-11-18 13:48:00+00:00, action=BUY, qty=2, strategy=Momentum)",f52ccede-5a9c-407d-a887-b1e598144a89,[]
2025-11-18 13:49:00+00:00,"Signal(ts=2025-11-18 13:49:00+00:00, action=BUY, qty=2, strategy=Momentum)",d4a76a3c-d223-4e23-bd73-c5668c075e5b,[]
2025-11-18 13:50:00+00:00,"Signal(ts=2025-11-18 13:50:00+00:00, action=BUY, qty=2, strategy=Momentum)",830d90da-6ca4-462a-9b60-cda3e4928ee8,[]
2025-11-18 13:51:00+00:00,"Signal(ts=2025-11-18 13:51:00+00:00, action=BUY, qty=1, strategy=Momentum)",f43a3fe8-00cd-49df-be35-ce3c89903680,[]
2025-11-18 13:52:00+00:00,"Signal(ts=2025-11-18 13:52:00+00:00, action=BUY, qty=1, strategy=Momentum)",c9486e20-8bbf-425d-9932-7b18e05557e3,[]
2025-11-18 13:53:00+00:00,"Signal(ts=2025-11-18 13:53:00+00:00, action=BUY, qty=1, strategy=Momentum)",d3933997-1783-49e0-87bb-c0dc89161ef0,[]
2025-11-18 13:54:00+00:00,"Signal(ts=2025-11-18 13:54:00+00:00, action=BUY, qty=2, strategy=Momentum)",de0e06a8-ae8a-420d-a405-fca833d9bc2e,[]
2025-11-18 13:55:00+00:00,"Signal(ts=2025-11-18 13:55:00+00:00, action=BUY, qty=2, strategy=Momentum)",6168b06f-8ce9-46e4-a809-49572bd2e1cc,[]
2025-11-18 13:56:00+00:00,"Signal(ts=2025-11-18 13:56:00+00:00, action=BUY, qty=2, strategy=Momentum)",07b54b0b-670a-4fb5-8078-49d01c28297d,[]
2025-11-18 13:57:00+00:00,"Signal(ts=2025-11-18 13:57:00+00:00, action=BUY, qty=2, strategy=Momentum)",7028de06-e3de-4f56-963c-6d392d6a6bc6,[]
2025-11-18 13:58:00+00:00,"Signal(ts=2025-11-18 13:58:00+00:00, action=BUY, qty=1, strategy=Momentum)",a601f763-d461-4948-9d10-127e5583e70c,[]
2025-11-18 13:59:00+00:00,"Signal(ts=2025-11-18 13:59:00+00:00, action=HOLD, qty=0, strategy=Momentum)",,[]
2025-11-18 14:00:00+00:00,"Signal(ts=2025-11-18 14:00:00+00:00, action=HOLD, qty=0, strategy=Momentum)",,[]
2025-11-18 14:01:00+00:00,"Signal(ts=2025-11-18 14:01:00+00:00, action=BUY, qty=1, strategy=Momentum)",cf8692dd-2ca0-4023-819b-e81210a9a570,[]
2025-11-18 14:02:00+00:00,"Signal(ts=2025-11-18 14:02:00+00:00, action=BUY, qty=1, strategy=Momentum)",bd53229b-dd65-4720-acfd-6ad2a6ff7eb5,[]
2025-11-18 14:03:00+00:00,"Signal(ts=2025-11-18 14:03:00+00:00, action=BUY, qty=1, strategy=Momentum)",601e39f2-73b2-4970-837d-8a1acfe0217c,[]
2025-11-18 14:04:00+00:00,"Signal(ts=2025-11-18 14:04:00+00:00, action=HOLD, qty=0, strategy=Momentum)",,[]
2025-11-18 14:05:00+00:00,"Signal(ts=2025-11-18 14:05:00+00:00, action=HOLD, qty=0, strategy=Momentum)",,[]
2025-11-18 14:06:00+00:00,"Signal(ts=2025-11-18 14:06:00+00:00, action=HOLD, qty=0, strategy=Momentum)",,[]
2025-11-18 14:07:00+00:00,"Signal(ts=2025-11-18 14:07:00+00:00, action=HOLD, qty=0, strategy=Momentum)",,[]
2025-11-18 14:08:00+00:00,"Signal(ts=2025-11-18 14:08:00+00:00, action=HOLD, qty=0, strategy=Momentum)",,[]
2025-11-18 14:09:00+00:00,"Signal(ts=2025-11-18 14:09:00+00:00, action=SELL, qty=1, strategy=Momentum)",ebf2dc7d-5ea2-4937-946a-b0be456b4e8d,"[{'price': 268.54, 'qty': 1, 'buy_id': 'f52ccede-5a9c-407d-a887-b1e598144a89', 'sell_id': 'ebf2dc7d-5ea2-4937-946a-b0be456b4e8d', 'timestamp': 1763961890.011854}]"
2025-11-18 14:10:00+00:00,"Signal(ts=2025-11-18 14:10:00+00:00, action=SELL, qty=1, strategy=Momentum)",cd1d1ce3-95cd-48e3-9827-c71e64f15f40,"[{'price': 268.51, 'qty': 1, 'buy_id': 'f52ccede-5a9c-407d-a887-b1e598144a89', 'sell_id': 'cd1d1ce3-95cd-48e3-9827-c71e64f15f40', 'timestamp': 1763961890.011854}]"
2025-11-18 14:11:00+00:00,"Signal(ts=2025-11-18 14:11:00+00:00, action=SELL, qty=1, strategy=Momentum)",f34f584e-f797-49a5-8277-c0140dc877c4,"[{'price': 268.6, 'qty': 1, 'buy_id': 'd4a76a3c-d223-4e23-bd73-c5668c075e5b', 'sell_id': 'f34f584e-f797-49a5-8277-c0140dc877c4', 'timestamp': 1763961890.011854}]"
2025-11-18 14:12:00+00:00,"Signal(ts=2025-11-18 14:12:00+00:00, action=SELL, qty=1, strategy=Momentum)",a8bfe5f4-5a7d-460e-a3a5-587b4bccd725,"[{'price': 268.43, 'qty': 1, 'buy_id': 'd4a76a3c-d223-4e23-bd73-c5668c075e5b', 'sell_id': 'a8bfe5f4-5a7d-460e-a3a5-587b4bccd725', 'timestamp': 1763961890.0258517}]"
2025-11-18 14:13:00+00:00,"Signal(ts=2025-11-18 14:13:00+00:00, action=SELL, qty=1, strategy=Momentum)",f13460bb-cb0c-41c7-9fbe-db18268c085a,"[{'price': 268.39, 'qty': 1, 'buy_id': 'a0c0b36f-0484-4cf2-a2f7-80d95643ebe6', 'sell_id': 'f13460bb-cb0c-41c7-9fbe-db18268c085a', 'timestamp': 1763961890.0268517}]"
2025-11-18 14:14:00+00:00,"Signal(ts=2025-11-18 14:14:00+00:00, action=SELL, qty=1, strategy=Momentum)",44b31fda-c19d-48f3-a10c-108a0fc36537,"[{'price': 268.44, 'qty': 1, 'buy_id': 'a0c0b36f-0484-4cf2-a2f7-80d95643ebe6', 'sell_id': '44b31fda-c19d-48f3-a10c-108a0fc36537', 'timestamp': 1763961890.0278504}]"
2025-11-18 14:15:00+00:00,"Signal(ts=2025-11-18 14:15:00+00:00, action=SELL, qty=1, strategy=Momentum)",33affa82-496b-454e-b8c8-709cc806f72a,"[{'price': 268.5, 'qty': 1, 'buy_id': '6168b06f-8ce9-46e4-a809-49572bd2e1cc', 'sell_id': '33affa82-496b-454e-b8c8-709cc806f72a', 'timestamp': 1763961890.0288503}]"
2025-11-18 14:16:00+00:00,"Signal(ts=2025-11-18 14:16:00+00:00, action=SELL, qty=2, strategy=Momentum)",da562acd-72a6-4dcd-9141-daa73a8a7d76,"[{'price': 268.42, 'qty': 1, 'buy_id': '6168b06f-8ce9-46e4-a809-49572bd2e1cc', 'sell_id': 'da562acd-72a6-4dcd-9141-daa73a8a7d76', 'timestamp': 1763961890.0288503}, {'price': 268.42, 'qty': 1, 'buy_id': '5437c017-c7d7-42c4-88b0-96721c174a54', 'sell_id': 'da562acd-72a6-4dcd-9141-daa73a8a7d76', 'timestamp': 1763961890.0288503}]"
2025-11-18 14:17:00+00:00,"Signal(ts=2025-11-18 14:17:00+00:00, action=SELL, qty=2, strategy=Momentum)",344f5fa4-a6d9-4248-8a14-fb6102e6cdbd,"[{'price': 268.5, 'qty': 2, 'buy_id': 'd1118abf-c124-419c-8fce-8554ffefa695', 'sell_id': '344f5fa4-a6d9-4248-8a14-fb6102e6cdbd', 'timestamp': 1763961890.0288503}]"
2025-11-18 14:18:00+00:00,"Signal(ts=2025-11-18 14:18:00+00:00, action=SELL, qty=2, strategy=Momentum)",866865da-c338-433a-9c48-d23c21b33fcf,"[{'price': 268.36, 'qty': 2, 'buy_id': '4f825363-f74d-4a23-8535-9e61451b4a3f', 'sell_id': '866865da-c338-433a-9c48-d23c21b33fcf', 'timestamp': 1763961890.0288503}]"
2025-11-18 14:19:00+00:00,"Signal(ts=2025-11-18 14:19:00+00:00, action=SELL, qty=1, strategy=Momentum)",bb6a457a-ed08-4239-b4b5-7dc76749b4ac,"[{'price': 268.49, 'qty': 1, 'buy_id': '610d8147-fffa-4a97-b734-3c1e530d7e73', 'sell_id': 'bb6a457a-ed08-4239-b4b5-7dc76749b4ac', 'timestamp': 1763961890.0288503}]"
2025-11-18 14:20:00+00:00,"Signal(ts=2025-11-18 14:20:00+00:00, action=SELL, qty=1, strategy=Momentum)",55178504-4f9a-4b2e-b654-00d6dbf5fa5a,"[{'price': 268.3, 'qty': 1, 'buy_id': '451d02c7-cc28-497c-ba7a-1581d898f9d3', 'sell_id': '55178504-4f9a-4b2e-b654-00d6dbf5fa5a', 'timestamp': 1763961890.0288503}]"
2025-11-18 14:21:00+00:00,"Signal(ts=2025-11-18 14:21:00+00:00, action=SELL, qty=1, strategy=Momentum)",561a2736-e652-44ef-9ddd-3a6b6822e211,"[{'price': 268.36, 'qty': 1, 'buy_id': 'de0e06a8-ae8a-420d-a405-fca833d9bc2e', 'sell_id': '561a2736-e652-44ef-9ddd-3a6b6822e211', 'timestamp': 1763961890.0353534}]"
2025-11-18 14:22:00+00:00,"Signal(ts=2025-11-18 14:22:00+00:00, action=SELL, qty=2, strategy=Momentum)",7f2b9ec1-b506-48e4-95f2-a853551803a7,"[{'price': 268.1, 'qty': 1, 'buy_id': 'de0e06a8-ae8a-420d-a405-fca833d9bc2e', 'sell_id': '7f2b9ec1-b506-48e4-95f2-a853551803a7', 'timestamp': 1763961890.0382745}, {'price': 268.1, 'qty': 1, 'buy_id': '2685b96e-9e4f-4c93-8468-86b556de42e6', 'sell_id': '7f2b9ec1-b506-48e4-95f2-a853551803a7', 'timestamp': 1763961890.0382745}]"
2025-11-18 14:23:00+00:00,"Signal(ts=2025-11-18 14:23:00+00:00, action=SELL, qty=2, strategy=Momentum)",243acd53-b605-4141-bb03-30381e702529,"[{'price': 268.09, 'qty': 1, 'buy_id': '601e39f2-73b2-4970-837d-8a1acfe0217c', 'sell_id': '243acd53-b605-4141-bb03-30381e702529', 'timestamp': 1763961890.0382745}, {'price': 268.09, 'qty': 1, 'buy_id': '830d90da-6ca4-462a-9b60-cda3e4928ee8', 'sell_id': '243acd53-b605-4141-bb03-30381e702529', 'timestamp': 1763961890.0382745}]"
2025-11-18 14:24:00+00:00,"Signal(ts=2025-11-18 14:24:00+00:00, action=SELL, qty=2, strategy=Momentum)",d7d49cb1-5620-4932-8a27-c543defe7cca,"[{'price': 268.2, 'qty': 1, 'buy_id': '830d90da-6ca4-462a-9b60-cda3e4928ee8', 'sell_id': 'd7d49cb1-5620-4932-8a27-c543defe7cca', 'timestamp': 1763961890.041376}, {'price': 268.2, 'qty': 1, 'buy_id': 'bd53229b-dd65-4720-acfd-6ad2a6ff7eb5', 'sell_id': 'd7d49cb1-5620-4932-8a27-c543defe7cca', 'timestamp': 1763961890.041376}]"
2025-11-18 14:25:00+00:00,"Signal(ts=2025-11-18 14:25:00+00:00, action=SELL, qty=2, strategy=Momentum)",17fe08eb-088d-4787-b91a-4c83e0e7ec5f,"[{'price': 268.01, 'qty': 1, 'buy_id': '5bd36ca3-05f8-465f-ab6c-bd4e337851f5', 'sell_id': '17fe08eb-088d-4787-b91a-4c83e0e7ec5f', 'timestamp': 1763961890.0429025}, {'price': 268.01, 'qty': 1, 'buy_id': '7028de06-e3de-4f56-963c-6d392d6a6bc6', 'sell_id': '17fe08eb-088d-4787-b91a-4c83e0e7ec5f', 'timestamp': 1763961890.0429025}]"
2025-11-18 14:26:00+00:00,"Signal(ts=2025-11-18 14:26:00+00:00, action=SELL, qty=1, strategy=Momentum)",b164a3d7-791a-4836-9aed-2f5ad049a2e6,"[{'price': 268.5352, 'qty': 1, 'buy_id': '7028de06-e3de-4f56-963c-6d392d6a6bc6', 'sell_id': 'b164a3d7-791a-4836-9aed-2f5ad049a2e6', 'timestamp': 1763961890.0439007}]"
2025-11-18 14:27:00+00:00,"Signal(ts=2025-11-18 14:27:00+00:00, action=BUY, qty=2, strategy=Momentum)",465547cd-0331-483b-8ba4-7934153d521d,[]
2025-11-18 14:28:00+00:00,"Signal(ts=2025-11-18 14:28:00+00:00, action=BUY, qty=6, strategy=Momentum)",0e46cbc1-c0cc-4a2a-b0e4-7e9472bb326f,[]
2025-11-18 14:29:00+00:00,"Signal(ts=2025-11-18 14:29:00+00:00, action=BUY, qty=5, strategy=Momentum)",83224ba3-a457-46fa-ab7c-754bda19da6f,[]
2025-11-18 14:30:00+00:00,"Signal(ts=2025-11-18 14:30:00+00:00, action=BUY, qty=7, strategy=Momentum)",fa2570ac-0f3e-4d44-89a4-78bc501b7617,[]
2025-11-18 14:31:00+00:00,"Signal(ts=2025-11-18 14:31:00+00:00, action=BUY, qty=2, strategy=Momentum)",c021d932-c363-47ab-82bd-c43c21b87de1,[]
2025-11-18 14:32:00+00:00,"Signal(ts=2025-11-18 14:32:00+00:00, action=BUY, qty=3, strategy=Momentum)",9199112e-6f13-4562-aab0-66b23b2610d3,[]
2025-11-18 14:33:00+00:00,"Signal(ts=2025-11-18 14:33:00+00:00, action=BUY, qty=2, strategy=Momentum)",dcd3f04b-33ec-496d-9418-5d5ec09ca1f2,[]
2025-11-18 14:34:00+00:00,"Signal(ts=2025-11-18 14:34:00+00:00, action=BUY, qty=2, strategy=Momentum)",e735b8ed-dbb0-4b1b-8a9b-9c1bc075d727,[]
2025-11-18 14:35:00+00:00,"Signal(ts=2025-11-18 14:35:00+00:00, action=BUY, qty=2, strategy=Momentum)",5cc86baf-c114-4c5e-824f-a9743a2e2cdf,[]
2025-11-18 14:36:00+00:00,"Signal(ts=2025-11-18 14:36:00+00:00, action=BUY, qty=3, strategy=Momentum)",b38e713f-178d-45ae-b092-6159139e6755,[]
2025-11-18 14:37:00+00:00,"Signal(ts=2025-11-18 14:37:00+00:00, action=BUY, qty=2, strategy=Momentum)",5835cc9b-4969-447e-91ab-8d638412b4fa,[]
2025-11-18 14:38:00+00:00,"Signal(ts=2025-11-18 14:38:00+00:00, action=BUY, qty=1, strategy=Momentum)",afd49927-b675-4815-b736-b8d18f53c852,[]
2025-11-18 14:39:00+00:00,"Signal(ts=2025-11-18 14:39:00+00:00, action=HOLD, qty=0, strategy=Momentum)",,[]
2025-11-18 14:40:00+00:00,"Signal(ts=2025-11-18 14:40:00+00:00, action=SELL, qty=1, strategy=Momentum)",2b5c1731-fb56-4adc-bee5-d6089af89926,"[{'price': 268.4649963378906, 'qty': 1, 'buy_id': 'fa2570ac-0f3e-4d44-89a4-78bc501b7617', 'sell_id': '2b5c1731-fb56-4adc-bee5-d6089af89926', 'timestamp': 1763961890.0619211}]"
2025-11-18 14:41:00+00:00,"Signal(ts=2025-11-18 14:41:00+00:00, action=SELL, qty=1, strategy=Momentum)",96f5fcc2-4ada-44e2-9a87-c543178da5f5,"[{'price': 268.04998779296875, 'qty': 1, 'buy_id': 'fa2570ac-0f3e-4d44-89a4-78bc501b7617', 'sell_id': '96f5fcc2-4ada-44e2-9a87-c543178da5f5', 'timestamp': 1763961890.0629175}]"
2025-11-18 14:42:00+00:00,"Signal(ts=2025-11-18 14:42:00+00:00, action=SELL, qty=1, strategy=Momentum)",370c3dc1-6efd-415f-8ab0-cb3aa55aedc1,"[{'price': 267.8800048828125, 'qty': 1, 'buy_id': 'fa2570ac-0f3e-4d44-89a4-78bc501b7617', 'sell_id': '370c3dc1-6efd-415f-8ab0-cb3aa55aedc1', 'timestamp': 1763961890.0629175}]"
2025-11-18 14:43:00+00:00,"Signal(ts=2025-11-18 14:43:00+00:00, action=SELL, qty=1, strategy=Momentum)",e037b0dd-42bb-426a-875f-a166fd3e57cc,"[{'price': 268.0599975585937, 'qty': 1, 'buy_id': 'fa2570ac-0f3e-4d44-89a4-78bc501b7617', 'sell_id': 'e037b0dd-42bb-426a-875f-a166fd3e57cc', 'timestamp': 1763961890.0664065}]"
2025-11-18 14:44:00+00:00,"Signal(ts=2025-11-18 14:44:00+00:00, action=SELL, qty=2, strategy=Momentum)",830d9016-13f7-4722-9bf0-89f65697c48a,"[{'price': 267.79998779296875, 'qty': 2, 'buy_id': 'fa2570ac-0f3e-4d44-89a4-78bc501b7617', 'sell_id': '830d9016-13f7-4722-9bf0-89f65697c48a', 'timestamp': 1763961890.0664065}]"
2025-11-18 14:45:00+00:00,"Signal(ts=2025-11-18 14:45:00+00:00, action=BUY, qty=1, strategy=Momentum)",e9931294-0b0a-4dac-acef-d85d99e35f07,[]
2025-11-18 14:46:00+00:00,"Signal(ts=2025-11-18 14:46:00+00:00, action=SELL, qty=1, strategy=Momentum)",ea4d4ee5-0172-4efc-9d7d-46ddf0ca5bbd,"[{'price': 268.29998779296875, 'qty': 1, 'buy_id': 'fa2570ac-0f3e-4d44-89a4-78bc501b7617', 'sell_id': 'ea4d4ee5-0172-4efc-9d7d-46ddf0ca5bbd', 'timestamp': 1763961890.0708852}]"
2025-11-18 14:47:00+00:00,"Signal(ts=2025-11-18 14:47:00+00:00, action=SELL, qty=2, strategy=Momentum)",f430e8db-90e8-428b-98af-cd7fe6f671b0,"[{'price': 267.6933898925781, 'qty': 2, 'buy_id': '83224ba3-a457-46fa-ab7c-754bda19da6f', 'sell_id': 'f430e8db-90e8-428b-98af-cd7fe6f671b0', 'timestamp': 1763961890.0755355}]"
2025-11-18 14:48:00+00:00,"Signal(ts=2025-11-18 14:48:00+00:00, action=SELL, qty=3, strategy=Momentum)",3ecac468-9d2c-479f-bdf7-083861e0a9a2,"[{'price': 267.42999267578125, 'qty': 3, 'buy_id': '83224ba3-a457-46fa-ab7c-754bda19da6f', 'sell_id': '3ecac468-9d2c-479f-bdf7-083861e0a9a2', 'timestamp': 1763961890.0775306}]"
2025-11-18 14:49:00+00:00,"Signal(ts=2025-11-18 14:49:00+00:00, action=SELL, qty=5, strategy=Momentum)",9f865771-cdef-42ab-82c3-8bfae815fee9,"[{'price': 266.81500244140625, 'qty': 5, 'buy_id': '0e46cbc1-c0cc-4a2a-b0e4-7e9472bb326f', 'sell_id': '9f865771-cdef-42ab-82c3-8bfae815fee9', 'timestamp': 1763961890.0785298}]"
2025-11-18 14:50:00+00:00,"Signal(ts=2025-11-18 14:50:00+00:00, action=SELL, qty=4, strategy=Momentum)",e84109cb-d2d5-4ed0-9870-e2068ce0be1a,"[{'price': 267.19989013671875, 'qty': 1, 'buy_id': '0e46cbc1-c0cc-4a2a-b0e4-7e9472bb326f', 'sell_id': 'e84109cb-d2d5-4ed0-9870-e2068ce0be1a', 'timestamp': 1763961890.0785298}, {'price': 267.19989013671875, 'qty': 3, 'buy_id': '9199112e-6f13-4562-aab0-66b23b2610d3', 'sell_id': 'e84109cb-d2d5-4ed0-9870-e2068ce0be1a', 'timestamp': 1763961890.0785298}]"
2025-11-18 14:51:00+00:00,"Signal(ts=2025-11-18 14:51:00+00:00, action=SELL, qty=5, strategy=Momentum)",2b6a50d8-06d1-49fb-a552-aa026a3db4ad,"[{'price': 266.739990234375, 'qty': 3, 'buy_id': 'b38e713f-178d-45ae-b092-6159139e6755', 'sell_id': '2b6a50d8-06d1-49fb-a552-aa026a3db4ad', 'timestamp': 1763961890.0785298}, {'price': 266.739990234375, 'qty': 2, 'buy_id': 'dcd3f04b-33ec-496d-9418-5d5ec09ca1f2', 'sell_id': '2b6a50d8-06d1-49fb-a552-aa026a3db4ad', 'timestamp': 1763961890.0785298}]"
2025-11-18 14:52:00+00:00,"Signal(ts=2025-11-18 14:52:00+00:00, action=SELL, qty=5, strategy=Momentum)",e0286a25-6a23-412d-9ba2-c94975f8a084,"[{'price': 266.70001220703125, 'qty': 2, 'buy_id': 'c021d932-c363-47ab-82bd-c43c21b87de1', 'sell_id': 'e0286a25-6a23-412d-9ba2-c94975f8a084', 'timestamp': 1763961890.0785298}, {'price': 266.70001220703125, 'qty': 2, 'buy_id': '5835cc9b-4969-447e-91ab-8d638412b4fa', 'sell_id': 'e0286a25-6a23-412d-9ba2-c94975f8a084', 'timestamp': 1763961890.0785298}, {'price': 266.70001220703125, 'qty': 1, 'buy_id': '5cc86baf-c114-4c5e-824f-a9743a2e2cdf', 'sell_id': 'e0286a25-6a23-412d-9ba2-c94975f8a084', 'timestamp': 1763961890.0785298}]"
2025-11-18 14:53:00+00:00,"Signal(ts=2025-11-18 14:53:00+00:00, action=SELL, qty=5, strategy=Momentum)",18cbe6c6-6849-4672-b58d-d96800a6c454,"[{'price': 266.760009765625, 'qty': 1, 'buy_id': '5cc86baf-c114-4c5e-824f-a9743a2e2cdf', 'sell_id': '18cbe6c6-6849-4672-b58d-d96800a6c454', 'timestamp': 1763961890.085404}, {'price': 266.760009765625, 'qty': 2, 'buy_id': '465547cd-0331-483b-8ba4-7934153d521d', 'sell_id': '18cbe6c6-6849-4672-b58d-d96800a6c454', 'timestamp': 1763961890.085404}, {'price': 266.760009765625, 'qty': 2, 'buy_id': 'e735b8ed-dbb0-4b1b-8a9b-9c1bc075d727', 'sell_id': '18cbe6c6-6849-4672-b58d-d96800a6c454', 'timestamp': 1763961890.085404}]"
2025-11-18 14:54:00+00:00,"Signal(ts=2025-11-18 14:54:00+00:00, action=SELL, qty=4, strategy=Momentum)",1011e76b-ee26-4d1d-8a09-cf79744fed1d,"[{'price': 266.7654113769531, 'qty': 2, 'buy_id': '07b54b0b-670a-4fb5-8078-49d01c28297d', 'sell_id': '1011e76b-ee26-4d1d-8a09-cf79744fed1d', 'timestamp': 1763961890.0874088}, {'price': 266.7654113769531, 'qty': 1, 'buy_id': 'f43a3fe8-00cd-49df-be35-ce3c89903680', 'sell_id': '1011e76b-ee26-4d1d-8a09-cf79744fed1d', 'timestamp': 1763961890.0874088}, {'price': 266.7654113769531, 'qty': 1, 'buy_id': 'afd49927-b675-4815-b736-b8d18f53c852', 'sell_id': '1011e76b-ee26-4d1d-8a09-cf79744fed1d', 'timestamp': 1763961890.0874088}]"
2025-11-18 14:55:00+00:00,"Signal(ts=2025-11-18 14:55:00+00:00, action=SELL, qty=6, strategy=Momentum)",c2ab352f-cb32-4848-93ee-00e144f21966,"[{'price': 266.8599853515625, 'qty': 1, 'buy_id': 'a1407407-089f-46e6-93cf-39bf97e8aa6c', 'sell_id': 'c2ab352f-cb32-4848-93ee-00e144f21966', 'timestamp': 1763961890.0894084}, {'price': 266.8599853515625, 'qty': 1, 'buy_id': 'd3933997-1783-49e0-87bb-c0dc89161ef0', 'sell_id': 'c2ab352f-cb32-4848-93ee-00e144f21966', 'timestamp': 1763961890.0894084}, {'price': 266.8599853515625, 'qty': 1, 'buy_id': 'b7c9c304-78c5-4711-9470-01e99c9e3b2e', 'sell_id': 'c2ab352f-cb32-4848-93ee-00e144f21966', 'timestamp': 1763961890.0894084}, {'price': 266.8599853515625, 'qty': 1, 'buy_id': 'e9931294-0b0a-4dac-acef-d85d99e35f07', 'sell_id': 'c2ab352f-cb32-4848-93ee-00e144f21966', 'timestamp': 1763961890.0894084}, {'price': 266.8599853515625, 'qty': 2, 'buy_id': '73ed9cbd-0bec-49da-aa39-a110fd6e1d8f', 'sell_id': 'c2ab352f-cb32-4848-93ee-00e144f21966', 'timestamp': 1763961890.0894084}]"
2025-11-18 14:56:00+00:00,"Signal(ts=2025-11-18 14:56:00+00:00, action=SELL, qty=8, strategy=Momentum)",76b6e30c-d761-46ca-9cf6-b35be6f9b48a,"[{'price': 266.8500061035156, 'qty': 3, 'buy_id': '048c0116-89a2-4d23-8b33-becbf1d0989f', 'sell_id': '76b6e30c-d761-46ca-9cf6-b35be6f9b48a', 'timestamp': 1763961890.0904088}, {'price': 266.8500061035156, 'qty': 1, 'buy_id': 'cf8692dd-2ca0-4023-819b-e81210a9a570', 'sell_id': '76b6e30c-d761-46ca-9cf6-b35be6f9b48a', 'timestamp': 1763961890.0904088}, {'price': 266.8500061035156, 'qty': 1, 'buy_id': '9522633e-c438-4892-9946-ad555a1d770a', 'sell_id': '76b6e30c-d761-46ca-9cf6-b35be6f9b48a', 'timestamp': 1763961890.0904088}, {'price': 266.8500061035156, 'qty': 1, 'buy_id': '1a103df1-cb04-4c99-8e72-5103d9222037', 'sell_id': '76b6e30c-d761-46ca-9cf6-b35be6f9b48a', 'timestamp': 1763961890.0904088}, {'price': 266.8500061035156, 'qty': 1, 'buy_id': 'c9486e20-8bbf-425d-9932-7b18e05557e3', 'sell_id': '76b6e30c-d761-46ca-9cf6-b35be6f9b48a', 'timestamp': 1763961890.0904088}, {'price': 266.8500061035156, 'qty': 1, 'buy_id': '054108e4-4c22-4d32-a8da-4a2a5f5340da', 'sell_id': '76b6e30c-d761-46ca-9cf6-b35be6f9b48a', 'timestamp': 1763961890.0904088}]"
2025-11-18 14:57:00+00:00,"Signal(ts=2025-11-18 14:57:00+00:00, action=SELL, qty=10, strategy=Momentum)",c24247da-d193-4660-9f8c-e7ce049fc03c,"[{'price': 267.0400085449219, 'qty': 3, 'buy_id': '054108e4-4c22-4d32-a8da-4a2a5f5340da', 'sell_id': 'c24247da-d193-4660-9f8c-e7ce049fc03c', 'timestamp': 1763961890.1007476}, {'price': 267.0400085449219, 'qty': 1, 'buy_id': 'a720be83-4ae7-4318-950b-e6fa190496d2', 'sell_id': 'c24247da-d193-4660-9f8c-e7ce049fc03c', 'timestamp': 1763961890.1007476}, {'price': 267.0400085449219, 'qty': 1, 'buy_id': 'a601f763-d461-4948-9d10-127e5583e70c', 'sell_id': 'c24247da-d193-4660-9f8c-e7ce049fc03c', 'timestamp': 1763961890.1007476}, {'price': 267.0400085449219, 'qty': 3, 'buy_id': 'ee58c98a-1d5b-4779-811b-600ae0808ea2', 'sell_id': 'c24247da-d193-4660-9f8c-e7ce049fc03c', 'timestamp': 1763961890.1007476}, {'price': 267.0400085449219, 'qty': 2, 'buy_id': '0e2e49c0-fafa-4005-a0d6-bc3ba5c7fe74', 'sell_id': 'c24247da-d193-4660-9f8c-e7ce049fc03c', 'timestamp': 1763961890.1007476}]"
2025-11-18 14:58:00+00:00,"Signal(ts=2025-11-18 14:58:00+00:00, action=SELL, qty=10, strategy=Momentum)",ed28f54c-dea0-49ea-9ca3-82acbf9dc88e,"[{'price': 267.1000061035156, 'qty': 1, 'buy_id': '0e2e49c0-fafa-4005-a0d6-bc3ba5c7fe74', 'sell_id': 'ed28f54c-dea0-49ea-9ca3-82acbf9dc88e', 'timestamp': 1763961890.1035929}, {'price': 267.1000061035156, 'qty': 3, 'buy_id': 'b2da9a64-ca8a-4e68-83a2-4c2c73807fd9', 'sell_id': 'ed28f54c-dea0-49ea-9ca3-82acbf9dc88e', 'timestamp': 1763961890.1035929}, {'price': 267.1000061035156, 'qty': 3, 'buy_id': '576632e2-c1b5-47c7-bb90-d5314bb00f02', 'sell_id': 'ed28f54c-dea0-49ea-9ca3-82acbf9dc88e', 'timestamp': 1763961890.1035929}, {'price': 267.1000061035156, 'qty': 3, 'buy_id': 'a799ace2-7258-4bf6-af9a-201019aa51e1', 'sell_id': 'ed28f54c-dea0-49ea-9ca3-82acbf9dc88e', 'timestamp': 1763961890.1035929}]"
2025-11-18 14:59:00+00:00,"Signal(ts=2025-11-18 14:59:00+00:00, action=SELL, qty=14, strategy=Momentum)",adca7c23-7e1d-4470-a054-6f1ac4162151,"[{'price': 266.7300109863281, 'qty': 2, 'buy_id': 'a2dd9f73-1160-4ad1-8251-edcccf787a59', 'sell_id': 'adca7c23-7e1d-4470-a054-6f1ac4162151', 'timestamp': 1763961890.1035929}, {'price': 266.7300109863281, 'qty': 1, 'buy_id': 'cf1395b5-0d7c-46a9-a031-90c168105524', 'sell_id': 'adca7c23-7e1d-4470-a054-6f1ac4162151', 'timestamp': 1763961890.1035929}, {'price': 266.7300109863281, 'qty': 3, 'buy_id': '2d47a0d0-788e-416b-974e-52417c269038', 'sell_id': 'adca7c23-7e1d-4470-a054-6f1ac4162151', 'timestamp': 1763961890.1035929}, {'price': 266.7300109863281, 'qty': 3, 'buy_id': 'ec604ea6-340f-486f-8ed4-fee21e77c606', 'sell_id': 'adca7c23-7e1d-4470-a054-6f1ac4162151', 'timestamp': 1763961890.1035929}, {'price': 266.7300109863281, 'qty': 4, 'buy_id': 'dfec9d6d-095c-4af7-96da-f45a52fa8b59', 'sell_id': 'adca7c23-7e1d-4470-a054-6f1ac4162151', 'timestamp': 1763961890.1035929}, {'price': 266.7300109863281, 'qty': 1, 'buy_id': '116ea437-b17a-4479-bd92-4ec56afcd131', 'sell_id': 'adca7c23-7e1d-4470-a054-6f1ac4162151', 'timestamp': 1763961890.1035929}]"
2025-11-18 15:00:00+00:00,"Signal(ts=2025-11-18 15:00:00+00:00, action=SELL, qty=8, strategy=Momentum)",1bc30cac-603f-4261-b6d2-af34e8a5d0bc,"[{'price': 267.0599975585937, 'qty': 2, 'buy_id': '116ea437-b17a-4479-bd92-4ec56afcd131', 'sell_id': '1bc30cac-603f-4261-b6d2-af34e8a5d0bc', 'timestamp': 1763961890.1035929}, {'price': 267.0599975585937, 'qty': 2, 'buy_id': '43c2eb0b-24ef-4e3f-abb5-c9c03f52a7a3', 'sell_id': '1bc30cac-603f-4261-b6d2-af34e8a5d0bc', 'timestamp': 1763961890.1035929}, {'price': 267.0599975585937, 'qty': 1, 'buy_id': '2022c6b8-33ca-4e5f-85b0-0a28e055bc1c', 'sell_id': '1bc30cac-603f-4261-b6d2-af34e8a5d0bc', 'timestamp': 1763961890.1035929}, {'price': 267.0599975585937, 'qty': 1, 'buy_id': 'f17a4ae7-a824-4460-bd3f-4f199232b2ba', 'sell_id': '1bc30cac-603f-4261-b6d2-af34e8a5d0bc', 'timestamp': 1763961890.1035929}, {'price': 267.0599975585937, 'qty': 2, 'buy_id': '6625c596-8cea-451a-8882-6cd062192d01', 'sell_id': '1bc30cac-603f-4261-b6d2-af34e8a5d0bc', 'timestamp': 1763961890.1035929}]"
2025-11-18 15:01:00+00:00,"Signal(ts=2025-11-18 15:01:00+00:00, action=SELL, qty=9, strategy=Momentum)",10e6438c-0e22-4d3d-925c-b3ddb25a1eba,"[{'price': 266.94000244140625, 'qty': 1, 'buy_id': '6625c596-8cea-451a-8882-6cd062192d01', 'sell_id': '10e6438c-0e22-4d3d-925c-b3ddb25a1eba', 'timestamp': 1763961890.1035929}, {'price': 266.94000244140625, 'qty': 1, 'buy_id': 'feeb5971-e15c-4970-b146-2126dac55fed', 'sell_id': '10e6438c-0e22-4d3d-925c-b3ddb25a1eba', 'timestamp': 1763961890.1035929}, {'price': 266.94000244140625, 'qty': 2, 'buy_id': 'fb256803-f66b-4ef8-bb1b-256aa631ea76', 'sell_id': '10e6438c-0e22-4d3d-925c-b3ddb25a1eba', 'timestamp': 1763961890.1035929}, {'price': 266.94000244140625, 'qty': 2, 'buy_id': '5e729a7b-1704-4b54-8f21-023c2b517b11', 'sell_id': '10e6438c-0e22-4d3d-925c-b3ddb25a1eba', 'timestamp': 1763961890.1035929}, {'price': 266.94000244140625, 'qty': 2, 'buy_id': '47f2744d-1dfa-46ce-85fd-d8b0b8ade39a', 'sell_id': '10e6438c-0e22-4d3d-925c-b3ddb25a1eba', 'timestamp': 1763961890.1035929}, {'price': 266.94000244140625, 'qty': 1, 'buy_id': '730ea0f2-343d-4bae-ab06-156b3d094045', 'sell_id': '10e6438c-0e22-4d3d-925c-b3ddb25a1eba', 'timestamp': 1763961890.1035929}]"
2025-11-18 15:02:00+00:00,"Signal(ts=2025-11-18 15:02:00+00:00, action=SELL, qty=9, strategy=Momentum)",d974ec46-4ffc-4c54-b47a-3473cc4f3fe0,"[{'price': 266.7900085449219, 'qty': 2, 'buy_id': '730ea0f2-343d-4bae-ab06-156b3d094045', 'sell_id': 'd974ec46-4ffc-4c54-b47a-3473cc4f3fe0', 'timestamp': 1763961890.1035929}, {'price': 266.7900085449219, 'qty': 2, 'buy_id': '5177f8c6-c808-49ec-9e1b-729bb41b33fe', 'sell_id': 'd974ec46-4ffc-4c54-b47a-3473cc4f3fe0', 'timestamp': 1763961890.1035929}, {'price': 266.7900085449219, 'qty': 2, 'buy_id': 'ea60629a-4fac-451f-9de2-0aa3adf10440', 'sell_id': 'd974ec46-4ffc-4c54-b47a-3473cc4f3fe0', 'timestamp': 1763961890.1035929}, {'price': 266.7900085449219, 'qty': 2, 'buy_id': 'e5eaba14-c200-4ca3-8a10-c3c99459f580', 'sell_id': 'd974ec46-4ffc-4c54-b47a-3473cc4f3fe0', 'timestamp': 1763961890.1035929}]"
2025-11-18 15:03:00+00:00,"Signal(ts=2025-11-18 15:03:00+00:00, action=SELL, qty=7, strategy=Momentum)",67ea7fec-0dbd-4c27-98a9-99c7ba89b148,[]
2025-11-18 15:04:00+00:00,"Signal(ts=2025-11-18 15:04:00+00:00, action=SELL, qty=9, strategy=Momentum)",eec58516-1b1f-4780-afec-2f95ab6f0fc6,[]
2025-11-18 15:05:00+00:00,"Signal(ts=2025-11-18 15:05:00+00:00, action=SELL, qty=12, strategy=Momentum)",a8cc754c-e5fb-45d7-810c-4ce51d89ac0a,[]
2025-11-18 15:06:00+00:00,"Signal(ts=2025-11-18 15:06:00+00:00, action=SELL, qty=10, strategy=Momentum)",793f98b0-4544-4715-8e94-3a4f9cdfaee7,[]
2025-11-18 15:07:00+00:00,"Signal(ts=2025-11-18 15:07:00+00:00, action=SELL, qty=7, strategy=Momentum)",dfbca714-d3d9-4e44-a761-852cf66cf14a,[]
2025-11-18 15:08:00+00:00,"Signal(ts=2025-11-18 15:08:00+00:00, action=SELL, qty=6, strategy=Momentum)",c21bcb6a-1470-48f0-9ffe-99a0a7b7f9a0,[]
2025-11-18 15:09:00+00:00,"Signal(ts=2025-11-18 15:09:00+00:00, action=SELL, qty=6, strategy=Momentum)",4e38f37e-1d00-4841-8082-6afb7f4ef1f3,[]
2025-11-18 15:10:00+00:00,"Signal(ts=2025-11-18 15:10:00+00:00, action=SELL, qty=4, strategy=Momentum)",a83f8387-a50b-4d5c-8d3d-cf8661c712a3,[]
2025-11-18 15:11:00+00:00,"Signal(ts=2025-11-18 15:11:00+00:00, action=SELL, qty=6, strategy=Momentum)",19491a75-ac01-4546-9e7b-ad82584c7344,[]
2025-11-18 15:12:00+00:00,"Signal(ts=2025-11-18 15:12:00+00:00, action=SELL, qty=6, strategy=Momentum)",9a8da1c3-90f8-44ce-bc44-63587bad9e49,[]
2025-11-18 15:13:00+00:00,"Signal(ts=2025-11-18 15:13:00+00:00, action=SELL, qty=5, strategy=Momentum)",78196951-1474-483b-9a17-c846ab0e8e61,[]
2025-11-18 15:14:00+00:00,"Signal(ts=2025-11-18 15:14:00+00:00, action=SELL, qty=7, strategy=Momentum)",e0d6d5a8-aaae-4439-934e-6d84d440c730,[]
2025-11-18 15:15:00+00:00,"Signal(ts=2025-11-18 15:15:00+00:00, action=SELL, qty=7, strategy=Momentum)",48f2061f-42ec-4761-9825-4c3448d60240,[]
2025-11-18 15:16:00+00:00,"Signal(ts=2025-11-18 15:16:00+00:00, action=SELL, qty=6, strategy=Momentum)",691a9977-704e-4612-814b-fe9a20624872,[]
2025-11-18 15:17:00+00:00,"Signal(ts=2025-11-18 15:17:00+00:00, action=SELL, qty=7, strategy=Momentum)",d4a93f38-61c3-43da-a0db-6a4a2b6ccc26,[]
2025-11-18 15:18:00+00:00,"Signal(ts=2025-11-18 15:18:00+00:00, action=SELL, qty=4, strategy=Momentum)",7b3523d6-54aa-4214-8a0c-c12366ad47dc,[]
2025-11-18 15:19:00+00:00,"Signal(ts=2025-11-18 15:19:00+00:00, action=SELL, qty=4, strategy=Momentum)",f601f697-b42b-4261-a51a-9819f14577e2,[]
2025-11-18 15:20:00+00:00,"Signal(ts=2025-11-18 15:20:00+00:00, action=HOLD, qty=0, strategy=Momentum)",,[]
2025-11-18 15:21:00+00:00,"Signal(ts=2025-11-18 15:21:00+00:00, action=BUY, qty=1, strategy=Momentum)",4159ae56-85a3-48a3-ba5c-07f6a62e8211,"[{'price': 265.53399658203125, 'qty': 1, 'buy_id': '4159ae56-85a3-48a3-ba5c-07f6a62e8211', 'sell_id': 'd4a93f38-61c3-43da-a0db-6a4a2b6ccc26', 'timestamp': 1763961890.1778164}]"
2025-11-18 15:22:00+00:00,"Signal(ts=2025-11-18 15:22:00+00:00, action=BUY, qty=2, strategy=Momentum)",423af4bf-04fd-4602-a2af-883511561cca,"[{'price': 265.53399658203125, 'qty': 2, 'buy_id': '423af4bf-04fd-4602-a2af-883511561cca', 'sell_id': 'd4a93f38-61c3-43da-a0db-6a4a2b6ccc26', 'timestamp': 1763961890.1788158}]"
2025-11-18 15:23:00+00:00,"Signal(ts=2025-11-18 15:23:00+00:00, action=BUY, qty=3, strategy=Momentum)",cf675d8b-8941-4901-8540-664c2d6cc471,"[{'price': 265.53399658203125, 'qty': 3, 'buy_id': 'cf675d8b-8941-4901-8540-664c2d6cc471', 'sell_id': 'd4a93f38-61c3-43da-a0db-6a4a2b6ccc26', 'timestamp': 1763961890.1818159}]"
2025-11-18 15:24:00+00:00,"Signal(ts=2025-11-18 15:24:00+00:00, action=BUY, qty=2, strategy=Momentum)",25a5e94e-535b-420d-9102-ee1badb26f14,"[{'price': 265.53399658203125, 'qty': 1, 'buy_id': '25a5e94e-535b-420d-9102-ee1badb26f14', 'sell_id': 'd4a93f38-61c3-43da-a0db-6a4a2b6ccc26', 'timestamp': 1763961890.1829515}, {'price': 265.5799865722656, 'qty': 1, 'buy_id': '25a5e94e-535b-420d-9102-ee1badb26f14', 'sell_id': '7b3523d6-54aa-4214-8a0c-c12366ad47dc', 'timestamp': 1763961890.1829515}]"
2025-11-18 15:25:00+00:00,"Signal(ts=2025-11-18 15:25:00+00:00, action=BUY, qty=3, strategy=Momentum)",272c56ce-2a48-4f6c-a2df-bce68aaab14e,"[{'price': 265.5799865722656, 'qty': 3, 'buy_id': '272c56ce-2a48-4f6c-a2df-bce68aaab14e', 'sell_id': '7b3523d6-54aa-4214-8a0c-c12366ad47dc', 'timestamp': 1763961890.1849446}]"
2025-11-18 15:26:00+00:00,"Signal(ts=2025-11-18 15:26:00+00:00, action=BUY, qty=3, strategy=Momentum)",732c6f0b-97a7-4ce6-8203-1c840e1255f3,"[{'price': 265.8464050292969, 'qty': 3, 'buy_id': '732c6f0b-97a7-4ce6-8203-1c840e1255f3', 'sell_id': '691a9977-704e-4612-814b-fe9a20624872', 'timestamp': 1763961890.186421}]"
2025-11-18 15:27:00+00:00,"Signal(ts=2025-11-18 15:27:00+00:00, action=BUY, qty=2, strategy=Momentum)",a21441df-b953-412d-aa3c-2d3b67356743,"[{'price': 265.8464050292969, 'qty': 2, 'buy_id': 'a21441df-b953-412d-aa3c-2d3b67356743', 'sell_id': '691a9977-704e-4612-814b-fe9a20624872', 'timestamp': 1763961890.1874256}]"
2025-11-18 15:28:00+00:00,"Signal(ts=2025-11-18 15:28:00+00:00, action=BUY, qty=3, strategy=Momentum)",2f9d63b0-3359-484d-9f40-48912eec1636,"[{'price': 265.8464050292969, 'qty': 1, 'buy_id': '2f9d63b0-3359-484d-9f40-48912eec1636', 'sell_id': '691a9977-704e-4612-814b-fe9a20624872', 'timestamp': 1763961890.1894207}, {'price': 266.1072082519531, 'qty': 2, 'buy_id': '2f9d63b0-3359-484d-9f40-48912eec1636', 'sell_id': 'f601f697-b42b-4261-a51a-9819f14577e2', 'timestamp': 1763961890.1894207}]"
2025-11-18 15:29:00+00:00,"Signal(ts=2025-11-18 15:29:00+00:00, action=BUY, qty=2, strategy=Momentum)",d06f969d-b01e-4ec7-a3e0-b70178315ed1,"[{'price': 266.1072082519531, 'qty': 2, 'buy_id': 'd06f969d-b01e-4ec7-a3e0-b70178315ed1', 'sell_id': 'f601f697-b42b-4261-a51a-9819f14577e2', 'timestamp': 1763961890.190421}]"
2025-11-18 15:30:00+00:00,"Signal(ts=2025-11-18 15:30:00+00:00, action=BUY, qty=4, strategy=Momentum)",85decc10-85e5-47a9-bb97-3b0d541ee7d8,"[{'price': 266.2099914550781, 'qty': 4, 'buy_id': '85decc10-85e5-47a9-bb97-3b0d541ee7d8', 'sell_id': 'a8cc754c-e5fb-45d7-810c-4ce51d89ac0a', 'timestamp': 1763961890.1914225}]"
2025-11-18 15:31:00+00:00,"Signal(ts=2025-11-18 15:31:00+00:00, action=BUY, qty=2, strategy=Momentum)",9afc807c-c25f-42d1-b80c-94c00e94c523,"[{'price': 266.2099914550781, 'qty': 2, 'buy_id': '9afc807c-c25f-42d1-b80c-94c00e94c523', 'sell_id': 'a8cc754c-e5fb-45d7-810c-4ce51d89ac0a', 'timestamp': 1763961890.1924224}]"
2025-11-18 15:32:00+00:00,"Signal(ts=2025-11-18 15:32:00+00:00, action=BUY, qty=3, strategy=Momentum)",f33f0ea0-7514-48cc-b3c0-31fa57b57038,"[{'price': 266.2099914550781, 'qty': 3, 'buy_id': 'f33f0ea0-7514-48cc-b3c0-31fa57b57038', 'sell_id': 'a8cc754c-e5fb-45d7-810c-4ce51d89ac0a', 'timestamp': 1763961890.1934223}]"
2025-11-18 15:33:00+00:00,"Signal(ts=2025-11-18 15:33:00+00:00, action=BUY, qty=5, strategy=Momentum)",fec8e6dd-81f6-42d6-b277-b45d62807b1c,"[{'price': 266.2099914550781, 'qty': 3, 'buy_id': 'fec8e6dd-81f6-42d6-b277-b45d62807b1c', 'sell_id': 'a8cc754c-e5fb-45d7-810c-4ce51d89ac0a', 'timestamp': 1763961890.1954224}, {'price': 266.2349853515625, 'qty': 2, 'buy_id': 'fec8e6dd-81f6-42d6-b277-b45d62807b1c', 'sell_id': '48f2061f-42ec-4761-9825-4c3448d60240', 'timestamp': 1763961890.1954224}]"
2025-11-18 15:34:00+00:00,"Signal(ts=2025-11-18 15:34:00+00:00, action=BUY, qty=6, strategy=Momentum)",17fbb4e3-07de-4804-ae3f-14773c28b3e6,"[{'price': 266.2349853515625, 'qty': 5, 'buy_id': '17fbb4e3-07de-4804-ae3f-14773c28b3e6', 'sell_id': '48f2061f-42ec-4761-9825-4c3448d60240', 'timestamp': 1763961890.1964223}, {'price': 266.25, 'qty': 1, 'buy_id': '17fbb4e3-07de-4804-ae3f-14773c28b3e6', 'sell_id': '19491a75-ac01-4546-9e7b-ad82584c7344', 'timestamp': 1763961890.1964223}]"
2025-11-18 15:35:00+00:00,"Signal(ts=2025-11-18 15:35:00+00:00, action=BUY, qty=4, strategy=Momentum)",a1cd634a-fe11-4a75-a47e-300f2b3c2d2a,"[{'price': 266.25, 'qty': 4, 'buy_id': 'a1cd634a-fe11-4a75-a47e-300f2b3c2d2a', 'sell_id': '19491a75-ac01-4546-9e7b-ad82584c7344', 'timestamp': 1763961890.2024202}]"
2025-11-18 15:36:00+00:00,"Signal(ts=2025-11-18 15:36:00+00:00, action=BUY, qty=2, strategy=Momentum)",ab8169b1-c4a6-4ffa-9dc0-48e8530ca199,"[{'price': 266.25, 'qty': 1, 'buy_id': 'ab8169b1-c4a6-4ffa-9dc0-48e8530ca199', 'sell_id': '19491a75-ac01-4546-9e7b-ad82584c7344', 'timestamp': 1763961890.20442}, {'price': 266.32000732421875, 'qty': 1, 'buy_id': 'ab8169b1-c4a6-4ffa-9dc0-48e8530ca199', 'sell_id': '9a8da1c3-90f8-44ce-bc44-63587bad9e49', 'timestamp': 1763961890.20442}]"
2025-11-18 15:37:00+00:00,"Signal(ts=2025-11-18 15:37:00+00:00, action=BUY, qty=1, strategy=Momentum)",b9e3572e-a159-4634-916a-2843c643eae6,"[{'price': 266.32000732421875, 'qty': 1, 'buy_id': 'b9e3572e-a159-4634-916a-2843c643eae6', 'sell_id': '9a8da1c3-90f8-44ce-bc44-63587bad9e49', 'timestamp': 1763961890.2056222}]"
2025-11-18 15:38:00+00:00,"Signal(ts=2025-11-18 15:38:00+00:00, action=BUY, qty=1, strategy=Momentum)",79503945-4a62-4ac3-ac8f-a49993d9a226,"[{'price': 266.32000732421875, 'qty': 1, 'buy_id': '79503945-4a62-4ac3-ac8f-a49993d9a226', 'sell_id': '9a8da1c3-90f8-44ce-bc44-63587bad9e49', 'timestamp': 1763961890.2056222}]"
2025-11-18 15:39:00+00:00,"Signal(ts=2025-11-18 15:39:00+00:00, action=BUY, qty=2, strategy=Momentum)",b495555c-5895-4e30-b9bb-387fcf009700,"[{'price': 266.32000732421875, 'qty': 2, 'buy_id': 'b495555c-5895-4e30-b9bb-387fcf009700', 'sell_id': '9a8da1c3-90f8-44ce-bc44-63587bad9e49', 'timestamp': 1763961890.2056222}]"
2025-11-18 15:40:00+00:00,"Signal(ts=2025-11-18 15:40:00+00:00, action=BUY, qty=3, strategy=Momentum)",727f994b-9eaf-4568-b7c2-64d9f374dcd0,"[{'price': 266.32000732421875, 'qty': 1, 'buy_id': '727f994b-9eaf-4568-b7c2-64d9f374dcd0', 'sell_id': '9a8da1c3-90f8-44ce-bc44-63587bad9e49', 'timestamp': 1763961890.2056222}, {'price': 266.4378967285156, 'qty': 2, 'buy_id': '727f994b-9eaf-4568-b7c2-64d9f374dcd0', 'sell_id': '793f98b0-4544-4715-8e94-3a4f9cdfaee7', 'timestamp': 1763961890.2056222}]"
2025-11-18 15:41:00+00:00,"Signal(ts=2025-11-18 15:41:00+00:00, action=BUY, qty=4, strategy=Momentum)",26353e7b-7dd9-4323-a4ea-a14ce3ddc94c,"[{'price': 266.4378967285156, 'qty': 4, 'buy_id': '26353e7b-7dd9-4323-a4ea-a14ce3ddc94c', 'sell_id': '793f98b0-4544-4715-8e94-3a4f9cdfaee7', 'timestamp': 1763961890.2056222}]"
2025-11-18 15:42:00+00:00,"Signal(ts=2025-11-18 15:42:00+00:00, action=BUY, qty=2, strategy=Momentum)",2f5d395c-dfd3-4b80-8167-5e5d42a2dd9a,"[{'price': 266.4378967285156, 'qty': 2, 'buy_id': '2f5d395c-dfd3-4b80-8167-5e5d42a2dd9a', 'sell_id': '793f98b0-4544-4715-8e94-3a4f9cdfaee7', 'timestamp': 1763961890.2056222}]"
2025-11-18 15:43:00+00:00,"Signal(ts=2025-11-18 15:43:00+00:00, action=BUY, qty=2, strategy=Momentum)",9bd61783-7281-4c24-b16d-c77c6ee2bbb3,"[{'price': 266.4378967285156, 'qty': 2, 'buy_id': '9bd61783-7281-4c24-b16d-c77c6ee2bbb3', 'sell_id': '793f98b0-4544-4715-8e94-3a4f9cdfaee7', 'timestamp': 1763961890.2056222}]"
2025-11-18 15:44:00+00:00,"Signal(ts=2025-11-18 15:44:00+00:00, action=BUY, qty=4, strategy=Momentum)",d053f1df-aa15-4850-8dc2-94162e1bd8d8,"[{'price': 266.4599914550781, 'qty': 4, 'buy_id': 'd053f1df-aa15-4850-8dc2-94162e1bd8d8', 'sell_id': '78196951-1474-483b-9a17-c846ab0e8e61', 'timestamp': 1763961890.2056222}]"
2025-11-18 15:45:00+00:00,"Signal(ts=2025-11-18 15:45:00+00:00, action=BUY, qty=6, strategy=Momentum)",0c5fcb16-64cb-4193-9ebc-dbedd9c761d1,"[{'price': 266.4599914550781, 'qty': 1, 'buy_id': '0c5fcb16-64cb-4193-9ebc-dbedd9c761d1', 'sell_id': '78196951-1474-483b-9a17-c846ab0e8e61', 'timestamp': 1763961890.2056222}, {'price': 266.5299987792969, 'qty': 5, 'buy_id': '0c5fcb16-64cb-4193-9ebc-dbedd9c761d1', 'sell_id': 'e0d6d5a8-aaae-4439-934e-6d84d440c730', 'timestamp': 1763961890.2056222}]"
2025-11-18 15:46:00+00:00,"Signal(ts=2025-11-18 15:46:00+00:00, action=BUY, qty=8, strategy=Momentum)",c62f0193-1159-494b-a70a-9a18037883be,"[{'price': 266.5299987792969, 'qty': 2, 'buy_id': 'c62f0193-1159-494b-a70a-9a18037883be', 'sell_id': 'e0d6d5a8-aaae-4439-934e-6d84d440c730', 'timestamp': 1763961890.2056222}, {'price': 266.54998779296875, 'qty': 6, 'buy_id': 'c62f0193-1159-494b-a70a-9a18037883be', 'sell_id': 'eec58516-1b1f-4780-afec-2f95ab6f0fc6', 'timestamp': 1763961890.2056222}]"
2025-11-18 15:47:00+00:00,"Signal(ts=2025-11-18 15:47:00+00:00, action=BUY, qty=6, strategy=Momentum)",c6f81b08-5964-4f54-b0a9-2f0a365df828,"[{'price': 266.54998779296875, 'qty': 3, 'buy_id': 'c6f81b08-5964-4f54-b0a9-2f0a365df828', 'sell_id': 'eec58516-1b1f-4780-afec-2f95ab6f0fc6', 'timestamp': 1763961890.2190511}, {'price': 266.7349853515625, 'qty': 3, 'buy_id': 'c6f81b08-5964-4f54-b0a9-2f0a365df828', 'sell_id': 'a83f8387-a50b-4d5c-8d3d-cf8661c712a3', 'timestamp': 1763961890.2190511}]"
2025-11-18 15:48:00+00:00,"Signal(ts=2025-11-18 15:48:00+00:00, action=BUY, qty=4, strategy=Momentum)",5579af0e-11ee-48ed-a03e-4f9446f700dd,"[{'price': 266.7349853515625, 'qty': 1, 'buy_id': '5579af0e-11ee-48ed-a03e-4f9446f700dd', 'sell_id': 'a83f8387-a50b-4d5c-8d3d-cf8661c712a3', 'timestamp': 1763961890.2190511}, {'price': 266.77508544921875, 'qty': 3, 'buy_id': '5579af0e-11ee-48ed-a03e-4f9446f700dd', 'sell_id': 'c21bcb6a-1470-48f0-9ffe-99a0a7b7f9a0', 'timestamp': 1763961890.2190511}]"
2025-11-18 15:49:00+00:00,"Signal(ts=2025-11-18 15:49:00+00:00, action=BUY, qty=1, strategy=Momentum)",941a67e4-59e0-415d-82be-1ca063d47722,"[{'price': 266.77508544921875, 'qty': 1, 'buy_id': '941a67e4-59e0-415d-82be-1ca063d47722', 'sell_id': 'c21bcb6a-1470-48f0-9ffe-99a0a7b7f9a0', 'timestamp': 1763961890.224146}]"
2025-11-18 15:50:00+00:00,"Signal(ts=2025-11-18 15:50:00+00:00, action=SELL, qty=1, strategy=Momentum)",05c4ccb8-5822-420c-bbf3-bf824d5da90f,[]
2025-11-18 15:51:00+00:00,"Signal(ts=2025-11-18 15:51:00+00:00, action=SELL, qty=1, strategy=Momentum)",d2819b2d-1a00-42a0-a7bf-6877cc7df982,[]
2025-11-18 15:52:00+00:00,"Signal(ts=2025-11-18 15:52:00+00:00, action=SELL, qty=2, strategy=Momentum)",74ca1304-7e3e-4bf3-af2c-6d2c08a43e2e,[]
2025-11-18 15:53:00+00:00,"Signal(ts=2025-11-18 15:53:00+00:00, action=SELL, qty=2, strategy=Momentum)",87f3f7ee-1e5f-49fa-9dbe-991a9e6dc71d,[]
2025-11-18 15:54:00+00:00,"Signal(ts=2025-11-18 15:54:00+00:00, action=SELL, qty=2, strategy=Momentum)",1ea52be0-98c3-4378-91ea-29e670ad53c3,[]
2025-11-18 15:55:00+00:00,"Signal(ts=2025-11-18 15:55:00+00:00, action=SELL, qty=3, strategy=Momentum)",0679ca2c-edae-4718-85ee-2c8114247508,[]
2025-11-18 15:56:00+00:00,"Signal(ts=2025-11-18 15:56:00+00:00, action=SELL, qty=4, strategy=Momentum)",15b6e2f5-275d-47a4-94a9-3b4d75d1a47c,[]
2025-11-18 15:57:00+00:00,"Signal(ts=2025-11-18 15:57:00+00:00, action=SELL, qty=3, strategy=Momentum)",12f0f52c-288d-4b05-8261-289db4992713,[]
2025-11-18 15:58:00+00:00,"Signal(ts=2025-11-18 15:58:00+00:00, action=SELL, qty=3, strategy=Momentum)",f8c4d319-693f-4909-ac96-75cd7e85c57f,[]
2025-11-18 15:59:00+00:00,"Signal(ts=2025-11-18 15:59:00+00:00, action=SELL, qty=5, strategy=Momentum)",3f45a8a4-9ce3-4a58-8ce0-fbb95198074a,[]
2025-11-18 16:00:00+00:00,"Signal(ts=2025-11-18 16:00:00+00:00, action=SELL, qty=3, strategy=Momentum)",cacf4568-5d96-4ed0-a0f2-0d66fd4bd9c3,[]
2025-11-18 16:01:00+00:00,"Signal(ts=2025-11-18 16:01:00+00:00, action=SELL, qty=7, strategy=Momentum)",b47681ba-b922-4ef2-af8e-b516b5026701,[]
2025-11-18 16:02:00+00:00,"Signal(ts=2025-11-18 16:02:00+00:00, action=SELL, qty=6, strategy=Momentum)",16319afc-72cb-4922-b7b8-1f0cd7d2f36b,[]
2025-11-18 16:03:00+00:00,"Signal(ts=2025-11-18 16:03:00+00:00, action=SELL, qty=6, strategy=Momentum)",b7bb98ca-a730-468a-8aa0-292e93c7f5f2,[]
2025-11-18 16:04:00+00:00,"Signal(ts=2025-11-18 16:04:00+00:00, action=SELL, qty=5, strategy=Momentum)",4a6d3dca-d745-444e-84d1-048c81637a99,[]
2025-11-18 16:05:00+00:00,"Signal(ts=2025-11-18 16:05:00+00:00, action=SELL, qty=4, strategy=Momentum)",c4fd3a4b-34b1-4003-b1af-f04ddb47bd6b,[]
2025-11-18 16:06:00+00:00,"Signal(ts=2025-11-18 16:06:00+00:00, action=SELL, qty=4, strategy=Momentum)",ff7b7430-a22e-4e54-8ed6-3edf2694d8ba,[]
2025-11-18 16:07:00+00:00,"Signal(ts=2025-11-18 16:07:00+00:00, action=SELL, qty=3, strategy=Momentum)",fa0fde2c-790a-4df6-b070-bdc5c4e96298,[]
2025-11-18 16:08:00+00:00,"Signal(ts=2025-11-18 16:08:00+00:00, action=SELL, qty=2, strategy=Momentum)",7a9f93f9-bf74-4d31-ab1d-08fefb3c61a3,[]
2025-11-18 16:09:00+00:00,"Signal(ts=2025-11-18 16:09:00+00:00, action=SELL, qty=2, strategy=Momentum)",796d26a9-5f13-4db5-9236-5298d91c7de6,[]
2025-11-18 16:10:00+00:00,"Signal(ts=2025-11-18 16:10:00+00:00, action=SELL, qty=3, strategy=Momentum)",29daaf35-991d-44e4-b3c7-de99f1a3c622,[]
2025-11-18 16:11:00+00:00,"Signal(ts=2025-11-18 16:11:00+00:00, action=HOLD, qty=0, strategy=Momentum)",,[]
2025-11-18 16:12:00+00:00,"Signal(ts=2025-11-18 16:12:00+00:00, action=HOLD, qty=0, strategy=Momentum)",,[]
2025-11-18 16:13:00+00:00,"Signal(ts=2025-11-18 16:13:00+00:00, action=SELL, qty=1, strategy=Momentum)",6c628160-f268-4d8f-b375-5b77e476e412,[]
2025-11-18 16:14:00+00:00,"Signal(ts=2025-11-18 16:14:00+00:00, action=SELL, qty=2, strategy=Momentum)",3ab7037f-2cca-4a4e-a9cc-4a2655cd77e9,[]
2025-11-18 16:15:00+00:00,"Signal(ts=2025-11-18 16:15:00+00:00, action=SELL, qty=2, strategy=Momentum)",c2b801d8-f136-402e-9b30-23051fde1e1f,[]
2025-11-18 16:16:00+00:00,"Signal(ts=2025-11-18 16:16:00+00:00, action=SELL, qty=1, strategy=Momentum)",29153965-9711-44e8-9e22-1ce2e3b2c721,[]
2025-11-18 16:17:00+00:00,"Signal(ts=2025-11-18 16:17:00+00:00, action=SELL, qty=1, strategy=Momentum)",999f601f-b1ae-40e8-8b09-7d6b8525ae3e,[]
2025-11-18 16:18:00+00:00,"Signal(ts=2025-11-18 16:18:00+00:00, action=HOLD, qty=0, strategy=Momentum)",,[]
2025-11-18 16:19:00+00:00,"Signal(ts=2025-11-18 16:19:00+00:00, action=BUY, qty=1, strategy=Momentum)",85f26bae-7117-4200-bde6-d79c344be90d,"[{'price': 266.0845031738281, 'qty': 1, 'buy_id': '85f26bae-7117-4200-bde6-d79c344be90d', 'sell_id': 'b7bb98ca-a730-468a-8aa0-292e93c7f5f2', 'timestamp': 1763961890.2632196}]"
2025-11-18 16:20:00+00:00,"Signal(ts=2025-11-18 16:20:00+00:00, action=BUY, qty=2, strategy=Momentum)",01427170-8bcd-433d-b886-5a9a6a05cbf2,"[{'price': 266.0845031738281, 'qty': 2, 'buy_id': '01427170-8bcd-433d-b886-5a9a6a05cbf2', 'sell_id': 'b7bb98ca-a730-468a-8aa0-292e93c7f5f2', 'timestamp': 1763961890.2632196}]"
2025-11-18 16:21:00+00:00,"Signal(ts=2025-11-18 16:21:00+00:00, action=BUY, qty=1, strategy=Momentum)",26725fcd-dd1f-4e28-becb-6c1c28ed6025,"[{'price': 266.0845031738281, 'qty': 1, 'buy_id': '26725fcd-dd1f-4e28-becb-6c1c28ed6025', 'sell_id': 'b7bb98ca-a730-468a-8aa0-292e93c7f5f2', 'timestamp': 1763961890.2632196}]"
2025-11-18 16:22:00+00:00,"Signal(ts=2025-11-18 16:22:00+00:00, action=BUY, qty=3, strategy=Momentum)",c219f2ba-347e-425a-83ed-63a166bff683,"[{'price': 266.0845031738281, 'qty': 2, 'buy_id': 'c219f2ba-347e-425a-83ed-63a166bff683', 'sell_id': 'b7bb98ca-a730-468a-8aa0-292e93c7f5f2', 'timestamp': 1763961890.2697127}, {'price': 266.15509033203125, 'qty': 1, 'buy_id': 'c219f2ba-347e-425a-83ed-63a166bff683', 'sell_id': '16319afc-72cb-4922-b7b8-1f0cd7d2f36b', 'timestamp': 1763961890.2697127}]"
2025-11-18 16:23:00+00:00,"Signal(ts=2025-11-18 16:23:00+00:00, action=BUY, qty=2, strategy=Momentum)",6c540244-b95e-40a0-a344-0612274ac505,"[{'price': 266.15509033203125, 'qty': 2, 'buy_id': '6c540244-b95e-40a0-a344-0612274ac505', 'sell_id': '16319afc-72cb-4922-b7b8-1f0cd7d2f36b', 'timestamp': 1763961890.2697127}]"
2025-11-18 16:24:00+00:00,"Signal(ts=2025-11-18 16:24:00+00:00, action=BUY, qty=1, strategy=Momentum)",50c7e087-b3aa-4841-b26a-07395655ba71,"[{'price': 266.15509033203125, 'qty': 1, 'buy_id': '50c7e087-b3aa-4841-b26a-07395655ba71', 'sell_id': '16319afc-72cb-4922-b7b8-1f0cd7d2f36b', 'timestamp': 1763961890.2697127}]"
2025-11-18 16:25:00+00:00,"Signal(ts=2025-11-18 16:25:00+00:00, action=BUY, qty=3, strategy=Momentum)",f922c6d9-e745-4f29-8198-2b4da5335e84,"[{'price': 266.15509033203125, 'qty': 2, 'buy_id': 'f922c6d9-e745-4f29-8198-2b4da5335e84', 'sell_id': '16319afc-72cb-4922-b7b8-1f0cd7d2f36b', 'timestamp': 1763961890.274884}, {'price': 266.17999267578125, 'qty': 1, 'buy_id': 'f922c6d9-e745-4f29-8198-2b4da5335e84', 'sell_id': 'b47681ba-b922-4ef2-af8e-b516b5026701', 'timestamp': 1763961890.274884}]"
2025-11-18 16:26:00+00:00,"Signal(ts=2025-11-18 16:26:00+00:00, action=BUY, qty=3, strategy=Momentum)",ceae3aa0-1bad-4e25-b21d-30695e7e067f,"[{'price': 266.17999267578125, 'qty': 3, 'buy_id': 'ceae3aa0-1bad-4e25-b21d-30695e7e067f', 'sell_id': 'b47681ba-b922-4ef2-af8e-b516b5026701', 'timestamp': 1763961890.2767007}]"
2025-11-18 16:27:00+00:00,"Signal(ts=2025-11-18 16:27:00+00:00, action=BUY, qty=4, strategy=Momentum)",6bd1998e-f0e0-4154-91aa-ff33779c90be,"[{'price': 266.17999267578125, 'qty': 3, 'buy_id': '6bd1998e-f0e0-4154-91aa-ff33779c90be', 'sell_id': 'b47681ba-b922-4ef2-af8e-b516b5026701', 'timestamp': 1763961890.2779164}, {'price': 266.19000244140625, 'qty': 1, 'buy_id': '6bd1998e-f0e0-4154-91aa-ff33779c90be', 'sell_id': '4a6d3dca-d745-444e-84d1-048c81637a99', 'timestamp': 1763961890.2779164}]"
2025-11-18 16:28:00+00:00,"Signal(ts=2025-11-18 16:28:00+00:00, action=BUY, qty=5, strategy=Momentum)",84fc9fc5-81c8-468d-ba76-7cb05ca86e84,"[{'price': 266.19000244140625, 'qty': 4, 'buy_id': '84fc9fc5-81c8-468d-ba76-7cb05ca86e84', 'sell_id': '4a6d3dca-d745-444e-84d1-048c81637a99', 'timestamp': 1763961890.2789092}, {'price': 266.20050048828125, 'qty': 1, 'buy_id': '84fc9fc5-81c8-468d-ba76-7cb05ca86e84', 'sell_id': 'ff7b7430-a22e-4e54-8ed6-3edf2694d8ba', 'timestamp': 1763961890.2789092}]"
2025-11-18 16:29:00+00:00,"Signal(ts=2025-11-18 16:29:00+00:00, action=BUY, qty=4, strategy=Momentum)",d395c34f-97e8-418b-8540-f537f4e7d6c7,"[{'price': 266.20050048828125, 'qty': 3, 'buy_id': 'd395c34f-97e8-418b-8540-f537f4e7d6c7', 'sell_id': 'ff7b7430-a22e-4e54-8ed6-3edf2694d8ba', 'timestamp': 1763961890.279906}, {'price': 266.2250061035156, 'qty': 1, 'buy_id': 'd395c34f-97e8-418b-8540-f537f4e7d6c7', 'sell_id': 'c4fd3a4b-34b1-4003-b1af-f04ddb47bd6b', 'timestamp': 1763961890.279906}]"
2025-11-18 16:30:00+00:00,"Signal(ts=2025-11-18 16:30:00+00:00, action=BUY, qty=5, strategy=Momentum)",6d152913-171a-43c0-b65c-c0a5596f8c6a,"[{'price': 266.2250061035156, 'qty': 3, 'buy_id': '6d152913-171a-43c0-b65c-c0a5596f8c6a', 'sell_id': 'c4fd3a4b-34b1-4003-b1af-f04ddb47bd6b', 'timestamp': 1763961890.280906}, {'price': 266.5249938964844, 'qty': 2, 'buy_id': '6d152913-171a-43c0-b65c-c0a5596f8c6a', 'sell_id': 'fa0fde2c-790a-4df6-b070-bdc5c4e96298', 'timestamp': 1763961890.280906}]"
2025-11-18 16:31:00+00:00,"Signal(ts=2025-11-18 16:31:00+00:00, action=BUY, qty=6, strategy=Momentum)",c321ebd1-a128-475f-b9b3-f900bb31d980,"[{'price': 266.5249938964844, 'qty': 1, 'buy_id': 'c321ebd1-a128-475f-b9b3-f900bb31d980', 'sell_id': 'fa0fde2c-790a-4df6-b070-bdc5c4e96298', 'timestamp': 1763961890.280906}, {'price': 266.54998779296875, 'qty': 5, 'buy_id': 'c321ebd1-a128-475f-b9b3-f900bb31d980', 'sell_id': '3f45a8a4-9ce3-4a58-8ce0-fbb95198074a', 'timestamp': 1763961890.280906}]"
2025-11-18 16:32:00+00:00,"Signal(ts=2025-11-18 16:32:00+00:00, action=BUY, qty=6, strategy=Momentum)",02491fd5-630e-49b6-ad17-42f97575bb40,"[{'price': 266.57000732421875, 'qty': 2, 'buy_id': '02491fd5-630e-49b6-ad17-42f97575bb40', 'sell_id': '796d26a9-5f13-4db5-9236-5298d91c7de6', 'timestamp': 1763961890.280906}, {'price': 266.6000061035156, 'qty': 3, 'buy_id': '02491fd5-630e-49b6-ad17-42f97575bb40', 'sell_id': 'f8c4d319-693f-4909-ac96-75cd7e85c57f', 'timestamp': 1763961890.280906}, {'price': 266.6000061035156, 'qty': 1, 'buy_id': '02491fd5-630e-49b6-ad17-42f97575bb40', 'sell_id': '7a9f93f9-bf74-4d31-ab1d-08fefb3c61a3', 'timestamp': 1763961890.280906}]"
2025-11-18 16:33:00+00:00,"Signal(ts=2025-11-18 16:33:00+00:00, action=BUY, qty=6, strategy=Momentum)",5b89644f-b9ee-4e6d-adc8-d10249483635,"[{'price': 266.6000061035156, 'qty': 1, 'buy_id': '5b89644f-b9ee-4e6d-adc8-d10249483635', 'sell_id': '7a9f93f9-bf74-4d31-ab1d-08fefb3c61a3', 'timestamp': 1763961890.2853992}, {'price': 266.6650085449219, 'qty': 3, 'buy_id': '5b89644f-b9ee-4e6d-adc8-d10249483635', 'sell_id': 'cacf4568-5d96-4ed0-a0f2-0d66fd4bd9c3', 'timestamp': 1763961890.2853992}, {'price': 266.6731872558594, 'qty': 2, 'buy_id': '5b89644f-b9ee-4e6d-adc8-d10249483635', 'sell_id': '15b6e2f5-275d-47a4-94a9-3b4d75d1a47c', 'timestamp': 1763961890.2853992}]"
2025-11-18 16:34:00+00:00,"Signal(ts=2025-11-18 16:34:00+00:00, action=BUY, qty=4, strategy=Momentum)",7a07a2da-a1b1-4c5f-88dd-ba313392ebf0,"[{'price': 266.6731872558594, 'qty': 2, 'buy_id': '7a07a2da-a1b1-4c5f-88dd-ba313392ebf0', 'sell_id': '15b6e2f5-275d-47a4-94a9-3b4d75d1a47c', 'timestamp': 1763961890.2867255}, {'price': 266.7074890136719, 'qty': 2, 'buy_id': '7a07a2da-a1b1-4c5f-88dd-ba313392ebf0', 'sell_id': '29daaf35-991d-44e4-b3c7-de99f1a3c622', 'timestamp': 1763961890.2867255}]"
2025-11-18 16:35:00+00:00,"Signal(ts=2025-11-18 16:35:00+00:00, action=BUY, qty=5, strategy=Momentum)",2730d6ba-8a04-4dfb-bf6b-4d5966acffca,"[{'price': 266.7074890136719, 'qty': 1, 'buy_id': '2730d6ba-8a04-4dfb-bf6b-4d5966acffca', 'sell_id': '29daaf35-991d-44e4-b3c7-de99f1a3c622', 'timestamp': 1763961890.2897415}, {'price': 266.77508544921875, 'qty': 2, 'buy_id': '2730d6ba-8a04-4dfb-bf6b-4d5966acffca', 'sell_id': 'c21bcb6a-1470-48f0-9ffe-99a0a7b7f9a0', 'timestamp': 1763961890.2897415}, {'price': 266.7900085449219, 'qty': 1, 'buy_id': '2730d6ba-8a04-4dfb-bf6b-4d5966acffca', 'sell_id': 'd974ec46-4ffc-4c54-b47a-3473cc4f3fe0', 'timestamp': 1763961890.2897415}, {'price': 266.7950134277344, 'qty': 1, 'buy_id': '2730d6ba-8a04-4dfb-bf6b-4d5966acffca', 'sell_id': 'dfbca714-d3d9-4e44-a761-852cf66cf14a', 'timestamp': 1763961890.2897415}]"
2025-11-18 16:36:00+00:00,"Signal(ts=2025-11-18 16:36:00+00:00, action=BUY, qty=4, strategy=Momentum)",333de7a9-a226-419f-adb8-a171159ca8e1,"[{'price': 266.7950134277344, 'qty': 4, 'buy_id': '333de7a9-a226-419f-adb8-a171159ca8e1', 'sell_id': 'dfbca714-d3d9-4e44-a761-852cf66cf14a', 'timestamp': 1763961890.2918365}]"
2025-11-18 16:37:00+00:00,"Signal(ts=2025-11-18 16:37:00+00:00, action=BUY, qty=3, strategy=Momentum)",7e3a85af-64c8-460c-a46c-6bdcff0f9032,"[{'price': 266.7950134277344, 'qty': 2, 'buy_id': '7e3a85af-64c8-460c-a46c-6bdcff0f9032', 'sell_id': 'dfbca714-d3d9-4e44-a761-852cf66cf14a', 'timestamp': 1763961890.2932563}, {'price': 266.79998779296875, 'qty': 1, 'buy_id': '7e3a85af-64c8-460c-a46c-6bdcff0f9032', 'sell_id': '12f0f52c-288d-4b05-8261-289db4992713', 'timestamp': 1763961890.2932563}]"
2025-11-18 16:38:00+00:00,"Signal(ts=2025-11-18 16:38:00+00:00, action=BUY, qty=4, strategy=Momentum)",028f7d69-8906-4747-a97c-ab91cf666e6e,"[{'price': 266.79998779296875, 'qty': 2, 'buy_id': '028f7d69-8906-4747-a97c-ab91cf666e6e', 'sell_id': '12f0f52c-288d-4b05-8261-289db4992713', 'timestamp': 1763961890.2942505}, {'price': 266.8299865722656, 'qty': 2, 'buy_id': '028f7d69-8906-4747-a97c-ab91cf666e6e', 'sell_id': '4e38f37e-1d00-4841-8082-6afb7f4ef1f3', 'timestamp': 1763961890.2942505}]"
2025-11-18 16:39:00+00:00,"Signal(ts=2025-11-18 16:39:00+00:00, action=BUY, qty=2, strategy=Momentum)",0c8a2a4a-6368-41d5-a727-c9f6959074c5,"[{'price': 266.8299865722656, 'qty': 2, 'buy_id': '0c8a2a4a-6368-41d5-a727-c9f6959074c5', 'sell_id': '4e38f37e-1d00-4841-8082-6afb7f4ef1f3', 'timestamp': 1763961890.296251}]"
2025-11-18 16:40:00+00:00,"Signal(ts=2025-11-18 16:40:00+00:00, action=BUY, qty=1, strategy=Momentum)",e713bbd6-0b7f-4a69-be45-5d5afff08c01,"[{'price': 266.8299865722656, 'qty': 1, 'buy_id': 'e713bbd6-0b7f-4a69-be45-5d5afff08c01', 'sell_id': '4e38f37e-1d00-4841-8082-6afb7f4ef1f3', 'timestamp': 1763961890.296251}]"
2025-11-18 16:41:00+00:00,"Signal(ts=2025-11-18 16:41:00+00:00, action=BUY, qty=1, strategy=Momentum)",8074ca54-3eda-4752-bbd3-e2787377945d,"[{'price': 266.8299865722656, 'qty': 1, 'buy_id': '8074ca54-3eda-4752-bbd3-e2787377945d', 'sell_id': '4e38f37e-1d00-4841-8082-6afb7f4ef1f3', 'timestamp': 1763961890.296251}]"
2025-11-18 16:42:00+00:00,"Signal(ts=2025-11-18 16:42:00+00:00, action=BUY, qty=2, strategy=Momentum)",8d01bea5-f090-4f84-b9bb-fb4d8501581c,"[{'price': 266.8500061035156, 'qty': 2, 'buy_id': '8d01bea5-f090-4f84-b9bb-fb4d8501581c', 'sell_id': '87f3f7ee-1e5f-49fa-9dbe-991a9e6dc71d', 'timestamp': 1763961890.296251}]"
2025-11-18 16:43:00+00:00,"Signal(ts=2025-11-18 16:43:00+00:00, action=BUY, qty=3, strategy=Momentum)",e7f724a0-5a9a-426b-95e9-a190f0685868,"[{'price': 266.8699035644531, 'qty': 1, 'buy_id': 'e7f724a0-5a9a-426b-95e9-a190f0685868', 'sell_id': '999f601f-b1ae-40e8-8b09-7d6b8525ae3e', 'timestamp': 1763961890.296251}, {'price': 266.8699951171875, 'qty': 2, 'buy_id': 'e7f724a0-5a9a-426b-95e9-a190f0685868', 'sell_id': '1ea52be0-98c3-4378-91ea-29e670ad53c3', 'timestamp': 1763961890.296251}]"
2025-11-18 16:44:00+00:00,"Signal(ts=2025-11-18 16:44:00+00:00, action=BUY, qty=4, strategy=Momentum)",82424907-f29e-4766-bedf-4f01923e0832,"[{'price': 266.8999938964844, 'qty': 1, 'buy_id': '82424907-f29e-4766-bedf-4f01923e0832', 'sell_id': '05c4ccb8-5822-420c-bbf3-bf824d5da90f', 'timestamp': 1763961890.3032029}, {'price': 266.9797058105469, 'qty': 2, 'buy_id': '82424907-f29e-4766-bedf-4f01923e0832', 'sell_id': 'c2b801d8-f136-402e-9b30-23051fde1e1f', 'timestamp': 1763961890.3032029}, {'price': 267.010009765625, 'qty': 1, 'buy_id': '82424907-f29e-4766-bedf-4f01923e0832', 'sell_id': '67ea7fec-0dbd-4c27-98a9-99c7ba89b148', 'timestamp': 1763961890.3032029}]"
2025-11-18 16:45:00+00:00,"Signal(ts=2025-11-18 16:45:00+00:00, action=BUY, qty=3, strategy=Momentum)",d57dd807-1b44-4f68-9e0f-fed77db1eb95,"[{'price': 267.010009765625, 'qty': 3, 'buy_id': 'd57dd807-1b44-4f68-9e0f-fed77db1eb95', 'sell_id': '67ea7fec-0dbd-4c27-98a9-99c7ba89b148', 'timestamp': 1763961890.3032029}]"
2025-11-18 16:46:00+00:00,"Signal(ts=2025-11-18 16:46:00+00:00, action=BUY, qty=4, strategy=Momentum)",65ea6cfb-277e-4600-81e8-ad2dacca5b68,"[{'price': 267.010009765625, 'qty': 3, 'buy_id': '65ea6cfb-277e-4600-81e8-ad2dacca5b68', 'sell_id': '67ea7fec-0dbd-4c27-98a9-99c7ba89b148', 'timestamp': 1763961890.3081474}, {'price': 267.0150146484375, 'qty': 1, 'buy_id': '65ea6cfb-277e-4600-81e8-ad2dacca5b68', 'sell_id': '3ab7037f-2cca-4a4e-a9cc-4a2655cd77e9', 'timestamp': 1763961890.3081474}]"
2025-11-18 16:47:00+00:00,"Signal(ts=2025-11-18 16:47:00+00:00, action=BUY, qty=1, strategy=Momentum)",a17bcf10-935c-464a-8984-3464a7bd93c6,"[{'price': 267.0150146484375, 'qty': 1, 'buy_id': 'a17bcf10-935c-464a-8984-3464a7bd93c6', 'sell_id': '3ab7037f-2cca-4a4e-a9cc-4a2655cd77e9', 'timestamp': 1763961890.3091378}]"
2025-11-18 16:48:00+00:00,"Signal(ts=2025-11-18 16:48:00+00:00, action=BUY, qty=2, strategy=Momentum)",e998a980-455b-4379-a004-25c6b1873576,"[{'price': 267.01971435546875, 'qty': 1, 'buy_id': 'e998a980-455b-4379-a004-25c6b1873576', 'sell_id': 'd2819b2d-1a00-42a0-a7bf-6877cc7df982', 'timestamp': 1763961890.3111365}, {'price': 267.0375061035156, 'qty': 1, 'buy_id': 'e998a980-455b-4379-a004-25c6b1873576', 'sell_id': '74ca1304-7e3e-4bf3-af2c-6d2c08a43e2e', 'timestamp': 1763961890.3111365}]"
2025-11-18 16:49:00+00:00,"Signal(ts=2025-11-18 16:49:00+00:00, action=BUY, qty=1, strategy=Momentum)",3f45919a-274f-457d-8f05-f27f852a304d,"[{'price': 267.0375061035156, 'qty': 1, 'buy_id': '3f45919a-274f-457d-8f05-f27f852a304d', 'sell_id': '74ca1304-7e3e-4bf3-af2c-6d2c08a43e2e', 'timestamp': 1763961890.3111365}]"
2025-11-18 16:50:00+00:00,"Signal(ts=2025-11-18 16:50:00+00:00, action=BUY, qty=1, strategy=Momentum)",b860819b-7203-40e5-b851-70fc21576bf8,"[{'price': 267.04998779296875, 'qty': 1, 'buy_id': 'b860819b-7203-40e5-b851-70fc21576bf8', 'sell_id': '29153965-9711-44e8-9e22-1ce2e3b2c721', 'timestamp': 1763961890.3111365}]"
2025-11-18 16:51:00+00:00,"Signal(ts=2025-11-18 16:51:00+00:00, action=HOLD, qty=0, strategy=Momentum)",,[]
2025-11-18 16:52:00+00:00,"Signal(ts=2025-11-18 16:52:00+00:00, action=BUY, qty=1, strategy=Momentum)",c4926724-42b1-4925-b4fc-e50774e63526,"[{'price': 267.07501220703125, 'qty': 1, 'buy_id': 'c4926724-42b1-4925-b4fc-e50774e63526', 'sell_id': '0679ca2c-edae-4718-85ee-2c8114247508', 'timestamp': 1763961890.3111365}]"
2025-11-18 16:53:00+00:00,"Signal(ts=2025-11-18 16:53:00+00:00, action=HOLD, qty=0, strategy=Momentum)",,[]
2025-11-18 16:54:00+00:00,"Signal(ts=2025-11-18 16:54:00+00:00, action=HOLD, qty=0, strategy=Momentum)",,[]
2025-11-18 16:55:00+00:00,"Signal(ts=2025-11-18 16:55:00+00:00, action=BUY, qty=1, strategy=Momentum)",6a5fbbe4-7551-4b27-aeb4-067b952df85c,"[{'price': 267.07501220703125, 'qty': 1, 'buy_id': '6a5fbbe4-7551-4b27-aeb4-067b952df85c', 'sell_id': '0679ca2c-edae-4718-85ee-2c8114247508', 'timestamp': 1763961890.3197174}]"
2025-11-18 16:56:00+00:00,"Signal(ts=2025-11-18 16:56:00+00:00, action=BUY, qty=1, strategy=Momentum)",20d33376-7747-4464-88fc-75c2604b13dc,"[{'price': 267.07501220703125, 'qty': 1, 'buy_id': '20d33376-7747-4464-88fc-75c2604b13dc', 'sell_id': '0679ca2c-edae-4718-85ee-2c8114247508', 'timestamp': 1763961890.3197174}]"
2025-11-18 16:57:00+00:00,"Signal(ts=2025-11-18 16:57:00+00:00, action=HOLD, qty=0, strategy=Momentum)",,[]
2025-11-18 16:58:00+00:00,"Signal(ts=2025-11-18 16:58:00+00:00, action=SELL, qty=1, strategy=Momentum)",13f53497-3f61-4514-b8cb-b7c8efe5cde3,[]
2025-11-18 16:59:00+00:00,"Signal(ts=2025-11-18 16:59:00+00:00, action=HOLD, qty=0, strategy=Momentum)",,[]
2025-11-18 17:00:00+00:00,"Signal(ts=2025-11-18 17:00:00+00:00, action=HOLD, qty=0, strategy=Momentum)",,[]
2025-11-18 17:01:00+00:00,"Signal(ts=2025-11-18 17:01:00+00:00, action=HOLD, qty=0, strategy=Momentum)",,[]
2025-11-18 17:02:00+00:00,"Signal(ts=2025-11-18 17:02:00+00:00, action=BUY, qty=1, strategy=Momentum)",479b9d6e-2a84-4e47-a1c2-e53b685292df,"[{'price': 267.20001220703125, 'qty': 1, 'buy_id': '479b9d6e-2a84-4e47-a1c2-e53b685292df', 'sell_id': '6c628160-f268-4d8f-b375-5b77e476e412', 'timestamp': 1763961890.3293788}]"
2025-11-18 17:03:00+00:00,"Signal(ts=2025-11-18 17:03:00+00:00, action=BUY, qty=1, strategy=Momentum)",cb018eda-60d3-4ad4-bd52-9b3f80b522c6,"[{'price': 267.5599975585937, 'qty': 1, 'buy_id': 'cb018eda-60d3-4ad4-bd52-9b3f80b522c6', 'sell_id': '13f53497-3f61-4514-b8cb-b7c8efe5cde3', 'timestamp': 1763961890.3293788}]"
2025-11-18 17:04:00+00:00,"Signal(ts=2025-11-18 17:04:00+00:00, action=BUY, qty=1, strategy=Momentum)",576b8e9a-f95d-4b85-9103-7c0143954b4a,[]
2025-11-18 17:05:00+00:00,"Signal(ts=2025-11-18 17:05:00+00:00, action=HOLD, qty=0, strategy=Momentum)",,[]
2025-11-18 17:06:00+00:00,"Signal(ts=2025-11-18 17:06:00+00:00, action=HOLD, qty=0, strategy=Momentum)",,[]
2025-11-18 17:07:00+00:00,"Signal(ts=2025-11-18 17:07:00+00:00, action=BUY, qty=1, strategy=Momentum)",75587542-d8f4-4858-adf3-497d3d0eb8b2,[]
2025-11-18 17:08:00+00:00,"Signal(ts=2025-11-18 17:08:00+00:00, action=BUY, qty=2, strategy=Momentum)",76c86477-f8e6-410a-b395-5c2de413c112,[]
2025-11-18 17:09:00+00:00,"Signal(ts=2025-11-18 17:09:00+00:00, action=BUY, qty=1, strategy=Momentum)",2e43b8f2-dd68-4f63-818f-8bf23ac7cf50,[]
2025-11-18 17:10:00+00:00,"Signal(ts=2025-11-18 17:10:00+00:00, action=BUY, qty=1, strategy=Momentum)",ae311982-566c-408e-ad30-1cc298cf2a91,[]
2025-11-18 17:11:00+00:00,"Signal(ts=2025-11-18 17:11:00+00:00, action=BUY, qty=1, strategy=Momentum)",4416635c-d2e5-4b68-99a3-48bf38781f00,[]
2025-11-18 17:12:00+00:00,"Signal(ts=2025-11-18 17:12:00+00:00, action=HOLD, qty=0, strategy=Momentum)",,[]
2025-11-18 17:13:00+00:00,"Signal(ts=2025-11-18 17:13:00+00:00, action=SELL, qty=1, strategy=Momentum)",5e11d9e9-71e8-47a7-a67b-c7bc5d9e6091,"[{'price': 267.87921142578125, 'qty': 1, 'buy_id': '4416635c-d2e5-4b68-99a3-48bf38781f00', 'sell_id': '5e11d9e9-71e8-47a7-a67b-c7bc5d9e6091', 'timestamp': 1763961890.3483899}]"
2025-11-18 17:14:00+00:00,"Signal(ts=2025-11-18 17:14:00+00:00, action=SELL, qty=2, strategy=Momentum)",d1b29698-c729-42a7-bc9f-e4a260bc2d9d,"[{'price': 267.510009765625, 'qty': 1, 'buy_id': 'ae311982-566c-408e-ad30-1cc298cf2a91', 'sell_id': 'd1b29698-c729-42a7-bc9f-e4a260bc2d9d', 'timestamp': 1763961890.3520284}, {'price': 267.510009765625, 'qty': 1, 'buy_id': '75587542-d8f4-4858-adf3-497d3d0eb8b2', 'sell_id': 'd1b29698-c729-42a7-bc9f-e4a260bc2d9d', 'timestamp': 1763961890.3520284}]"
2025-11-18 17:15:00+00:00,"Signal(ts=2025-11-18 17:15:00+00:00, action=SELL, qty=1, strategy=Momentum)",8255150d-f50e-48b5-9c96-db18e9522d6a,"[{'price': 267.54998779296875, 'qty': 1, 'buy_id': '76c86477-f8e6-410a-b395-5c2de413c112', 'sell_id': '8255150d-f50e-48b5-9c96-db18e9522d6a', 'timestamp': 1763961890.3532405}]"
2025-11-18 17:16:00+00:00,"Signal(ts=2025-11-18 17:16:00+00:00, action=HOLD, qty=0, strategy=Momentum)",,[]
2025-11-18 17:17:00+00:00,"Signal(ts=2025-11-18 17:17:00+00:00, action=SELL, qty=1, strategy=Momentum)",2a3bc365-6c79-45d0-8dd3-e7dd421fb09a,"[{'price': 267.5400085449219, 'qty': 1, 'buy_id': '76c86477-f8e6-410a-b395-5c2de413c112', 'sell_id': '2a3bc365-6c79-45d0-8dd3-e7dd421fb09a', 'timestamp': 1763961890.3585463}]"
2025-11-18 17:18:00+00:00,"Signal(ts=2025-11-18 17:18:00+00:00, action=SELL, qty=1, strategy=Momentum)",4aaf83a9-c161-4778-822f-481ebf1b0ea7,"[{'price': 267.54998779296875, 'qty': 1, 'buy_id': '2e43b8f2-dd68-4f63-818f-8bf23ac7cf50', 'sell_id': '4aaf83a9-c161-4778-822f-481ebf1b0ea7', 'timestamp': 1763961890.3605456}]"
2025-11-18 17:19:00+00:00,"Signal(ts=2025-11-18 17:19:00+00:00, action=SELL, qty=1, strategy=Momentum)",60c07810-2c79-4fa6-a7e6-3187651a8a39,"[{'price': 267.4200134277344, 'qty': 1, 'buy_id': '576b8e9a-f95d-4b85-9103-7c0143954b4a', 'sell_id': '60c07810-2c79-4fa6-a7e6-3187651a8a39', 'timestamp': 1763961890.3605456}]"
2025-11-18 17:20:00+00:00,"Signal(ts=2025-11-18 17:20:00+00:00, action=HOLD, qty=0, strategy=Momentum)",,[]
2025-11-18 17:21:00+00:00,"Signal(ts=2025-11-18 17:21:00+00:00, action=HOLD, qty=0, strategy=Momentum)",,[]
2025-11-18 17:22:00+00:00,"Signal(ts=2025-11-18 17:22:00+00:00, action=HOLD, qty=0, strategy=Momentum)",,[]
2025-11-18 17:23:00+00:00,"Signal(ts=2025-11-18 17:23:00+00:00, action=SELL, qty=1, strategy=Momentum)",4d1d9663-b7e9-4966-a602-e226a0d2019a,[]
2025-11-18 17:24:00+00:00,"Signal(ts=2025-11-18 17:24:00+00:00, action=SELL, qty=3, strategy=Momentum)",6dcfde81-1b35-4ec5-a51c-a0c961c612d9,[]
2025-11-18 17:25:00+00:00,"Signal(ts=2025-11-18 17:25:00+00:00, action=SELL, qty=2, strategy=Momentum)",2dfd7ed1-87ed-41d9-bcdc-f2fcd5a25684,[]
2025-11-18 17:26:00+00:00,"Signal(ts=2025-11-18 17:26:00+00:00, action=SELL, qty=1, strategy=Momentum)",494af3f3-4b04-4294-956c-885959bfd8e2,[]
2025-11-18 17:27:00+00:00,"Signal(ts=2025-11-18 17:27:00+00:00, action=SELL, qty=1, strategy=Momentum)",7296b7b7-3848-438e-a896-bf256f6a089b,[]
2025-11-18 17:28:00+00:00,"Signal(ts=2025-11-18 17:28:00+00:00, action=SELL, qty=1, strategy=Momentum)",0573c9b2-963c-4111-a66f-5a9c27971ba4,[]
2025-11-18 17:29:00+00:00,"Signal(ts=2025-11-18 17:29:00+00:00, action=SELL, qty=2, strategy=Momentum)",f0725879-b03e-4561-b17c-90addd37e4f7,[]
2025-11-18 17:30:00+00:00,"Signal(ts=2025-11-18 17:30:00+00:00, action=SELL, qty=3, strategy=Momentum)",778685e3-b53b-4c9a-99e6-7ef86a0b0a47,[]
2025-11-18 17:31:00+00:00,"Signal(ts=2025-11-18 17:31:00+00:00, action=SELL, qty=4, strategy=Momentum)",cce292ab-8f8f-48ae-b8b4-896dc423fbb0,[]
2025-11-18 17:32:00+00:00,"Signal(ts=2025-11-18 17:32:00+00:00, action=SELL, qty=4, strategy=Momentum)",5f2f24b4-0a6d-4c8a-a0e5-4e4b32a3a0cf,[]
2025-11-18 17:33:00+00:00,"Signal(ts=2025-11-18 17:33:00+00:00, action=SELL, qty=4, strategy=Momentum)",d8136ba0-2b2b-471b-808e-6e813951d04c,[]
2025-11-18 17:34:00+00:00,"Signal(ts=2025-11-18 17:34:00+00:00, action=SELL, qty=3, strategy=Momentum)",264b256c-321e-4f14-9a7d-4480867f7e18,[]
2025-11-18 17:35:00+00:00,"Signal(ts=2025-11-18 17:35:00+00:00, action=SELL, qty=2, strategy=Momentum)",af8b221e-cb2e-4ab1-8321-85ff07e4c860,[]
2025-11-18 17:36:00+00:00,"Signal(ts=2025-11-18 17:36:00+00:00, action=SELL, qty=2, strategy=Momentum)",c3296724-61b0-49c6-b944-a526e127e972,[]
2025-11-18 17:37:00+00:00,"Signal(ts=2025-11-18 17:37:00+00:00, action=SELL, qty=1, strategy=Momentum)",c62c0e55-6c18-47ec-a507-d045479ac857,[]
2025-11-18 17:38:00+00:00,"Signal(ts=2025-11-18 17:38:00+00:00, action=HOLD, qty=0, strategy=Momentum)",,[]
2025-11-18 17:39:00+00:00,"Signal(ts=2025-11-18 17:39:00+00:00, action=SELL, qty=1, strategy=Momentum)",81465032-6c16-44b5-a912-dc8d4bd89413,[]
2025-11-18 17:40:00+00:00,"Signal(ts=2025-11-18 17:40:00+00:00, action=HOLD, qty=0, strategy=Momentum)",,[]
2025-11-18 17:41:00+00:00,"Signal(ts=2025-11-18 17:41:00+00:00, action=HOLD, qty=0, strategy=Momentum)",,[]
2025-11-18 17:42:00+00:00,"Signal(ts=2025-11-18 17:42:00+00:00, action=BUY, qty=1, strategy=Momentum)",ce1a3c06-b09e-4171-bffd-32b8293ebe84,"[{'price': 266.6000061035156, 'qty': 1, 'buy_id': 'ce1a3c06-b09e-4171-bffd-32b8293ebe84', 'sell_id': 'd8136ba0-2b2b-471b-808e-6e813951d04c', 'timestamp': 1763961890.3960755}]"
2025-11-18 17:43:00+00:00,"Signal(ts=2025-11-18 17:43:00+00:00, action=BUY, qty=2, strategy=Momentum)",d60df84c-21aa-4874-8080-9b72bb6322ec,"[{'price': 266.6000061035156, 'qty': 2, 'buy_id': 'd60df84c-21aa-4874-8080-9b72bb6322ec', 'sell_id': 'd8136ba0-2b2b-471b-808e-6e813951d04c', 'timestamp': 1763961890.3960755}]"
2025-11-18 17:44:00+00:00,"Signal(ts=2025-11-18 17:44:00+00:00, action=BUY, qty=3, strategy=Momentum)",1046c0e9-457f-4bbb-ae48-1aaa4bd60d26,"[{'price': 266.6000061035156, 'qty': 1, 'buy_id': '1046c0e9-457f-4bbb-ae48-1aaa4bd60d26', 'sell_id': 'd8136ba0-2b2b-471b-808e-6e813951d04c', 'timestamp': 1763961890.4020846}, {'price': 266.61090087890625, 'qty': 2, 'buy_id': '1046c0e9-457f-4bbb-ae48-1aaa4bd60d26', 'sell_id': '5f2f24b4-0a6d-4c8a-a0e5-4e4b32a3a0cf', 'timestamp': 1763961890.4020846}]"
2025-11-18 17:45:00+00:00,"Signal(ts=2025-11-18 17:45:00+00:00, action=BUY, qty=2, strategy=Momentum)",5fd30b47-d6f9-4bc9-bac9-c5435837b69d,"[{'price': 266.61090087890625, 'qty': 2, 'buy_id': '5fd30b47-d6f9-4bc9-bac9-c5435837b69d', 'sell_id': '5f2f24b4-0a6d-4c8a-a0e5-4e4b32a3a0cf', 'timestamp': 1763961890.4031122}]"
2025-11-18 17:46:00+00:00,"Signal(ts=2025-11-18 17:46:00+00:00, action=BUY, qty=1, strategy=Momentum)",8e3dc009-b42d-493a-b870-336f1bff9180,"[{'price': 266.8026123046875, 'qty': 1, 'buy_id': '8e3dc009-b42d-493a-b870-336f1bff9180', 'sell_id': 'cce292ab-8f8f-48ae-b8b4-896dc423fbb0', 'timestamp': 1763961890.4031122}]"
2025-11-18 17:47:00+00:00,"Signal(ts=2025-11-18 17:47:00+00:00, action=BUY, qty=2, strategy=Momentum)",90f45090-9bbe-489b-b747-aad3b4617e14,"[{'price': 266.8026123046875, 'qty': 2, 'buy_id': '90f45090-9bbe-489b-b747-aad3b4617e14', 'sell_id': 'cce292ab-8f8f-48ae-b8b4-896dc423fbb0', 'timestamp': 1763961890.411445}]"
2025-11-18 17:48:00+00:00,"Signal(ts=2025-11-18 17:48:00+00:00, action=BUY, qty=3, strategy=Momentum)",a104bca9-7460-49a6-afde-8c3619802a21,"[{'price': 266.8026123046875, 'qty': 1, 'buy_id': 'a104bca9-7460-49a6-afde-8c3619802a21', 'sell_id': 'cce292ab-8f8f-48ae-b8b4-896dc423fbb0', 'timestamp': 1763961890.4154658}, {'price': 266.8500061035156, 'qty': 2, 'buy_id': 'a104bca9-7460-49a6-afde-8c3619802a21', 'sell_id': '264b256c-321e-4f14-9a7d-4480867f7e18', 'timestamp': 1763961890.4154658}]"
2025-11-18 17:49:00+00:00,"Signal(ts=2025-11-18 17:49:00+00:00, action=BUY, qty=2, strategy=Momentum)",a3013013-6c0b-4cdf-a94c-b122b92b8017,"[{'price': 266.8500061035156, 'qty': 1, 'buy_id': 'a3013013-6c0b-4cdf-a94c-b122b92b8017', 'sell_id': '264b256c-321e-4f14-9a7d-4480867f7e18', 'timestamp': 1763961890.4206924}, {'price': 266.9599914550781, 'qty': 1, 'buy_id': 'a3013013-6c0b-4cdf-a94c-b122b92b8017', 'sell_id': '778685e3-b53b-4c9a-99e6-7ef86a0b0a47', 'timestamp': 1763961890.4206924}]"
2025-11-18 17:50:00+00:00,"Signal(ts=2025-11-18 17:50:00+00:00, action=BUY, qty=1, strategy=Momentum)",f9178332-0018-466b-a273-055b4e9602e0,"[{'price': 266.9599914550781, 'qty': 1, 'buy_id': 'f9178332-0018-466b-a273-055b4e9602e0', 'sell_id': '778685e3-b53b-4c9a-99e6-7ef86a0b0a47', 'timestamp': 1763961890.4247942}]"
2025-11-18 17:51:00+00:00,"Signal(ts=2025-11-18 17:51:00+00:00, action=BUY, qty=2, strategy=Momentum)",3bca954f-3056-41a5-984d-f28e369c3c02,"[{'price': 266.9599914550781, 'qty': 1, 'buy_id': '3bca954f-3056-41a5-984d-f28e369c3c02', 'sell_id': '778685e3-b53b-4c9a-99e6-7ef86a0b0a47', 'timestamp': 1763961890.4247942}, {'price': 266.9800109863281, 'qty': 1, 'buy_id': '3bca954f-3056-41a5-984d-f28e369c3c02', 'sell_id': 'af8b221e-cb2e-4ab1-8321-85ff07e4c860', 'timestamp': 1763961890.4247942}]"
2025-11-18 17:52:00+00:00,"Signal(ts=2025-11-18 17:52:00+00:00, action=BUY, qty=3, strategy=Momentum)",3ccdcd8d-e3a9-41b6-b132-ffd21fcac4ac,"[{'price': 266.9800109863281, 'qty': 1, 'buy_id': '3ccdcd8d-e3a9-41b6-b132-ffd21fcac4ac', 'sell_id': 'af8b221e-cb2e-4ab1-8321-85ff07e4c860', 'timestamp': 1763961890.4247942}, {'price': 267.1650085449219, 'qty': 2, 'buy_id': '3ccdcd8d-e3a9-41b6-b132-ffd21fcac4ac', 'sell_id': 'f0725879-b03e-4561-b17c-90addd37e4f7', 'timestamp': 1763961890.4247942}]"
2025-11-18 17:53:00+00:00,"Signal(ts=2025-11-18 17:53:00+00:00, action=BUY, qty=4, strategy=Momentum)",6d208e91-fc67-4987-bd33-57565f4713cd,"[{'price': 267.17999267578125, 'qty': 1, 'buy_id': '6d208e91-fc67-4987-bd33-57565f4713cd', 'sell_id': '0573c9b2-963c-4111-a66f-5a9c27971ba4', 'timestamp': 1763961890.4355369}, {'price': 267.2699890136719, 'qty': 2, 'buy_id': '6d208e91-fc67-4987-bd33-57565f4713cd', 'sell_id': '2dfd7ed1-87ed-41d9-bcdc-f2fcd5a25684', 'timestamp': 1763961890.4355369}, {'price': 267.2699890136719, 'qty': 1, 'buy_id': '6d208e91-fc67-4987-bd33-57565f4713cd', 'sell_id': 'c3296724-61b0-49c6-b944-a526e127e972', 'timestamp': 1763961890.4355369}]"
2025-11-18 17:54:00+00:00,"Signal(ts=2025-11-18 17:54:00+00:00, action=BUY, qty=4, strategy=Momentum)",dea92f0a-7041-4fc4-ad33-1dd2a1a04f83,"[{'price': 267.2699890136719, 'qty': 1, 'buy_id': 'dea92f0a-7041-4fc4-ad33-1dd2a1a04f83', 'sell_id': 'c3296724-61b0-49c6-b944-a526e127e972', 'timestamp': 1763961890.4386892}, {'price': 267.2749938964844, 'qty': 3, 'buy_id': 'dea92f0a-7041-4fc4-ad33-1dd2a1a04f83', 'sell_id': '6dcfde81-1b35-4ec5-a51c-a0c961c612d9', 'timestamp': 1763961890.4386892}]"
2025-11-18 17:55:00+00:00,"Signal(ts=2025-11-18 17:55:00+00:00, action=BUY, qty=4, strategy=Momentum)",cb00f411-0724-4842-9755-5ae6b6e2d522,"[{'price': 267.2817077636719, 'qty': 1, 'buy_id': 'cb00f411-0724-4842-9755-5ae6b6e2d522', 'sell_id': '7296b7b7-3848-438e-a896-bf256f6a089b', 'timestamp': 1763961890.4406881}, {'price': 267.4005126953125, 'qty': 1, 'buy_id': 'cb00f411-0724-4842-9755-5ae6b6e2d522', 'sell_id': '4d1d9663-b7e9-4966-a602-e226a0d2019a', 'timestamp': 1763961890.4406881}, {'price': 267.44000244140625, 'qty': 1, 'buy_id': 'cb00f411-0724-4842-9755-5ae6b6e2d522', 'sell_id': 'c62c0e55-6c18-47ec-a507-d045479ac857', 'timestamp': 1763961890.4406881}, {'price': 267.45001220703125, 'qty': 1, 'buy_id': 'cb00f411-0724-4842-9755-5ae6b6e2d522', 'sell_id': '494af3f3-4b04-4294-956c-885959bfd8e2', 'timestamp': 1763961890.4406881}]"
2025-11-18 17:56:00+00:00,"Signal(ts=2025-11-18 17:56:00+00:00, action=BUY, qty=5, strategy=Momentum)",01778233-507f-4811-9ee4-92d63f6eb734,"[{'price': 267.8800048828125, 'qty': 1, 'buy_id': '01778233-507f-4811-9ee4-92d63f6eb734', 'sell_id': '81465032-6c16-44b5-a912-dc8d4bd89413', 'timestamp': 1763961890.443685}]"
2025-11-18 17:57:00+00:00,"Signal(ts=2025-11-18 17:57:00+00:00, action=BUY, qty=5, strategy=Momentum)",1f5f87a1-9410-443b-a292-2b8e7675c94b,[]
2025-11-18 17:58:00+00:00,"Signal(ts=2025-11-18 17:58:00+00:00, action=BUY, qty=5, strategy=Momentum)",e180dee6-0ac4-4602-bbbc-1b40a7c15d18,[]
2025-11-18 17:59:00+00:00,"Signal(ts=2025-11-18 17:59:00+00:00, action=BUY, qty=5, strategy=Momentum)",377905be-d84b-4ee3-b624-9b8464bc8dac,[]
2025-11-18 18:00:00+00:00,"Signal(ts=2025-11-18 18:00:00+00:00, action=BUY, qty=6, strategy=Momentum)",de201373-40e4-48ea-b813-caa795997bfb,[]
2025-11-18 18:01:00+00:00,"Signal(ts=2025-11-18 18:01:00+00:00, action=BUY, qty=7, strategy=Momentum)",75475c06-3990-447c-aaef-69e68e8e77ea,[]
2025-11-18 18:02:00+00:00,"Signal(ts=2025-11-18 18:02:00+00:00, action=BUY, qty=6, strategy=Momentum)",8bea8a6f-50e1-40cd-aaab-e437c589eb7c,[]
2025-11-18 18:03:00+00:00,"Signal(ts=2025-11-18 18:03:00+00:00, action=BUY, qty=5, strategy=Momentum)",ddd48ba6-cb75-4260-8fa3-9126a4e8ed8d,[]
2025-11-18 18:04:00+00:00,"Signal(ts=2025-11-18 18:04:00+00:00, action=BUY, qty=4, strategy=Momentum)",e3aecfd6-9b96-43a9-b94b-431821b241f8,[]
2025-11-18 18:05:00+00:00,"Signal(ts=2025-11-18 18:05:00+00:00, action=BUY, qty=3, strategy=Momentum)",5bc483b7-3855-43a5-b7ce-5ddb1f2e8319,[]
2025-11-18 18:06:00+00:00,"Signal(ts=2025-11-18 18:06:00+00:00, action=BUY, qty=3, strategy=Momentum)",91f509c1-c4ec-4b00-8f0c-4fac53dd4951,[]
2025-11-18 18:07:00+00:00,"Signal(ts=2025-11-18 18:07:00+00:00, action=BUY, qty=2, strategy=Momentum)",3419c756-8a29-4379-8471-98a2994393d2,[]
2025-11-18 18:08:00+00:00,"Signal(ts=2025-11-18 18:08:00+00:00, action=BUY, qty=1, strategy=Momentum)",65039e10-15bf-4cb3-81c1-cb7d2fc40278,[]
2025-11-18 18:09:00+00:00,"Signal(ts=2025-11-18 18:09:00+00:00, action=BUY, qty=1, strategy=Momentum)",cb547613-21b9-4876-90fe-8c238b2e206a,[]
2025-11-18 18:10:00+00:00,"Signal(ts=2025-11-18 18:10:00+00:00, action=BUY, qty=1, strategy=Momentum)",cdf31c5d-4cd7-4d69-9daa-adf175ed81b3,[]
2025-11-18 18:11:00+00:00,"Signal(ts=2025-11-18 18:11:00+00:00, action=BUY, qty=1, strategy=Momentum)",a45c475d-9caa-4dfa-bfaf-9d55de635c02,[]
2025-11-18 18:12:00+00:00,"Signal(ts=2025-11-18 18:12:00+00:00, action=HOLD, qty=0, strategy=Momentum)",,[]
2025-11-18 18:13:00+00:00,"Signal(ts=2025-11-18 18:13:00+00:00, action=SELL, qty=1, strategy=Momentum)",a23d8da8-5663-4858-84fc-640449a4f195,"[{'price': 268.1700134277344, 'qty': 1, 'buy_id': 'e180dee6-0ac4-4602-bbbc-1b40a7c15d18', 'sell_id': 'a23d8da8-5663-4858-84fc-640449a4f195', 'timestamp': 1763961890.47664}]"
2025-11-18 18:14:00+00:00,"Signal(ts=2025-11-18 18:14:00+00:00, action=BUY, qty=1, strategy=Momentum)",bf7e6fe4-bcf6-407b-b844-99849fad32cc,[]
2025-11-18 18:15:00+00:00,"Signal(ts=2025-11-18 18:15:00+00:00, action=BUY, qty=1, strategy=Momentum)",3e2b1114-6100-48b4-8997-87a90dbacb34,[]
2025-11-18 18:16:00+00:00,"Signal(ts=2025-11-18 18:16:00+00:00, action=BUY, qty=1, strategy=Momentum)",695e18a9-11af-4f35-ad9f-ba2ed27cc485,[]
2025-11-18 18:17:00+00:00,"Signal(ts=2025-11-18 18:17:00+00:00, action=HOLD, qty=0, strategy=Momentum)",,[]
2025-11-18 18:18:00+00:00,"Signal(ts=2025-11-18 18:18:00+00:00, action=HOLD, qty=0, strategy=Momentum)",,[]
2025-11-18 18:19:00+00:00,"Signal(ts=2025-11-18 18:19:00+00:00, action=BUY, qty=1, strategy=Momentum)",7a87e343-4734-43de-82f1-f9621b7e17a9,[]
2025-11-18 18:20:00+00:00,"Signal(ts=2025-11-18 18:20:00+00:00, action=HOLD, qty=0, strategy=Momentum)",,[]
2025-11-18 18:21:00+00:00,"Signal(ts=2025-11-18 18:21:00+00:00, action=BUY, qty=1, strategy=Momentum)",f22fad72-f8ea-4a5a-8f93-75f10441cd6c,[]
2025-11-18 18:22:00+00:00,"Signal(ts=2025-11-18 18:22:00+00:00, action=HOLD, qty=0, strategy=Momentum)",,[]
2025-11-18 18:23:00+00:00,"Signal(ts=2025-11-18 18:23:00+00:00, action=HOLD, qty=0, strategy=Momentum)",,[]
2025-11-18 18:24:00+00:00,"Signal(ts=2025-11-18 18:24:00+00:00, action=BUY, qty=1, strategy=Momentum)",8505eb01-3ce4-41b7-ab91-02a5d598726e,[]
2025-11-18 18:25:00+00:00,"Signal(ts=2025-11-18 18:25:00+00:00, action=HOLD, qty=0, strategy=Momentum)",,[]
2025-11-18 18:26:00+00:00,"Signal(ts=2025-11-18 18:26:00+00:00, action=HOLD, qty=0, strategy=Momentum)",,[]
2025-11-18 18:27:00+00:00,"Signal(ts=2025-11-18 18:27:00+00:00, action=BUY, qty=1, strategy=Momentum)",3edaa608-f48b-4f39-924b-aba1fe3b571d,[]
2025-11-18 18:28:00+00:00,"Signal(ts=2025-11-18 18:28:00+00:00, action=BUY, qty=1, strategy=Momentum)",aad3b79a-3157-4a7d-b203-e8f37dd75ce4,[]
2025-11-18 18:29:00+00:00,"Signal(ts=2025-11-18 18:29:00+00:00, action=SELL, qty=1, strategy=Momentum)",433e3d50-b41c-4da8-8320-0e4ff92ef4b6,"[{'price': 268.45001220703125, 'qty': 1, 'buy_id': '3edaa608-f48b-4f39-924b-aba1fe3b571d', 'sell_id': '433e3d50-b41c-4da8-8320-0e4ff92ef4b6', 'timestamp': 1763961890.5020776}]"
2025-11-18 18:30:00+00:00,"Signal(ts=2025-11-18 18:30:00+00:00, action=BUY, qty=1, strategy=Momentum)",617c7c96-fd2f-4546-a63d-21026a079ed9,[]
2025-11-18 18:31:00+00:00,"Signal(ts=2025-11-18 18:31:00+00:00, action=BUY, qty=2, strategy=Momentum)",6b94b620-8a3c-4424-a14c-d2cf3540244f,[]
2025-11-18 18:32:00+00:00,"Signal(ts=2025-11-18 18:32:00+00:00, action=BUY, qty=2, strategy=Momentum)",7e5e9648-9291-4c9f-9cd5-f70eed656cac,[]
2025-11-18 18:33:00+00:00,"Signal(ts=2025-11-18 18:33:00+00:00, action=BUY, qty=2, strategy=Momentum)",c087b2c5-ab8c-4d0b-9583-c18c0a9c335c,[]
2025-11-18 18:34:00+00:00,"Signal(ts=2025-11-18 18:34:00+00:00, action=BUY, qty=2, strategy=Momentum)",53c3dd94-5f30-4fd9-9d23-9c6028d9b18a,[]
2025-11-18 18:35:00+00:00,"Signal(ts=2025-11-18 18:35:00+00:00, action=BUY, qty=1, strategy=Momentum)",61162b0c-9450-4585-a72c-476f785e0d4e,[]
2025-11-18 18:36:00+00:00,"Signal(ts=2025-11-18 18:36:00+00:00, action=BUY, qty=1, strategy=Momentum)",d426d637-b206-48fc-b652-478cb2b2f17c,[]
2025-11-18 18:37:00+00:00,"Signal(ts=2025-11-18 18:37:00+00:00, action=BUY, qty=1, strategy=Momentum)",872b9306-1823-4545-b1a3-f9f4655ea1a0,[]
2025-11-18 18:38:00+00:00,"Signal(ts=2025-11-18 18:38:00+00:00, action=BUY, qty=1, strategy=Momentum)",552010b6-9e64-491f-8389-029642d126d4,[]
2025-11-18 18:39:00+00:00,"Signal(ts=2025-11-18 18:39:00+00:00, action=HOLD, qty=0, strategy=Momentum)",,[]
2025-11-18 18:40:00+00:00,"Signal(ts=2025-11-18 18:40:00+00:00, action=BUY, qty=1, strategy=Momentum)",c87328ed-9b19-4077-9822-5cca06b51c0d,[]
2025-11-18 18:41:00+00:00,"Signal(ts=2025-11-18 18:41:00+00:00, action=BUY, qty=1, strategy=Momentum)",2de72c69-a884-446f-bdcb-7dadeaf798d6,[]
2025-11-18 18:42:00+00:00,"Signal(ts=2025-11-18 18:42:00+00:00, action=BUY, qty=1, strategy=Momentum)",f6367dfe-a3a8-4d46-ba95-7f657616ff82,[]
2025-11-18 18:43:00+00:00,"Signal(ts=2025-11-18 18:43:00+00:00, action=BUY, qty=1, strategy=Momentum)",d5526523-3a8a-4f46-be26-68d34178ca85,[]
2025-11-18 18:44:00+00:00,"Signal(ts=2025-11-18 18:44:00+00:00, action=BUY, qty=1, strategy=Momentum)",7b5daaed-a043-47d1-be72-6f3517bc1644,[]
2025-11-18 18:45:00+00:00,"Signal(ts=2025-11-18 18:45:00+00:00, action=HOLD, qty=0, strategy=Momentum)",,[]
2025-11-18 18:46:00+00:00,"Signal(ts=2025-11-18 18:46:00+00:00, action=BUY, qty=1, strategy=Momentum)",e4f0f94a-64c6-4a15-8deb-fce5ccd31cba,[]
2025-11-18 18:47:00+00:00,"Signal(ts=2025-11-18 18:47:00+00:00, action=BUY, qty=1, strategy=Momentum)",2198cc2a-cbab-4a6e-ae54-3d2c04e62318,[]
2025-11-18 18:48:00+00:00,"Signal(ts=2025-11-18 18:48:00+00:00, action=BUY, qty=1, strategy=Momentum)",f3b7cc75-1abe-48b0-90c5-baa2e3352433,[]
2025-11-18 18:49:00+00:00,"Signal(ts=2025-11-18 18:49:00+00:00, action=BUY, qty=2, strategy=Momentum)",5175495b-4281-4cd2-90b0-c26940ef930d,[]
2025-11-18 18:50:00+00:00,"Signal(ts=2025-11-18 18:50:00+00:00, action=BUY, qty=1, strategy=Momentum)",63939f25-84a0-4ea7-9c22-27a452ac4a3c,[]
2025-11-18 18:51:00+00:00,"Signal(ts=2025-11-18 18:51:00+00:00, action=BUY, qty=1, strategy=Momentum)",806b79ed-62f0-40dd-97c8-6f2d9bdb8ed0,[]
2025-11-18 18:52:00+00:00,"Signal(ts=2025-11-18 18:52:00+00:00, action=BUY, qty=1, strategy=Momentum)",b1acc8c0-e7a7-40d5-9c1d-9c3095d78418,[]
2025-11-18 18:53:00+00:00,"Signal(ts=2025-11-18 18:53:00+00:00, action=BUY, qty=1, strategy=Momentum)",38a8c07d-35e1-4980-bcdb-ee70254b46f9,[]
2025-11-18 18:54:00+00:00,"Signal(ts=2025-11-18 18:54:00+00:00, action=BUY, qty=1, strategy=Momentum)",abd35106-4829-4ca9-bb5b-3df97ba988c9,[]
2025-11-18 18:55:00+00:00,"Signal(ts=2025-11-18 18:55:00+00:00, action=HOLD, qty=0, strategy=Momentum)",,[]
2025-11-18 18:56:00+00:00,"Signal(ts=2025-11-18 18:56:00+00:00, action=SELL, qty=1, strategy=Momentum)",c01c2235-4cf9-44c7-80b6-3ecf3fb815c2,"[{'price': 268.6700134277344, 'qty': 1, 'buy_id': 'b1acc8c0-e7a7-40d5-9c1d-9c3095d78418', 'sell_id': 'c01c2235-4cf9-44c7-80b6-3ecf3fb815c2', 'timestamp': 1763961890.5487244}]"
2025-11-18 18:57:00+00:00,"Signal(ts=2025-11-18 18:57:00+00:00, action=HOLD, qty=0, strategy=Momentum)",,[]
2025-11-18 18:58:00+00:00,"Signal(ts=2025-11-18 18:58:00+00:00, action=HOLD, qty=0, strategy=Momentum)",,[]
2025-11-18 18:59:00+00:00,"Signal(ts=2025-11-18 18:59:00+00:00, action=SELL, qty=1, strategy=Momentum)",bdc33b67-2b91-4152-8d2f-db7b85292330,"[{'price': 268.2699890136719, 'qty': 1, 'buy_id': '7e5e9648-9291-4c9f-9cd5-f70eed656cac', 'sell_id': 'bdc33b67-2b91-4152-8d2f-db7b85292330', 'timestamp': 1763961890.5569801}]"
2025-11-18 19:00:00+00:00,"Signal(ts=2025-11-18 19:00:00+00:00, action=SELL, qty=2, strategy=Momentum)",8b98874e-c72a-45e7-be62-ac013665a740,"[{'price': 268.4100036621094, 'qty': 1, 'buy_id': '7e5e9648-9291-4c9f-9cd5-f70eed656cac', 'sell_id': '8b98874e-c72a-45e7-be62-ac013665a740', 'timestamp': 1763961890.5591593}, {'price': 268.4100036621094, 'qty': 1, 'buy_id': '806b79ed-62f0-40dd-97c8-6f2d9bdb8ed0', 'sell_id': '8b98874e-c72a-45e7-be62-ac013665a740', 'timestamp': 1763961890.5591593}]"
2025-11-18 19:01:00+00:00,"Signal(ts=2025-11-18 19:01:00+00:00, action=SELL, qty=2, strategy=Momentum)",897b00cd-66be-4473-a7cd-58c3e29b5358,"[{'price': 268.5199890136719, 'qty': 1, 'buy_id': '38a8c07d-35e1-4980-bcdb-ee70254b46f9', 'sell_id': '897b00cd-66be-4473-a7cd-58c3e29b5358', 'timestamp': 1763961890.5611646}, {'price': 268.5199890136719, 'qty': 1, 'buy_id': 'c087b2c5-ab8c-4d0b-9583-c18c0a9c335c', 'sell_id': '897b00cd-66be-4473-a7cd-58c3e29b5358', 'timestamp': 1763961890.5611646}]"
2025-11-18 19:02:00+00:00,"Signal(ts=2025-11-18 19:02:00+00:00, action=SELL, qty=2, strategy=Momentum)",4f51bdaa-62bd-4b80-bf9e-41499adc8ed4,"[{'price': 268.44000244140625, 'qty': 1, 'buy_id': 'c087b2c5-ab8c-4d0b-9583-c18c0a9c335c', 'sell_id': '4f51bdaa-62bd-4b80-bf9e-41499adc8ed4', 'timestamp': 1763961890.5611646}, {'price': 268.44000244140625, 'qty': 1, 'buy_id': '53c3dd94-5f30-4fd9-9d23-9c6028d9b18a', 'sell_id': '4f51bdaa-62bd-4b80-bf9e-41499adc8ed4', 'timestamp': 1763961890.5611646}]"
2025-11-18 19:03:00+00:00,"Signal(ts=2025-11-18 19:03:00+00:00, action=SELL, qty=2, strategy=Momentum)",67cbbd38-7799-48ab-8663-2e67556ec10d,"[{'price': 268.25, 'qty': 1, 'buy_id': '53c3dd94-5f30-4fd9-9d23-9c6028d9b18a', 'sell_id': '67cbbd38-7799-48ab-8663-2e67556ec10d', 'timestamp': 1763961890.5611646}, {'price': 268.25, 'qty': 1, 'buy_id': '6b94b620-8a3c-4424-a14c-d2cf3540244f', 'sell_id': '67cbbd38-7799-48ab-8663-2e67556ec10d', 'timestamp': 1763961890.5611646}]"
2025-11-18 19:04:00+00:00,"Signal(ts=2025-11-18 19:04:00+00:00, action=SELL, qty=1, strategy=Momentum)",062151dd-85fd-4020-940a-6b5198b1060e,"[{'price': 268.32000732421875, 'qty': 1, 'buy_id': '6b94b620-8a3c-4424-a14c-d2cf3540244f', 'sell_id': '062151dd-85fd-4020-940a-6b5198b1060e', 'timestamp': 1763961890.5611646}]"
2025-11-18 19:05:00+00:00,"Signal(ts=2025-11-18 19:05:00+00:00, action=SELL, qty=1, strategy=Momentum)",49cd3c0a-468f-415b-a658-05984b5bf265,"[{'price': 268.4100036621094, 'qty': 1, 'buy_id': 'abd35106-4829-4ca9-bb5b-3df97ba988c9', 'sell_id': '49cd3c0a-468f-415b-a658-05984b5bf265', 'timestamp': 1763961890.5611646}]"
2025-11-18 19:06:00+00:00,"Signal(ts=2025-11-18 19:06:00+00:00, action=HOLD, qty=0, strategy=Momentum)",,[]
2025-11-18 19:07:00+00:00,"Signal(ts=2025-11-18 19:07:00+00:00, action=HOLD, qty=0, strategy=Momentum)",,[]
2025-11-18 19:08:00+00:00,"Signal(ts=2025-11-18 19:08:00+00:00, action=HOLD, qty=0, strategy=Momentum)",,[]
2025-11-18 19:09:00+00:00,"Signal(ts=2025-11-18 19:09:00+00:00, action=SELL, qty=1, strategy=Momentum)",8ea0cfa3-88bd-4e8c-a186-0f321e2959a8,"[{'price': 268.6300048828125, 'qty': 1, 'buy_id': '63939f25-84a0-4ea7-9c22-27a452ac4a3c', 'sell_id': '8ea0cfa3-88bd-4e8c-a186-0f321e2959a8', 'timestamp': 1763961890.577157}]"
2025-11-18 19:10:00+00:00,"Signal(ts=2025-11-18 19:10:00+00:00, action=SELL, qty=1, strategy=Momentum)",66803d2c-8923-4b36-8db3-66e730e8ae20,"[{'price': 268.4100036621094, 'qty': 1, 'buy_id': '5175495b-4281-4cd2-90b0-c26940ef930d', 'sell_id': '66803d2c-8923-4b36-8db3-66e730e8ae20', 'timestamp': 1763961890.5781772}]"
2025-11-18 19:11:00+00:00,"Signal(ts=2025-11-18 19:11:00+00:00, action=SELL, qty=1, strategy=Momentum)",22991fd2-e4bc-4b12-88cc-c863d015deeb,"[{'price': 268.2900085449219, 'qty': 1, 'buy_id': '5175495b-4281-4cd2-90b0-c26940ef930d', 'sell_id': '22991fd2-e4bc-4b12-88cc-c863d015deeb', 'timestamp': 1763961890.580168}]"
2025-11-18 19:12:00+00:00,"Signal(ts=2025-11-18 19:12:00+00:00, action=SELL, qty=1, strategy=Momentum)",b45c4dc7-22d3-4b8d-a673-137348d21422,"[{'price': 268.3949890136719, 'qty': 1, 'buy_id': 'c87328ed-9b19-4077-9822-5cca06b51c0d', 'sell_id': 'b45c4dc7-22d3-4b8d-a673-137348d21422', 'timestamp': 1763961890.580168}]"
2025-11-18 19:13:00+00:00,"Signal(ts=2025-11-18 19:13:00+00:00, action=HOLD, qty=0, strategy=Momentum)",,[]
2025-11-18 19:14:00+00:00,"Signal(ts=2025-11-18 19:14:00+00:00, action=HOLD, qty=0, strategy=Momentum)",,[]
2025-11-18 19:15:00+00:00,"Signal(ts=2025-11-18 19:15:00+00:00, action=SELL, qty=1, strategy=Momentum)",8cbafdfd-8c83-49c6-b039-ee2973177665,"[{'price': 268.2699890136719, 'qty': 1, 'buy_id': '61162b0c-9450-4585-a72c-476f785e0d4e', 'sell_id': '8cbafdfd-8c83-49c6-b039-ee2973177665', 'timestamp': 1763961890.5868957}]"
2025-11-18 19:16:00+00:00,"Signal(ts=2025-11-18 19:16:00+00:00, action=SELL, qty=1, strategy=Momentum)",0445afdf-6a46-43ba-8ba1-50472e8376a5,"[{'price': 268.2900085449219, 'qty': 1, 'buy_id': '2198cc2a-cbab-4a6e-ae54-3d2c04e62318', 'sell_id': '0445afdf-6a46-43ba-8ba1-50472e8376a5', 'timestamp': 1763961890.588202}]"
2025-11-18 19:17:00+00:00,"Signal(ts=2025-11-18 19:17:00+00:00, action=SELL, qty=1, strategy=Momentum)",d2731a15-2b00-4cdd-85f1-128325411590,"[{'price': 268.1722106933594, 'qty': 1, 'buy_id': '617c7c96-fd2f-4546-a63d-21026a079ed9', 'sell_id': 'd2731a15-2b00-4cdd-85f1-128325411590', 'timestamp': 1763961890.5907059}]"
2025-11-18 19:18:00+00:00,"Signal(ts=2025-11-18 19:18:00+00:00, action=SELL, qty=2, strategy=Momentum)",8c9ec242-2a86-428c-9123-6e0580961c04,"[{'price': 268.2699890136719, 'qty': 1, 'buy_id': '2de72c69-a884-446f-bdcb-7dadeaf798d6', 'sell_id': '8c9ec242-2a86-428c-9123-6e0580961c04', 'timestamp': 1763961890.5927174}, {'price': 268.2699890136719, 'qty': 1, 'buy_id': 'e4f0f94a-64c6-4a15-8deb-fce5ccd31cba', 'sell_id': '8c9ec242-2a86-428c-9123-6e0580961c04', 'timestamp': 1763961890.5927174}]"
2025-11-18 19:19:00+00:00,"Signal(ts=2025-11-18 19:19:00+00:00, action=SELL, qty=1, strategy=Momentum)",c818e863-4ca8-4af8-a2c7-fe8b720af2d1,"[{'price': 268.42999267578125, 'qty': 1, 'buy_id': 'aad3b79a-3157-4a7d-b203-e8f37dd75ce4', 'sell_id': 'c818e863-4ca8-4af8-a2c7-fe8b720af2d1', 'timestamp': 1763961890.5947163}]"
2025-11-18 19:20:00+00:00,"Signal(ts=2025-11-18 19:20:00+00:00, action=SELL, qty=3, strategy=Momentum)",217b625f-ba39-414f-9b0c-b1def2d2052a,"[{'price': 268.25, 'qty': 1, 'buy_id': '8505eb01-3ce4-41b7-ab91-02a5d598726e', 'sell_id': '217b625f-ba39-414f-9b0c-b1def2d2052a', 'timestamp': 1763961890.5947163}, {'price': 268.25, 'qty': 1, 'buy_id': 'd5526523-3a8a-4f46-be26-68d34178ca85', 'sell_id': '217b625f-ba39-414f-9b0c-b1def2d2052a', 'timestamp': 1763961890.5947163}, {'price': 268.25, 'qty': 1, 'buy_id': 'e180dee6-0ac4-4602-bbbc-1b40a7c15d18', 'sell_id': '217b625f-ba39-414f-9b0c-b1def2d2052a', 'timestamp': 1763961890.5947163}]"
2025-11-18 19:21:00+00:00,"Signal(ts=2025-11-18 19:21:00+00:00, action=SELL, qty=3, strategy=Momentum)",ca46575f-177e-4171-86e1-8f7f2ed985b7,"[{'price': 268.07501220703125, 'qty': 3, 'buy_id': 'e180dee6-0ac4-4602-bbbc-1b40a7c15d18', 'sell_id': 'ca46575f-177e-4171-86e1-8f7f2ed985b7', 'timestamp': 1763961890.5947163}]"
2025-11-18 19:22:00+00:00,"Signal(ts=2025-11-18 19:22:00+00:00, action=SELL, qty=3, strategy=Momentum)",1c595328-b831-491e-bf63-0b4d56d3dffb,"[{'price': 268.1579895019531, 'qty': 3, 'buy_id': '01778233-507f-4811-9ee4-92d63f6eb734', 'sell_id': '1c595328-b831-491e-bf63-0b4d56d3dffb', 'timestamp': 1763961890.5947163}]"
2025-11-18 19:23:00+00:00,"Signal(ts=2025-11-18 19:23:00+00:00, action=SELL, qty=3, strategy=Momentum)",7e082d90-7ad7-4d3c-9fda-2da6186849ac,"[{'price': 268.0899963378906, 'qty': 1, 'buy_id': '01778233-507f-4811-9ee4-92d63f6eb734', 'sell_id': '7e082d90-7ad7-4d3c-9fda-2da6186849ac', 'timestamp': 1763961890.5947163}, {'price': 268.0899963378906, 'qty': 1, 'buy_id': 'f3b7cc75-1abe-48b0-90c5-baa2e3352433', 'sell_id': '7e082d90-7ad7-4d3c-9fda-2da6186849ac', 'timestamp': 1763961890.5947163}, {'price': 268.0899963378906, 'qty': 1, 'buy_id': 'f6367dfe-a3a8-4d46-ba95-7f657616ff82', 'sell_id': '7e082d90-7ad7-4d3c-9fda-2da6186849ac', 'timestamp': 1763961890.5947163}]"
2025-11-18 19:24:00+00:00,"Signal(ts=2025-11-18 19:24:00+00:00, action=SELL, qty=2, strategy=Momentum)",8d1731a0-8102-4bfd-85d2-94f44a652437,"[{'price': 268.0799865722656, 'qty': 1, 'buy_id': 'd426d637-b206-48fc-b652-478cb2b2f17c', 'sell_id': '8d1731a0-8102-4bfd-85d2-94f44a652437', 'timestamp': 1763961890.602047}, {'price': 268.0799865722656, 'qty': 1, 'buy_id': 'de201373-40e4-48ea-b813-caa795997bfb', 'sell_id': '8d1731a0-8102-4bfd-85d2-94f44a652437', 'timestamp': 1763961890.602047}]"
2025-11-18 19:25:00+00:00,"Signal(ts=2025-11-18 19:25:00+00:00, action=SELL, qty=1, strategy=Momentum)",a0471b57-cb30-43df-b58d-16fba10f58b8,"[{'price': 268.25, 'qty': 1, 'buy_id': 'de201373-40e4-48ea-b813-caa795997bfb', 'sell_id': 'a0471b57-cb30-43df-b58d-16fba10f58b8', 'timestamp': 1763961890.6082768}]"
2025-11-18 19:26:00+00:00,"Signal(ts=2025-11-18 19:26:00+00:00, action=SELL, qty=1, strategy=Momentum)",ba0230df-5e6b-40b0-ac25-03c63fd52493,"[{'price': 268.2099914550781, 'qty': 1, 'buy_id': 'de201373-40e4-48ea-b813-caa795997bfb', 'sell_id': 'ba0230df-5e6b-40b0-ac25-03c63fd52493', 'timestamp': 1763961890.6102788}]"
2025-11-18 19:27:00+00:00,"Signal(ts=2025-11-18 19:27:00+00:00, action=SELL, qty=1, strategy=Momentum)",2a1993b2-1cd5-4189-b510-f73291885104,"[{'price': 268.125, 'qty': 1, 'buy_id': 'de201373-40e4-48ea-b813-caa795997bfb', 'sell_id': '2a1993b2-1cd5-4189-b510-f73291885104', 'timestamp': 1763961890.6112785}]"
2025-11-18 19:28:00+00:00,"Signal(ts=2025-11-18 19:28:00+00:00, action=SELL, qty=1, strategy=Momentum)",04527c90-b043-4b44-8ae0-26c1c021f51f,"[{'price': 267.9800109863281, 'qty': 1, 'buy_id': 'de201373-40e4-48ea-b813-caa795997bfb', 'sell_id': '04527c90-b043-4b44-8ae0-26c1c021f51f', 'timestamp': 1763961890.6112785}]"
2025-11-18 19:29:00+00:00,"Signal(ts=2025-11-18 19:29:00+00:00, action=SELL, qty=1, strategy=Momentum)",5b033f6b-5bd9-4cec-9e07-62767310efdb,"[{'price': 268.03448486328125, 'qty': 1, 'buy_id': 'de201373-40e4-48ea-b813-caa795997bfb', 'sell_id': '5b033f6b-5bd9-4cec-9e07-62767310efdb', 'timestamp': 1763961890.6112785}]"
2025-11-18 19:30:00+00:00,"Signal(ts=2025-11-18 19:30:00+00:00, action=SELL, qty=2, strategy=Momentum)",4bb4554a-7034-49d6-967b-8ee0d408af54,"[{'price': 267.94000244140625, 'qty': 2, 'buy_id': '1f5f87a1-9410-443b-a292-2b8e7675c94b', 'sell_id': '4bb4554a-7034-49d6-967b-8ee0d408af54', 'timestamp': 1763961890.6112785}]"
2025-11-18 19:31:00+00:00,"Signal(ts=2025-11-18 19:31:00+00:00, action=SELL, qty=2, strategy=Momentum)",4a7414ee-6822-402f-8fa9-325272e159a6,"[{'price': 267.8800048828125, 'qty': 2, 'buy_id': '1f5f87a1-9410-443b-a292-2b8e7675c94b', 'sell_id': '4a7414ee-6822-402f-8fa9-325272e159a6', 'timestamp': 1763961890.6187406}]"
2025-11-18 19:32:00+00:00,"Signal(ts=2025-11-18 19:32:00+00:00, action=SELL, qty=1, strategy=Momentum)",6619eac5-afd8-49fb-bba4-b07fdb36d121,"[{'price': 267.8500061035156, 'qty': 1, 'buy_id': '1f5f87a1-9410-443b-a292-2b8e7675c94b', 'sell_id': '6619eac5-afd8-49fb-bba4-b07fdb36d121', 'timestamp': 1763961890.6197476}]"
2025-11-18 19:33:00+00:00,"Signal(ts=2025-11-18 19:33:00+00:00, action=SELL, qty=1, strategy=Momentum)",310831dc-a79e-49f6-9c80-9f4dd7613362,"[{'price': 267.92999267578125, 'qty': 1, 'buy_id': '7b5daaed-a043-47d1-be72-6f3517bc1644', 'sell_id': '310831dc-a79e-49f6-9c80-9f4dd7613362', 'timestamp': 1763961890.6275313}]"
2025-11-18 19:34:00+00:00,"Signal(ts=2025-11-18 19:34:00+00:00, action=SELL, qty=2, strategy=Momentum)",00c2cb10-5a77-4360-a987-305c08b04c54,"[{'price': 267.8699951171875, 'qty': 2, 'buy_id': '377905be-d84b-4ee3-b624-9b8464bc8dac', 'sell_id': '00c2cb10-5a77-4360-a987-305c08b04c54', 'timestamp': 1763961890.6295216}]"
2025-11-18 19:35:00+00:00,"Signal(ts=2025-11-18 19:35:00+00:00, action=SELL, qty=1, strategy=Momentum)",a3cfa97b-ee14-4eba-a639-863807d3908d,"[{'price': 268.0898132324219, 'qty': 1, 'buy_id': '377905be-d84b-4ee3-b624-9b8464bc8dac', 'sell_id': 'a3cfa97b-ee14-4eba-a639-863807d3908d', 'timestamp': 1763961890.6305227}]"
2025-11-18 19:36:00+00:00,"Signal(ts=2025-11-18 19:36:00+00:00, action=SELL, qty=1, strategy=Momentum)",ce808dd9-ec5a-46ae-bca6-3eed5063c4c0,"[{'price': 268.1099853515625, 'qty': 1, 'buy_id': '377905be-d84b-4ee3-b624-9b8464bc8dac', 'sell_id': 'ce808dd9-ec5a-46ae-bca6-3eed5063c4c0', 'timestamp': 1763961890.6305227}]"
2025-11-18 19:37:00+00:00,"Signal(ts=2025-11-18 19:37:00+00:00, action=SELL, qty=1, strategy=Momentum)",bbe00bef-8c49-4ab2-8f38-2796a8277812,"[{'price': 268.14019775390625, 'qty': 1, 'buy_id': '377905be-d84b-4ee3-b624-9b8464bc8dac', 'sell_id': 'bbe00bef-8c49-4ab2-8f38-2796a8277812', 'timestamp': 1763961890.6305227}]"
2025-11-18 19:38:00+00:00,"Signal(ts=2025-11-18 19:38:00+00:00, action=SELL, qty=1, strategy=Momentum)",8852b56a-db55-45a1-9652-5e62d275438f,"[{'price': 268.3599853515625, 'qty': 1, 'buy_id': '75475c06-3990-447c-aaef-69e68e8e77ea', 'sell_id': '8852b56a-db55-45a1-9652-5e62d275438f', 'timestamp': 1763961890.6366177}]"
2025-11-18 19:39:00+00:00,"Signal(ts=2025-11-18 19:39:00+00:00, action=BUY, qty=1, strategy=Momentum)",d463669f-0999-4152-8ca9-4943cca08de0,[]
2025-11-18 19:40:00+00:00,"Signal(ts=2025-11-18 19:40:00+00:00, action=BUY, qty=1, strategy=Momentum)",2b5bd7f7-6c8e-4e75-82e3-ddb1bd6ab293,[]
2025-11-18 19:41:00+00:00,"Signal(ts=2025-11-18 19:41:00+00:00, action=HOLD, qty=0, strategy=Momentum)",,[]
2025-11-18 19:42:00+00:00,"Signal(ts=2025-11-18 19:42:00+00:00, action=HOLD, qty=0, strategy=Momentum)",,[]
2025-11-18 19:43:00+00:00,"Signal(ts=2025-11-18 19:43:00+00:00, action=HOLD, qty=0, strategy=Momentum)",,[]
2025-11-18 19:44:00+00:00,"Signal(ts=2025-11-18 19:44:00+00:00, action=SELL, qty=1, strategy=Momentum)",7c983826-6034-4fa9-9255-36c82d43c2dd,"[{'price': 268.1000061035156, 'qty': 1, 'buy_id': '2b5bd7f7-6c8e-4e75-82e3-ddb1bd6ab293', 'sell_id': '7c983826-6034-4fa9-9255-36c82d43c2dd', 'timestamp': 1763961890.648597}]"
2025-11-18 19:45:00+00:00,"Signal(ts=2025-11-18 19:45:00+00:00, action=HOLD, qty=0, strategy=Momentum)",,[]
2025-11-18 19:46:00+00:00,"Signal(ts=2025-11-18 19:46:00+00:00, action=HOLD, qty=0, strategy=Momentum)",,[]
2025-11-18 19:47:00+00:00,"Signal(ts=2025-11-18 19:47:00+00:00, action=BUY, qty=1, strategy=Momentum)",1b416798-5617-4c2f-8521-9b7a149aa2b4,[]
2025-11-18 19:48:00+00:00,"Signal(ts=2025-11-18 19:48:00+00:00, action=HOLD, qty=0, strategy=Momentum)",,[]
2025-11-18 19:49:00+00:00,"Signal(ts=2025-11-18 19:49:00+00:00, action=HOLD, qty=0, strategy=Momentum)",,[]
2025-11-18 19:50:00+00:00,"Signal(ts=2025-11-18 19:50:00+00:00, action=BUY, qty=1, strategy=Momentum)",88837aff-8c9f-4053-aa31-2f3a51e8c5b8,[]
2025-11-18 19:51:00+00:00,"Signal(ts=2025-11-18 19:51:00+00:00, action=BUY, qty=1, strategy=Momentum)",6a32f411-f3a8-4a2c-8088-e5197a05428a,[]
2025-11-18 19:52:00+00:00,"Signal(ts=2025-11-18 19:52:00+00:00, action=BUY, qty=1, strategy=Momentum)",274b790d-89fa-4f1c-92a0-0d1395d4648d,[]
2025-11-18 19:53:00+00:00,"Signal(ts=2025-11-18 19:53:00+00:00, action=BUY, qty=1, strategy=Momentum)",85e47d89-9877-4c47-9edf-1343cca52a37,[]
2025-11-18 19:54:00+00:00,"Signal(ts=2025-11-18 19:54:00+00:00, action=HOLD, qty=0, strategy=Momentum)",,[]
2025-11-18 19:55:00+00:00,"Signal(ts=2025-11-18 19:55:00+00:00, action=HOLD, qty=0, strategy=Momentum)",,[]
2025-11-18 19:56:00+00:00,"Signal(ts=2025-11-18 19:56:00+00:00, action=BUY, qty=1, strategy=Momentum)",43d41c05-f9e6-46f3-ade0-c50a88cd3c39,[]
2025-11-18 19:57:00+00:00,"Signal(ts=2025-11-18 19:57:00+00:00, action=BUY, qty=2, strategy=Momentum)",4a577d24-3001-4e7b-8e9e-43bf439abf61,[]
2025-11-18 19:58:00+00:00,"Signal(ts=2025-11-18 19:58:00+00:00, action=BUY, qty=2, strategy=Momentum)",9c1d5ef1-47f3-49ad-89ba-661356875fc0,[]
2025-11-18 19:59:00+00:00,"Signal(ts=2025-11-18 19:59:00+00:00, action=BUY, qty=3, strategy=Momentum)",6eeed941-4e51-4144-9eda-e94ba02f69b7,[]
2025-11-18 20:00:00+00:00,"Signal(ts=2025-11-18 20:00:00+00:00, action=BUY, qty=3, strategy=Momentum)",a1d128b0-3dd0-4074-9e58-31c54c057e1f,[]
2025-11-18 20:01:00+00:00,"Signal(ts=2025-11-18 20:01:00+00:00, action=BUY, qty=3, strategy=Momentum)",124b93b0-c7c1-4c2a-95b7-935126cf838e,[]
2025-11-18 20:02:00+00:00,"Signal(ts=2025-11-18 20:02:00+00:00, action=BUY, qty=2, strategy=Momentum)",59f0ccfa-4548-40bc-b330-6ae27e11f981,[]
2025-11-18 20:03:00+00:00,"Signal(ts=2025-11-18 20:03:00+00:00, action=BUY, qty=2, strategy=Momentum)",e9ba8368-0255-4c6e-ae92-47e16f3050c7,[]
2025-11-18 20:04:00+00:00,"Signal(ts=2025-11-18 20:04:00+00:00, action=BUY, qty=1, strategy=Momentum)",0d91e8ca-324c-4dab-98bd-b86cfb22a485,[]
2025-11-18 20:05:00+00:00,"Signal(ts=2025-11-18 20:05:00+00:00, action=BUY, qty=1, strategy=Momentum)",c6a09f44-056c-4373-aaa8-0f1092cc1c5c,[]
2025-11-18 20:06:00+00:00,"Signal(ts=2025-11-18 20:06:00+00:00, action=HOLD, qty=0, strategy=Momentum)",,[]
2025-11-18 20:07:00+00:00,"Signal(ts=2025-11-18 20:07:00+00:00, action=HOLD, qty=0, strategy=Momentum)",,[]
2025-11-18 20:08:00+00:00,"Signal(ts=2025-11-18 20:08:00+00:00, action=SELL, qty=1, strategy=Momentum)",a40714e1-6e54-473b-9c73-7a9737fc9876,"[{'price': 268.19000244140625, 'qty': 1, 'buy_id': 'a1d128b0-3dd0-4074-9e58-31c54c057e1f', 'sell_id': 'a40714e1-6e54-473b-9c73-7a9737fc9876', 'timestamp': 1763961890.695343}]"
2025-11-18 20:09:00+00:00,"Signal(ts=2025-11-18 20:09:00+00:00, action=SELL, qty=1, strategy=Momentum)",c3998fa1-fce5-446d-8335-2db8542f6f1e,"[{'price': 268.239990234375, 'qty': 1, 'buy_id': 'a1d128b0-3dd0-4074-9e58-31c54c057e1f', 'sell_id': 'c3998fa1-fce5-446d-8335-2db8542f6f1e', 'timestamp': 1763961890.695343}]"
2025-11-18 20:10:00+00:00,"Signal(ts=2025-11-18 20:10:00+00:00, action=HOLD, qty=0, strategy=Momentum)",,[]
2025-11-18 20:11:00+00:00,"Signal(ts=2025-11-18 20:11:00+00:00, action=SELL, qty=1, strategy=Momentum)",765d450a-db14-4ab0-823d-51490e1b7b4f,"[{'price': 268.2900085449219, 'qty': 1, 'buy_id': 'a1d128b0-3dd0-4074-9e58-31c54c057e1f', 'sell_id': '765d450a-db14-4ab0-823d-51490e1b7b4f', 'timestamp': 1763961890.7035754}]"
2025-11-18 20:12:00+00:00,"Signal(ts=2025-11-18 20:12:00+00:00, action=SELL, qty=1, strategy=Momentum)",80a02414-49f9-4def-b219-01ede440e7fb,"[{'price': 268.2200012207031, 'qty': 1, 'buy_id': '124b93b0-c7c1-4c2a-95b7-935126cf838e', 'sell_id': '80a02414-49f9-4def-b219-01ede440e7fb', 'timestamp': 1763961890.7116194}]"
2025-11-18 20:13:00+00:00,"Signal(ts=2025-11-18 20:13:00+00:00, action=HOLD, qty=0, strategy=Momentum)",,[]
2025-11-18 20:14:00+00:00,"Signal(ts=2025-11-18 20:14:00+00:00, action=HOLD, qty=0, strategy=Momentum)",,[]
2025-11-18 20:15:00+00:00,"Signal(ts=2025-11-18 20:15:00+00:00, action=BUY, qty=1, strategy=Momentum)",03a93410-dd29-4c18-98c9-acd04a7e10c7,[]
2025-11-18 20:16:00+00:00,"Signal(ts=2025-11-18 20:16:00+00:00, action=SELL, qty=1, strategy=Momentum)",02dc6fb4-b785-4485-8256-60823c4c1dea,"[{'price': 268.32000732421875, 'qty': 1, 'buy_id': '124b93b0-c7c1-4c2a-95b7-935126cf838e', 'sell_id': '02dc6fb4-b785-4485-8256-60823c4c1dea', 'timestamp': 1763961890.7354503}]"
2025-11-18 20:17:00+00:00,"Signal(ts=2025-11-18 20:17:00+00:00, action=HOLD, qty=0, strategy=Momentum)",,[]
2025-11-18 20:18:00+00:00,"Signal(ts=2025-11-18 20:18:00+00:00, action=HOLD, qty=0, strategy=Momentum)",,[]
2025-11-18 20:19:00+00:00,"Signal(ts=2025-11-18 20:19:00+00:00, action=SELL, qty=1, strategy=Momentum)",2f90785a-0b5b-408e-a11a-b81d5acce202,"[{'price': 268.1200866699219, 'qty': 1, 'buy_id': '124b93b0-c7c1-4c2a-95b7-935126cf838e', 'sell_id': '2f90785a-0b5b-408e-a11a-b81d5acce202', 'timestamp': 1763961890.73731}]"
2025-11-18 20:20:00+00:00,"Signal(ts=2025-11-18 20:20:00+00:00, action=HOLD, qty=0, strategy=Momentum)",,[]
2025-11-18 20:21:00+00:00,"Signal(ts=2025-11-18 20:21:00+00:00, action=HOLD, qty=0, strategy=Momentum)",,[]
2025-11-18 20:22:00+00:00,"Signal(ts=2025-11-18 20:22:00+00:00, action=BUY, qty=1, strategy=Momentum)",b6d02db2-66b6-403e-b2ef-78bb09f9dee1,[]
2025-11-18 20:23:00+00:00,"Signal(ts=2025-11-18 20:23:00+00:00, action=BUY, qty=1, strategy=Momentum)",3ce20388-0672-4a90-ae22-085650665369,[]
2025-11-18 20:24:00+00:00,"Signal(ts=2025-11-18 20:24:00+00:00, action=HOLD, qty=0, strategy=Momentum)",,[]
2025-11-18 20:25:00+00:00,"Signal(ts=2025-11-18 20:25:00+00:00, action=SELL, qty=1, strategy=Momentum)",3d986f4b-4499-4785-aba3-4141a2c64bfe,"[{'price': 268.2300109863281, 'qty': 1, 'buy_id': '6eeed941-4e51-4144-9eda-e94ba02f69b7', 'sell_id': '3d986f4b-4499-4785-aba3-4141a2c64bfe', 'timestamp': 1763961890.7545652}]"
2025-11-18 20:26:00+00:00,"Signal(ts=2025-11-18 20:26:00+00:00, action=SELL, qty=1, strategy=Momentum)",73fcac42-c84d-40f4-966c-8b9c262cfc68,"[{'price': 268.2099914550781, 'qty': 1, 'buy_id': '6eeed941-4e51-4144-9eda-e94ba02f69b7', 'sell_id': '73fcac42-c84d-40f4-966c-8b9c262cfc68', 'timestamp': 1763961890.7545652}]"
2025-11-18 20:27:00+00:00,"Signal(ts=2025-11-18 20:27:00+00:00, action=SELL, qty=1, strategy=Momentum)",d4a4b4c7-1a1e-4d33-802d-731163ffee68,"[{'price': 268.1549987792969, 'qty': 1, 'buy_id': '6eeed941-4e51-4144-9eda-e94ba02f69b7', 'sell_id': 'd4a4b4c7-1a1e-4d33-802d-731163ffee68', 'timestamp': 1763961890.7545652}]"
2025-11-18 20:28:00+00:00,"Signal(ts=2025-11-18 20:28:00+00:00, action=SELL, qty=2, strategy=Momentum)",672228fa-c661-4eb2-83c2-d24e82107e2e,"[{'price': 268.1600036621094, 'qty': 2, 'buy_id': '59f0ccfa-4548-40bc-b330-6ae27e11f981', 'sell_id': '672228fa-c661-4eb2-83c2-d24e82107e2e', 'timestamp': 1763961890.7545652}]"
2025-11-18 20:29:00+00:00,"Signal(ts=2025-11-18 20:29:00+00:00, action=SELL, qty=2, strategy=Momentum)",ceeeea41-3f1f-4677-bc9f-ccec60cd76a6,"[{'price': 268.2802124023437, 'qty': 1, 'buy_id': 'd463669f-0999-4152-8ca9-4943cca08de0', 'sell_id': 'ceeeea41-3f1f-4677-bc9f-ccec60cd76a6', 'timestamp': 1763961890.768765}, {'price': 268.2802124023437, 'qty': 1, 'buy_id': '9c1d5ef1-47f3-49ad-89ba-661356875fc0', 'sell_id': 'ceeeea41-3f1f-4677-bc9f-ccec60cd76a6', 'timestamp': 1763961890.768765}]"
2025-11-18 20:30:00+00:00,"Signal(ts=2025-11-18 20:30:00+00:00, action=SELL, qty=1, strategy=Momentum)",a02e71d9-3bee-4de6-9bc7-df3be9823a4c,"[{'price': 268.29998779296875, 'qty': 1, 'buy_id': '9c1d5ef1-47f3-49ad-89ba-661356875fc0', 'sell_id': 'a02e71d9-3bee-4de6-9bc7-df3be9823a4c', 'timestamp': 1763961890.772898}]"
2025-11-18 20:31:00+00:00,"Signal(ts=2025-11-18 20:31:00+00:00, action=SELL, qty=2, strategy=Momentum)",eb41595c-cd70-470c-bcdd-60a5b7ca25d1,"[{'price': 268.1300048828125, 'qty': 2, 'buy_id': '4a577d24-3001-4e7b-8e9e-43bf439abf61', 'sell_id': 'eb41595c-cd70-470c-bcdd-60a5b7ca25d1', 'timestamp': 1763961890.7738972}]"
2025-11-18 20:32:00+00:00,"Signal(ts=2025-11-18 20:32:00+00:00, action=SELL, qty=1, strategy=Momentum)",ef06218d-f512-44e0-ab13-57c78a9883d3,"[{'price': 268.1000061035156, 'qty': 1, 'buy_id': '1b416798-5617-4c2f-8521-9b7a149aa2b4', 'sell_id': 'ef06218d-f512-44e0-ab13-57c78a9883d3', 'timestamp': 1763961890.7738972}]"
2025-11-18 20:33:00+00:00,"Signal(ts=2025-11-18 20:33:00+00:00, action=SELL, qty=1, strategy=Momentum)",07263303-67de-446d-8be0-0e5cf990e3e6,"[{'price': 268.1000061035156, 'qty': 1, 'buy_id': '75475c06-3990-447c-aaef-69e68e8e77ea', 'sell_id': '07263303-67de-446d-8be0-0e5cf990e3e6', 'timestamp': 1763961890.7738972}]"
2025-11-18 20:34:00+00:00,"Signal(ts=2025-11-18 20:34:00+00:00, action=SELL, qty=1, strategy=Momentum)",e9601f26-b5f9-4b15-9f2d-93111ce66c1b,"[{'price': 267.9447021484375, 'qty': 1, 'buy_id': '75475c06-3990-447c-aaef-69e68e8e77ea', 'sell_id': 'e9601f26-b5f9-4b15-9f2d-93111ce66c1b', 'timestamp': 1763961890.7801147}]"
2025-11-18 20:35:00+00:00,"Signal(ts=2025-11-18 20:35:00+00:00, action=SELL, qty=1, strategy=Momentum)",421567cc-86be-40a5-963c-6768a7b87533,"[{'price': 267.9649963378906, 'qty': 1, 'buy_id': '75475c06-3990-447c-aaef-69e68e8e77ea', 'sell_id': '421567cc-86be-40a5-963c-6768a7b87533', 'timestamp': 1763961890.7801147}]"
2025-11-18 20:36:00+00:00,"Signal(ts=2025-11-18 20:36:00+00:00, action=SELL, qty=1, strategy=Momentum)",40c8c810-0e9e-4fce-a46a-bca33094e18f,"[{'price': 268.0, 'qty': 1, 'buy_id': '75475c06-3990-447c-aaef-69e68e8e77ea', 'sell_id': '40c8c810-0e9e-4fce-a46a-bca33094e18f', 'timestamp': 1763961890.7801147}]"
2025-11-18 20:37:00+00:00,"Signal(ts=2025-11-18 20:37:00+00:00, action=HOLD, qty=0, strategy=Momentum)",,[]
2025-11-18 20:38:00+00:00,"Signal(ts=2025-11-18 20:38:00+00:00, action=HOLD, qty=0, strategy=Momentum)",,[]
2025-11-18 20:39:00+00:00,"Signal(ts=2025-11-18 20:39:00+00:00, action=HOLD, qty=0, strategy=Momentum)",,[]
2025-11-18 20:40:00+00:00,"Signal(ts=2025-11-18 20:40:00+00:00, action=SELL, qty=1, strategy=Momentum)",a6541eb3-6cec-44d0-afe8-a888e9c0ba31,"[{'price': 268.1199951171875, 'qty': 1, 'buy_id': '75475c06-3990-447c-aaef-69e68e8e77ea', 'sell_id': 'a6541eb3-6cec-44d0-afe8-a888e9c0ba31', 'timestamp': 1763961890.7946308}]"
2025-11-18 20:41:00+00:00,"Signal(ts=2025-11-18 20:41:00+00:00, action=HOLD, qty=0, strategy=Momentum)",,[]
2025-11-18 20:42:00+00:00,"Signal(ts=2025-11-18 20:42:00+00:00, action=SELL, qty=1, strategy=Momentum)",0d049384-784e-4cc2-8ed5-f29d658db2cb,"[{'price': 268.0199890136719, 'qty': 1, 'buy_id': '75475c06-3990-447c-aaef-69e68e8e77ea', 'sell_id': '0d049384-784e-4cc2-8ed5-f29d658db2cb', 'timestamp': 1763961890.7946308}]"
2025-11-18 20:43:00+00:00,"Signal(ts=2025-11-18 20:43:00+00:00, action=SELL, qty=1, strategy=Momentum)",49708e83-8b05-4cfe-8c8b-6711347891ff,"[{'price': 268.04998779296875, 'qty': 1, 'buy_id': 'bf7e6fe4-bcf6-407b-b844-99849fad32cc', 'sell_id': '49708e83-8b05-4cfe-8c8b-6711347891ff', 'timestamp': 1763961890.7946308}]"
2025-11-18 20:44:00+00:00,"Signal(ts=2025-11-18 20:44:00+00:00, action=SELL, qty=1, strategy=Momentum)",5aaa4914-b68d-4481-bb4e-51eaa5e6cbc5,"[{'price': 267.8900146484375, 'qty': 1, 'buy_id': '872b9306-1823-4545-b1a3-f9f4655ea1a0', 'sell_id': '5aaa4914-b68d-4481-bb4e-51eaa5e6cbc5', 'timestamp': 1763961890.7946308}]"
2025-11-18 20:45:00+00:00,"Signal(ts=2025-11-18 20:45:00+00:00, action=SELL, qty=1, strategy=Momentum)",84a86d9a-4956-4c43-aba2-4d99b5dd3c85,"[{'price': 267.92999267578125, 'qty': 1, 'buy_id': '552010b6-9e64-491f-8389-029642d126d4', 'sell_id': '84a86d9a-4956-4c43-aba2-4d99b5dd3c85', 'timestamp': 1763961890.8030732}]"
2025-11-18 20:46:00+00:00,"Signal(ts=2025-11-18 20:46:00+00:00, action=SELL, qty=2, strategy=Momentum)",ac37c794-3e5f-4d3a-923a-ce37b4e76c69,"[{'price': 267.6235046386719, 'qty': 1, 'buy_id': 'f22fad72-f8ea-4a5a-8f93-75f10441cd6c', 'sell_id': 'ac37c794-3e5f-4d3a-923a-ce37b4e76c69', 'timestamp': 1763961890.8030732}, {'price': 267.6235046386719, 'qty': 1, 'buy_id': '43d41c05-f9e6-46f3-ade0-c50a88cd3c39', 'sell_id': 'ac37c794-3e5f-4d3a-923a-ce37b4e76c69', 'timestamp': 1763961890.8030732}]"
2025-11-18 20:47:00+00:00,"Signal(ts=2025-11-18 20:47:00+00:00, action=SELL, qty=1, strategy=Momentum)",64fb49a9-371f-4b16-a375-19198bd3e33e,"[{'price': 267.8299865722656, 'qty': 1, 'buy_id': '695e18a9-11af-4f35-ad9f-ba2ed27cc485', 'sell_id': '64fb49a9-371f-4b16-a375-19198bd3e33e', 'timestamp': 1763961890.8078194}]"
2025-11-18 20:48:00+00:00,"Signal(ts=2025-11-18 20:48:00+00:00, action=SELL, qty=1, strategy=Momentum)",13b4d100-dc30-4326-9340-f22baa6f0c65,"[{'price': 267.8299865722656, 'qty': 1, 'buy_id': '7a87e343-4734-43de-82f1-f9621b7e17a9', 'sell_id': '13b4d100-dc30-4326-9340-f22baa6f0c65', 'timestamp': 1763961890.8099551}]"
2025-11-18 20:49:00+00:00,"Signal(ts=2025-11-18 20:49:00+00:00, action=SELL, qty=2, strategy=Momentum)",702f8983-6814-4ebf-9f4e-1f3276b10c69,"[{'price': 267.6600036621094, 'qty': 2, 'buy_id': 'e9ba8368-0255-4c6e-ae92-47e16f3050c7', 'sell_id': '702f8983-6814-4ebf-9f4e-1f3276b10c69', 'timestamp': 1763961890.8109543}]"
2025-11-18 20:50:00+00:00,"Signal(ts=2025-11-18 20:50:00+00:00, action=SELL, qty=1, strategy=Momentum)",0dabed39-fadd-43a3-880e-1b61c12521a0,"[{'price': 268.0799865722656, 'qty': 1, 'buy_id': 'a45c475d-9caa-4dfa-bfaf-9d55de635c02', 'sell_id': '0dabed39-fadd-43a3-880e-1b61c12521a0', 'timestamp': 1763961890.8119485}]"
2025-11-18 20:51:00+00:00,"Signal(ts=2025-11-18 20:51:00+00:00, action=SELL, qty=2, strategy=Momentum)",98fd7084-cc8d-4461-8ef4-439621011b06,"[{'price': 267.82000732421875, 'qty': 1, 'buy_id': 'cdf31c5d-4cd7-4d69-9daa-adf175ed81b3', 'sell_id': '98fd7084-cc8d-4461-8ef4-439621011b06', 'timestamp': 1763961890.8119485}, {'price': 267.82000732421875, 'qty': 1, 'buy_id': 'b6d02db2-66b6-403e-b2ef-78bb09f9dee1', 'sell_id': '98fd7084-cc8d-4461-8ef4-439621011b06', 'timestamp': 1763961890.8119485}]"
2025-11-18 20:52:00+00:00,"Signal(ts=2025-11-18 20:52:00+00:00, action=SELL, qty=2, strategy=Momentum)",c5c060be-f1bf-46d3-aac6-9e754610f036,"[{'price': 267.8099975585937, 'qty': 1, 'buy_id': '88837aff-8c9f-4053-aa31-2f3a51e8c5b8', 'sell_id': 'c5c060be-f1bf-46d3-aac6-9e754610f036', 'timestamp': 1763961890.8119485}, {'price': 267.8099975585937, 'qty': 1, 'buy_id': '03a93410-dd29-4c18-98c9-acd04a7e10c7', 'sell_id': 'c5c060be-f1bf-46d3-aac6-9e754610f036', 'timestamp': 1763961890.8119485}]"
2025-11-18 20:53:00+00:00,"Signal(ts=2025-11-18 20:53:00+00:00, action=SELL, qty=2, strategy=Momentum)",fd6e8f6a-7d09-4557-9ffa-531c2a83f10c,"[{'price': 267.7149963378906, 'qty': 2, 'buy_id': '91f509c1-c4ec-4b00-8f0c-4fac53dd4951', 'sell_id': 'fd6e8f6a-7d09-4557-9ffa-531c2a83f10c', 'timestamp': 1763961890.8119485}]"
2025-11-18 20:54:00+00:00,"Signal(ts=2025-11-18 20:54:00+00:00, action=SELL, qty=1, strategy=Momentum)",dfdfecfd-99e3-4f2e-890e-e95e3cc3b01f,"[{'price': 267.7099914550781, 'qty': 1, 'buy_id': '91f509c1-c4ec-4b00-8f0c-4fac53dd4951', 'sell_id': 'dfdfecfd-99e3-4f2e-890e-e95e3cc3b01f', 'timestamp': 1763961890.8187537}]"
2025-11-18 20:55:00+00:00,"Signal(ts=2025-11-18 20:55:00+00:00, action=SELL, qty=1, strategy=Momentum)",c4cf44f6-0190-458a-846a-590f391604cb,"[{'price': 267.75, 'qty': 1, 'buy_id': '0d91e8ca-324c-4dab-98bd-b86cfb22a485', 'sell_id': 'c4cf44f6-0190-458a-846a-590f391604cb', 'timestamp': 1763961890.8201756}]"
2025-11-18 20:56:00+00:00,"Signal(ts=2025-11-18 20:56:00+00:00, action=SELL, qty=1, strategy=Momentum)",03bba0c7-24a0-4f57-b6a0-96a6dbba7c94,"[{'price': 267.67999267578125, 'qty': 1, 'buy_id': '6a32f411-f3a8-4a2c-8088-e5197a05428a', 'sell_id': '03bba0c7-24a0-4f57-b6a0-96a6dbba7c94', 'timestamp': 1763961890.8201756}]"
2025-11-18 20:57:00+00:00,"Signal(ts=2025-11-18 20:57:00+00:00, action=SELL, qty=1, strategy=Momentum)",699023b6-6165-4f24-b8af-d15574c2a067,"[{'price': 267.635009765625, 'qty': 1, 'buy_id': '3ce20388-0672-4a90-ae22-085650665369', 'sell_id': '699023b6-6165-4f24-b8af-d15574c2a067', 'timestamp': 1763961890.8201756}]"
2025-11-18 20:58:00+00:00,"Signal(ts=2025-11-18 20:58:00+00:00, action=SELL, qty=2, strategy=Momentum)",bd6922f7-3279-4e4c-bcb7-efa81373d423,"[{'price': 267.510009765625, 'qty': 1, 'buy_id': '274b790d-89fa-4f1c-92a0-0d1395d4648d', 'sell_id': 'bd6922f7-3279-4e4c-bcb7-efa81373d423', 'timestamp': 1763961890.827063}, {'price': 267.510009765625, 'qty': 1, 'buy_id': '65039e10-15bf-4cb3-81c1-cb7d2fc40278', 'sell_id': 'bd6922f7-3279-4e4c-bcb7-efa81373d423', 'timestamp': 1763961890.827063}]"
2025-11-18 20:59:00+00:00,"Signal(ts=2025-11-18 20:59:00+00:00, action=SELL, qty=2, strategy=Momentum)",b56e6356-0171-4938-bab4-e2adffc78b1d,"[{'price': 267.510009765625, 'qty': 1, 'buy_id': 'cb547613-21b9-4876-90fe-8c238b2e206a', 'sell_id': 'b56e6356-0171-4938-bab4-e2adffc78b1d', 'timestamp': 1763961890.8290687}, {'price': 267.510009765625, 'qty': 1, 'buy_id': '8bea8a6f-50e1-40cd-aaab-e437c589eb7c', 'sell_id': 'b56e6356-0171-4938-bab4-e2adffc78b1d', 'timestamp': 1763961890.8290687}]"
2025-11-18 21:00:00+00:00,"Signal(ts=2025-11-18 21:00:00+00:00, action=SELL, qty=2, strategy=Momentum)",a5976e56-aa9b-4d14-b58a-ee825bab0b1f,"[{'price': 267.42, 'qty': 2, 'buy_id': '8bea8a6f-50e1-40cd-aaab-e437c589eb7c', 'sell_id': 'a5976e56-aa9b-4d14-b58a-ee825bab0b1f', 'timestamp': 1763961890.8300738}]"
2025-11-18 21:01:00+00:00,"Signal(ts=2025-11-18 21:01:00+00:00, action=SELL, qty=3, strategy=Momentum)",ee0afccb-60c3-42bf-b28f-6d45596cee55,"[{'price': 267.19, 'qty': 3, 'buy_id': '8bea8a6f-50e1-40cd-aaab-e437c589eb7c', 'sell_id': 'ee0afccb-60c3-42bf-b28f-6d45596cee55', 'timestamp': 1763961890.8300738}]"
2025-11-18 21:02:00+00:00,"Signal(ts=2025-11-18 21:02:00+00:00, action=SELL, qty=3, strategy=Momentum)",07a1ebce-4b5f-4847-8e5d-41b5f26868a4,"[{'price': 267.05, 'qty': 3, 'buy_id': '5bc483b7-3855-43a5-b7ce-5ddb1f2e8319', 'sell_id': '07a1ebce-4b5f-4847-8e5d-41b5f26868a4', 'timestamp': 1763961890.8300738}]"
2025-11-18 21:03:00+00:00,"Signal(ts=2025-11-18 21:03:00+00:00, action=SELL, qty=2, strategy=Momentum)",74ab5d5c-4ef6-40b7-b89f-59cd7310265d,"[{'price': 267.2, 'qty': 1, 'buy_id': 'c6a09f44-056c-4373-aaa8-0f1092cc1c5c', 'sell_id': '74ab5d5c-4ef6-40b7-b89f-59cd7310265d', 'timestamp': 1763961890.8353782}, {'price': 267.2, 'qty': 1, 'buy_id': '3e2b1114-6100-48b4-8997-87a90dbacb34', 'sell_id': '74ab5d5c-4ef6-40b7-b89f-59cd7310265d', 'timestamp': 1763961890.8353782}]"
2025-11-18 21:04:00+00:00,"Signal(ts=2025-11-18 21:04:00+00:00, action=SELL, qty=1, strategy=Momentum)",4ceb42c2-ce6d-4839-899c-a747d6ce708b,"[{'price': 267.44, 'qty': 1, 'buy_id': 'ddd48ba6-cb75-4260-8fa3-9126a4e8ed8d', 'sell_id': '4ceb42c2-ce6d-4839-899c-a747d6ce708b', 'timestamp': 1763961890.8367662}]"
2025-11-18 21:05:00+00:00,"Signal(ts=2025-11-18 21:05:00+00:00, action=SELL, qty=2, strategy=Momentum)",b7973cf8-bc66-459d-afd5-fce0cdb64298,"[{'price': 267.35, 'qty': 2, 'buy_id': 'ddd48ba6-cb75-4260-8fa3-9126a4e8ed8d', 'sell_id': 'b7973cf8-bc66-459d-afd5-fce0cdb64298', 'timestamp': 1763961890.8367662}]"
2025-11-18 21:06:00+00:00,"Signal(ts=2025-11-18 21:06:00+00:00, action=SELL, qty=2, strategy=Momentum)",50190627-3f48-4b12-b90f-6f9b56aded8f,"[{'price': 267.4, 'qty': 2, 'buy_id': 'ddd48ba6-cb75-4260-8fa3-9126a4e8ed8d', 'sell_id': '50190627-3f48-4b12-b90f-6f9b56aded8f', 'timestamp': 1763961890.8409834}]"
2025-11-18 21:07:00+00:00,"Signal(ts=2025-11-18 21:07:00+00:00, action=SELL, qty=4, strategy=Momentum)",13408bf2-cc90-4af8-a110-1410f835b150,"[{'price': 267.1164, 'qty': 4, 'buy_id': 'e3aecfd6-9b96-43a9-b94b-431821b241f8', 'sell_id': '13408bf2-cc90-4af8-a110-1410f835b150', 'timestamp': 1763961890.8431273}]"
2025-11-18 21:08:00+00:00,"Signal(ts=2025-11-18 21:08:00+00:00, action=SELL, qty=3, strategy=Momentum)",25ea676a-d8aa-4ef8-9c8b-4d4f00710f79,"[{'price': 267.3, 'qty': 2, 'buy_id': '3419c756-8a29-4379-8471-98a2994393d2', 'sell_id': '25ea676a-d8aa-4ef8-9c8b-4d4f00710f79', 'timestamp': 1763961890.8441265}, {'price': 267.3, 'qty': 1, 'buy_id': '85e47d89-9877-4c47-9edf-1343cca52a37', 'sell_id': '25ea676a-d8aa-4ef8-9c8b-4d4f00710f79', 'timestamp': 1763961890.8441265}]"
2025-11-18 21:09:00+00:00,"Signal(ts=2025-11-18 21:09:00+00:00, action=SELL, qty=3, strategy=Momentum)",c0470e64-3a6a-46fe-aae4-1d192c5d416f,[]
2025-11-18 21:10:00+00:00,"Signal(ts=2025-11-18 21:10:00+00:00, action=SELL, qty=3, strategy=Momentum)",c79cf82a-84f0-4940-8f92-055ddb18ee61,[]
2025-11-18 21:11:00+00:00,"Signal(ts=2025-11-18 21:11:00+00:00, action=SELL, qty=2, strategy=Momentum)",48d82460-0464-473b-822f-81b0d5cefa4e,[]
2025-11-18 21:12:00+00:00,"Signal(ts=2025-11-18 21:12:00+00:00, action=SELL, qty=2, strategy=Momentum)",71ad898d-c907-41d6-98f9-17ea8c45a1b9,[]
2025-11-18 21:13:00+00:00,"Signal(ts=2025-11-18 21:13:00+00:00, action=SELL, qty=2, strategy=Momentum)",c0dddd11-cc7a-4391-94bc-d5039435dfed,[]
2025-11-18 21:14:00+00:00,"Signal(ts=2025-11-18 21:14:00+00:00, action=SELL, qty=2, strategy=Momentum)",d6158d45-58cb-42fd-9bed-79a54d9fc6a9,[]
2025-11-18 21:15:00+00:00,"Signal(ts=2025-11-18 21:15:00+00:00, action=SELL, qty=3, strategy=Momentum)",91b49345-3555-4113-b871-5cdc62088a50,[]
2025-11-18 21:16:00+00:00,"Signal(ts=2025-11-18 21:16:00+00:00, action=SELL, qty=2, strategy=Momentum)",73560171-46ed-471d-ac58-7bd1b6173bdf,[]
2025-11-18 21:17:00+00:00,"Signal(ts=2025-11-18 21:17:00+00:00, action=SELL, qty=2, strategy=Momentum)",15898a8a-71a2-42b4-b253-84c92e00abca,[]
2025-11-18 21:18:00+00:00,"Signal(ts=2025-11-18 21:18:00+00:00, action=SELL, qty=2, strategy=Momentum)",cc7b081a-afac-4316-b616-a1d11a3ef035,[]
2025-11-18 21:19:00+00:00,"Signal(ts=2025-11-18 21:19:00+00:00, action=SELL, qty=3, strategy=Momentum)",6fc0f7c0-4870-4c27-9bc8-85e4e94191e1,[]
2025-11-18 21:20:00+00:00,"Signal(ts=2025-11-18 21:20:00+00:00, action=SELL, qty=2, strategy=Momentum)",148873e6-a211-4412-9653-eab31ad803d3,[]
2025-11-18 21:21:00+00:00,"Signal(ts=2025-11-18 21:21:00+00:00, action=SELL, qty=2, strategy=Momentum)",342bcba7-592f-48c9-a60f-3c951fad1893,[]
2025-11-18 21:22:00+00:00,"Signal(ts=2025-11-18 21:22:00+00:00, action=SELL, qty=2, strategy=Momentum)",783a4ebd-7df5-486d-94c5-f4966f04a7af,[]
2025-11-18 21:23:00+00:00,"Signal(ts=2025-11-18 21:23:00+00:00, action=SELL, qty=2, strategy=Momentum)",99699f37-7d87-4449-8a6d-f9f012e3f250,[]
2025-11-18 21:24:00+00:00,"Signal(ts=2025-11-18 21:24:00+00:00, action=SELL, qty=2, strategy=Momentum)",2f9b0feb-87c3-468f-ad19-2f4d29cca91d,[]
2025-11-18 21:25:00+00:00,"Signal(ts=2025-11-18 21:25:00+00:00, action=SELL, qty=1, strategy=Momentum)",7fd5ee7a-5d49-4b75-8bae-8a88e772e229,[]
2025-11-18 21:26:00+00:00,"Signal(ts=2025-11-18 21:26:00+00:00, action=SELL, qty=1, strategy=Momentum)",bebf3474-ff79-4ff2-aaf8-6c59995fc67e,[]
2025-11-18 21:27:00+00:00,"Signal(ts=2025-11-18 21:27:00+00:00, action=SELL, qty=1, strategy=Momentum)",a841db09-0be5-43d7-ac66-bb627ab8f926,[]
2025-11-18 21:28:00+00:00,"Signal(ts=2025-11-18 21:28:00+00:00, action=SELL, qty=1, strategy=Momentum)",1852f4de-5974-4cf3-9e5a-58a3578a3a91,[]
2025-11-18 21:29:00+00:00,"Signal(ts=2025-11-18 21:29:00+00:00, action=SELL, qty=1, strategy=Momentum)",eda677e4-b792-4abe-abbf-2eb49273d376,[]
2025-11-18 21:30:00+00:00,"Signal(ts=2025-11-18 21:30:00+00:00, action=BUY, qty=1, strategy=Momentum)",c0f00341-001e-42ea-b8c8-d77f9a105723,"[{'price': 266.7615, 'qty': 1, 'buy_id': 'c0f00341-001e-42ea-b8c8-d77f9a105723', 'sell_id': '91b49345-3555-4113-b871-5cdc62088a50', 'timestamp': 1763961890.8787382}]"
2025-11-18 21:31:00+00:00,"Signal(ts=2025-11-18 21:31:00+00:00, action=BUY, qty=1, strategy=Momentum)",1a2912a6-243c-458c-af30-ef0b23dfa30d,"[{'price': 266.7615, 'qty': 1, 'buy_id': '1a2912a6-243c-458c-af30-ef0b23dfa30d', 'sell_id': '91b49345-3555-4113-b871-5cdc62088a50', 'timestamp': 1763961890.8787382}]"
2025-11-18 21:32:00+00:00,"Signal(ts=2025-11-18 21:32:00+00:00, action=SELL, qty=1, strategy=Momentum)",7c867113-fa42-4d80-b556-d223d696eef9,[]
2025-11-18 21:33:00+00:00,"Signal(ts=2025-11-18 21:33:00+00:00, action=SELL, qty=1, strategy=Momentum)",eed69ace-8577-48a2-a648-cf945a265b89,[]
2025-11-18 21:34:00+00:00,"Signal(ts=2025-11-18 21:34:00+00:00, action=SELL, qty=1, strategy=Momentum)",c3510645-0d1b-49ea-9d73-c5bff6cbb949,[]
2025-11-18 21:35:00+00:00,"Signal(ts=2025-11-18 21:35:00+00:00, action=SELL, qty=1, strategy=Momentum)",4f129f00-94cb-4f61-bbb7-fd99705249a9,[]
2025-11-18 21:36:00+00:00,"Signal(ts=2025-11-18 21:36:00+00:00, action=HOLD, qty=0, strategy=Momentum)",,[]
2025-11-18 21:37:00+00:00,"Signal(ts=2025-11-18 21:37:00+00:00, action=HOLD, qty=0, strategy=Momentum)",,[]
2025-11-18 21:38:00+00:00,"Signal(ts=2025-11-18 21:38:00+00:00, action=HOLD, qty=0, strategy=Momentum)",,[]
2025-11-18 21:39:00+00:00,"Signal(ts=2025-11-18 21:39:00+00:00, action=HOLD, qty=0, strategy=Momentum)",,[]
2025-11-18 21:40:00+00:00,"Signal(ts=2025-11-18 21:40:00+00:00, action=HOLD, qty=0, strategy=Momentum)",,[]
2025-11-18 21:41:00+00:00,"Signal(ts=2025-11-18 21:41:00+00:00, action=SELL, qty=1, strategy=Momentum)",53b6cd04-5bd1-450a-bee1-10384b2b5438,[]
2025-11-18 21:42:00+00:00,"Signal(ts=2025-11-18 21:42:00+00:00, action=HOLD, qty=0, strategy=Momentum)",,[]
2025-11-18 21:43:00+00:00,"Signal(ts=2025-11-18 21:43:00+00:00, action=SELL, qty=1, strategy=Momentum)",b12d7023-2058-42ed-81dc-405e76e7a821,[]
2025-11-18 21:44:00+00:00,"Signal(ts=2025-11-18 21:44:00+00:00, action=BUY, qty=1, strategy=Momentum)",f8bcb5c6-c713-4579-b07c-50e739346909,"[{'price': 266.7615, 'qty': 1, 'buy_id': 'f8bcb5c6-c713-4579-b07c-50e739346909', 'sell_id': '91b49345-3555-4113-b871-5cdc62088a50', 'timestamp': 1763961890.9079597}]"
2025-11-18 21:45:00+00:00,"Signal(ts=2025-11-18 21:45:00+00:00, action=HOLD, qty=0, strategy=Momentum)",,[]
2025-11-18 21:46:00+00:00,"Signal(ts=2025-11-18 21:46:00+00:00, action=HOLD, qty=0, strategy=Momentum)",,[]
2025-11-18 21:47:00+00:00,"Signal(ts=2025-11-18 21:47:00+00:00, action=HOLD, qty=0, strategy=Momentum)",,[]
2025-11-18 21:48:00+00:00,"Signal(ts=2025-11-18 21:48:00+00:00, action=HOLD, qty=0, strategy=Momentum)",,[]
2025-11-18 21:49:00+00:00,"Signal(ts=2025-11-18 21:49:00+00:00, action=HOLD, qty=0, strategy=Momentum)",,[]
2025-11-18 21:50:00+00:00,"Signal(ts=2025-11-18 21:50:00+00:00, action=HOLD, qty=0, strategy=Momentum)",,[]
2025-11-18 21:51:00+00:00,"Signal(ts=2025-11-18 21:51:00+00:00, action=HOLD, qty=0, strategy=Momentum)",,[]
2025-11-18 21:52:00+00:00,"Signal(ts=2025-11-18 21:52:00+00:00, action=BUY, qty=1, strategy=Momentum)",29675994-cf98-4be7-bf21-21f55ae5c6a7,"[{'price': 267.0, 'qty': 1, 'buy_id': '29675994-cf98-4be7-bf21-21f55ae5c6a7', 'sell_id': '99699f37-7d87-4449-8a6d-f9f012e3f250', 'timestamp': 1763961890.9199462}]"
2025-11-18 21:53:00+00:00,"Signal(ts=2025-11-18 21:53:00+00:00, action=HOLD, qty=0, strategy=Momentum)",,[]
2025-11-18 21:54:00+00:00,"Signal(ts=2025-11-18 21:54:00+00:00, action=HOLD, qty=0, strategy=Momentum)",,[]
2025-11-18 21:55:00+00:00,"Signal(ts=2025-11-18 21:55:00+00:00, action=HOLD, qty=0, strategy=Momentum)",,[]
2025-11-18 21:56:00+00:00,"Signal(ts=2025-11-18 21:56:00+00:00, action=HOLD, qty=0, strategy=Momentum)",,[]
2025-11-18 21:57:00+00:00,"Signal(ts=2025-11-18 21:57:00+00:00, action=HOLD, qty=0, strategy=Momentum)",,[]
2025-11-18 21:58:00+00:00,"Signal(ts=2025-11-18 21:58:00+00:00, action=SELL, qty=1, strategy=Momentum)",7a8ff94a-5b04-4b96-a17a-3f00ca3e34b1,[]
2025-11-18 21:59:00+00:00,"Signal(ts=2025-11-18 21:59:00+00:00, action=SELL, qty=1, strategy=Momentum)",88c96de6-8de8-466b-865b-838dc25b4e1c,[]
2025-11-18 22:00:00+00:00,"Signal(ts=2025-11-18 22:00:00+00:00, action=SELL, qty=1, strategy=Momentum)",c7396d2b-df34-4619-b417-6af6bb2d702d,[]
2025-11-18 22:01:00+00:00,"Signal(ts=2025-11-18 22:01:00+00:00, action=HOLD, qty=0, strategy=Momentum)",,[]
2025-11-18 22:02:00+00:00,"Signal(ts=2025-11-18 22:02:00+00:00, action=SELL, qty=1, strategy=Momentum)",04267418-2ae7-45f9-a55c-c53b30e21e10,[]
2025-11-18 22:03:00+00:00,"Signal(ts=2025-11-18 22:03:00+00:00, action=SELL, qty=1, strategy=Momentum)",ed140a2d-bc8d-4c50-8f4c-80c8d696f34b,[]
2025-11-18 22:04:00+00:00,"Signal(ts=2025-11-18 22:04:00+00:00, action=SELL, qty=1, strategy=Momentum)",7382efed-294b-4f61-83c5-c5c43dd38514,[]
2025-11-18 22:05:00+00:00,"Signal(ts=2025-11-18 22:05:00+00:00, action=SELL, qty=1, strategy=Momentum)",d985cf8e-7098-4ab9-8ba4-c47c2b5d2367,[]
2025-11-18 22:06:00+00:00,"Signal(ts=2025-11-18 22:06:00+00:00, action=SELL, qty=1, strategy=Momentum)",cc51200d-af91-4622-bb11-e498e6046fe3,[]
2025-11-18 22:07:00+00:00,"Signal(ts=2025-11-18 22:07:00+00:00, action=SELL, qty=1, strategy=Momentum)",f2947163-6c52-4a74-bacd-080e23276ef3,[]
2025-11-18 22:08:00+00:00,"Signal(ts=2025-11-18 22:08:00+00:00, action=HOLD, qty=0, strategy=Momentum)",,[]
2025-11-18 22:09:00+00:00,"Signal(ts=2025-11-18 22:09:00+00:00, action=SELL, qty=1, strategy=Momentum)",4926ee17-9519-41ac-af45-0738455c2828,[]
2025-11-18 22:11:00+00:00,"Signal(ts=2025-11-18 22:11:00+00:00, action=HOLD, qty=0, strategy=Momentum)",,[]
2025-11-18 22:12:00+00:00,"Signal(ts=2025-11-18 22:12:00+00:00, action=SELL, qty=1, strategy=Momentum)",4a642f21-602d-421e-90eb-8b2a8a46c67e,[]
2025-11-18 22:13:00+00:00,"Signal(ts=2025-11-18 22:13:00+00:00, action=HOLD, qty=0, strategy=Momentum)",,[]
2025-11-18 22:14:00+00:00,"Signal(ts=2025-11-18 22:14:00+00:00, action=SELL, qty=1, strategy=Momentum)",0d342724-a43f-4760-97bc-76bd3cb503fa,[]
2025-11-18 22:15:00+00:00,"Signal(ts=2025-11-18 22:15:00+00:00, action=SELL, qty=1, strategy=Momentum)",a781a04f-b1f4-41bd-a8bf-93ebfb0632d2,[]
2025-11-18 22:16:00+00:00,"Signal(ts=2025-11-18 22:16:00+00:00, action=SELL, qty=1, strategy=Momentum)",998746fe-93e3-4f69-ae07-897bc28a5351,[]
2025-11-18 22:17:00+00:00,"Signal(ts=2025-11-18 22:17:00+00:00, action=SELL, qty=1, strategy=Momentum)",eaba62b1-1cce-4eca-afc3-a4773362ef7f,[]
2025-11-18 22:18:00+00:00,"Signal(ts=2025-11-18 22:18:00+00:00, action=SELL, qty=1, strategy=Momentum)",4481d652-5d29-45ed-ad20-81f463f378dd,[]
2025-11-18 22:19:00+00:00,"Signal(ts=2025-11-18 22:19:00+00:00, action=SELL, qty=1, strategy=Momentum)",7ba07e78-6017-4bc4-b6a0-f4400de61982,[]
2025-11-18 22:20:00+00:00,"Signal(ts=2025-11-18 22:20:00+00:00, action=SELL, qty=1, strategy=Momentum)",ce6e39d2-ef73-4ad1-aa99-836e979668d8,[]
2025-11-18 22:21:00+00:00,"Signal(ts=2025-11-18 22:21:00+00:00, action=SELL, qty=1, strategy=Momentum)",269046f9-15fe-47a9-8246-ac9d08d8b97f,[]
2025-11-18 22:22:00+00:00,"Signal(ts=2025-11-18 22:22:00+00:00, action=SELL, qty=1, strategy=Momentum)",d178e081-3f7d-4c0f-a4d0-dbb0ef9ec85b,[]
2025-11-18 22:23:00+00:00,"Signal(ts=2025-11-18 22:23:00+00:00, action=SELL, qty=1, strategy=Momentum)",0233e9d7-99e5-4424-ba35-090a198c0271,[]
2025-11-18 22:24:00+00:00,"Signal(ts=2025-11-18 22:24:00+00:00, action=SELL, qty=1, strategy=Momentum)",99647e35-57ef-45a4-8d1e-279b0efc4eb3,[]
2025-11-18 22:25:00+00:00,"Signal(ts=2025-11-18 22:25:00+00:00, action=SELL, qty=1, strategy=Momentum)",54a89b09-5056-4653-9f92-90414983fd44,[]
2025-11-18 22:26:00+00:00,"Signal(ts=2025-11-18 22:26:00+00:00, action=SELL, qty=1, strategy=Momentum)",ef4d51de-b8b8-4af2-b0b2-e1f0535c45ec,[]
2025-11-18 22:27:00+00:00,"Signal(ts=2025-11-18 22:27:00+00:00, action=SELL, qty=1, strategy=Momentum)",9def1bb9-d86e-48ff-9d12-78de9a91d9e6,[]
2025-11-18 22:28:00+00:00,"Signal(ts=2025-11-18 22:28:00+00:00, action=HOLD, qty=0, strategy=Momentum)",,[]
2025-11-18 22:29:00+00:00,"Signal(ts=2025-11-18 22:29:00+00:00, action=HOLD, qty=0, strategy=Momentum)",,[]
2025-11-18 22:30:00+00:00,"Signal(ts=2025-11-18 22:30:00+00:00, action=HOLD, qty=0, strategy=Momentum)",,[]
2025-11-18 22:31:00+00:00,"Signal(ts=2025-11-18 22:31:00+00:00, action=HOLD, qty=0, strategy=Momentum)",,[]
2025-11-18 22:32:00+00:00,"Signal(ts=2025-11-18 22:32:00+00:00, action=HOLD, qty=0, strategy=Momentum)",,[]
2025-11-18 22:33:00+00:00,"Signal(ts=2025-11-18 22:33:00+00:00, action=HOLD, qty=0, strategy=Momentum)",,[]
2025-11-18 22:34:00+00:00,"Signal(ts=2025-11-18 22:34:00+00:00, action=HOLD, qty=0, strategy=Momentum)",,[]
2025-11-18 22:35:00+00:00,"Signal(ts=2025-11-18 22:35:00+00:00, action=BUY, qty=1, strategy=Momentum)",e3f29cfa-9af3-457e-a9a7-1cfb5cfdbf9a,"[{'price': 266.75, 'qty': 1, 'buy_id': 'e3f29cfa-9af3-457e-a9a7-1cfb5cfdbf9a', 'sell_id': '4a642f21-602d-421e-90eb-8b2a8a46c67e', 'timestamp': 1763961890.9872742}]"
2025-11-18 22:36:00+00:00,"Signal(ts=2025-11-18 22:36:00+00:00, action=HOLD, qty=0, strategy=Momentum)",,[]
2025-11-18 22:37:00+00:00,"Signal(ts=2025-11-18 22:37:00+00:00, action=HOLD, qty=0, strategy=Momentum)",,[]
2025-11-18 22:38:00+00:00,"Signal(ts=2025-11-18 22:38:00+00:00, action=SELL, qty=1, strategy=Momentum)",13656163-e03d-4fcb-a510-f3fb7e6d6de9,[]
2025-11-18 22:39:00+00:00,"Signal(ts=2025-11-18 22:39:00+00:00, action=HOLD, qty=0, strategy=Momentum)",,[]
2025-11-18 22:40:00+00:00,"Signal(ts=2025-11-18 22:40:00+00:00, action=SELL, qty=1, strategy=Momentum)",568ebb07-3958-434e-b462-dc9f050f39b0,[]
2025-11-18 22:41:00+00:00,"Signal(ts=2025-11-18 22:41:00+00:00, action=HOLD, qty=0, strategy=Momentum)",,[]
2025-11-18 22:42:00+00:00,"Signal(ts=2025-11-18 22:42:00+00:00, action=SELL, qty=1, strategy=Momentum)",be64848a-5bea-44a9-80f9-57f5d9d55b8f,[]
2025-11-18 22:43:00+00:00,"Signal(ts=2025-11-18 22:43:00+00:00, action=HOLD, qty=0, strategy=Momentum)",,[]
2025-11-18 22:44:00+00:00,"Signal(ts=2025-11-18 22:44:00+00:00, action=SELL, qty=1, strategy=Momentum)",bf585faf-b72c-4703-bda4-451a1f7130e5,[]
2025-11-18 22:45:00+00:00,"Signal(ts=2025-11-18 22:45:00+00:00, action=HOLD, qty=0, strategy=Momentum)",,[]
2025-11-18 22:46:00+00:00,"Signal(ts=2025-11-18 22:46:00+00:00, action=SELL, qty=1, strategy=Momentum)",17bd0cca-83e5-400c-a448-cb15498d39d0,[]
2025-11-18 22:47:00+00:00,"Signal(ts=2025-11-18 22:47:00+00:00, action=HOLD, qty=0, strategy=Momentum)",,[]
2025-11-18 22:48:00+00:00,"Signal(ts=2025-11-18 22:48:00+00:00, action=HOLD, qty=0, strategy=Momentum)",,[]
2025-11-18 22:49:00+00:00,"Signal(ts=2025-11-18 22:49:00+00:00, action=HOLD, qty=0, strategy=Momentum)",,[]
2025-11-18 22:50:00+00:00,"Signal(ts=2025-11-18 22:50:00+00:00, action=BUY, qty=1, strategy=Momentum)",c9c0e953-4f20-4152-8874-52824560fc59,"[{'price': 266.75, 'qty': 1, 'buy_id': 'c9c0e953-4f20-4152-8874-52824560fc59', 'sell_id': '7ba07e78-6017-4bc4-b6a0-f4400de61982', 'timestamp': 1763961891.0420501}]"
2025-11-18 22:51:00+00:00,"Signal(ts=2025-11-18 22:51:00+00:00, action=HOLD, qty=0, strategy=Momentum)",,[]
2025-11-18 22:52:00+00:00,"Signal(ts=2025-11-18 22:52:00+00:00, action=HOLD, qty=0, strategy=Momentum)",,[]
2025-11-18 22:53:00+00:00,"Signal(ts=2025-11-18 22:53:00+00:00, action=HOLD, qty=0, strategy=Momentum)",,[]
2025-11-18 22:54:00+00:00,"Signal(ts=2025-11-18 22:54:00+00:00, action=HOLD, qty=0, strategy=Momentum)",,[]
2025-11-18 22:55:00+00:00,"Signal(ts=2025-11-18 22:55:00+00:00, action=HOLD, qty=0, strategy=Momentum)",,[]
2025-11-18 22:56:00+00:00,"Signal(ts=2025-11-18 22:56:00+00:00, action=HOLD, qty=0, strategy=Momentum)",,[]
2025-11-18 22:57:00+00:00,"Signal(ts=2025-11-18 22:57:00+00:00, action=HOLD, qty=0, strategy=Momentum)",,[]
2025-11-18 22:58:00+00:00,"Signal(ts=2025-11-18 22:58:00+00:00, action=HOLD, qty=0, strategy=Momentum)",,[]
2025-11-18 22:59:00+00:00,"Signal(ts=2025-11-18 22:59:00+00:00, action=HOLD, qty=0, strategy=Momentum)",,[]
2025-11-18 23:00:00+00:00,"Signal(ts=2025-11-18 23:00:00+00:00, action=BUY, qty=1, strategy=Momentum)",ed360971-a71c-449a-a2c7-08a5509b7073,"[{'price': 266.7512, 'qty': 1, 'buy_id': 'ed360971-a71c-449a-a2c7-08a5509b7073', 'sell_id': 'd985cf8e-7098-4ab9-8ba4-c47c2b5d2367', 'timestamp': 1763961891.0650132}]"
2025-11-18 23:01:00+00:00,"Signal(ts=2025-11-18 23:01:00+00:00, action=BUY, qty=1, strategy=Momentum)",0a4420b4-3329-4575-a023-bdedae5eefec,"[{'price': 266.76, 'qty': 1, 'buy_id': '0a4420b4-3329-4575-a023-bdedae5eefec', 'sell_id': '269046f9-15fe-47a9-8246-ac9d08d8b97f', 'timestamp': 1763961891.0670178}]"
2025-11-18 23:02:00+00:00,"Signal(ts=2025-11-18 23:02:00+00:00, action=BUY, qty=1, strategy=Momentum)",d6e449d1-cbf9-4a53-acea-3e1ee8d55b00,"[{'price': 266.7863, 'qty': 1, 'buy_id': 'd6e449d1-cbf9-4a53-acea-3e1ee8d55b00', 'sell_id': 'cc51200d-af91-4622-bb11-e498e6046fe3', 'timestamp': 1763961891.0690155}]"
2025-11-18 23:03:00+00:00,"Signal(ts=2025-11-18 23:03:00+00:00, action=BUY, qty=1, strategy=Momentum)",55ec110f-3f9f-46fd-8df2-ca0ff659e82e,"[{'price': 266.7863, 'qty': 1, 'buy_id': '55ec110f-3f9f-46fd-8df2-ca0ff659e82e', 'sell_id': '4926ee17-9519-41ac-af45-0738455c2828', 'timestamp': 1763961891.071836}]"
2025-11-18 23:04:00+00:00,"Signal(ts=2025-11-18 23:04:00+00:00, action=BUY, qty=1, strategy=Momentum)",d7ca9b02-c633-42b0-a5e7-2d4aecead0f8,"[{'price': 266.8012, 'qty': 1, 'buy_id': 'd7ca9b02-c633-42b0-a5e7-2d4aecead0f8', 'sell_id': '17bd0cca-83e5-400c-a448-cb15498d39d0', 'timestamp': 1763961891.0748386}]"
2025-11-18 23:05:00+00:00,"Signal(ts=2025-11-18 23:05:00+00:00, action=BUY, qty=4, strategy=Momentum)",b9d3e121-a7f1-430f-af6e-65802dcc95ef,"[{'price': 266.82, 'qty': 1, 'buy_id': 'b9d3e121-a7f1-430f-af6e-65802dcc95ef', 'sell_id': '13656163-e03d-4fcb-a510-f3fb7e6d6de9', 'timestamp': 1763961891.0771}, {'price': 266.82, 'qty': 1, 'buy_id': 'b9d3e121-a7f1-430f-af6e-65802dcc95ef', 'sell_id': '568ebb07-3958-434e-b462-dc9f050f39b0', 'timestamp': 1763961891.0771}, {'price': 266.82, 'qty': 1, 'buy_id': 'b9d3e121-a7f1-430f-af6e-65802dcc95ef', 'sell_id': 'be64848a-5bea-44a9-80f9-57f5d9d55b8f', 'timestamp': 1763961891.0771}, {'price': 266.83, 'qty': 1, 'buy_id': 'b9d3e121-a7f1-430f-af6e-65802dcc95ef', 'sell_id': 'bf585faf-b72c-4703-bda4-451a1f7130e5', 'timestamp': 1763961891.0771}]"
2025-11-18 23:06:00+00:00,"Signal(ts=2025-11-18 23:06:00+00:00, action=BUY, qty=3, strategy=Momentum)",28526354-61d1-4de3-95d5-8c59670e1681,"[{'price': 266.85, 'qty': 1, 'buy_id': '28526354-61d1-4de3-95d5-8c59670e1681', 'sell_id': '998746fe-93e3-4f69-ae07-897bc28a5351', 'timestamp': 1763961891.0781224}, {'price': 266.85, 'qty': 1, 'buy_id': '28526354-61d1-4de3-95d5-8c59670e1681', 'sell_id': 'd178e081-3f7d-4c0f-a4d0-dbb0ef9ec85b', 'timestamp': 1763961891.0781224}, {'price': 266.86, 'qty': 1, 'buy_id': '28526354-61d1-4de3-95d5-8c59670e1681', 'sell_id': 'c7396d2b-df34-4619-b417-6af6bb2d702d', 'timestamp': 1763961891.0781224}]"
2025-11-18 23:07:00+00:00,"Signal(ts=2025-11-18 23:07:00+00:00, action=BUY, qty=4, strategy=Momentum)",a2c47616-39b3-4dec-bb1c-c9028e2cb141,"[{'price': 266.86, 'qty': 1, 'buy_id': 'a2c47616-39b3-4dec-bb1c-c9028e2cb141', 'sell_id': '4481d652-5d29-45ed-ad20-81f463f378dd', 'timestamp': 1763961891.0816345}, {'price': 266.89, 'qty': 1, 'buy_id': 'a2c47616-39b3-4dec-bb1c-c9028e2cb141', 'sell_id': '7a8ff94a-5b04-4b96-a17a-3f00ca3e34b1', 'timestamp': 1763961891.0816345}, {'price': 266.9, 'qty': 1, 'buy_id': 'a2c47616-39b3-4dec-bb1c-c9028e2cb141', 'sell_id': '7382efed-294b-4f61-83c5-c5c43dd38514', 'timestamp': 1763961891.0816345}, {'price': 266.9, 'qty': 1, 'buy_id': 'a2c47616-39b3-4dec-bb1c-c9028e2cb141', 'sell_id': 'f2947163-6c52-4a74-bacd-080e23276ef3', 'timestamp': 1763961891.0816345}]"
2025-11-18 23:08:00+00:00,"Signal(ts=2025-11-18 23:08:00+00:00, action=BUY, qty=2, strategy=Momentum)",81e1e28e-89a3-4c27-9436-88140b59dfdd,"[{'price': 266.9, 'qty': 1, 'buy_id': '81e1e28e-89a3-4c27-9436-88140b59dfdd', 'sell_id': '0d342724-a43f-4760-97bc-76bd3cb503fa', 'timestamp': 1763961891.083889}, {'price': 266.9, 'qty': 1, 'buy_id': '81e1e28e-89a3-4c27-9436-88140b59dfdd', 'sell_id': '0233e9d7-99e5-4424-ba35-090a198c0271', 'timestamp': 1763961891.083889}]"
2025-11-18 23:09:00+00:00,"Signal(ts=2025-11-18 23:09:00+00:00, action=BUY, qty=3, strategy=Momentum)",ac4a15b5-2f41-4f5b-b7f1-b29a8e1af6bd,"[{'price': 266.9025, 'qty': 1, 'buy_id': 'ac4a15b5-2f41-4f5b-b7f1-b29a8e1af6bd', 'sell_id': '9def1bb9-d86e-48ff-9d12-78de9a91d9e6', 'timestamp': 1763961891.085897}, {'price': 266.91, 'qty': 1, 'buy_id': 'ac4a15b5-2f41-4f5b-b7f1-b29a8e1af6bd', 'sell_id': 'ce6e39d2-ef73-4ad1-aa99-836e979668d8', 'timestamp': 1763961891.085897}, {'price': 266.91, 'qty': 1, 'buy_id': 'ac4a15b5-2f41-4f5b-b7f1-b29a8e1af6bd', 'sell_id': '99647e35-57ef-45a4-8d1e-279b0efc4eb3', 'timestamp': 1763961891.085897}]"
2025-11-18 23:10:00+00:00,"Signal(ts=2025-11-18 23:10:00+00:00, action=BUY, qty=4, strategy=Momentum)",cf26288c-697f-45cf-b604-d4f0ccd48c2e,"[{'price': 266.91, 'qty': 1, 'buy_id': 'cf26288c-697f-45cf-b604-d4f0ccd48c2e', 'sell_id': '54a89b09-5056-4653-9f92-90414983fd44', 'timestamp': 1763961891.0866213}, {'price': 266.9118, 'qty': 1, 'buy_id': 'cf26288c-697f-45cf-b604-d4f0ccd48c2e', 'sell_id': 'ef4d51de-b8b8-4af2-b0b2-e1f0535c45ec', 'timestamp': 1763961891.0866213}, {'price': 266.93, 'qty': 1, 'buy_id': 'cf26288c-697f-45cf-b604-d4f0ccd48c2e', 'sell_id': 'ed140a2d-bc8d-4c50-8f4c-80c8d696f34b', 'timestamp': 1763961891.0866213}, {'price': 266.9725, 'qty': 1, 'buy_id': 'cf26288c-697f-45cf-b604-d4f0ccd48c2e', 'sell_id': 'a781a04f-b1f4-41bd-a8bf-93ebfb0632d2', 'timestamp': 1763961891.0866213}]"
2025-11-18 23:11:00+00:00,"Signal(ts=2025-11-18 23:11:00+00:00, action=BUY, qty=3, strategy=Momentum)",9beb8d22-dda2-4188-b0b8-3ddd908a3cb1,"[{'price': 267.0, 'qty': 1, 'buy_id': '9beb8d22-dda2-4188-b0b8-3ddd908a3cb1', 'sell_id': '99699f37-7d87-4449-8a6d-f9f012e3f250', 'timestamp': 1763961891.0866213}, {'price': 267.0, 'qty': 1, 'buy_id': '9beb8d22-dda2-4188-b0b8-3ddd908a3cb1', 'sell_id': '88c96de6-8de8-466b-865b-838dc25b4e1c', 'timestamp': 1763961891.0866213}, {'price': 267.0, 'qty': 1, 'buy_id': '9beb8d22-dda2-4188-b0b8-3ddd908a3cb1', 'sell_id': 'eaba62b1-1cce-4eca-afc3-a4773362ef7f', 'timestamp': 1763961891.0866213}]"
2025-11-18 23:12:00+00:00,"Signal(ts=2025-11-18 23:12:00+00:00, action=BUY, qty=2, strategy=Momentum)",3a4dd848-d460-4296-ba10-6350be38c0f2,"[{'price': 267.01, 'qty': 1, 'buy_id': '3a4dd848-d460-4296-ba10-6350be38c0f2', 'sell_id': '7c867113-fa42-4d80-b556-d223d696eef9', 'timestamp': 1763961891.0924249}, {'price': 267.0167, 'qty': 1, 'buy_id': '3a4dd848-d460-4296-ba10-6350be38c0f2', 'sell_id': '53b6cd04-5bd1-450a-bee1-10384b2b5438', 'timestamp': 1763961891.0924249}]"
2025-11-18 23:13:00+00:00,"Signal(ts=2025-11-18 23:13:00+00:00, action=BUY, qty=3, strategy=Momentum)",b8810c41-98d7-4765-aa3c-f58f6400d8cc,"[{'price': 267.0475, 'qty': 2, 'buy_id': 'b8810c41-98d7-4765-aa3c-f58f6400d8cc', 'sell_id': 'cc7b081a-afac-4316-b616-a1d11a3ef035', 'timestamp': 1763961891.095218}, {'price': 267.07, 'qty': 1, 'buy_id': 'b8810c41-98d7-4765-aa3c-f58f6400d8cc', 'sell_id': '4f129f00-94cb-4f61-bbb7-fd99705249a9', 'timestamp': 1763961891.095218}]"
2025-11-18 23:14:00+00:00,"Signal(ts=2025-11-18 23:14:00+00:00, action=BUY, qty=2, strategy=Momentum)",2a90c07c-4c20-4598-b6d6-0bbce123844f,"[{'price': 267.08, 'qty': 1, 'buy_id': '2a90c07c-4c20-4598-b6d6-0bbce123844f', 'sell_id': '04267418-2ae7-45f9-a55c-c53b30e21e10', 'timestamp': 1763961891.095218}, {'price': 267.1, 'qty': 1, 'buy_id': '2a90c07c-4c20-4598-b6d6-0bbce123844f', 'sell_id': '148873e6-a211-4412-9653-eab31ad803d3', 'timestamp': 1763961891.095218}]"
2025-11-18 23:15:00+00:00,"Signal(ts=2025-11-18 23:15:00+00:00, action=BUY, qty=2, strategy=Momentum)",32059f28-deb8-4e5b-ab7f-b9c523df38c1,"[{'price': 267.1, 'qty': 1, 'buy_id': '32059f28-deb8-4e5b-ab7f-b9c523df38c1', 'sell_id': '148873e6-a211-4412-9653-eab31ad803d3', 'timestamp': 1763961891.095218}, {'price': 267.1, 'qty': 1, 'buy_id': '32059f28-deb8-4e5b-ab7f-b9c523df38c1', 'sell_id': '783a4ebd-7df5-486d-94c5-f4966f04a7af', 'timestamp': 1763961891.095218}]"
2025-11-18 23:16:00+00:00,"Signal(ts=2025-11-18 23:16:00+00:00, action=BUY, qty=3, strategy=Momentum)",07560c0e-5737-46ca-b8c0-622bb65373db,"[{'price': 267.1, 'qty': 1, 'buy_id': '07560c0e-5737-46ca-b8c0-622bb65373db', 'sell_id': '783a4ebd-7df5-486d-94c5-f4966f04a7af', 'timestamp': 1763961891.1031969}, {'price': 267.1, 'qty': 1, 'buy_id': '07560c0e-5737-46ca-b8c0-622bb65373db', 'sell_id': 'b12d7023-2058-42ed-81dc-405e76e7a821', 'timestamp': 1763961891.1031969}, {'price': 267.11, 'qty': 1, 'buy_id': '07560c0e-5737-46ca-b8c0-622bb65373db', 'sell_id': '1852f4de-5974-4cf3-9e5a-58a3578a3a91', 'timestamp': 1763961891.1031969}]"
2025-11-18 23:17:00+00:00,"Signal(ts=2025-11-18 23:17:00+00:00, action=BUY, qty=3, strategy=Momentum)",de028d7d-32e4-4aed-a5f2-dc0de74dd4b4,"[{'price': 267.11, 'qty': 1, 'buy_id': 'de028d7d-32e4-4aed-a5f2-dc0de74dd4b4', 'sell_id': 'eda677e4-b792-4abe-abbf-2eb49273d376', 'timestamp': 1763961891.1051888}, {'price': 267.12, 'qty': 1, 'buy_id': 'de028d7d-32e4-4aed-a5f2-dc0de74dd4b4', 'sell_id': 'c3510645-0d1b-49ea-9d73-c5bff6cbb949', 'timestamp': 1763961891.1051888}, {'price': 267.13, 'qty': 1, 'buy_id': 'de028d7d-32e4-4aed-a5f2-dc0de74dd4b4', 'sell_id': '6fc0f7c0-4870-4c27-9bc8-85e4e94191e1', 'timestamp': 1763961891.1051888}]"
2025-11-18 23:18:00+00:00,"Signal(ts=2025-11-18 23:18:00+00:00, action=BUY, qty=2, strategy=Momentum)",e03f143a-4894-460d-8b0c-e1b146861963,"[{'price': 267.13, 'qty': 2, 'buy_id': 'e03f143a-4894-460d-8b0c-e1b146861963', 'sell_id': '6fc0f7c0-4870-4c27-9bc8-85e4e94191e1', 'timestamp': 1763961891.1081576}]"
2025-11-18 23:19:00+00:00,"Signal(ts=2025-11-18 23:19:00+00:00, action=BUY, qty=2, strategy=Momentum)",dbee6add-b459-48ef-9bd2-39d3d8e62c6e,"[{'price': 267.1786, 'qty': 2, 'buy_id': 'dbee6add-b459-48ef-9bd2-39d3d8e62c6e', 'sell_id': '73560171-46ed-471d-ac58-7bd1b6173bdf', 'timestamp': 1763961891.1115441}]"
2025-11-18 23:20:00+00:00,"Signal(ts=2025-11-18 23:20:00+00:00, action=BUY, qty=2, strategy=Momentum)",1a6c67f3-94b9-42de-9c53-5749f567f586,"[{'price': 267.19, 'qty': 2, 'buy_id': '1a6c67f3-94b9-42de-9c53-5749f567f586', 'sell_id': '342bcba7-592f-48c9-a60f-3c951fad1893', 'timestamp': 1763961891.1115441}]"
2025-11-18 23:21:00+00:00,"Signal(ts=2025-11-18 23:21:00+00:00, action=BUY, qty=3, strategy=Momentum)",8e7a3bd1-bfb4-4037-a369-73e622f5c685,"[{'price': 267.2, 'qty': 2, 'buy_id': '8e7a3bd1-bfb4-4037-a369-73e622f5c685', 'sell_id': '2f9b0feb-87c3-468f-ad19-2f4d29cca91d', 'timestamp': 1763961891.1115441}, {'price': 267.2, 'qty': 1, 'buy_id': '8e7a3bd1-bfb4-4037-a369-73e622f5c685', 'sell_id': 'bebf3474-ff79-4ff2-aaf8-6c59995fc67e', 'timestamp': 1763961891.1115441}]"
2025-11-18 23:22:00+00:00,"Signal(ts=2025-11-18 23:22:00+00:00, action=BUY, qty=3, strategy=Momentum)",a7bd67bb-7e1c-4f05-b33c-5abfa463b6c2,"[{'price': 267.21, 'qty': 2, 'buy_id': 'a7bd67bb-7e1c-4f05-b33c-5abfa463b6c2', 'sell_id': '15898a8a-71a2-42b4-b253-84c92e00abca', 'timestamp': 1763961891.119307}, {'price': 267.21, 'qty': 1, 'buy_id': 'a7bd67bb-7e1c-4f05-b33c-5abfa463b6c2', 'sell_id': 'a841db09-0be5-43d7-ac66-bb627ab8f926', 'timestamp': 1763961891.119307}]"
2025-11-18 23:23:00+00:00,"Signal(ts=2025-11-18 23:23:00+00:00, action=BUY, qty=3, strategy=Momentum)",bb8d0586-e641-4a14-9f82-07905ac61bdc,"[{'price': 267.24, 'qty': 1, 'buy_id': 'bb8d0586-e641-4a14-9f82-07905ac61bdc', 'sell_id': '7fd5ee7a-5d49-4b75-8bae-8a88e772e229', 'timestamp': 1763961891.1213043}, {'price': 267.25, 'qty': 2, 'buy_id': 'bb8d0586-e641-4a14-9f82-07905ac61bdc', 'sell_id': 'd6158d45-58cb-42fd-9bed-79a54d9fc6a9', 'timestamp': 1763961891.1213043}]"
2025-11-18 23:24:00+00:00,"Signal(ts=2025-11-18 23:24:00+00:00, action=BUY, qty=4, strategy=Momentum)",1f0b7360-6257-4875-b9fe-982052271686,"[{'price': 267.27, 'qty': 2, 'buy_id': '1f0b7360-6257-4875-b9fe-982052271686', 'sell_id': 'c0dddd11-cc7a-4391-94bc-d5039435dfed', 'timestamp': 1763961891.1221504}, {'price': 267.2927, 'qty': 1, 'buy_id': '1f0b7360-6257-4875-b9fe-982052271686', 'sell_id': 'eed69ace-8577-48a2-a648-cf945a265b89', 'timestamp': 1763961891.1221504}, {'price': 267.3, 'qty': 1, 'buy_id': '1f0b7360-6257-4875-b9fe-982052271686', 'sell_id': 'c0470e64-3a6a-46fe-aae4-1d192c5d416f', 'timestamp': 1763961891.1221504}]"
2025-11-18 23:25:00+00:00,"Signal(ts=2025-11-18 23:25:00+00:00, action=BUY, qty=4, strategy=Momentum)",178361e7-42d0-424b-bd4f-93ea506e7308,"[{'price': 267.3, 'qty': 2, 'buy_id': '178361e7-42d0-424b-bd4f-93ea506e7308', 'sell_id': 'c0470e64-3a6a-46fe-aae4-1d192c5d416f', 'timestamp': 1763961891.1221504}, {'price': 267.3, 'qty': 2, 'buy_id': '178361e7-42d0-424b-bd4f-93ea506e7308', 'sell_id': '71ad898d-c907-41d6-98f9-17ea8c45a1b9', 'timestamp': 1763961891.1221504}]"
2025-11-18 23:26:00+00:00,"Signal(ts=2025-11-18 23:26:00+00:00, action=BUY, qty=3, strategy=Momentum)",644a15dc-d9a0-480b-932b-b1bba4fc8621,"[{'price': 267.32, 'qty': 3, 'buy_id': '644a15dc-d9a0-480b-932b-b1bba4fc8621', 'sell_id': 'c79cf82a-84f0-4940-8f92-055ddb18ee61', 'timestamp': 1763961891.1270673}]"
2025-11-18 23:27:00+00:00,"Signal(ts=2025-11-18 23:27:00+00:00, action=BUY, qty=3, strategy=Momentum)",3ca93de7-8b17-4056-bd5f-0f3692f84d9b,"[{'price': 267.35, 'qty': 2, 'buy_id': '3ca93de7-8b17-4056-bd5f-0f3692f84d9b', 'sell_id': '48d82460-0464-473b-822f-81b0d5cefa4e', 'timestamp': 1763961891.1304457}]"
2025-11-18 23:28:00+00:00,"Signal(ts=2025-11-18 23:28:00+00:00, action=BUY, qty=2, strategy=Momentum)",bdb8db21-a2b8-49f1-a6da-fcdf6811afd2,[]
2025-11-18 23:29:00+00:00,"Signal(ts=2025-11-18 23:29:00+00:00, action=BUY, qty=2, strategy=Momentum)",8fd444e1-fb54-462f-8457-8af8b9975bf0,[]
2025-11-18 23:30:00+00:00,"Signal(ts=2025-11-18 23:30:00+00:00, action=BUY, qty=2, strategy=Momentum)",94f85f4d-3f64-4abd-810e-0662e2df0e04,[]
2025-11-18 23:31:00+00:00,"Signal(ts=2025-11-18 23:31:00+00:00, action=BUY, qty=2, strategy=Momentum)",26d27462-25ec-458c-aa33-a65f517b15ac,[]
2025-11-18 23:32:00+00:00,"Signal(ts=2025-11-18 23:32:00+00:00, action=BUY, qty=2, strategy=Momentum)",d7a81fe2-47b7-4cef-a7d0-320f82633ceb,[]
2025-11-18 23:33:00+00:00,"Signal(ts=2025-11-18 23:33:00+00:00, action=BUY, qty=1, strategy=Momentum)",a4416b86-1edf-4ab7-b51d-369f6702da37,[]
2025-11-18 23:34:00+00:00,"Signal(ts=2025-11-18 23:34:00+00:00, action=HOLD, qty=0, strategy=Momentum)",,[]
2025-11-18 23:35:00+00:00,"Signal(ts=2025-11-18 23:35:00+00:00, action=HOLD, qty=0, strategy=Momentum)",,[]
2025-11-18 23:36:00+00:00,"Signal(ts=2025-11-18 23:36:00+00:00, action=HOLD, qty=0, strategy=Momentum)",,[]
2025-11-18 23:37:00+00:00,"Signal(ts=2025-11-18 23:37:00+00:00, action=BUY, qty=1, strategy=Momentum)",68513dac-1028-420e-8a19-7696006954f8,[]
2025-11-18 23:38:00+00:00,"Signal(ts=2025-11-18 23:38:00+00:00, action=HOLD, qty=0, strategy=Momentum)",,[]
2025-11-18 23:39:00+00:00,"Signal(ts=2025-11-18 23:39:00+00:00, action=SELL, qty=1, strategy=Momentum)",e62370f1-bc9b-49e1-995f-5c3fd4d26791,"[{'price': 267.6, 'qty': 1, 'buy_id': '26d27462-25ec-458c-aa33-a65f517b15ac', 'sell_id': 'e62370f1-bc9b-49e1-995f-5c3fd4d26791', 'timestamp': 1763961891.1555743}]"
2025-11-18 23:40:00+00:00,"Signal(ts=2025-11-18 23:40:00+00:00, action=SELL, qty=1, strategy=Momentum)",28dc5735-8454-496d-99ff-0c334dd6e94a,"[{'price': 267.6, 'qty': 1, 'buy_id': '26d27462-25ec-458c-aa33-a65f517b15ac', 'sell_id': '28dc5735-8454-496d-99ff-0c334dd6e94a', 'timestamp': 1763961891.1577284}]"
2025-11-18 23:41:00+00:00,"Signal(ts=2025-11-18 23:41:00+00:00, action=BUY, qty=1, strategy=Momentum)",71308f4c-9370-463d-bc64-0f461a14b856,[]
2025-11-18 23:42:00+00:00,"Signal(ts=2025-11-18 23:42:00+00:00, action=BUY, qty=1, strategy=Momentum)",42d3d802-42c6-4de9-877b-8371d63274c9,[]
2025-11-18 23:43:00+00:00,"Signal(ts=2025-11-18 23:43:00+00:00, action=BUY, qty=1, strategy=Momentum)",cb7b9fd3-b1e9-408b-98f1-f0ebdb365e81,[]
2025-11-18 23:44:00+00:00,"Signal(ts=2025-11-18 23:44:00+00:00, action=BUY, qty=1, strategy=Momentum)",4ab2681a-b3cb-48c8-8f81-8e4b3c909c88,[]
2025-11-18 23:45:00+00:00,"Signal(ts=2025-11-18 23:45:00+00:00, action=BUY, qty=1, strategy=Momentum)",18f64f8b-9a80-4e97-ac33-c9fe4b16565f,[]
2025-11-18 23:46:00+00:00,"Signal(ts=2025-11-18 23:46:00+00:00, action=HOLD, qty=0, strategy=Momentum)",,[]
2025-11-18 23:47:00+00:00,"Signal(ts=2025-11-18 23:47:00+00:00, action=SELL, qty=1, strategy=Momentum)",a52eeb93-210a-401d-93af-d88eefcd7651,"[{'price': 267.52, 'qty': 1, 'buy_id': 'd7a81fe2-47b7-4cef-a7d0-320f82633ceb', 'sell_id': 'a52eeb93-210a-401d-93af-d88eefcd7651', 'timestamp': 1763961891.1702957}]"
2025-11-18 23:48:00+00:00,"Signal(ts=2025-11-18 23:48:00+00:00, action=HOLD, qty=0, strategy=Momentum)",,[]
2025-11-18 23:49:00+00:00,"Signal(ts=2025-11-18 23:49:00+00:00, action=HOLD, qty=0, strategy=Momentum)",,[]
2025-11-18 23:50:00+00:00,"Signal(ts=2025-11-18 23:50:00+00:00, action=HOLD, qty=0, strategy=Momentum)",,[]
2025-11-18 23:51:00+00:00,"Signal(ts=2025-11-18 23:51:00+00:00, action=SELL, qty=1, strategy=Momentum)",0063b883-0791-4ae2-8b16-ebc532354a9c,"[{'price': 267.6955, 'qty': 1, 'buy_id': 'd7a81fe2-47b7-4cef-a7d0-320f82633ceb', 'sell_id': '0063b883-0791-4ae2-8b16-ebc532354a9c', 'timestamp': 1763961891.1800811}]"
2025-11-18 23:52:00+00:00,"Signal(ts=2025-11-18 23:52:00+00:00, action=SELL, qty=1, strategy=Momentum)",15b18c3e-1c65-4c05-8b3f-829a59d2c5d8,"[{'price': 267.55, 'qty': 1, 'buy_id': '68513dac-1028-420e-8a19-7696006954f8', 'sell_id': '15b18c3e-1c65-4c05-8b3f-829a59d2c5d8', 'timestamp': 1763961891.1820865}]"
2025-11-18 23:53:00+00:00,"Signal(ts=2025-11-18 23:53:00+00:00, action=SELL, qty=1, strategy=Momentum)",0616e908-d4a5-4083-b4db-b4537a7267b0,"[{'price': 267.6988, 'qty': 1, 'buy_id': '71308f4c-9370-463d-bc64-0f461a14b856', 'sell_id': '0616e908-d4a5-4083-b4db-b4537a7267b0', 'timestamp': 1763961891.1859505}]"
2025-11-18 23:54:00+00:00,"Signal(ts=2025-11-18 23:54:00+00:00, action=SELL, qty=1, strategy=Momentum)",715dfb9c-1aa1-4646-998f-b6798d116736,"[{'price': 267.55, 'qty': 1, 'buy_id': '42d3d802-42c6-4de9-877b-8371d63274c9', 'sell_id': '715dfb9c-1aa1-4646-998f-b6798d116736', 'timestamp': 1763961891.1883337}]"
2025-11-18 23:55:00+00:00,"Signal(ts=2025-11-18 23:55:00+00:00, action=SELL, qty=1, strategy=Momentum)",14c3c0e6-3787-4ce9-a356-9113ce42d11c,"[{'price': 267.55, 'qty': 1, 'buy_id': '8fd444e1-fb54-462f-8457-8af8b9975bf0', 'sell_id': '14c3c0e6-3787-4ce9-a356-9113ce42d11c', 'timestamp': 1763961891.1908567}]"
2025-11-18 23:56:00+00:00,"Signal(ts=2025-11-18 23:56:00+00:00, action=SELL, qty=1, strategy=Momentum)",9c618226-ae16-43be-9047-fa87a4da2377,"[{'price': 267.55, 'qty': 1, 'buy_id': '8fd444e1-fb54-462f-8457-8af8b9975bf0', 'sell_id': '9c618226-ae16-43be-9047-fa87a4da2377', 'timestamp': 1763961891.192231}]"
2025-11-18 23:57:00+00:00,"Signal(ts=2025-11-18 23:57:00+00:00, action=BUY, qty=1, strategy=Momentum)",411a15c2-eb5b-405f-b5a7-772efff78d9b,[]
2025-11-18 23:58:00+00:00,"Signal(ts=2025-11-18 23:58:00+00:00, action=SELL, qty=1, strategy=Momentum)",3f78dad7-ac1e-4dd7-ae6d-8b60b1cec684,"[{'price': 267.65, 'qty': 1, 'buy_id': '94f85f4d-3f64-4abd-810e-0662e2df0e04', 'sell_id': '3f78dad7-ac1e-4dd7-ae6d-8b60b1cec684', 'timestamp': 1763961891.1973531}]"
2025-11-18 23:59:00+00:00,"Signal(ts=2025-11-18 23:59:00+00:00, action=SELL, qty=1, strategy=Momentum)",91e96930-3e48-4a08-b81c-a35f71701af0,"[{'price': 267.65, 'qty': 1, 'buy_id': '94f85f4d-3f64-4abd-810e-0662e2df0e04', 'sell_id': '91e96930-3e48-4a08-b81c-a35f71701af0', 'timestamp': 1763961891.19911}]"
2025-11-19 00:00:00+00:00,"Signal(ts=2025-11-19 00:00:00+00:00, action=SELL, qty=1, strategy=Momentum)",92e9d25d-4b9a-4fa7-a17c-7343fce6574f,"[{'price': 267.65, 'qty': 1, 'buy_id': '18f64f8b-9a80-4e97-ac33-c9fe4b16565f', 'sell_id': '92e9d25d-4b9a-4fa7-a17c-7343fce6574f', 'timestamp': 1763961891.201487}]"
2025-11-19 00:01:00+00:00,"Signal(ts=2025-11-19 00:01:00+00:00, action=SELL, qty=1, strategy=Momentum)",7b776325-384a-481a-b35c-c0dc450b0246,"[{'price': 267.78, 'qty': 1, 'buy_id': '4ab2681a-b3cb-48c8-8f81-8e4b3c909c88', 'sell_id': '7b776325-384a-481a-b35c-c0dc450b0246', 'timestamp': 1763961891.2044833}]"
2025-11-19 00:02:00+00:00,"Signal(ts=2025-11-19 00:02:00+00:00, action=SELL, qty=2, strategy=Momentum)",57f56810-8269-4c21-a708-eecd5b177fc0,"[{'price': 267.01, 'qty': 1, 'buy_id': 'cb7b9fd3-b1e9-408b-98f1-f0ebdb365e81', 'sell_id': '57f56810-8269-4c21-a708-eecd5b177fc0', 'timestamp': 1763961891.2064867}, {'price': 267.01, 'qty': 1, 'buy_id': '411a15c2-eb5b-405f-b5a7-772efff78d9b', 'sell_id': '57f56810-8269-4c21-a708-eecd5b177fc0', 'timestamp': 1763961891.2064867}]"
2025-11-19 00:03:00+00:00,"Signal(ts=2025-11-19 00:03:00+00:00, action=SELL, qty=2, strategy=Momentum)",7748060c-5eed-4dfd-8bc6-069ce62d82e6,"[{'price': 267.25, 'qty': 1, 'buy_id': '3ca93de7-8b17-4056-bd5f-0f3692f84d9b', 'sell_id': '7748060c-5eed-4dfd-8bc6-069ce62d82e6', 'timestamp': 1763961891.2096138}, {'price': 267.25, 'qty': 1, 'buy_id': 'bdb8db21-a2b8-49f1-a6da-fcdf6811afd2', 'sell_id': '7748060c-5eed-4dfd-8bc6-069ce62d82e6', 'timestamp': 1763961891.2096138}]"
2025-11-19 00:04:00+00:00,"Signal(ts=2025-11-19 00:04:00+00:00, action=SELL, qty=2, strategy=Momentum)",8a438063-a252-458c-b7be-c9b358c9413d,"[{'price': 267.25, 'qty': 1, 'buy_id': 'bdb8db21-a2b8-49f1-a6da-fcdf6811afd2', 'sell_id': '8a438063-a252-458c-b7be-c9b358c9413d', 'timestamp': 1763961891.212639}, {'price': 267.25, 'qty': 1, 'buy_id': 'a4416b86-1edf-4ab7-b51d-369f6702da37', 'sell_id': '8a438063-a252-458c-b7be-c9b358c9413d', 'timestamp': 1763961891.212639}]"
2025-11-19 00:05:00+00:00,"Signal(ts=2025-11-19 00:05:00+00:00, action=SELL, qty=3, strategy=Momentum)",53600271-53ff-4349-b7a0-8f4afc65b5ee,[]
2025-11-19 00:06:00+00:00,"Signal(ts=2025-11-19 00:06:00+00:00, action=SELL, qty=3, strategy=Momentum)",2abfc9b7-5f5a-4a0a-ae39-a4d080ad162c,[]
2025-11-19 00:07:00+00:00,"Signal(ts=2025-11-19 00:07:00+00:00, action=SELL, qty=2, strategy=Momentum)",26cf227e-2998-43d2-a4fc-8af42dad80ef,[]
2025-11-19 00:08:00+00:00,"Signal(ts=2025-11-19 00:08:00+00:00, action=SELL, qty=1, strategy=Momentum)",8f4ed01e-0448-49ba-b7d4-e825d72a9cfd,[]
2025-11-19 00:09:00+00:00,"Signal(ts=2025-11-19 00:09:00+00:00, action=SELL, qty=1, strategy=Momentum)",fe857ca9-22e4-4caf-a274-36d97a937795,[]
2025-11-19 00:10:00+00:00,"Signal(ts=2025-11-19 00:10:00+00:00, action=SELL, qty=3, strategy=Momentum)",9693da46-7838-4be1-92c1-25a78acd73a7,[]
2025-11-19 00:11:00+00:00,"Signal(ts=2025-11-19 00:11:00+00:00, action=SELL, qty=1, strategy=Momentum)",3e16dae9-39bf-4205-a4a4-d2b3b919c9a8,[]
2025-11-19 00:12:00+00:00,"Signal(ts=2025-11-19 00:12:00+00:00, action=SELL, qty=1, strategy=Momentum)",8af0fdc3-d2a4-4a99-99da-8ceab5ef4030,[]
2025-11-19 00:13:00+00:00,"Signal(ts=2025-11-19 00:13:00+00:00, action=SELL, qty=1, strategy=Momentum)",6cf24c4f-5f00-4147-926e-c85f96d2cb21,[]
2025-11-19 00:14:00+00:00,"Signal(ts=2025-11-19 00:14:00+00:00, action=SELL, qty=3, strategy=Momentum)",227d1d00-c367-444e-aa97-f6b5eeefa59e,[]
2025-11-19 00:15:00+00:00,"Signal(ts=2025-11-19 00:15:00+00:00, action=SELL, qty=2, strategy=Momentum)",436f29c2-caee-406d-a1a3-065fd7a13895,[]
2025-11-19 00:16:00+00:00,"Signal(ts=2025-11-19 00:16:00+00:00, action=SELL, qty=1, strategy=Momentum)",05b2a13c-a9c6-40d0-90bc-561811bfae7c,[]
2025-11-19 00:17:00+00:00,"Signal(ts=2025-11-19 00:17:00+00:00, action=SELL, qty=3, strategy=Momentum)",5b6e0374-456b-411e-b6d9-cd7a95bc46ca,[]
2025-11-19 00:18:00+00:00,"Signal(ts=2025-11-19 00:18:00+00:00, action=SELL, qty=2, strategy=Momentum)",be995fdc-342b-414a-9978-45f7b1a99be3,[]
2025-11-19 00:19:00+00:00,"Signal(ts=2025-11-19 00:19:00+00:00, action=SELL, qty=3, strategy=Momentum)",f30c7c5b-1ac0-46ce-a432-646338fbbe8d,[]
2025-11-19 00:20:00+00:00,"Signal(ts=2025-11-19 00:20:00+00:00, action=SELL, qty=3, strategy=Momentum)",749bdc7b-ddb0-471d-b3dd-f212ab4e279b,[]
2025-11-19 00:21:00+00:00,"Signal(ts=2025-11-19 00:21:00+00:00, action=SELL, qty=3, strategy=Momentum)",772ba0b8-32da-4bac-a4da-d54e05f7a943,[]
2025-11-19 00:22:00+00:00,"Signal(ts=2025-11-19 00:22:00+00:00, action=SELL, qty=4, strategy=Momentum)",98b894d8-70e1-4f71-be4c-3a5af82aa736,[]
2025-11-19 00:23:00+00:00,"Signal(ts=2025-11-19 00:23:00+00:00, action=SELL, qty=2, strategy=Momentum)",34494eab-a8fe-49b5-b385-634b00a3a793,[]
2025-11-19 00:24:00+00:00,"Signal(ts=2025-11-19 00:24:00+00:00, action=SELL, qty=2, strategy=Momentum)",c3ab27ee-064e-46b7-82ae-f88dc7f025e6,[]
2025-11-19 00:25:00+00:00,"Signal(ts=2025-11-19 00:25:00+00:00, action=SELL, qty=2, strategy=Momentum)",92f558f0-97cb-4a38-9358-f6b951d6162f,[]
2025-11-19 00:26:00+00:00,"Signal(ts=2025-11-19 00:26:00+00:00, action=SELL, qty=3, strategy=Momentum)",f736d962-fafd-42de-8e65-d600a14084c0,[]
2025-11-19 00:27:00+00:00,"Signal(ts=2025-11-19 00:27:00+00:00, action=SELL, qty=3, strategy=Momentum)",21a70f0a-8cfe-4762-8cc1-3ae35695faa7,[]
2025-11-19 00:28:00+00:00,"Signal(ts=2025-11-19 00:28:00+00:00, action=SELL, qty=2, strategy=Momentum)",bca6f561-bacf-4968-a67f-7c6e6b777fc6,[]
2025-11-19 00:29:00+00:00,"Signal(ts=2025-11-19 00:29:00+00:00, action=SELL, qty=3, strategy=Momentum)",eda9f895-ac06-4548-aeb3-12ac4415171e,[]
2025-11-19 00:30:00+00:00,"Signal(ts=2025-11-19 00:30:00+00:00, action=SELL, qty=3, strategy=Momentum)",475cbd37-4d5a-4b60-ac1f-0132ee3596e4,[]
2025-11-19 00:31:00+00:00,"Signal(ts=2025-11-19 00:31:00+00:00, action=SELL, qty=1, strategy=Momentum)",a2f7be4e-4ebd-4f0a-90ba-7bdd6b6014f2,[]
2025-11-19 00:32:00+00:00,"Signal(ts=2025-11-19 00:32:00+00:00, action=SELL, qty=1, strategy=Momentum)",99aea454-e312-487d-9cbe-6e2a160ca37b,[]
2025-11-19 00:33:00+00:00,"Signal(ts=2025-11-19 00:33:00+00:00, action=SELL, qty=1, strategy=Momentum)",29d6425a-9deb-40ca-9719-cd58bb704e96,[]
2025-11-19 00:34:00+00:00,"Signal(ts=2025-11-19 00:34:00+00:00, action=HOLD, qty=0, strategy=Momentum)",,[]
2025-11-19 00:35:00+00:00,"Signal(ts=2025-11-19 00:35:00+00:00, action=SELL, qty=1, strategy=Momentum)",ef47c3af-d788-48ec-a0fa-668be0401eed,[]
2025-11-19 00:36:00+00:00,"Signal(ts=2025-11-19 00:36:00+00:00, action=SELL, qty=1, strategy=Momentum)",beab4a3e-649d-435b-88e9-8e3cfc58624e,[]
2025-11-19 00:37:00+00:00,"Signal(ts=2025-11-19 00:37:00+00:00, action=SELL, qty=1, strategy=Momentum)",8c6339fe-7444-4a29-b128-9b81b019a0a5,[]
2025-11-19 00:38:00+00:00,"Signal(ts=2025-11-19 00:38:00+00:00, action=SELL, qty=2, strategy=Momentum)",253fdb07-cb70-4893-921d-cdb9e7b082e8,[]
2025-11-19 00:39:00+00:00,"Signal(ts=2025-11-19 00:39:00+00:00, action=SELL, qty=1, strategy=Momentum)",9dc0318f-8016-46f0-a83d-437c016d1945,[]
2025-11-19 00:40:00+00:00,"Signal(ts=2025-11-19 00:40:00+00:00, action=SELL, qty=2, strategy=Momentum)",5075cfc8-14be-4bc9-9b1c-ef335509bdbb,[]
2025-11-19 00:41:00+00:00,"Signal(ts=2025-11-19 00:41:00+00:00, action=SELL, qty=2, strategy=Momentum)",c03454f5-5b75-4121-aeea-c4c7788a526f,[]
2025-11-19 00:42:00+00:00,"Signal(ts=2025-11-19 00:42:00+00:00, action=SELL, qty=1, strategy=Momentum)",8f320e24-1c90-453a-9270-1c69fd81d3d1,[]
2025-11-19 00:43:00+00:00,"Signal(ts=2025-11-19 00:43:00+00:00, action=SELL, qty=1, strategy=Momentum)",339f317f-07d0-446f-926d-1d35cf02adde,[]
2025-11-19 00:44:00+00:00,"Signal(ts=2025-11-19 00:44:00+00:00, action=SELL, qty=1, strategy=Momentum)",598e62f5-9023-41d7-8739-a7b44587d037,[]
2025-11-19 00:45:00+00:00,"Signal(ts=2025-11-19 00:45:00+00:00, action=HOLD, qty=0, strategy=Momentum)",,[]
2025-11-19 00:46:00+00:00,"Signal(ts=2025-11-19 00:46:00+00:00, action=BUY, qty=1, strategy=Momentum)",fdd6016a-f8b7-4d36-919f-4a0e377f2f2a,"[{'price': 266.55, 'qty': 1, 'buy_id': 'fdd6016a-f8b7-4d36-919f-4a0e377f2f2a', 'sell_id': '5b6e0374-456b-411e-b6d9-cd7a95bc46ca', 'timestamp': 1763961891.329113}]"
2025-11-19 00:47:00+00:00,"Signal(ts=2025-11-19 00:47:00+00:00, action=HOLD, qty=0, strategy=Momentum)",,[]
2025-11-19 00:48:00+00:00,"Signal(ts=2025-11-19 00:48:00+00:00, action=BUY, qty=2, strategy=Momentum)",db9bd30d-ce50-4ae5-89ce-0b736c4ed055,"[{'price': 266.55, 'qty': 2, 'buy_id': 'db9bd30d-ce50-4ae5-89ce-0b736c4ed055', 'sell_id': '5b6e0374-456b-411e-b6d9-cd7a95bc46ca', 'timestamp': 1763961891.3384356}]"
2025-11-19 00:49:00+00:00,"Signal(ts=2025-11-19 00:49:00+00:00, action=BUY, qty=1, strategy=Momentum)",a9e6c434-62b4-440d-84ea-f15c0681c1fa,"[{'price': 266.56, 'qty': 1, 'buy_id': 'a9e6c434-62b4-440d-84ea-f15c0681c1fa', 'sell_id': '98b894d8-70e1-4f71-be4c-3a5af82aa736', 'timestamp': 1763961891.3404434}]"
2025-11-19 00:50:00+00:00,"Signal(ts=2025-11-19 00:50:00+00:00, action=BUY, qty=1, strategy=Momentum)",38bae821-b386-4486-b5cb-8c08353fb58c,"[{'price': 266.56, 'qty': 1, 'buy_id': '38bae821-b386-4486-b5cb-8c08353fb58c', 'sell_id': '98b894d8-70e1-4f71-be4c-3a5af82aa736', 'timestamp': 1763961891.3404434}]"
2025-11-19 00:51:00+00:00,"Signal(ts=2025-11-19 00:51:00+00:00, action=BUY, qty=1, strategy=Momentum)",450e1dbe-65d7-430d-8023-b05b67c87a5a,"[{'price': 266.56, 'qty': 1, 'buy_id': '450e1dbe-65d7-430d-8023-b05b67c87a5a', 'sell_id': '98b894d8-70e1-4f71-be4c-3a5af82aa736', 'timestamp': 1763961891.3454945}]"
2025-11-19 00:52:00+00:00,"Signal(ts=2025-11-19 00:52:00+00:00, action=BUY, qty=1, strategy=Momentum)",0b8875f8-1215-48ed-b70c-7417fd9cfe15,"[{'price': 266.56, 'qty': 1, 'buy_id': '0b8875f8-1215-48ed-b70c-7417fd9cfe15', 'sell_id': '98b894d8-70e1-4f71-be4c-3a5af82aa736', 'timestamp': 1763961891.347495}]"
2025-11-19 00:53:00+00:00,"Signal(ts=2025-11-19 00:53:00+00:00, action=BUY, qty=1, strategy=Momentum)",4ac5cb1a-e392-4d82-966a-ac05a6c6b604,"[{'price': 266.65, 'qty': 1, 'buy_id': '4ac5cb1a-e392-4d82-966a-ac05a6c6b604', 'sell_id': 'eda9f895-ac06-4548-aeb3-12ac4415171e', 'timestamp': 1763961891.3498547}]"
2025-11-19 00:54:00+00:00,"Signal(ts=2025-11-19 00:54:00+00:00, action=HOLD, qty=0, strategy=Momentum)",,[]
2025-11-19 00:55:00+00:00,"Signal(ts=2025-11-19 00:55:00+00:00, action=HOLD, qty=0, strategy=Momentum)",,[]
2025-11-19 00:56:00+00:00,"Signal(ts=2025-11-19 00:56:00+00:00, action=BUY, qty=1, strategy=Momentum)",bf7ff573-fa43-4a34-9c79-d33cebaf42bc,"[{'price': 266.65, 'qty': 1, 'buy_id': 'bf7ff573-fa43-4a34-9c79-d33cebaf42bc', 'sell_id': 'eda9f895-ac06-4548-aeb3-12ac4415171e', 'timestamp': 1763961891.3557956}]"
2025-11-19 00:57:00+00:00,"Signal(ts=2025-11-19 00:57:00+00:00, action=HOLD, qty=0, strategy=Momentum)",,[]
2025-11-19 00:58:00+00:00,"Signal(ts=2025-11-19 00:58:00+00:00, action=BUY, qty=1, strategy=Momentum)",a59df223-24fe-4bd8-a0b3-812e49d52270,"[{'price': 266.65, 'qty': 1, 'buy_id': 'a59df223-24fe-4bd8-a0b3-812e49d52270', 'sell_id': 'eda9f895-ac06-4548-aeb3-12ac4415171e', 'timestamp': 1763961891.3593636}]"
2025-11-19 00:59:00+00:00,"Signal(ts=2025-11-19 00:59:00+00:00, action=BUY, qty=1, strategy=Momentum)",5f88edc6-c335-419c-be25-e5eb1919e0a5,"[{'price': 266.67, 'qty': 1, 'buy_id': '5f88edc6-c335-419c-be25-e5eb1919e0a5', 'sell_id': '772ba0b8-32da-4bac-a4da-d54e05f7a943', 'timestamp': 1763961891.360509}]"
