timestamp,signal,order_id,trades
2025-11-18 09:00:00+00:00,"Signal(ts=2025-11-18 09:00:00+00:00, action=HOLD, qty=0, strategy=Momentum)",,[]
2025-11-18 09:02:00+00:00,"Signal(ts=2025-11-18 09:02:00+00:00, action=HOLD, qty=0, strategy=Momentum)",,[]
2025-11-18 09:03:00+00:00,"Signal(ts=2025-11-18 09:03:00+00:00, action=HOLD, qty=0, strategy=Momentum)",,[]
2025-11-18 09:04:00+00:00,"Signal(ts=2025-11-18 09:04:00+00:00, action=HOLD, qty=0, strategy=Momentum)",,[]
2025-11-18 09:05:00+00:00,"Signal(ts=2025-11-18 09:05:00+00:00, action=HOLD, qty=0, strategy=Momentum)",,[]
2025-11-18 09:06:00+00:00,"Signal(ts=2025-11-18 09:06:00+00:00, action=HOLD, qty=0, strategy=Momentum)",,[]
2025-11-18 09:07:00+00:00,"Signal(ts=2025-11-18 09:07:00+00:00, action=HOLD, qty=0, strategy=Momentum)",,[]
2025-11-18 09:08:00+00:00,"Signal(ts=2025-11-18 09:08:00+00:00, action=HOLD, qty=0, strategy=Momentum)",,[]
2025-11-18 09:09:00+00:00,"Signal(ts=2025-11-18 09:09:00+00:00, action=HOLD, qty=0, strategy=Momentum)",,[]
2025-11-18 09:10:00+00:00,"Signal(ts=2025-11-18 09:10:00+00:00, action=HOLD, qty=0, strategy=Momentum)",,[]
2025-11-18 09:12:00+00:00,"Signal(ts=2025-11-18 09:12:00+00:00, action=HOLD, qty=0, strategy=Momentum)",,[]
2025-11-18 09:13:00+00:00,"Signal(ts=2025-11-18 09:13:00+00:00, action=HOLD, qty=0, strategy=Momentum)",,[]
2025-11-18 09:14:00+00:00,"Signal(ts=2025-11-18 09:14:00+00:00, action=HOLD, qty=0, strategy=Momentum)",,[]
2025-11-18 09:15:00+00:00,"Signal(ts=2025-11-18 09:15:00+00:00, action=HOLD, qty=0, strategy=Momentum)",,[]
2025-11-18 09:16:00+00:00,"Signal(ts=2025-11-18 09:16:00+00:00, action=HOLD, qty=0, strategy=Momentum)",,[]
2025-11-18 09:17:00+00:00,"Signal(ts=2025-11-18 09:17:00+00:00, action=HOLD, qty=0, strategy=Momentum)",,[]
2025-11-18 09:19:00+00:00,"Signal(ts=2025-11-18 09:19:00+00:00, action=HOLD, qty=0, strategy=Momentum)",,[]
2025-11-18 09:20:00+00:00,"Signal(ts=2025-11-18 09:20:00+00:00, action=HOLD, qty=0, strategy=Momentum)",,[]
2025-11-18 09:21:00+00:00,"Signal(ts=2025-11-18 09:21:00+00:00, action=HOLD, qty=0, strategy=Momentum)",,[]
2025-11-18 09:22:00+00:00,"Signal(ts=2025-11-18 09:22:00+00:00, action=HOLD, qty=0, strategy=Momentum)",,[]
2025-11-18 09:23:00+00:00,"Signal(ts=2025-11-18 09:23:00+00:00, action=HOLD, qty=0, strategy=Momentum)",,[]
2025-11-18 09:24:00+00:00,"Signal(ts=2025-11-18 09:24:00+00:00, action=HOLD, qty=0, strategy=Momentum)",,[]
2025-11-18 09:25:00+00:00,"Signal(ts=2025-11-18 09:25:00+00:00, action=HOLD, qty=0, strategy=Momentum)",,[]
2025-11-18 09:26:00+00:00,"Signal(ts=2025-11-18 09:26:00+00:00, action=HOLD, qty=0, strategy=Momentum)",,[]
2025-11-18 09:27:00+00:00,"Signal(ts=2025-11-18 09:27:00+00:00, action=HOLD, qty=0, strategy=Momentum)",,[]
2025-11-18 09:28:00+00:00,"Signal(ts=2025-11-18 09:28:00+00:00, action=HOLD, qty=0, strategy=Momentum)",,[]
2025-11-18 09:30:00+00:00,"Signal(ts=2025-11-18 09:30:00+00:00, action=HOLD, qty=0, strategy=Momentum)",,[]
2025-11-18 09:32:00+00:00,"Signal(ts=2025-11-18 09:32:00+00:00, action=HOLD, qty=0, strategy=Momentum)",,[]
2025-11-18 09:33:00+00:00,"Signal(ts=2025-11-18 09:33:00+00:00, action=HOLD, qty=0, strategy=Momentum)",,[]
2025-11-18 09:34:00+00:00,"Signal(ts=2025-11-18 09:34:00+00:00, action=HOLD, qty=0, strategy=Momentum)",,[]
2025-11-18 09:35:00+00:00,"Signal(ts=2025-11-18 09:35:00+00:00, action=HOLD, qty=0, strategy=Momentum)",,[]
2025-11-18 09:36:00+00:00,"Signal(ts=2025-11-18 09:36:00+00:00, action=HOLD, qty=0, strategy=Momentum)",,[]
2025-11-18 09:38:00+00:00,"Signal(ts=2025-11-18 09:38:00+00:00, action=HOLD, qty=0, strategy=Momentum)",,[]
2025-11-18 09:39:00+00:00,"Signal(ts=2025-11-18 09:39:00+00:00, action=HOLD, qty=0, strategy=Momentum)",,[]
2025-11-18 09:40:00+00:00,"Signal(ts=2025-11-18 09:40:00+00:00, action=HOLD, qty=0, strategy=Momentum)",,[]
2025-11-18 09:41:00+00:00,"Signal(ts=2025-11-18 09:41:00+00:00, action=HOLD, qty=0, strategy=Momentum)",,[]
2025-11-18 09:42:00+00:00,"Signal(ts=2025-11-18 09:42:00+00:00, action=SELL, qty=2, strategy=Momentum)",7cb20ce0-4238-4b3a-9c8b-ba7c9e4ad60e,[]
2025-11-18 09:44:00+00:00,"Signal(ts=2025-11-18 09:44:00+00:00, action=SELL, qty=2, strategy=Momentum)",095b4cf3-cfde-45dc-9af4-3e62f0b6b810,[]
2025-11-18 09:45:00+00:00,"Signal(ts=2025-11-18 09:45:00+00:00, action=HOLD, qty=0, strategy=Momentum)",,[]
2025-11-18 09:46:00+00:00,"Signal(ts=2025-11-18 09:46:00+00:00, action=HOLD, qty=0, strategy=Momentum)",,[]
2025-11-18 09:47:00+00:00,"Signal(ts=2025-11-18 09:47:00+00:00, action=HOLD, qty=0, strategy=Momentum)",,[]
2025-11-18 09:48:00+00:00,"Signal(ts=2025-11-18 09:48:00+00:00, action=HOLD, qty=0, strategy=Momentum)",,[]
2025-11-18 09:49:00+00:00,"Signal(ts=2025-11-18 09:49:00+00:00, action=SELL, qty=2, strategy=Momentum)",c18a2405-35c0-4c0a-888a-e6d131375fa0,[]
2025-11-18 09:50:00+00:00,"Signal(ts=2025-11-18 09:50:00+00:00, action=HOLD, qty=0, strategy=Momentum)",,[]
2025-11-18 09:51:00+00:00,"Signal(ts=2025-11-18 09:51:00+00:00, action=HOLD, qty=0, strategy=Momentum)",,[]
2025-11-18 09:52:00+00:00,"Signal(ts=2025-11-18 09:52:00+00:00, action=HOLD, qty=0, strategy=Momentum)",,[]
2025-11-18 09:54:00+00:00,"Signal(ts=2025-11-18 09:54:00+00:00, action=HOLD, qty=0, strategy=Momentum)",,[]
2025-11-18 09:55:00+00:00,"Signal(ts=2025-11-18 09:55:00+00:00, action=BUY, qty=2, strategy=Momentum)",26be002a-9f07-44e9-8081-1fd8a64c63b9,"[{'price': 267.47, 'qty': 2, 'buy_id': '26be002a-9f07-44e9-8081-1fd8a64c63b9', 'sell_id': '7cb20ce0-4238-4b3a-9c8b-ba7c9e4ad60e', 'timestamp': 1763961949.034785}]"
2025-11-18 09:56:00+00:00,"Signal(ts=2025-11-18 09:56:00+00:00, action=BUY, qty=3, strategy=Momentum)",8de5f6c9-df88-4ade-95a1-4cc43f6418c7,"[{'price': 267.47, 'qty': 2, 'buy_id': '8de5f6c9-df88-4ade-95a1-4cc43f6418c7', 'sell_id': 'c18a2405-35c0-4c0a-888a-e6d131375fa0', 'timestamp': 1763961949.0367482}, {'price': 267.48, 'qty': 1, 'buy_id': '8de5f6c9-df88-4ade-95a1-4cc43f6418c7', 'sell_id': '095b4cf3-cfde-45dc-9af4-3e62f0b6b810', 'timestamp': 1763961949.0367482}]"
2025-11-18 09:57:00+00:00,"Signal(ts=2025-11-18 09:57:00+00:00, action=BUY, qty=4, strategy=Momentum)",a570bae1-4cbf-4062-9d74-c6e32c885a32,"[{'price': 267.48, 'qty': 1, 'buy_id': 'a570bae1-4cbf-4062-9d74-c6e32c885a32', 'sell_id': '095b4cf3-cfde-45dc-9af4-3e62f0b6b810', 'timestamp': 1763961949.03791}]"
2025-11-18 09:58:00+00:00,"Signal(ts=2025-11-18 09:58:00+00:00, action=BUY, qty=3, strategy=Momentum)",b13e7fda-884d-4e57-99a4-a1e98157935f,[]
2025-11-18 09:59:00+00:00,"Signal(ts=2025-11-18 09:59:00+00:00, action=BUY, qty=2, strategy=Momentum)",be2d91f2-9673-46bf-be72-84a4613e6a41,[]
2025-11-18 10:01:00+00:00,"Signal(ts=2025-11-18 10:01:00+00:00, action=BUY, qty=3, strategy=Momentum)",054af41b-0a48-4165-af57-6f63eaaf5744,[]
2025-11-18 10:02:00+00:00,"Signal(ts=2025-11-18 10:02:00+00:00, action=BUY, qty=3, strategy=Momentum)",5eb8ed25-a7a5-4e4e-b613-38196c75a69f,[]
2025-11-18 10:03:00+00:00,"Signal(ts=2025-11-18 10:03:00+00:00, action=BUY, qty=3, strategy=Momentum)",e0ad7c82-8072-4177-bc07-8e9fd500de19,[]
2025-11-18 10:04:00+00:00,"Signal(ts=2025-11-18 10:04:00+00:00, action=BUY, qty=3, strategy=Momentum)",9ff45948-d3eb-4030-84d5-5c224b15a619,[]
2025-11-18 10:06:00+00:00,"Signal(ts=2025-11-18 10:06:00+00:00, action=BUY, qty=2, strategy=Momentum)",803b6a3d-2076-489a-a851-e85f0faedeea,[]
2025-11-18 10:07:00+00:00,"Signal(ts=2025-11-18 10:07:00+00:00, action=BUY, qty=2, strategy=Momentum)",bbc31a99-7628-494e-bd00-f858b1560822,[]
2025-11-18 10:08:00+00:00,"Signal(ts=2025-11-18 10:08:00+00:00, action=BUY, qty=2, strategy=Momentum)",90a816e2-ee49-4dd7-b151-5429c8ec8394,[]
2025-11-18 10:09:00+00:00,"Signal(ts=2025-11-18 10:09:00+00:00, action=BUY, qty=2, strategy=Momentum)",fa47a8c2-b585-485f-b93a-3769c1037279,[]
2025-11-18 10:10:00+00:00,"Signal(ts=2025-11-18 10:10:00+00:00, action=BUY, qty=3, strategy=Momentum)",e713b442-a3e8-4402-a982-1727095e6035,[]
2025-11-18 10:11:00+00:00,"Signal(ts=2025-11-18 10:11:00+00:00, action=BUY, qty=3, strategy=Momentum)",029d6914-8e83-418f-b213-6f37580063c9,[]
2025-11-18 10:12:00+00:00,"Signal(ts=2025-11-18 10:12:00+00:00, action=BUY, qty=3, strategy=Momentum)",a4db28ac-045a-4075-8efc-177214217f00,[]
2025-11-18 10:13:00+00:00,"Signal(ts=2025-11-18 10:13:00+00:00, action=BUY, qty=3, strategy=Momentum)",c6519356-61e3-4736-ac4b-cba91a4611ce,[]
2025-11-18 10:14:00+00:00,"Signal(ts=2025-11-18 10:14:00+00:00, action=BUY, qty=2, strategy=Momentum)",801220e7-a07f-4abc-b488-63c0d055ed27,[]
2025-11-18 10:17:00+00:00,"Signal(ts=2025-11-18 10:17:00+00:00, action=BUY, qty=2, strategy=Momentum)",d7393d24-6836-4eef-a040-8c2174bec72e,[]
2025-11-18 10:18:00+00:00,"Signal(ts=2025-11-18 10:18:00+00:00, action=BUY, qty=4, strategy=Momentum)",9da7a3e1-9200-4289-aa1e-232c1da68bef,[]
2025-11-18 10:19:00+00:00,"Signal(ts=2025-11-18 10:19:00+00:00, action=BUY, qty=3, strategy=Momentum)",63f5a95e-515a-45fa-b7b8-51d8d916c83a,[]
2025-11-18 10:20:00+00:00,"Signal(ts=2025-11-18 10:20:00+00:00, action=BUY, qty=3, strategy=Momentum)",ec9afa04-d7bd-4079-a7cd-b5916609eb6c,[]
2025-11-18 10:26:00+00:00,"Signal(ts=2025-11-18 10:26:00+00:00, action=BUY, qty=2, strategy=Momentum)",d9e0f4df-b08c-4a33-ae18-585a4d8d0976,[]
2025-11-18 10:27:00+00:00,"Signal(ts=2025-11-18 10:27:00+00:00, action=BUY, qty=2, strategy=Momentum)",ebfcf817-8055-4326-9f5c-70c219ee53d8,[]
2025-11-18 10:28:00+00:00,"Signal(ts=2025-11-18 10:28:00+00:00, action=BUY, qty=3, strategy=Momentum)",c613b6cc-58f0-4e35-b00e-50192a4ca362,[]
2025-11-18 10:29:00+00:00,"Signal(ts=2025-11-18 10:29:00+00:00, action=BUY, qty=3, strategy=Momentum)",275d9a1c-71d1-4e9a-9f6a-20d6d7a5e0f7,[]
2025-11-18 10:30:00+00:00,"Signal(ts=2025-11-18 10:30:00+00:00, action=BUY, qty=2, strategy=Momentum)",cba955e2-757c-492e-b5ed-2643380cb00c,[]
2025-11-18 10:31:00+00:00,"Signal(ts=2025-11-18 10:31:00+00:00, action=BUY, qty=4, strategy=Momentum)",3058b74c-82c4-4074-a7d6-0618026a8edc,[]
2025-11-18 10:32:00+00:00,"Signal(ts=2025-11-18 10:32:00+00:00, action=BUY, qty=6, strategy=Momentum)",0671d3c9-c4ba-4b51-8126-f367e8dc21da,[]
2025-11-18 10:33:00+00:00,"Signal(ts=2025-11-18 10:33:00+00:00, action=BUY, qty=4, strategy=Momentum)",d803863b-c951-4082-94a5-e462d86a6d92,[]
2025-11-18 10:34:00+00:00,"Signal(ts=2025-11-18 10:34:00+00:00, action=BUY, qty=3, strategy=Momentum)",b7263421-4e71-4df6-ac0d-d9db85fc12f6,[]
2025-11-18 10:35:00+00:00,"Signal(ts=2025-11-18 10:35:00+00:00, action=BUY, qty=2, strategy=Momentum)",08602afd-9068-45a3-ba1a-a0ee79706e31,[]
2025-11-18 10:37:00+00:00,"Signal(ts=2025-11-18 10:37:00+00:00, action=BUY, qty=2, strategy=Momentum)",e67ff318-b53f-47f2-ae1a-2e13ab29f9d0,[]
2025-11-18 10:38:00+00:00,"Signal(ts=2025-11-18 10:38:00+00:00, action=BUY, qty=3, strategy=Momentum)",e7a57ca7-2dfa-4e73-9763-cb455ca78780,[]
2025-11-18 10:40:00+00:00,"Signal(ts=2025-11-18 10:40:00+00:00, action=BUY, qty=2, strategy=Momentum)",2760ce41-2142-4c46-976a-2365b224965f,[]
2025-11-18 10:44:00+00:00,"Signal(ts=2025-11-18 10:44:00+00:00, action=BUY, qty=3, strategy=Momentum)",604715ce-3492-41c4-b1f4-98ba92e64f92,[]
2025-11-18 10:45:00+00:00,"Signal(ts=2025-11-18 10:45:00+00:00, action=BUY, qty=3, strategy=Momentum)",595ad38d-51f9-4a1c-8275-3c76e20febc3,[]
2025-11-18 10:46:00+00:00,"Signal(ts=2025-11-18 10:46:00+00:00, action=BUY, qty=2, strategy=Momentum)",163f52b1-38a8-44ce-a78e-19e68e7709a8,[]
2025-11-18 10:47:00+00:00,"Signal(ts=2025-11-18 10:47:00+00:00, action=BUY, qty=2, strategy=Momentum)",4d8beb59-de0d-4e4a-a9b4-72cc50b974d5,[]
2025-11-18 10:48:00+00:00,"Signal(ts=2025-11-18 10:48:00+00:00, action=BUY, qty=3, strategy=Momentum)",07bab159-5195-46de-b3c7-15acca25a17e,[]
2025-11-18 10:49:00+00:00,"Signal(ts=2025-11-18 10:49:00+00:00, action=BUY, qty=2, strategy=Momentum)",c4d62deb-2fae-4aac-819b-2d230b347480,[]
2025-11-18 10:50:00+00:00,"Signal(ts=2025-11-18 10:50:00+00:00, action=BUY, qty=4, strategy=Momentum)",4ffd7a28-13a4-4b38-a6c4-e8ca4154d589,[]
2025-11-18 10:53:00+00:00,"Signal(ts=2025-11-18 10:53:00+00:00, action=BUY, qty=3, strategy=Momentum)",bbf4e7ef-0d77-4d4e-9811-5deec4fa0f12,[]
2025-11-18 10:54:00+00:00,"Signal(ts=2025-11-18 10:54:00+00:00, action=BUY, qty=3, strategy=Momentum)",7ae9e619-1d16-4491-81b7-b3357719d8a2,[]
2025-11-18 10:55:00+00:00,"Signal(ts=2025-11-18 10:55:00+00:00, action=BUY, qty=3, strategy=Momentum)",a300ebd9-737a-4a01-ae5d-7ad9ff8a0720,[]
2025-11-18 10:57:00+00:00,"Signal(ts=2025-11-18 10:57:00+00:00, action=BUY, qty=4, strategy=Momentum)",8c5ad8d8-2b06-4a06-9cf4-7761ea95852c,[]
2025-11-18 10:58:00+00:00,"Signal(ts=2025-11-18 10:58:00+00:00, action=BUY, qty=4, strategy=Momentum)",d7f19272-80a0-4340-b1e8-c75a13066de2,[]
2025-11-18 11:01:00+00:00,"Signal(ts=2025-11-18 11:01:00+00:00, action=BUY, qty=4, strategy=Momentum)",5b76fb17-15a1-4f79-a8d6-4fd64c5cfd06,[]
2025-11-18 11:03:00+00:00,"Signal(ts=2025-11-18 11:03:00+00:00, action=BUY, qty=2, strategy=Momentum)",ff5b1e82-8997-415b-baf3-cb38386cdd3e,[]
2025-11-18 11:04:00+00:00,"Signal(ts=2025-11-18 11:04:00+00:00, action=BUY, qty=3, strategy=Momentum)",324d7937-3ebf-48c3-aacc-6a50aa6f14b4,[]
2025-11-18 11:05:00+00:00,"Signal(ts=2025-11-18 11:05:00+00:00, action=BUY, qty=3, strategy=Momentum)",4156fea7-343e-47ef-859e-bdf598cd72b9,[]
2025-11-18 11:06:00+00:00,"Signal(ts=2025-11-18 11:06:00+00:00, action=BUY, qty=5, strategy=Momentum)",ea72137d-4b30-4629-9a65-4e476c75d029,[]
2025-11-18 11:07:00+00:00,"Signal(ts=2025-11-18 11:07:00+00:00, action=BUY, qty=4, strategy=Momentum)",b45c52f2-a9cd-45ed-a3eb-65a5ab713940,[]
2025-11-18 11:08:00+00:00,"Signal(ts=2025-11-18 11:08:00+00:00, action=BUY, qty=3, strategy=Momentum)",5d09a52d-521e-4e36-ac1c-43549943cfba,[]
2025-11-18 11:09:00+00:00,"Signal(ts=2025-11-18 11:09:00+00:00, action=BUY, qty=2, strategy=Momentum)",e12b43c9-d360-4a09-9e55-962fd32e0e66,[]
2025-11-18 11:10:00+00:00,"Signal(ts=2025-11-18 11:10:00+00:00, action=HOLD, qty=0, strategy=Momentum)",,[]
2025-11-18 11:11:00+00:00,"Signal(ts=2025-11-18 11:11:00+00:00, action=HOLD, qty=0, strategy=Momentum)",,[]
2025-11-18 11:13:00+00:00,"Signal(ts=2025-11-18 11:13:00+00:00, action=SELL, qty=2, strategy=Momentum)",b3b508bb-78b0-4247-8f79-c80cb1eda192,"[{'price': 268.98, 'qty': 2, 'buy_id': '0671d3c9-c4ba-4b51-8126-f367e8dc21da', 'sell_id': 'b3b508bb-78b0-4247-8f79-c80cb1eda192', 'timestamp': 1763961949.092589}]"
2025-11-18 11:14:00+00:00,"Signal(ts=2025-11-18 11:14:00+00:00, action=SELL, qty=3, strategy=Momentum)",9abc43f6-bff1-4fda-87ad-01ee8fbe7ccb,"[{'price': 268.8, 'qty': 3, 'buy_id': '0671d3c9-c4ba-4b51-8126-f367e8dc21da', 'sell_id': '9abc43f6-bff1-4fda-87ad-01ee8fbe7ccb', 'timestamp': 1763961949.092589}]"
2025-11-18 11:15:00+00:00,"Signal(ts=2025-11-18 11:15:00+00:00, action=SELL, qty=2, strategy=Momentum)",81c2c447-1eff-4466-9484-623a124227d9,"[{'price': 268.85, 'qty': 1, 'buy_id': '0671d3c9-c4ba-4b51-8126-f367e8dc21da', 'sell_id': '81c2c447-1eff-4466-9484-623a124227d9', 'timestamp': 1763961949.0935888}, {'price': 268.85, 'qty': 1, 'buy_id': 'd803863b-c951-4082-94a5-e462d86a6d92', 'sell_id': '81c2c447-1eff-4466-9484-623a124227d9', 'timestamp': 1763961949.0935888}]"
2025-11-18 11:16:00+00:00,"Signal(ts=2025-11-18 11:16:00+00:00, action=HOLD, qty=0, strategy=Momentum)",,[]
2025-11-18 11:18:00+00:00,"Signal(ts=2025-11-18 11:18:00+00:00, action=HOLD, qty=0, strategy=Momentum)",,[]
2025-11-18 11:19:00+00:00,"Signal(ts=2025-11-18 11:19:00+00:00, action=HOLD, qty=0, strategy=Momentum)",,[]
2025-11-18 11:21:00+00:00,"Signal(ts=2025-11-18 11:21:00+00:00, action=HOLD, qty=0, strategy=Momentum)",,[]
2025-11-18 11:23:00+00:00,"Signal(ts=2025-11-18 11:23:00+00:00, action=HOLD, qty=0, strategy=Momentum)",,[]
2025-11-18 11:24:00+00:00,"Signal(ts=2025-11-18 11:24:00+00:00, action=HOLD, qty=0, strategy=Momentum)",,[]
2025-11-18 11:26:00+00:00,"Signal(ts=2025-11-18 11:26:00+00:00, action=HOLD, qty=0, strategy=Momentum)",,[]
2025-11-18 11:27:00+00:00,"Signal(ts=2025-11-18 11:27:00+00:00, action=HOLD, qty=0, strategy=Momentum)",,[]
2025-11-18 11:28:00+00:00,"Signal(ts=2025-11-18 11:28:00+00:00, action=HOLD, qty=0, strategy=Momentum)",,[]
2025-11-18 11:29:00+00:00,"Signal(ts=2025-11-18 11:29:00+00:00, action=HOLD, qty=0, strategy=Momentum)",,[]
2025-11-18 11:30:00+00:00,"Signal(ts=2025-11-18 11:30:00+00:00, action=HOLD, qty=0, strategy=Momentum)",,[]
2025-11-18 11:31:00+00:00,"Signal(ts=2025-11-18 11:31:00+00:00, action=HOLD, qty=0, strategy=Momentum)",,[]
2025-11-18 11:32:00+00:00,"Signal(ts=2025-11-18 11:32:00+00:00, action=HOLD, qty=0, strategy=Momentum)",,[]
2025-11-18 11:33:00+00:00,"Signal(ts=2025-11-18 11:33:00+00:00, action=HOLD, qty=0, strategy=Momentum)",,[]
2025-11-18 11:35:00+00:00,"Signal(ts=2025-11-18 11:35:00+00:00, action=HOLD, qty=0, strategy=Momentum)",,[]
2025-11-18 11:36:00+00:00,"Signal(ts=2025-11-18 11:36:00+00:00, action=HOLD, qty=0, strategy=Momentum)",,[]
2025-11-18 11:37:00+00:00,"Signal(ts=2025-11-18 11:37:00+00:00, action=HOLD, qty=0, strategy=Momentum)",,[]
2025-11-18 11:38:00+00:00,"Signal(ts=2025-11-18 11:38:00+00:00, action=HOLD, qty=0, strategy=Momentum)",,[]
2025-11-18 11:39:00+00:00,"Signal(ts=2025-11-18 11:39:00+00:00, action=HOLD, qty=0, strategy=Momentum)",,[]
2025-11-18 11:40:00+00:00,"Signal(ts=2025-11-18 11:40:00+00:00, action=HOLD, qty=0, strategy=Momentum)",,[]
2025-11-18 11:41:00+00:00,"Signal(ts=2025-11-18 11:41:00+00:00, action=SELL, qty=2, strategy=Momentum)",392781e8-856a-4a0b-9960-2973af9ca342,"[{'price': 269.0, 'qty': 2, 'buy_id': 'd803863b-c951-4082-94a5-e462d86a6d92', 'sell_id': '392781e8-856a-4a0b-9960-2973af9ca342', 'timestamp': 1763961949.1126435}]"
2025-11-18 11:42:00+00:00,"Signal(ts=2025-11-18 11:42:00+00:00, action=HOLD, qty=0, strategy=Momentum)",,[]
2025-11-18 11:43:00+00:00,"Signal(ts=2025-11-18 11:43:00+00:00, action=HOLD, qty=0, strategy=Momentum)",,[]
2025-11-18 11:44:00+00:00,"Signal(ts=2025-11-18 11:44:00+00:00, action=HOLD, qty=0, strategy=Momentum)",,[]
2025-11-18 11:45:00+00:00,"Signal(ts=2025-11-18 11:45:00+00:00, action=HOLD, qty=0, strategy=Momentum)",,[]
2025-11-18 11:46:00+00:00,"Signal(ts=2025-11-18 11:46:00+00:00, action=HOLD, qty=0, strategy=Momentum)",,[]
2025-11-18 11:49:00+00:00,"Signal(ts=2025-11-18 11:49:00+00:00, action=HOLD, qty=0, strategy=Momentum)",,[]
2025-11-18 11:51:00+00:00,"Signal(ts=2025-11-18 11:51:00+00:00, action=HOLD, qty=0, strategy=Momentum)",,[]
2025-11-18 11:53:00+00:00,"Signal(ts=2025-11-18 11:53:00+00:00, action=HOLD, qty=0, strategy=Momentum)",,[]
2025-11-18 11:54:00+00:00,"Signal(ts=2025-11-18 11:54:00+00:00, action=HOLD, qty=0, strategy=Momentum)",,[]
2025-11-18 11:55:00+00:00,"Signal(ts=2025-11-18 11:55:00+00:00, action=HOLD, qty=0, strategy=Momentum)",,[]
2025-11-18 11:56:00+00:00,"Signal(ts=2025-11-18 11:56:00+00:00, action=HOLD, qty=0, strategy=Momentum)",,[]
2025-11-18 11:59:00+00:00,"Signal(ts=2025-11-18 11:59:00+00:00, action=HOLD, qty=0, strategy=Momentum)",,[]
2025-11-18 12:00:00+00:00,"Signal(ts=2025-11-18 12:00:00+00:00, action=HOLD, qty=0, strategy=Momentum)",,[]
2025-11-18 12:01:00+00:00,"Signal(ts=2025-11-18 12:01:00+00:00, action=HOLD, qty=0, strategy=Momentum)",,[]
2025-11-18 12:02:00+00:00,"Signal(ts=2025-11-18 12:02:00+00:00, action=HOLD, qty=0, strategy=Momentum)",,[]
2025-11-18 12:03:00+00:00,"Signal(ts=2025-11-18 12:03:00+00:00, action=SELL, qty=2, strategy=Momentum)",fad5e03e-b9d1-4030-bf85-68e1278d2bb3,"[{'price': 268.53, 'qty': 1, 'buy_id': 'd803863b-c951-4082-94a5-e462d86a6d92', 'sell_id': 'fad5e03e-b9d1-4030-bf85-68e1278d2bb3', 'timestamp': 1763961949.1249268}, {'price': 268.53, 'qty': 1, 'buy_id': 'ea72137d-4b30-4629-9a65-4e476c75d029', 'sell_id': 'fad5e03e-b9d1-4030-bf85-68e1278d2bb3', 'timestamp': 1763961949.1249268}]"
2025-11-18 12:04:00+00:00,"Signal(ts=2025-11-18 12:04:00+00:00, action=HOLD, qty=0, strategy=Momentum)",,[]
2025-11-18 12:05:00+00:00,"Signal(ts=2025-11-18 12:05:00+00:00, action=SELL, qty=2, strategy=Momentum)",c5c4c6b7-631d-4dca-a804-6fb87a403b66,"[{'price': 268.54, 'qty': 2, 'buy_id': 'ea72137d-4b30-4629-9a65-4e476c75d029', 'sell_id': 'c5c4c6b7-631d-4dca-a804-6fb87a403b66', 'timestamp': 1763961949.1307256}]"
2025-11-18 12:06:00+00:00,"Signal(ts=2025-11-18 12:06:00+00:00, action=SELL, qty=2, strategy=Momentum)",489c7643-f6a1-4884-b3b5-7f0a6bb9aa74,"[{'price': 268.51, 'qty': 2, 'buy_id': 'ea72137d-4b30-4629-9a65-4e476c75d029', 'sell_id': '489c7643-f6a1-4884-b3b5-7f0a6bb9aa74', 'timestamp': 1763961949.1307256}]"
2025-11-18 12:07:00+00:00,"Signal(ts=2025-11-18 12:07:00+00:00, action=HOLD, qty=0, strategy=Momentum)",,[]
2025-11-18 12:08:00+00:00,"Signal(ts=2025-11-18 12:08:00+00:00, action=HOLD, qty=0, strategy=Momentum)",,[]
2025-11-18 12:09:00+00:00,"Signal(ts=2025-11-18 12:09:00+00:00, action=HOLD, qty=0, strategy=Momentum)",,[]
2025-11-18 12:10:00+00:00,"Signal(ts=2025-11-18 12:10:00+00:00, action=HOLD, qty=0, strategy=Momentum)",,[]
2025-11-18 12:11:00+00:00,"Signal(ts=2025-11-18 12:11:00+00:00, action=HOLD, qty=0, strategy=Momentum)",,[]
2025-11-18 12:12:00+00:00,"Signal(ts=2025-11-18 12:12:00+00:00, action=HOLD, qty=0, strategy=Momentum)",,[]
2025-11-18 12:13:00+00:00,"Signal(ts=2025-11-18 12:13:00+00:00, action=HOLD, qty=0, strategy=Momentum)",,[]
2025-11-18 12:14:00+00:00,"Signal(ts=2025-11-18 12:14:00+00:00, action=HOLD, qty=0, strategy=Momentum)",,[]
2025-11-18 12:15:00+00:00,"Signal(ts=2025-11-18 12:15:00+00:00, action=HOLD, qty=0, strategy=Momentum)",,[]
2025-11-18 12:16:00+00:00,"Signal(ts=2025-11-18 12:16:00+00:00, action=HOLD, qty=0, strategy=Momentum)",,[]
2025-11-18 12:17:00+00:00,"Signal(ts=2025-11-18 12:17:00+00:00, action=SELL, qty=2, strategy=Momentum)",acbda9cb-39bf-4ccb-b143-da431581c88b,"[{'price': 268.57, 'qty': 2, 'buy_id': 'b7263421-4e71-4df6-ac0d-d9db85fc12f6', 'sell_id': 'acbda9cb-39bf-4ccb-b143-da431581c88b', 'timestamp': 1763961949.1417677}]"
2025-11-18 12:18:00+00:00,"Signal(ts=2025-11-18 12:18:00+00:00, action=HOLD, qty=0, strategy=Momentum)",,[]
2025-11-18 12:19:00+00:00,"Signal(ts=2025-11-18 12:19:00+00:00, action=HOLD, qty=0, strategy=Momentum)",,[]
2025-11-18 12:21:00+00:00,"Signal(ts=2025-11-18 12:21:00+00:00, action=HOLD, qty=0, strategy=Momentum)",,[]
2025-11-18 12:22:00+00:00,"Signal(ts=2025-11-18 12:22:00+00:00, action=HOLD, qty=0, strategy=Momentum)",,[]
2025-11-18 12:23:00+00:00,"Signal(ts=2025-11-18 12:23:00+00:00, action=HOLD, qty=0, strategy=Momentum)",,[]
2025-11-18 12:25:00+00:00,"Signal(ts=2025-11-18 12:25:00+00:00, action=HOLD, qty=0, strategy=Momentum)",,[]
2025-11-18 12:26:00+00:00,"Signal(ts=2025-11-18 12:26:00+00:00, action=HOLD, qty=0, strategy=Momentum)",,[]
2025-11-18 12:27:00+00:00,"Signal(ts=2025-11-18 12:27:00+00:00, action=HOLD, qty=0, strategy=Momentum)",,[]
2025-11-18 12:28:00+00:00,"Signal(ts=2025-11-18 12:28:00+00:00, action=SELL, qty=2, strategy=Momentum)",7d7a1dc9-d5fc-4d4b-9bab-f118f6d9f8c1,"[{'price': 268.5, 'qty': 1, 'buy_id': 'b7263421-4e71-4df6-ac0d-d9db85fc12f6', 'sell_id': '7d7a1dc9-d5fc-4d4b-9bab-f118f6d9f8c1', 'timestamp': 1763961949.150107}, {'price': 268.5, 'qty': 1, 'buy_id': 'b45c52f2-a9cd-45ed-a3eb-65a5ab713940', 'sell_id': '7d7a1dc9-d5fc-4d4b-9bab-f118f6d9f8c1', 'timestamp': 1763961949.150107}]"
2025-11-18 12:29:00+00:00,"Signal(ts=2025-11-18 12:29:00+00:00, action=SELL, qty=2, strategy=Momentum)",e44991a7-276a-4d75-a667-7d0d793926f7,"[{'price': 268.42, 'qty': 2, 'buy_id': 'b45c52f2-a9cd-45ed-a3eb-65a5ab713940', 'sell_id': 'e44991a7-276a-4d75-a667-7d0d793926f7', 'timestamp': 1763961949.1514492}]"
2025-11-18 12:30:00+00:00,"Signal(ts=2025-11-18 12:30:00+00:00, action=SELL, qty=2, strategy=Momentum)",b7971776-0a64-428f-96bb-a809e38293e6,"[{'price': 268.5, 'qty': 1, 'buy_id': 'b45c52f2-a9cd-45ed-a3eb-65a5ab713940', 'sell_id': 'b7971776-0a64-428f-96bb-a809e38293e6', 'timestamp': 1763961949.1534538}, {'price': 268.5, 'qty': 1, 'buy_id': '324d7937-3ebf-48c3-aacc-6a50aa6f14b4', 'sell_id': 'b7971776-0a64-428f-96bb-a809e38293e6', 'timestamp': 1763961949.1534538}]"
2025-11-18 12:31:00+00:00,"Signal(ts=2025-11-18 12:31:00+00:00, action=HOLD, qty=0, strategy=Momentum)",,[]
2025-11-18 12:32:00+00:00,"Signal(ts=2025-11-18 12:32:00+00:00, action=HOLD, qty=0, strategy=Momentum)",,[]
2025-11-18 12:33:00+00:00,"Signal(ts=2025-11-18 12:33:00+00:00, action=HOLD, qty=0, strategy=Momentum)",,[]
2025-11-18 12:34:00+00:00,"Signal(ts=2025-11-18 12:34:00+00:00, action=HOLD, qty=0, strategy=Momentum)",,[]
2025-11-18 12:35:00+00:00,"Signal(ts=2025-11-18 12:35:00+00:00, action=HOLD, qty=0, strategy=Momentum)",,[]
2025-11-18 12:36:00+00:00,"Signal(ts=2025-11-18 12:36:00+00:00, action=HOLD, qty=0, strategy=Momentum)",,[]
2025-11-18 12:37:00+00:00,"Signal(ts=2025-11-18 12:37:00+00:00, action=HOLD, qty=0, strategy=Momentum)",,[]
2025-11-18 12:38:00+00:00,"Signal(ts=2025-11-18 12:38:00+00:00, action=HOLD, qty=0, strategy=Momentum)",,[]
2025-11-18 12:39:00+00:00,"Signal(ts=2025-11-18 12:39:00+00:00, action=HOLD, qty=0, strategy=Momentum)",,[]
2025-11-18 12:40:00+00:00,"Signal(ts=2025-11-18 12:40:00+00:00, action=HOLD, qty=0, strategy=Momentum)",,[]
2025-11-18 12:41:00+00:00,"Signal(ts=2025-11-18 12:41:00+00:00, action=HOLD, qty=0, strategy=Momentum)",,[]
2025-11-18 12:42:00+00:00,"Signal(ts=2025-11-18 12:42:00+00:00, action=HOLD, qty=0, strategy=Momentum)",,[]
2025-11-18 12:43:00+00:00,"Signal(ts=2025-11-18 12:43:00+00:00, action=HOLD, qty=0, strategy=Momentum)",,[]
2025-11-18 12:44:00+00:00,"Signal(ts=2025-11-18 12:44:00+00:00, action=HOLD, qty=0, strategy=Momentum)",,[]
2025-11-18 12:45:00+00:00,"Signal(ts=2025-11-18 12:45:00+00:00, action=HOLD, qty=0, strategy=Momentum)",,[]
2025-11-18 12:46:00+00:00,"Signal(ts=2025-11-18 12:46:00+00:00, action=HOLD, qty=0, strategy=Momentum)",,[]
2025-11-18 12:47:00+00:00,"Signal(ts=2025-11-18 12:47:00+00:00, action=HOLD, qty=0, strategy=Momentum)",,[]
2025-11-18 12:48:00+00:00,"Signal(ts=2025-11-18 12:48:00+00:00, action=HOLD, qty=0, strategy=Momentum)",,[]
2025-11-18 12:49:00+00:00,"Signal(ts=2025-11-18 12:49:00+00:00, action=HOLD, qty=0, strategy=Momentum)",,[]
2025-11-18 12:50:00+00:00,"Signal(ts=2025-11-18 12:50:00+00:00, action=HOLD, qty=0, strategy=Momentum)",,[]
2025-11-18 12:51:00+00:00,"Signal(ts=2025-11-18 12:51:00+00:00, action=HOLD, qty=0, strategy=Momentum)",,[]
2025-11-18 12:52:00+00:00,"Signal(ts=2025-11-18 12:52:00+00:00, action=HOLD, qty=0, strategy=Momentum)",,[]
2025-11-18 12:53:00+00:00,"Signal(ts=2025-11-18 12:53:00+00:00, action=HOLD, qty=0, strategy=Momentum)",,[]
2025-11-18 12:54:00+00:00,"Signal(ts=2025-11-18 12:54:00+00:00, action=HOLD, qty=0, strategy=Momentum)",,[]
2025-11-18 12:55:00+00:00,"Signal(ts=2025-11-18 12:55:00+00:00, action=HOLD, qty=0, strategy=Momentum)",,[]
2025-11-18 12:56:00+00:00,"Signal(ts=2025-11-18 12:56:00+00:00, action=HOLD, qty=0, strategy=Momentum)",,[]
2025-11-18 12:57:00+00:00,"Signal(ts=2025-11-18 12:57:00+00:00, action=SELL, qty=2, strategy=Momentum)",dc4d3ffa-a837-4df5-860f-1944e1d10e2d,"[{'price': 267.87, 'qty': 2, 'buy_id': '324d7937-3ebf-48c3-aacc-6a50aa6f14b4', 'sell_id': 'dc4d3ffa-a837-4df5-860f-1944e1d10e2d', 'timestamp': 1763961949.1790636}]"
2025-11-18 12:58:00+00:00,"Signal(ts=2025-11-18 12:58:00+00:00, action=HOLD, qty=0, strategy=Momentum)",,[]
2025-11-18 12:59:00+00:00,"Signal(ts=2025-11-18 12:59:00+00:00, action=HOLD, qty=0, strategy=Momentum)",,[]
2025-11-18 13:00:00+00:00,"Signal(ts=2025-11-18 13:00:00+00:00, action=HOLD, qty=0, strategy=Momentum)",,[]
2025-11-18 13:01:00+00:00,"Signal(ts=2025-11-18 13:01:00+00:00, action=HOLD, qty=0, strategy=Momentum)",,[]
2025-11-18 13:02:00+00:00,"Signal(ts=2025-11-18 13:02:00+00:00, action=SELL, qty=4, strategy=Momentum)",879edfee-8946-43bc-954a-1858e97af052,"[{'price': 267.22, 'qty': 2, 'buy_id': '2760ce41-2142-4c46-976a-2365b224965f', 'sell_id': '879edfee-8946-43bc-954a-1858e97af052', 'timestamp': 1763961949.180063}, {'price': 267.22, 'qty': 2, 'buy_id': '604715ce-3492-41c4-b1f4-98ba92e64f92', 'sell_id': '879edfee-8946-43bc-954a-1858e97af052', 'timestamp': 1763961949.180063}]"
2025-11-18 13:03:00+00:00,"Signal(ts=2025-11-18 13:03:00+00:00, action=HOLD, qty=0, strategy=Momentum)",,[]
2025-11-18 13:04:00+00:00,"Signal(ts=2025-11-18 13:04:00+00:00, action=HOLD, qty=0, strategy=Momentum)",,[]
2025-11-18 13:05:00+00:00,"Signal(ts=2025-11-18 13:05:00+00:00, action=HOLD, qty=0, strategy=Momentum)",,[]
2025-11-18 13:06:00+00:00,"Signal(ts=2025-11-18 13:06:00+00:00, action=HOLD, qty=0, strategy=Momentum)",,[]
2025-11-18 13:07:00+00:00,"Signal(ts=2025-11-18 13:07:00+00:00, action=HOLD, qty=0, strategy=Momentum)",,[]
2025-11-18 13:08:00+00:00,"Signal(ts=2025-11-18 13:08:00+00:00, action=HOLD, qty=0, strategy=Momentum)",,[]
2025-11-18 13:09:00+00:00,"Signal(ts=2025-11-18 13:09:00+00:00, action=HOLD, qty=0, strategy=Momentum)",,[]
2025-11-18 13:10:00+00:00,"Signal(ts=2025-11-18 13:10:00+00:00, action=HOLD, qty=0, strategy=Momentum)",,[]
2025-11-18 13:11:00+00:00,"Signal(ts=2025-11-18 13:11:00+00:00, action=HOLD, qty=0, strategy=Momentum)",,[]
2025-11-18 13:12:00+00:00,"Signal(ts=2025-11-18 13:12:00+00:00, action=HOLD, qty=0, strategy=Momentum)",,[]
2025-11-18 13:13:00+00:00,"Signal(ts=2025-11-18 13:13:00+00:00, action=HOLD, qty=0, strategy=Momentum)",,[]
2025-11-18 13:14:00+00:00,"Signal(ts=2025-11-18 13:14:00+00:00, action=HOLD, qty=0, strategy=Momentum)",,[]
2025-11-18 13:15:00+00:00,"Signal(ts=2025-11-18 13:15:00+00:00, action=HOLD, qty=0, strategy=Momentum)",,[]
2025-11-18 13:16:00+00:00,"Signal(ts=2025-11-18 13:16:00+00:00, action=HOLD, qty=0, strategy=Momentum)",,[]
2025-11-18 13:17:00+00:00,"Signal(ts=2025-11-18 13:17:00+00:00, action=HOLD, qty=0, strategy=Momentum)",,[]
2025-11-18 13:18:00+00:00,"Signal(ts=2025-11-18 13:18:00+00:00, action=HOLD, qty=0, strategy=Momentum)",,[]
2025-11-18 13:19:00+00:00,"Signal(ts=2025-11-18 13:19:00+00:00, action=HOLD, qty=0, strategy=Momentum)",,[]
2025-11-18 13:20:00+00:00,"Signal(ts=2025-11-18 13:20:00+00:00, action=HOLD, qty=0, strategy=Momentum)",,[]
2025-11-18 13:21:00+00:00,"Signal(ts=2025-11-18 13:21:00+00:00, action=HOLD, qty=0, strategy=Momentum)",,[]
2025-11-18 13:22:00+00:00,"Signal(ts=2025-11-18 13:22:00+00:00, action=HOLD, qty=0, strategy=Momentum)",,[]
2025-11-18 13:23:00+00:00,"Signal(ts=2025-11-18 13:23:00+00:00, action=HOLD, qty=0, strategy=Momentum)",,[]
2025-11-18 13:24:00+00:00,"Signal(ts=2025-11-18 13:24:00+00:00, action=HOLD, qty=0, strategy=Momentum)",,[]
2025-11-18 13:25:00+00:00,"Signal(ts=2025-11-18 13:25:00+00:00, action=HOLD, qty=0, strategy=Momentum)",,[]
2025-11-18 13:26:00+00:00,"Signal(ts=2025-11-18 13:26:00+00:00, action=HOLD, qty=0, strategy=Momentum)",,[]
2025-11-18 13:27:00+00:00,"Signal(ts=2025-11-18 13:27:00+00:00, action=HOLD, qty=0, strategy=Momentum)",,[]
2025-11-18 13:28:00+00:00,"Signal(ts=2025-11-18 13:28:00+00:00, action=HOLD, qty=0, strategy=Momentum)",,[]
2025-11-18 13:29:00+00:00,"Signal(ts=2025-11-18 13:29:00+00:00, action=HOLD, qty=0, strategy=Momentum)",,[]
2025-11-18 13:30:00+00:00,"Signal(ts=2025-11-18 13:30:00+00:00, action=HOLD, qty=0, strategy=Momentum)",,[]
2025-11-18 13:31:00+00:00,"Signal(ts=2025-11-18 13:31:00+00:00, action=BUY, qty=4, strategy=Momentum)",3026d0e7-8cd2-4319-ba55-584562531f2c,[]
2025-11-18 13:32:00+00:00,"Signal(ts=2025-11-18 13:32:00+00:00, action=HOLD, qty=0, strategy=Momentum)",,[]
2025-11-18 13:33:00+00:00,"Signal(ts=2025-11-18 13:33:00+00:00, action=HOLD, qty=0, strategy=Momentum)",,[]
2025-11-18 13:34:00+00:00,"Signal(ts=2025-11-18 13:34:00+00:00, action=HOLD, qty=0, strategy=Momentum)",,[]
2025-11-18 13:35:00+00:00,"Signal(ts=2025-11-18 13:35:00+00:00, action=HOLD, qty=0, strategy=Momentum)",,[]
2025-11-18 13:36:00+00:00,"Signal(ts=2025-11-18 13:36:00+00:00, action=HOLD, qty=0, strategy=Momentum)",,[]
2025-11-18 13:37:00+00:00,"Signal(ts=2025-11-18 13:37:00+00:00, action=HOLD, qty=0, strategy=Momentum)",,[]
2025-11-18 13:38:00+00:00,"Signal(ts=2025-11-18 13:38:00+00:00, action=HOLD, qty=0, strategy=Momentum)",,[]
2025-11-18 13:39:00+00:00,"Signal(ts=2025-11-18 13:39:00+00:00, action=HOLD, qty=0, strategy=Momentum)",,[]
2025-11-18 13:40:00+00:00,"Signal(ts=2025-11-18 13:40:00+00:00, action=HOLD, qty=0, strategy=Momentum)",,[]
2025-11-18 13:41:00+00:00,"Signal(ts=2025-11-18 13:41:00+00:00, action=BUY, qty=2, strategy=Momentum)",254803fc-042f-4cfe-a34d-edbc11e25a86,[]
2025-11-18 13:42:00+00:00,"Signal(ts=2025-11-18 13:42:00+00:00, action=HOLD, qty=0, strategy=Momentum)",,[]
2025-11-18 13:43:00+00:00,"Signal(ts=2025-11-18 13:43:00+00:00, action=HOLD, qty=0, strategy=Momentum)",,[]
2025-11-18 13:44:00+00:00,"Signal(ts=2025-11-18 13:44:00+00:00, action=HOLD, qty=0, strategy=Momentum)",,[]
2025-11-18 13:45:00+00:00,"Signal(ts=2025-11-18 13:45:00+00:00, action=HOLD, qty=0, strategy=Momentum)",,[]
2025-11-18 13:46:00+00:00,"Signal(ts=2025-11-18 13:46:00+00:00, action=BUY, qty=2, strategy=Momentum)",b60703f9-4da8-4003-9ff2-a171b7932077,[]
2025-11-18 13:47:00+00:00,"Signal(ts=2025-11-18 13:47:00+00:00, action=BUY, qty=2, strategy=Momentum)",c657699f-8c83-4062-97d8-9b28aed05346,[]
2025-11-18 13:48:00+00:00,"Signal(ts=2025-11-18 13:48:00+00:00, action=BUY, qty=2, strategy=Momentum)",7d9bc327-544b-47fd-afa4-f69c1721c11e,[]
2025-11-18 13:49:00+00:00,"Signal(ts=2025-11-18 13:49:00+00:00, action=BUY, qty=2, strategy=Momentum)",7f356bf4-e204-4e96-b632-fb66f8640d82,[]
2025-11-18 13:50:00+00:00,"Signal(ts=2025-11-18 13:50:00+00:00, action=BUY, qty=2, strategy=Momentum)",b6417fa7-7619-44c7-b8c7-efdadb221cbe,[]
2025-11-18 13:51:00+00:00,"Signal(ts=2025-11-18 13:51:00+00:00, action=HOLD, qty=0, strategy=Momentum)",,[]
2025-11-18 13:52:00+00:00,"Signal(ts=2025-11-18 13:52:00+00:00, action=HOLD, qty=0, strategy=Momentum)",,[]
2025-11-18 13:53:00+00:00,"Signal(ts=2025-11-18 13:53:00+00:00, action=HOLD, qty=0, strategy=Momentum)",,[]
2025-11-18 13:54:00+00:00,"Signal(ts=2025-11-18 13:54:00+00:00, action=BUY, qty=2, strategy=Momentum)",ad3d82f1-be58-450a-ab98-7eb218268413,[]
2025-11-18 13:55:00+00:00,"Signal(ts=2025-11-18 13:55:00+00:00, action=BUY, qty=2, strategy=Momentum)",a1a66ab5-d5f7-45c5-86ae-ab4ee71d880e,[]
2025-11-18 13:56:00+00:00,"Signal(ts=2025-11-18 13:56:00+00:00, action=BUY, qty=2, strategy=Momentum)",f83dd808-f4e0-4011-a6fa-af3a561a7519,[]
2025-11-18 13:57:00+00:00,"Signal(ts=2025-11-18 13:57:00+00:00, action=BUY, qty=2, strategy=Momentum)",237e890a-f61f-449b-a048-2595c1f748a4,[]
2025-11-18 13:58:00+00:00,"Signal(ts=2025-11-18 13:58:00+00:00, action=HOLD, qty=0, strategy=Momentum)",,[]
2025-11-18 13:59:00+00:00,"Signal(ts=2025-11-18 13:59:00+00:00, action=HOLD, qty=0, strategy=Momentum)",,[]
2025-11-18 14:00:00+00:00,"Signal(ts=2025-11-18 14:00:00+00:00, action=HOLD, qty=0, strategy=Momentum)",,[]
2025-11-18 14:01:00+00:00,"Signal(ts=2025-11-18 14:01:00+00:00, action=HOLD, qty=0, strategy=Momentum)",,[]
2025-11-18 14:02:00+00:00,"Signal(ts=2025-11-18 14:02:00+00:00, action=HOLD, qty=0, strategy=Momentum)",,[]
2025-11-18 14:03:00+00:00,"Signal(ts=2025-11-18 14:03:00+00:00, action=HOLD, qty=0, strategy=Momentum)",,[]
2025-11-18 14:04:00+00:00,"Signal(ts=2025-11-18 14:04:00+00:00, action=HOLD, qty=0, strategy=Momentum)",,[]
2025-11-18 14:05:00+00:00,"Signal(ts=2025-11-18 14:05:00+00:00, action=HOLD, qty=0, strategy=Momentum)",,[]
2025-11-18 14:06:00+00:00,"Signal(ts=2025-11-18 14:06:00+00:00, action=HOLD, qty=0, strategy=Momentum)",,[]
2025-11-18 14:07:00+00:00,"Signal(ts=2025-11-18 14:07:00+00:00, action=HOLD, qty=0, strategy=Momentum)",,[]
2025-11-18 14:08:00+00:00,"Signal(ts=2025-11-18 14:08:00+00:00, action=HOLD, qty=0, strategy=Momentum)",,[]
2025-11-18 14:09:00+00:00,"Signal(ts=2025-11-18 14:09:00+00:00, action=HOLD, qty=0, strategy=Momentum)",,[]
2025-11-18 14:10:00+00:00,"Signal(ts=2025-11-18 14:10:00+00:00, action=HOLD, qty=0, strategy=Momentum)",,[]
2025-11-18 14:11:00+00:00,"Signal(ts=2025-11-18 14:11:00+00:00, action=HOLD, qty=0, strategy=Momentum)",,[]
2025-11-18 14:12:00+00:00,"Signal(ts=2025-11-18 14:12:00+00:00, action=HOLD, qty=0, strategy=Momentum)",,[]
2025-11-18 14:13:00+00:00,"Signal(ts=2025-11-18 14:13:00+00:00, action=HOLD, qty=0, strategy=Momentum)",,[]
2025-11-18 14:14:00+00:00,"Signal(ts=2025-11-18 14:14:00+00:00, action=HOLD, qty=0, strategy=Momentum)",,[]
2025-11-18 14:15:00+00:00,"Signal(ts=2025-11-18 14:15:00+00:00, action=HOLD, qty=0, strategy=Momentum)",,[]
2025-11-18 14:16:00+00:00,"Signal(ts=2025-11-18 14:16:00+00:00, action=SELL, qty=2, strategy=Momentum)",ae68137b-03e7-46a8-aafe-a6974dcd7210,"[{'price': 268.42, 'qty': 1, 'buy_id': '604715ce-3492-41c4-b1f4-98ba92e64f92', 'sell_id': 'ae68137b-03e7-46a8-aafe-a6974dcd7210', 'timestamp': 1763961949.2571292}, {'price': 268.42, 'qty': 1, 'buy_id': '5b76fb17-15a1-4f79-a8d6-4fd64c5cfd06', 'sell_id': 'ae68137b-03e7-46a8-aafe-a6974dcd7210', 'timestamp': 1763961949.2571292}]"
2025-11-18 14:17:00+00:00,"Signal(ts=2025-11-18 14:17:00+00:00, action=SELL, qty=2, strategy=Momentum)",2751cf34-fa4c-477c-88de-d5aff928dddc,"[{'price': 268.5, 'qty': 2, 'buy_id': '5b76fb17-15a1-4f79-a8d6-4fd64c5cfd06', 'sell_id': '2751cf34-fa4c-477c-88de-d5aff928dddc', 'timestamp': 1763961949.2581325}]"
2025-11-18 14:18:00+00:00,"Signal(ts=2025-11-18 14:18:00+00:00, action=SELL, qty=2, strategy=Momentum)",de262db3-13ab-45b2-8431-6f383b1dcf5c,"[{'price': 268.36, 'qty': 1, 'buy_id': '5b76fb17-15a1-4f79-a8d6-4fd64c5cfd06', 'sell_id': 'de262db3-13ab-45b2-8431-6f383b1dcf5c', 'timestamp': 1763961949.2591348}, {'price': 268.36, 'qty': 1, 'buy_id': '08602afd-9068-45a3-ba1a-a0ee79706e31', 'sell_id': 'de262db3-13ab-45b2-8431-6f383b1dcf5c', 'timestamp': 1763961949.2591348}]"
2025-11-18 14:19:00+00:00,"Signal(ts=2025-11-18 14:19:00+00:00, action=HOLD, qty=0, strategy=Momentum)",,[]
2025-11-18 14:20:00+00:00,"Signal(ts=2025-11-18 14:20:00+00:00, action=HOLD, qty=0, strategy=Momentum)",,[]
2025-11-18 14:21:00+00:00,"Signal(ts=2025-11-18 14:21:00+00:00, action=HOLD, qty=0, strategy=Momentum)",,[]
2025-11-18 14:22:00+00:00,"Signal(ts=2025-11-18 14:22:00+00:00, action=SELL, qty=2, strategy=Momentum)",a315f63a-67ae-4127-97ad-a6d3c5335a2a,"[{'price': 268.1, 'qty': 1, 'buy_id': '08602afd-9068-45a3-ba1a-a0ee79706e31', 'sell_id': 'a315f63a-67ae-4127-97ad-a6d3c5335a2a', 'timestamp': 1763961949.2662292}, {'price': 268.1, 'qty': 1, 'buy_id': '4156fea7-343e-47ef-859e-bdf598cd72b9', 'sell_id': 'a315f63a-67ae-4127-97ad-a6d3c5335a2a', 'timestamp': 1763961949.2662292}]"
2025-11-18 14:23:00+00:00,"Signal(ts=2025-11-18 14:23:00+00:00, action=SELL, qty=2, strategy=Momentum)",bab90a1b-af38-4df4-90ae-4aa33b19af69,"[{'price': 268.09, 'qty': 2, 'buy_id': '4156fea7-343e-47ef-859e-bdf598cd72b9', 'sell_id': 'bab90a1b-af38-4df4-90ae-4aa33b19af69', 'timestamp': 1763961949.2719693}]"
2025-11-18 14:24:00+00:00,"Signal(ts=2025-11-18 14:24:00+00:00, action=SELL, qty=2, strategy=Momentum)",02b1613f-bb50-469f-8962-bff7643bfab1,"[{'price': 268.2, 'qty': 2, 'buy_id': '8c5ad8d8-2b06-4a06-9cf4-7761ea95852c', 'sell_id': '02b1613f-bb50-469f-8962-bff7643bfab1', 'timestamp': 1763961949.2739775}]"
2025-11-18 14:25:00+00:00,"Signal(ts=2025-11-18 14:25:00+00:00, action=SELL, qty=2, strategy=Momentum)",7d166f13-75ac-48a8-9662-401a2f04232e,"[{'price': 268.01, 'qty': 2, 'buy_id': '8c5ad8d8-2b06-4a06-9cf4-7761ea95852c', 'sell_id': '7d166f13-75ac-48a8-9662-401a2f04232e', 'timestamp': 1763961949.278154}]"
2025-11-18 14:26:00+00:00,"Signal(ts=2025-11-18 14:26:00+00:00, action=HOLD, qty=0, strategy=Momentum)",,[]
2025-11-18 14:27:00+00:00,"Signal(ts=2025-11-18 14:27:00+00:00, action=BUY, qty=2, strategy=Momentum)",34797cd0-9a6a-4d6b-aa4a-c5faecd4266a,[]
2025-11-18 14:28:00+00:00,"Signal(ts=2025-11-18 14:28:00+00:00, action=BUY, qty=6, strategy=Momentum)",bf066107-1bb0-44e2-990d-ea25ff5b7dac,[]
2025-11-18 14:29:00+00:00,"Signal(ts=2025-11-18 14:29:00+00:00, action=BUY, qty=5, strategy=Momentum)",43463dce-2618-4dab-918f-5d1f77998f98,[]
2025-11-18 14:30:00+00:00,"Signal(ts=2025-11-18 14:30:00+00:00, action=BUY, qty=7, strategy=Momentum)",d30ec6ec-797b-4da1-8e77-1a2561a511d2,[]
2025-11-18 14:31:00+00:00,"Signal(ts=2025-11-18 14:31:00+00:00, action=BUY, qty=2, strategy=Momentum)",bcecc676-2656-431a-a947-cf46544c6a04,[]
2025-11-18 14:32:00+00:00,"Signal(ts=2025-11-18 14:32:00+00:00, action=BUY, qty=3, strategy=Momentum)",c45554b3-45ca-4f7d-bd4e-cb4cde57855e,[]
2025-11-18 14:33:00+00:00,"Signal(ts=2025-11-18 14:33:00+00:00, action=BUY, qty=2, strategy=Momentum)",b27a427d-be48-4022-97f0-a97afff4a2c1,[]
2025-11-18 14:34:00+00:00,"Signal(ts=2025-11-18 14:34:00+00:00, action=BUY, qty=2, strategy=Momentum)",d3b304c4-84b2-49cc-87ea-cf72678c489f,[]
2025-11-18 14:35:00+00:00,"Signal(ts=2025-11-18 14:35:00+00:00, action=BUY, qty=2, strategy=Momentum)",12430d11-04cb-4be5-b4e7-3e076e81e9e7,[]
2025-11-18 14:36:00+00:00,"Signal(ts=2025-11-18 14:36:00+00:00, action=BUY, qty=3, strategy=Momentum)",ae9052ff-84d4-40d1-a9f0-ed115af9d6a2,[]
2025-11-18 14:37:00+00:00,"Signal(ts=2025-11-18 14:37:00+00:00, action=BUY, qty=2, strategy=Momentum)",3894608a-48ae-458d-9ed7-fc5e81efb289,[]
2025-11-18 14:38:00+00:00,"Signal(ts=2025-11-18 14:38:00+00:00, action=HOLD, qty=0, strategy=Momentum)",,[]
2025-11-18 14:39:00+00:00,"Signal(ts=2025-11-18 14:39:00+00:00, action=HOLD, qty=0, strategy=Momentum)",,[]
2025-11-18 14:40:00+00:00,"Signal(ts=2025-11-18 14:40:00+00:00, action=HOLD, qty=0, strategy=Momentum)",,[]
2025-11-18 14:41:00+00:00,"Signal(ts=2025-11-18 14:41:00+00:00, action=HOLD, qty=0, strategy=Momentum)",,[]
2025-11-18 14:42:00+00:00,"Signal(ts=2025-11-18 14:42:00+00:00, action=HOLD, qty=0, strategy=Momentum)",,[]
2025-11-18 14:43:00+00:00,"Signal(ts=2025-11-18 14:43:00+00:00, action=HOLD, qty=0, strategy=Momentum)",,[]
2025-11-18 14:44:00+00:00,"Signal(ts=2025-11-18 14:44:00+00:00, action=SELL, qty=2, strategy=Momentum)",ab613556-57cf-493b-8505-7a7eeb8496ee,"[{'price': 267.79998779296875, 'qty': 2, 'buy_id': 'd30ec6ec-797b-4da1-8e77-1a2561a511d2', 'sell_id': 'ab613556-57cf-493b-8505-7a7eeb8496ee', 'timestamp': 1763961949.3102384}]"
2025-11-18 14:45:00+00:00,"Signal(ts=2025-11-18 14:45:00+00:00, action=HOLD, qty=0, strategy=Momentum)",,[]
2025-11-18 14:46:00+00:00,"Signal(ts=2025-11-18 14:46:00+00:00, action=HOLD, qty=0, strategy=Momentum)",,[]
2025-11-18 14:47:00+00:00,"Signal(ts=2025-11-18 14:47:00+00:00, action=SELL, qty=2, strategy=Momentum)",3e774a77-2fe4-4f9c-8dd7-47a2709dc315,"[{'price': 267.6933898925781, 'qty': 2, 'buy_id': 'd30ec6ec-797b-4da1-8e77-1a2561a511d2', 'sell_id': '3e774a77-2fe4-4f9c-8dd7-47a2709dc315', 'timestamp': 1763961949.3138115}]"
2025-11-18 14:48:00+00:00,"Signal(ts=2025-11-18 14:48:00+00:00, action=SELL, qty=3, strategy=Momentum)",3a507d68-d911-4e59-8dca-593883f6b759,"[{'price': 267.42999267578125, 'qty': 3, 'buy_id': 'd30ec6ec-797b-4da1-8e77-1a2561a511d2', 'sell_id': '3a507d68-d911-4e59-8dca-593883f6b759', 'timestamp': 1763961949.3150744}]"
2025-11-18 14:49:00+00:00,"Signal(ts=2025-11-18 14:49:00+00:00, action=SELL, qty=5, strategy=Momentum)",f2680c05-9f9d-4168-9aac-b023c9fc155d,"[{'price': 266.81500244140625, 'qty': 5, 'buy_id': '43463dce-2618-4dab-918f-5d1f77998f98', 'sell_id': 'f2680c05-9f9d-4168-9aac-b023c9fc155d', 'timestamp': 1763961949.3160727}]"
2025-11-18 14:50:00+00:00,"Signal(ts=2025-11-18 14:50:00+00:00, action=SELL, qty=4, strategy=Momentum)",8655c7d1-04b1-46fd-a7b5-349300851a5f,"[{'price': 267.19989013671875, 'qty': 4, 'buy_id': 'bf066107-1bb0-44e2-990d-ea25ff5b7dac', 'sell_id': '8655c7d1-04b1-46fd-a7b5-349300851a5f', 'timestamp': 1763961949.3170729}]"
2025-11-18 14:51:00+00:00,"Signal(ts=2025-11-18 14:51:00+00:00, action=SELL, qty=5, strategy=Momentum)",a71e518e-40be-4c0f-a048-91e84d79f7d5,"[{'price': 266.739990234375, 'qty': 2, 'buy_id': 'bf066107-1bb0-44e2-990d-ea25ff5b7dac', 'sell_id': 'a71e518e-40be-4c0f-a048-91e84d79f7d5', 'timestamp': 1763961949.318073}, {'price': 266.739990234375, 'qty': 3, 'buy_id': 'c45554b3-45ca-4f7d-bd4e-cb4cde57855e', 'sell_id': 'a71e518e-40be-4c0f-a048-91e84d79f7d5', 'timestamp': 1763961949.318073}]"
2025-11-18 14:52:00+00:00,"Signal(ts=2025-11-18 14:52:00+00:00, action=SELL, qty=5, strategy=Momentum)",64069efb-3db4-4d71-9b53-59aa0f9a2c5b,"[{'price': 266.70001220703125, 'qty': 3, 'buy_id': 'ae9052ff-84d4-40d1-a9f0-ed115af9d6a2', 'sell_id': '64069efb-3db4-4d71-9b53-59aa0f9a2c5b', 'timestamp': 1763961949.318073}, {'price': 266.70001220703125, 'qty': 2, 'buy_id': 'b27a427d-be48-4022-97f0-a97afff4a2c1', 'sell_id': '64069efb-3db4-4d71-9b53-59aa0f9a2c5b', 'timestamp': 1763961949.318073}]"
2025-11-18 14:53:00+00:00,"Signal(ts=2025-11-18 14:53:00+00:00, action=SELL, qty=5, strategy=Momentum)",ecae8173-0557-462c-8b38-cea8b6f8164f,"[{'price': 266.760009765625, 'qty': 2, 'buy_id': 'bcecc676-2656-431a-a947-cf46544c6a04', 'sell_id': 'ecae8173-0557-462c-8b38-cea8b6f8164f', 'timestamp': 1763961949.318073}, {'price': 266.760009765625, 'qty': 3, 'buy_id': 'd7f19272-80a0-4340-b1e8-c75a13066de2', 'sell_id': 'ecae8173-0557-462c-8b38-cea8b6f8164f', 'timestamp': 1763961949.318073}]"
2025-11-18 14:54:00+00:00,"Signal(ts=2025-11-18 14:54:00+00:00, action=SELL, qty=4, strategy=Momentum)",2c12f7d0-3617-4f85-a343-3cd128c3a2e7,"[{'price': 266.7654113769531, 'qty': 1, 'buy_id': 'd7f19272-80a0-4340-b1e8-c75a13066de2', 'sell_id': '2c12f7d0-3617-4f85-a343-3cd128c3a2e7', 'timestamp': 1763961949.318073}, {'price': 266.7654113769531, 'qty': 3, 'buy_id': '595ad38d-51f9-4a1c-8275-3c76e20febc3', 'sell_id': '2c12f7d0-3617-4f85-a343-3cd128c3a2e7', 'timestamp': 1763961949.318073}]"
2025-11-18 14:55:00+00:00,"Signal(ts=2025-11-18 14:55:00+00:00, action=SELL, qty=6, strategy=Momentum)",349b092b-c5c0-4f34-ac2d-a46c55dc7586,"[{'price': 266.8599853515625, 'qty': 4, 'buy_id': '3058b74c-82c4-4074-a7d6-0618026a8edc', 'sell_id': '349b092b-c5c0-4f34-ac2d-a46c55dc7586', 'timestamp': 1763961949.318073}, {'price': 266.8599853515625, 'qty': 2, 'buy_id': '3894608a-48ae-458d-9ed7-fc5e81efb289', 'sell_id': '349b092b-c5c0-4f34-ac2d-a46c55dc7586', 'timestamp': 1763961949.318073}]"
2025-11-18 14:56:00+00:00,"Signal(ts=2025-11-18 14:56:00+00:00, action=SELL, qty=8, strategy=Momentum)",9544e4f7-7ec9-4b8d-b88b-85b5b18e8d2a,"[{'price': 266.8500061035156, 'qty': 2, 'buy_id': 'ff5b1e82-8997-415b-baf3-cb38386cdd3e', 'sell_id': '9544e4f7-7ec9-4b8d-b88b-85b5b18e8d2a', 'timestamp': 1763961949.318073}, {'price': 266.8500061035156, 'qty': 2, 'buy_id': '12430d11-04cb-4be5-b4e7-3e076e81e9e7', 'sell_id': '9544e4f7-7ec9-4b8d-b88b-85b5b18e8d2a', 'timestamp': 1763961949.318073}, {'price': 266.8500061035156, 'qty': 4, 'buy_id': '4ffd7a28-13a4-4b38-a6c4-e8ca4154d589', 'sell_id': '9544e4f7-7ec9-4b8d-b88b-85b5b18e8d2a', 'timestamp': 1763961949.318073}]"
2025-11-18 14:57:00+00:00,"Signal(ts=2025-11-18 14:57:00+00:00, action=SELL, qty=10, strategy=Momentum)",ef526d3d-fe6b-4c15-8938-f7d64ed803e3,"[{'price': 267.0400085449219, 'qty': 3, 'buy_id': '5d09a52d-521e-4e36-ac1c-43549943cfba', 'sell_id': 'ef526d3d-fe6b-4c15-8938-f7d64ed803e3', 'timestamp': 1763961949.3249147}, {'price': 267.0400085449219, 'qty': 3, 'buy_id': '7ae9e619-1d16-4491-81b7-b3357719d8a2', 'sell_id': 'ef526d3d-fe6b-4c15-8938-f7d64ed803e3', 'timestamp': 1763961949.3249147}, {'price': 267.0400085449219, 'qty': 3, 'buy_id': 'a300ebd9-737a-4a01-ae5d-7ad9ff8a0720', 'sell_id': 'ef526d3d-fe6b-4c15-8938-f7d64ed803e3', 'timestamp': 1763961949.3249147}, {'price': 267.0400085449219, 'qty': 1, 'buy_id': 'e12b43c9-d360-4a09-9e55-962fd32e0e66', 'sell_id': 'ef526d3d-fe6b-4c15-8938-f7d64ed803e3', 'timestamp': 1763961949.3249147}]"
2025-11-18 14:58:00+00:00,"Signal(ts=2025-11-18 14:58:00+00:00, action=SELL, qty=10, strategy=Momentum)",ce433fbb-892d-4dba-b9f5-22cbb54aa4bd,"[{'price': 267.1000061035156, 'qty': 1, 'buy_id': 'e12b43c9-d360-4a09-9e55-962fd32e0e66', 'sell_id': 'ce433fbb-892d-4dba-b9f5-22cbb54aa4bd', 'timestamp': 1763961949.3270197}, {'price': 267.1000061035156, 'qty': 2, 'buy_id': '163f52b1-38a8-44ce-a78e-19e68e7709a8', 'sell_id': 'ce433fbb-892d-4dba-b9f5-22cbb54aa4bd', 'timestamp': 1763961949.3270197}, {'price': 267.1000061035156, 'qty': 2, 'buy_id': '4d8beb59-de0d-4e4a-a9b4-72cc50b974d5', 'sell_id': 'ce433fbb-892d-4dba-b9f5-22cbb54aa4bd', 'timestamp': 1763961949.3270197}, {'price': 267.1000061035156, 'qty': 2, 'buy_id': '34797cd0-9a6a-4d6b-aa4a-c5faecd4266a', 'sell_id': 'ce433fbb-892d-4dba-b9f5-22cbb54aa4bd', 'timestamp': 1763961949.3270197}, {'price': 267.1000061035156, 'qty': 2, 'buy_id': 'd3b304c4-84b2-49cc-87ea-cf72678c489f', 'sell_id': 'ce433fbb-892d-4dba-b9f5-22cbb54aa4bd', 'timestamp': 1763961949.3270197}, {'price': 267.1000061035156, 'qty': 1, 'buy_id': '7d9bc327-544b-47fd-afa4-f69c1721c11e', 'sell_id': 'ce433fbb-892d-4dba-b9f5-22cbb54aa4bd', 'timestamp': 1763961949.3270197}]"
2025-11-18 14:59:00+00:00,"Signal(ts=2025-11-18 14:59:00+00:00, action=SELL, qty=14, strategy=Momentum)",45131a88-5104-4d80-971e-8fee0dc490ec,"[{'price': 266.7300109863281, 'qty': 1, 'buy_id': '7d9bc327-544b-47fd-afa4-f69c1721c11e', 'sell_id': '45131a88-5104-4d80-971e-8fee0dc490ec', 'timestamp': 1763961949.3280184}, {'price': 266.7300109863281, 'qty': 3, 'buy_id': '07bab159-5195-46de-b3c7-15acca25a17e', 'sell_id': '45131a88-5104-4d80-971e-8fee0dc490ec', 'timestamp': 1763961949.3280184}, {'price': 266.7300109863281, 'qty': 3, 'buy_id': 'bbf4e7ef-0d77-4d4e-9811-5deec4fa0f12', 'sell_id': '45131a88-5104-4d80-971e-8fee0dc490ec', 'timestamp': 1763961949.3280184}, {'price': 266.7300109863281, 'qty': 2, 'buy_id': 'e67ff318-b53f-47f2-ae1a-2e13ab29f9d0', 'sell_id': '45131a88-5104-4d80-971e-8fee0dc490ec', 'timestamp': 1763961949.3280184}, {'price': 266.7300109863281, 'qty': 3, 'buy_id': 'e7a57ca7-2dfa-4e73-9763-cb455ca78780', 'sell_id': '45131a88-5104-4d80-971e-8fee0dc490ec', 'timestamp': 1763961949.3280184}, {'price': 266.7300109863281, 'qty': 2, 'buy_id': '7f356bf4-e204-4e96-b632-fb66f8640d82', 'sell_id': '45131a88-5104-4d80-971e-8fee0dc490ec', 'timestamp': 1763961949.3280184}]"
2025-11-18 15:00:00+00:00,"Signal(ts=2025-11-18 15:00:00+00:00, action=SELL, qty=8, strategy=Momentum)",5ff76e2c-8faf-40e8-8f74-983d3ceb8b62,"[{'price': 267.0599975585937, 'qty': 2, 'buy_id': '254803fc-042f-4cfe-a34d-edbc11e25a86', 'sell_id': '5ff76e2c-8faf-40e8-8f74-983d3ceb8b62', 'timestamp': 1763961949.3295622}, {'price': 267.0599975585937, 'qty': 2, 'buy_id': 'a1a66ab5-d5f7-45c5-86ae-ab4ee71d880e', 'sell_id': '5ff76e2c-8faf-40e8-8f74-983d3ceb8b62', 'timestamp': 1763961949.3295622}, {'price': 267.0599975585937, 'qty': 2, 'buy_id': 'c657699f-8c83-4062-97d8-9b28aed05346', 'sell_id': '5ff76e2c-8faf-40e8-8f74-983d3ceb8b62', 'timestamp': 1763961949.3295622}, {'price': 267.0599975585937, 'qty': 2, 'buy_id': 'c4d62deb-2fae-4aac-819b-2d230b347480', 'sell_id': '5ff76e2c-8faf-40e8-8f74-983d3ceb8b62', 'timestamp': 1763961949.3295622}]"
2025-11-18 15:01:00+00:00,"Signal(ts=2025-11-18 15:01:00+00:00, action=SELL, qty=9, strategy=Momentum)",409b0e67-ff64-4b16-aee3-559b7c71c1de,"[{'price': 266.94000244140625, 'qty': 2, 'buy_id': 'b60703f9-4da8-4003-9ff2-a171b7932077', 'sell_id': '409b0e67-ff64-4b16-aee3-559b7c71c1de', 'timestamp': 1763961949.3295622}, {'price': 266.94000244140625, 'qty': 2, 'buy_id': 'ad3d82f1-be58-450a-ab98-7eb218268413', 'sell_id': '409b0e67-ff64-4b16-aee3-559b7c71c1de', 'timestamp': 1763961949.3295622}, {'price': 266.94000244140625, 'qty': 2, 'buy_id': 'b6417fa7-7619-44c7-b8c7-efdadb221cbe', 'sell_id': '409b0e67-ff64-4b16-aee3-559b7c71c1de', 'timestamp': 1763961949.3295622}, {'price': 266.94000244140625, 'qty': 2, 'buy_id': '237e890a-f61f-449b-a048-2595c1f748a4', 'sell_id': '409b0e67-ff64-4b16-aee3-559b7c71c1de', 'timestamp': 1763961949.3295622}, {'price': 266.94000244140625, 'qty': 1, 'buy_id': 'f83dd808-f4e0-4011-a6fa-af3a561a7519', 'sell_id': '409b0e67-ff64-4b16-aee3-559b7c71c1de', 'timestamp': 1763961949.3295622}]"
2025-11-18 15:02:00+00:00,"Signal(ts=2025-11-18 15:02:00+00:00, action=SELL, qty=9, strategy=Momentum)",901e1e42-11b8-4084-aac6-01cea5915ac9,"[{'price': 266.7900085449219, 'qty': 1, 'buy_id': 'f83dd808-f4e0-4011-a6fa-af3a561a7519', 'sell_id': '901e1e42-11b8-4084-aac6-01cea5915ac9', 'timestamp': 1763961949.335331}, {'price': 266.7900085449219, 'qty': 3, 'buy_id': 'a570bae1-4cbf-4062-9d74-c6e32c885a32', 'sell_id': '901e1e42-11b8-4084-aac6-01cea5915ac9', 'timestamp': 1763961949.335331}, {'price': 266.7900085449219, 'qty': 2, 'buy_id': 'cba955e2-757c-492e-b5ed-2643380cb00c', 'sell_id': '901e1e42-11b8-4084-aac6-01cea5915ac9', 'timestamp': 1763961949.335331}, {'price': 266.7900085449219, 'qty': 3, 'buy_id': '054af41b-0a48-4165-af57-6f63eaaf5744', 'sell_id': '901e1e42-11b8-4084-aac6-01cea5915ac9', 'timestamp': 1763961949.335331}]"
2025-11-18 15:03:00+00:00,"Signal(ts=2025-11-18 15:03:00+00:00, action=SELL, qty=7, strategy=Momentum)",5975476f-540a-435b-b3e8-c0d9b724d76e,"[{'price': 267.010009765625, 'qty': 3, 'buy_id': '275d9a1c-71d1-4e9a-9f6a-20d6d7a5e0f7', 'sell_id': '5975476f-540a-435b-b3e8-c0d9b724d76e', 'timestamp': 1763961949.336702}, {'price': 267.010009765625, 'qty': 4, 'buy_id': '9da7a3e1-9200-4289-aa1e-232c1da68bef', 'sell_id': '5975476f-540a-435b-b3e8-c0d9b724d76e', 'timestamp': 1763961949.336702}]"
2025-11-18 15:04:00+00:00,"Signal(ts=2025-11-18 15:04:00+00:00, action=SELL, qty=9, strategy=Momentum)",c4de1a57-036e-4fd3-a217-0f01b3fc8379,"[{'price': 266.54998779296875, 'qty': 3, 'buy_id': 'b13e7fda-884d-4e57-99a4-a1e98157935f', 'sell_id': 'c4de1a57-036e-4fd3-a217-0f01b3fc8379', 'timestamp': 1763961949.3385274}, {'price': 266.54998779296875, 'qty': 3, 'buy_id': '9ff45948-d3eb-4030-84d5-5c224b15a619', 'sell_id': 'c4de1a57-036e-4fd3-a217-0f01b3fc8379', 'timestamp': 1763961949.3385274}, {'price': 266.54998779296875, 'qty': 3, 'buy_id': 'e0ad7c82-8072-4177-bc07-8e9fd500de19', 'sell_id': 'c4de1a57-036e-4fd3-a217-0f01b3fc8379', 'timestamp': 1763961949.3385274}]"
2025-11-18 15:05:00+00:00,"Signal(ts=2025-11-18 15:05:00+00:00, action=SELL, qty=12, strategy=Momentum)",d77d3ea4-64ec-487d-a8d7-9690ae9b6894,"[{'price': 266.2099914550781, 'qty': 3, 'buy_id': '63f5a95e-515a-45fa-b7b8-51d8d916c83a', 'sell_id': 'd77d3ea4-64ec-487d-a8d7-9690ae9b6894', 'timestamp': 1763961949.3385274}, {'price': 266.2099914550781, 'qty': 3, 'buy_id': '5eb8ed25-a7a5-4e4e-b613-38196c75a69f', 'sell_id': 'd77d3ea4-64ec-487d-a8d7-9690ae9b6894', 'timestamp': 1763961949.3385274}, {'price': 266.2099914550781, 'qty': 3, 'buy_id': 'ec9afa04-d7bd-4079-a7cd-b5916609eb6c', 'sell_id': 'd77d3ea4-64ec-487d-a8d7-9690ae9b6894', 'timestamp': 1763961949.3385274}, {'price': 266.2099914550781, 'qty': 2, 'buy_id': '803b6a3d-2076-489a-a851-e85f0faedeea', 'sell_id': 'd77d3ea4-64ec-487d-a8d7-9690ae9b6894', 'timestamp': 1763961949.3385274}, {'price': 266.2099914550781, 'qty': 1, 'buy_id': 'c613b6cc-58f0-4e35-b00e-50192a4ca362', 'sell_id': 'd77d3ea4-64ec-487d-a8d7-9690ae9b6894', 'timestamp': 1763961949.3385274}]"
2025-11-18 15:06:00+00:00,"Signal(ts=2025-11-18 15:06:00+00:00, action=SELL, qty=10, strategy=Momentum)",45b98ffc-dfe6-42de-bbf1-d02528fc84d1,"[{'price': 266.4378967285156, 'qty': 2, 'buy_id': 'c613b6cc-58f0-4e35-b00e-50192a4ca362', 'sell_id': '45b98ffc-dfe6-42de-bbf1-d02528fc84d1', 'timestamp': 1763961949.3385274}, {'price': 266.4378967285156, 'qty': 3, 'buy_id': '029d6914-8e83-418f-b213-6f37580063c9', 'sell_id': '45b98ffc-dfe6-42de-bbf1-d02528fc84d1', 'timestamp': 1763961949.3385274}, {'price': 266.4378967285156, 'qty': 4, 'buy_id': '3026d0e7-8cd2-4319-ba55-584562531f2c', 'sell_id': '45b98ffc-dfe6-42de-bbf1-d02528fc84d1', 'timestamp': 1763961949.3385274}, {'price': 266.4378967285156, 'qty': 1, 'buy_id': 'a4db28ac-045a-4075-8efc-177214217f00', 'sell_id': '45b98ffc-dfe6-42de-bbf1-d02528fc84d1', 'timestamp': 1763961949.3385274}]"
2025-11-18 15:07:00+00:00,"Signal(ts=2025-11-18 15:07:00+00:00, action=SELL, qty=7, strategy=Momentum)",ebe8ff2e-38d6-4706-bbed-1d504ced140b,"[{'price': 266.7950134277344, 'qty': 2, 'buy_id': 'a4db28ac-045a-4075-8efc-177214217f00', 'sell_id': 'ebe8ff2e-38d6-4706-bbed-1d504ced140b', 'timestamp': 1763961949.3431096}, {'price': 266.7950134277344, 'qty': 2, 'buy_id': 'ebfcf817-8055-4326-9f5c-70c219ee53d8', 'sell_id': 'ebe8ff2e-38d6-4706-bbed-1d504ced140b', 'timestamp': 1763961949.3431096}, {'price': 266.7950134277344, 'qty': 2, 'buy_id': 'be2d91f2-9673-46bf-be72-84a4613e6a41', 'sell_id': 'ebe8ff2e-38d6-4706-bbed-1d504ced140b', 'timestamp': 1763961949.3431096}, {'price': 266.7950134277344, 'qty': 1, 'buy_id': 'e713b442-a3e8-4402-a982-1727095e6035', 'sell_id': 'ebe8ff2e-38d6-4706-bbed-1d504ced140b', 'timestamp': 1763961949.3431096}]"
2025-11-18 15:08:00+00:00,"Signal(ts=2025-11-18 15:08:00+00:00, action=SELL, qty=6, strategy=Momentum)",50bbde39-3aa5-4ea9-a613-eb4401fa4523,"[{'price': 266.77508544921875, 'qty': 2, 'buy_id': 'e713b442-a3e8-4402-a982-1727095e6035', 'sell_id': '50bbde39-3aa5-4ea9-a613-eb4401fa4523', 'timestamp': 1763961949.3452096}, {'price': 266.77508544921875, 'qty': 2, 'buy_id': 'bbc31a99-7628-494e-bd00-f858b1560822', 'sell_id': '50bbde39-3aa5-4ea9-a613-eb4401fa4523', 'timestamp': 1763961949.3452096}, {'price': 266.77508544921875, 'qty': 2, 'buy_id': '801220e7-a07f-4abc-b488-63c0d055ed27', 'sell_id': '50bbde39-3aa5-4ea9-a613-eb4401fa4523', 'timestamp': 1763961949.3452096}]"
2025-11-18 15:09:00+00:00,"Signal(ts=2025-11-18 15:09:00+00:00, action=SELL, qty=6, strategy=Momentum)",720ae50d-a146-4594-ae16-d4d6791b210d,"[{'price': 266.8299865722656, 'qty': 2, 'buy_id': '90a816e2-ee49-4dd7-b151-5429c8ec8394', 'sell_id': '720ae50d-a146-4594-ae16-d4d6791b210d', 'timestamp': 1763961949.346748}, {'price': 266.8299865722656, 'qty': 3, 'buy_id': 'c6519356-61e3-4736-ac4b-cba91a4611ce', 'sell_id': '720ae50d-a146-4594-ae16-d4d6791b210d', 'timestamp': 1763961949.346748}, {'price': 266.8299865722656, 'qty': 1, 'buy_id': 'd7393d24-6836-4eef-a040-8c2174bec72e', 'sell_id': '720ae50d-a146-4594-ae16-d4d6791b210d', 'timestamp': 1763961949.346748}]"
2025-11-18 15:10:00+00:00,"Signal(ts=2025-11-18 15:10:00+00:00, action=SELL, qty=4, strategy=Momentum)",c36065a2-5273-4837-a966-a232d6506e1f,"[{'price': 266.7349853515625, 'qty': 1, 'buy_id': 'd7393d24-6836-4eef-a040-8c2174bec72e', 'sell_id': 'c36065a2-5273-4837-a966-a232d6506e1f', 'timestamp': 1763961949.3480148}, {'price': 266.7349853515625, 'qty': 2, 'buy_id': 'd9e0f4df-b08c-4a33-ae18-585a4d8d0976', 'sell_id': 'c36065a2-5273-4837-a966-a232d6506e1f', 'timestamp': 1763961949.3480148}, {'price': 266.7349853515625, 'qty': 1, 'buy_id': 'fa47a8c2-b585-485f-b93a-3769c1037279', 'sell_id': 'c36065a2-5273-4837-a966-a232d6506e1f', 'timestamp': 1763961949.3480148}]"
2025-11-18 15:11:00+00:00,"Signal(ts=2025-11-18 15:11:00+00:00, action=SELL, qty=6, strategy=Momentum)",03701d25-dde4-4291-b131-2d3c89d00862,"[{'price': 266.25, 'qty': 1, 'buy_id': 'fa47a8c2-b585-485f-b93a-3769c1037279', 'sell_id': '03701d25-dde4-4291-b131-2d3c89d00862', 'timestamp': 1763961949.3492754}]"
2025-11-18 15:12:00+00:00,"Signal(ts=2025-11-18 15:12:00+00:00, action=SELL, qty=6, strategy=Momentum)",13f922c3-2b3a-4490-b8ee-a97a3c84ece9,[]
2025-11-18 15:13:00+00:00,"Signal(ts=2025-11-18 15:13:00+00:00, action=SELL, qty=5, strategy=Momentum)",ba5600ff-4027-4733-b083-fe5b259826cc,[]
2025-11-18 15:14:00+00:00,"Signal(ts=2025-11-18 15:14:00+00:00, action=SELL, qty=7, strategy=Momentum)",c9fb0519-92c8-4393-a444-7b534d8a5ac3,[]
2025-11-18 15:15:00+00:00,"Signal(ts=2025-11-18 15:15:00+00:00, action=SELL, qty=7, strategy=Momentum)",d87f6f1f-b869-473d-83e8-8b79a5c4d47e,[]
2025-11-18 15:16:00+00:00,"Signal(ts=2025-11-18 15:16:00+00:00, action=SELL, qty=6, strategy=Momentum)",d1942cda-cfea-457e-ac0a-aed43af30db4,[]
2025-11-18 15:17:00+00:00,"Signal(ts=2025-11-18 15:17:00+00:00, action=SELL, qty=7, strategy=Momentum)",df546a9f-12c3-47d5-b58b-f1ef74d1323c,[]
2025-11-18 15:18:00+00:00,"Signal(ts=2025-11-18 15:18:00+00:00, action=SELL, qty=4, strategy=Momentum)",f7a1ac25-d193-469d-8155-98eb5809d919,[]
2025-11-18 15:19:00+00:00,"Signal(ts=2025-11-18 15:19:00+00:00, action=SELL, qty=4, strategy=Momentum)",1603074f-9c58-46ac-9a61-5cea9703e71f,[]
2025-11-18 15:20:00+00:00,"Signal(ts=2025-11-18 15:20:00+00:00, action=HOLD, qty=0, strategy=Momentum)",,[]
2025-11-18 15:21:00+00:00,"Signal(ts=2025-11-18 15:21:00+00:00, action=HOLD, qty=0, strategy=Momentum)",,[]
2025-11-18 15:22:00+00:00,"Signal(ts=2025-11-18 15:22:00+00:00, action=BUY, qty=2, strategy=Momentum)",5f69a79f-dd30-4ae5-86a5-c5fc9b4868c1,"[{'price': 265.53399658203125, 'qty': 2, 'buy_id': '5f69a79f-dd30-4ae5-86a5-c5fc9b4868c1', 'sell_id': 'df546a9f-12c3-47d5-b58b-f1ef74d1323c', 'timestamp': 1763961949.3662274}]"
2025-11-18 15:23:00+00:00,"Signal(ts=2025-11-18 15:23:00+00:00, action=BUY, qty=3, strategy=Momentum)",7d669839-0973-4c97-bead-549658156de3,"[{'price': 265.53399658203125, 'qty': 3, 'buy_id': '7d669839-0973-4c97-bead-549658156de3', 'sell_id': 'df546a9f-12c3-47d5-b58b-f1ef74d1323c', 'timestamp': 1763961949.36738}]"
2025-11-18 15:24:00+00:00,"Signal(ts=2025-11-18 15:24:00+00:00, action=BUY, qty=2, strategy=Momentum)",b489c11a-0513-46de-8744-fddb2c2fcf3f,"[{'price': 265.53399658203125, 'qty': 2, 'buy_id': 'b489c11a-0513-46de-8744-fddb2c2fcf3f', 'sell_id': 'df546a9f-12c3-47d5-b58b-f1ef74d1323c', 'timestamp': 1763961949.3683677}]"
2025-11-18 15:25:00+00:00,"Signal(ts=2025-11-18 15:25:00+00:00, action=BUY, qty=3, strategy=Momentum)",539725d6-78d4-4d27-903b-6f27c494ea14,"[{'price': 265.5799865722656, 'qty': 3, 'buy_id': '539725d6-78d4-4d27-903b-6f27c494ea14', 'sell_id': 'f7a1ac25-d193-469d-8155-98eb5809d919', 'timestamp': 1763961949.3692229}]"
2025-11-18 15:26:00+00:00,"Signal(ts=2025-11-18 15:26:00+00:00, action=BUY, qty=3, strategy=Momentum)",1618c35f-6a6a-4a37-b14d-5370dd9827f0,"[{'price': 265.5799865722656, 'qty': 1, 'buy_id': '1618c35f-6a6a-4a37-b14d-5370dd9827f0', 'sell_id': 'f7a1ac25-d193-469d-8155-98eb5809d919', 'timestamp': 1763961949.3720036}, {'price': 265.8464050292969, 'qty': 2, 'buy_id': '1618c35f-6a6a-4a37-b14d-5370dd9827f0', 'sell_id': 'd1942cda-cfea-457e-ac0a-aed43af30db4', 'timestamp': 1763961949.3720036}]"
2025-11-18 15:27:00+00:00,"Signal(ts=2025-11-18 15:27:00+00:00, action=BUY, qty=2, strategy=Momentum)",caf43ae8-ca0c-4358-af0c-479542cf2ffb,"[{'price': 265.8464050292969, 'qty': 2, 'buy_id': 'caf43ae8-ca0c-4358-af0c-479542cf2ffb', 'sell_id': 'd1942cda-cfea-457e-ac0a-aed43af30db4', 'timestamp': 1763961949.3720036}]"
2025-11-18 15:28:00+00:00,"Signal(ts=2025-11-18 15:28:00+00:00, action=BUY, qty=3, strategy=Momentum)",5c0f15ff-e9c4-4985-b881-e509d4c90918,"[{'price': 265.8464050292969, 'qty': 2, 'buy_id': '5c0f15ff-e9c4-4985-b881-e509d4c90918', 'sell_id': 'd1942cda-cfea-457e-ac0a-aed43af30db4', 'timestamp': 1763961949.3720036}, {'price': 266.1072082519531, 'qty': 1, 'buy_id': '5c0f15ff-e9c4-4985-b881-e509d4c90918', 'sell_id': '1603074f-9c58-46ac-9a61-5cea9703e71f', 'timestamp': 1763961949.3720036}]"
2025-11-18 15:29:00+00:00,"Signal(ts=2025-11-18 15:29:00+00:00, action=BUY, qty=2, strategy=Momentum)",8e0b5b4a-6998-4597-a4fd-7e4313e3ace7,"[{'price': 266.1072082519531, 'qty': 2, 'buy_id': '8e0b5b4a-6998-4597-a4fd-7e4313e3ace7', 'sell_id': '1603074f-9c58-46ac-9a61-5cea9703e71f', 'timestamp': 1763961949.3762488}]"
2025-11-18 15:30:00+00:00,"Signal(ts=2025-11-18 15:30:00+00:00, action=BUY, qty=4, strategy=Momentum)",2ecdb81c-3782-4fce-b9ac-2233553101e4,"[{'price': 266.1072082519531, 'qty': 1, 'buy_id': '2ecdb81c-3782-4fce-b9ac-2233553101e4', 'sell_id': '1603074f-9c58-46ac-9a61-5cea9703e71f', 'timestamp': 1763961949.3778548}, {'price': 266.2349853515625, 'qty': 3, 'buy_id': '2ecdb81c-3782-4fce-b9ac-2233553101e4', 'sell_id': 'd87f6f1f-b869-473d-83e8-8b79a5c4d47e', 'timestamp': 1763961949.3778548}]"
2025-11-18 15:31:00+00:00,"Signal(ts=2025-11-18 15:31:00+00:00, action=BUY, qty=2, strategy=Momentum)",4eadaa0e-d1ed-409a-a8e5-3fcf947d6b95,"[{'price': 266.2349853515625, 'qty': 2, 'buy_id': '4eadaa0e-d1ed-409a-a8e5-3fcf947d6b95', 'sell_id': 'd87f6f1f-b869-473d-83e8-8b79a5c4d47e', 'timestamp': 1763961949.3789587}]"
2025-11-18 15:32:00+00:00,"Signal(ts=2025-11-18 15:32:00+00:00, action=BUY, qty=3, strategy=Momentum)",5ae0b49c-1ce4-4156-8e8e-03a9ba0664fd,"[{'price': 266.2349853515625, 'qty': 2, 'buy_id': '5ae0b49c-1ce4-4156-8e8e-03a9ba0664fd', 'sell_id': 'd87f6f1f-b869-473d-83e8-8b79a5c4d47e', 'timestamp': 1763961949.379636}, {'price': 266.25, 'qty': 1, 'buy_id': '5ae0b49c-1ce4-4156-8e8e-03a9ba0664fd', 'sell_id': '03701d25-dde4-4291-b131-2d3c89d00862', 'timestamp': 1763961949.379636}]"
2025-11-18 15:33:00+00:00,"Signal(ts=2025-11-18 15:33:00+00:00, action=BUY, qty=5, strategy=Momentum)",0a4de224-213a-4e64-b23e-7f993194ade1,"[{'price': 266.25, 'qty': 4, 'buy_id': '0a4de224-213a-4e64-b23e-7f993194ade1', 'sell_id': '03701d25-dde4-4291-b131-2d3c89d00862', 'timestamp': 1763961949.379636}, {'price': 266.32000732421875, 'qty': 1, 'buy_id': '0a4de224-213a-4e64-b23e-7f993194ade1', 'sell_id': '13f922c3-2b3a-4490-b8ee-a97a3c84ece9', 'timestamp': 1763961949.379636}]"
2025-11-18 15:34:00+00:00,"Signal(ts=2025-11-18 15:34:00+00:00, action=BUY, qty=6, strategy=Momentum)",02e09dcb-a5de-47b8-8ea3-81f114bb4acd,"[{'price': 266.32000732421875, 'qty': 5, 'buy_id': '02e09dcb-a5de-47b8-8ea3-81f114bb4acd', 'sell_id': '13f922c3-2b3a-4490-b8ee-a97a3c84ece9', 'timestamp': 1763961949.379636}, {'price': 266.4599914550781, 'qty': 1, 'buy_id': '02e09dcb-a5de-47b8-8ea3-81f114bb4acd', 'sell_id': 'ba5600ff-4027-4733-b083-fe5b259826cc', 'timestamp': 1763961949.379636}]"
2025-11-18 15:35:00+00:00,"Signal(ts=2025-11-18 15:35:00+00:00, action=BUY, qty=4, strategy=Momentum)",07ccf4fc-4a68-408a-b531-b706c143b259,"[{'price': 266.4599914550781, 'qty': 4, 'buy_id': '07ccf4fc-4a68-408a-b531-b706c143b259', 'sell_id': 'ba5600ff-4027-4733-b083-fe5b259826cc', 'timestamp': 1763961949.385319}]"
2025-11-18 15:36:00+00:00,"Signal(ts=2025-11-18 15:36:00+00:00, action=BUY, qty=2, strategy=Momentum)",d7636b17-6b3c-49c9-8fc0-98f849f397cc,"[{'price': 266.5299987792969, 'qty': 2, 'buy_id': 'd7636b17-6b3c-49c9-8fc0-98f849f397cc', 'sell_id': 'c9fb0519-92c8-4393-a444-7b534d8a5ac3', 'timestamp': 1763961949.3868523}]"
2025-11-18 15:37:00+00:00,"Signal(ts=2025-11-18 15:37:00+00:00, action=HOLD, qty=0, strategy=Momentum)",,[]
2025-11-18 15:38:00+00:00,"Signal(ts=2025-11-18 15:38:00+00:00, action=HOLD, qty=0, strategy=Momentum)",,[]
2025-11-18 15:39:00+00:00,"Signal(ts=2025-11-18 15:39:00+00:00, action=BUY, qty=2, strategy=Momentum)",2f5b3edc-4620-4fbb-8dad-94afec3a8287,"[{'price': 266.5299987792969, 'qty': 2, 'buy_id': '2f5b3edc-4620-4fbb-8dad-94afec3a8287', 'sell_id': 'c9fb0519-92c8-4393-a444-7b534d8a5ac3', 'timestamp': 1763961949.3898509}]"
2025-11-18 15:40:00+00:00,"Signal(ts=2025-11-18 15:40:00+00:00, action=BUY, qty=3, strategy=Momentum)",1185bc38-17aa-4bfc-9cbe-fb2f4e753eea,"[{'price': 266.5299987792969, 'qty': 3, 'buy_id': '1185bc38-17aa-4bfc-9cbe-fb2f4e753eea', 'sell_id': 'c9fb0519-92c8-4393-a444-7b534d8a5ac3', 'timestamp': 1763961949.394132}]"
2025-11-18 15:41:00+00:00,"Signal(ts=2025-11-18 15:41:00+00:00, action=BUY, qty=4, strategy=Momentum)",89270771-7489-4589-a6b6-7803e91b9050,[]
2025-11-18 15:42:00+00:00,"Signal(ts=2025-11-18 15:42:00+00:00, action=BUY, qty=2, strategy=Momentum)",9fa5fe1c-1155-4ca5-b451-a339576c3be8,[]
2025-11-18 15:43:00+00:00,"Signal(ts=2025-11-18 15:43:00+00:00, action=BUY, qty=2, strategy=Momentum)",0f674ea5-a297-43b2-bb41-602df5ce3fa6,[]
2025-11-18 15:44:00+00:00,"Signal(ts=2025-11-18 15:44:00+00:00, action=BUY, qty=4, strategy=Momentum)",4b6022e2-e642-4ae2-aaf5-9947dcd75ba1,[]
2025-11-18 15:45:00+00:00,"Signal(ts=2025-11-18 15:45:00+00:00, action=BUY, qty=6, strategy=Momentum)",d683dfc3-589c-4e67-9ee0-0bc1c6084ea3,[]
2025-11-18 15:46:00+00:00,"Signal(ts=2025-11-18 15:46:00+00:00, action=BUY, qty=8, strategy=Momentum)",e79ed874-4642-47f0-bdcb-2bd07a4a02c9,[]
2025-11-18 15:47:00+00:00,"Signal(ts=2025-11-18 15:47:00+00:00, action=BUY, qty=6, strategy=Momentum)",0c058167-6af6-405b-874f-575a935927dc,[]
2025-11-18 15:48:00+00:00,"Signal(ts=2025-11-18 15:48:00+00:00, action=BUY, qty=4, strategy=Momentum)",5d36daf2-974e-40df-9e72-225a6687478c,[]
2025-11-18 15:49:00+00:00,"Signal(ts=2025-11-18 15:49:00+00:00, action=HOLD, qty=0, strategy=Momentum)",,[]
2025-11-18 15:50:00+00:00,"Signal(ts=2025-11-18 15:50:00+00:00, action=HOLD, qty=0, strategy=Momentum)",,[]
2025-11-18 15:51:00+00:00,"Signal(ts=2025-11-18 15:51:00+00:00, action=HOLD, qty=0, strategy=Momentum)",,[]
2025-11-18 15:52:00+00:00,"Signal(ts=2025-11-18 15:52:00+00:00, action=SELL, qty=2, strategy=Momentum)",d3f1a957-990f-4eb2-b576-767e7628cf61,"[{'price': 267.0375061035156, 'qty': 2, 'buy_id': 'e79ed874-4642-47f0-bdcb-2bd07a4a02c9', 'sell_id': 'd3f1a957-990f-4eb2-b576-767e7628cf61', 'timestamp': 1763961949.410798}]"
2025-11-18 15:53:00+00:00,"Signal(ts=2025-11-18 15:53:00+00:00, action=SELL, qty=2, strategy=Momentum)",8b5130c7-de70-42e3-8e29-ef0788f97f42,"[{'price': 266.8500061035156, 'qty': 2, 'buy_id': 'e79ed874-4642-47f0-bdcb-2bd07a4a02c9', 'sell_id': '8b5130c7-de70-42e3-8e29-ef0788f97f42', 'timestamp': 1763961949.410798}]"
2025-11-18 15:54:00+00:00,"Signal(ts=2025-11-18 15:54:00+00:00, action=SELL, qty=2, strategy=Momentum)",9efb176f-a1ef-4818-a8ab-163c3f869a6f,"[{'price': 266.8699951171875, 'qty': 2, 'buy_id': 'e79ed874-4642-47f0-bdcb-2bd07a4a02c9', 'sell_id': '9efb176f-a1ef-4818-a8ab-163c3f869a6f', 'timestamp': 1763961949.4148998}]"
2025-11-18 15:55:00+00:00,"Signal(ts=2025-11-18 15:55:00+00:00, action=SELL, qty=3, strategy=Momentum)",18aa06f0-600d-49a7-8fb3-b325867fffb4,"[{'price': 267.07501220703125, 'qty': 2, 'buy_id': 'e79ed874-4642-47f0-bdcb-2bd07a4a02c9', 'sell_id': '18aa06f0-600d-49a7-8fb3-b325867fffb4', 'timestamp': 1763961949.4161243}, {'price': 267.07501220703125, 'qty': 1, 'buy_id': 'd683dfc3-589c-4e67-9ee0-0bc1c6084ea3', 'sell_id': '18aa06f0-600d-49a7-8fb3-b325867fffb4', 'timestamp': 1763961949.4161243}]"
2025-11-18 15:56:00+00:00,"Signal(ts=2025-11-18 15:56:00+00:00, action=SELL, qty=4, strategy=Momentum)",896fd48f-4d5e-4eb7-93d3-3b9214876324,"[{'price': 266.6731872558594, 'qty': 4, 'buy_id': 'd683dfc3-589c-4e67-9ee0-0bc1c6084ea3', 'sell_id': '896fd48f-4d5e-4eb7-93d3-3b9214876324', 'timestamp': 1763961949.4171226}]"
2025-11-18 15:57:00+00:00,"Signal(ts=2025-11-18 15:57:00+00:00, action=SELL, qty=3, strategy=Momentum)",48b79d57-bd11-4c0b-a6fe-a74f667d96d7,"[{'price': 266.79998779296875, 'qty': 1, 'buy_id': 'd683dfc3-589c-4e67-9ee0-0bc1c6084ea3', 'sell_id': '48b79d57-bd11-4c0b-a6fe-a74f667d96d7', 'timestamp': 1763961949.4181278}, {'price': 266.79998779296875, 'qty': 2, 'buy_id': '4b6022e2-e642-4ae2-aaf5-9947dcd75ba1', 'sell_id': '48b79d57-bd11-4c0b-a6fe-a74f667d96d7', 'timestamp': 1763961949.4181278}]"
2025-11-18 15:58:00+00:00,"Signal(ts=2025-11-18 15:58:00+00:00, action=SELL, qty=3, strategy=Momentum)",8842d1dc-c0ce-4b27-be49-bde74df7a559,"[{'price': 266.6000061035156, 'qty': 2, 'buy_id': '4b6022e2-e642-4ae2-aaf5-9947dcd75ba1', 'sell_id': '8842d1dc-c0ce-4b27-be49-bde74df7a559', 'timestamp': 1763961949.4181278}, {'price': 266.6000061035156, 'qty': 1, 'buy_id': '89270771-7489-4589-a6b6-7803e91b9050', 'sell_id': '8842d1dc-c0ce-4b27-be49-bde74df7a559', 'timestamp': 1763961949.4181278}]"
2025-11-18 15:59:00+00:00,"Signal(ts=2025-11-18 15:59:00+00:00, action=SELL, qty=5, strategy=Momentum)",8a3bb4be-d01a-4307-a405-2137d3d9e65e,"[{'price': 266.54998779296875, 'qty': 3, 'buy_id': '89270771-7489-4589-a6b6-7803e91b9050', 'sell_id': '8a3bb4be-d01a-4307-a405-2137d3d9e65e', 'timestamp': 1763961949.4181278}, {'price': 266.54998779296875, 'qty': 2, 'buy_id': '0c058167-6af6-405b-874f-575a935927dc', 'sell_id': '8a3bb4be-d01a-4307-a405-2137d3d9e65e', 'timestamp': 1763961949.4181278}]"
2025-11-18 16:00:00+00:00,"Signal(ts=2025-11-18 16:00:00+00:00, action=SELL, qty=3, strategy=Momentum)",9802f70c-fe74-4c0d-95c0-3c904287406e,"[{'price': 266.6650085449219, 'qty': 3, 'buy_id': '0c058167-6af6-405b-874f-575a935927dc', 'sell_id': '9802f70c-fe74-4c0d-95c0-3c904287406e', 'timestamp': 1763961949.4181278}]"
2025-11-18 16:01:00+00:00,"Signal(ts=2025-11-18 16:01:00+00:00, action=SELL, qty=7, strategy=Momentum)",b0cb0fbe-0e70-48d2-856b-927e8786a546,"[{'price': 266.17999267578125, 'qty': 1, 'buy_id': '0c058167-6af6-405b-874f-575a935927dc', 'sell_id': 'b0cb0fbe-0e70-48d2-856b-927e8786a546', 'timestamp': 1763961949.4247272}, {'price': 266.17999267578125, 'qty': 4, 'buy_id': '5d36daf2-974e-40df-9e72-225a6687478c', 'sell_id': 'b0cb0fbe-0e70-48d2-856b-927e8786a546', 'timestamp': 1763961949.4247272}, {'price': 266.17999267578125, 'qty': 2, 'buy_id': '0f674ea5-a297-43b2-bb41-602df5ce3fa6', 'sell_id': 'b0cb0fbe-0e70-48d2-856b-927e8786a546', 'timestamp': 1763961949.4247272}]"
2025-11-18 16:02:00+00:00,"Signal(ts=2025-11-18 16:02:00+00:00, action=SELL, qty=6, strategy=Momentum)",b698ceb4-a5bb-4310-9590-fdca9c5a943a,"[{'price': 266.15509033203125, 'qty': 2, 'buy_id': '9fa5fe1c-1155-4ca5-b451-a339576c3be8', 'sell_id': 'b698ceb4-a5bb-4310-9590-fdca9c5a943a', 'timestamp': 1763961949.4264696}]"
2025-11-18 16:03:00+00:00,"Signal(ts=2025-11-18 16:03:00+00:00, action=SELL, qty=6, strategy=Momentum)",48b0c1ba-0e49-4a0f-a953-39d2062f4fcd,[]
2025-11-18 16:04:00+00:00,"Signal(ts=2025-11-18 16:04:00+00:00, action=SELL, qty=5, strategy=Momentum)",215a763d-6729-435e-9cdb-42b89523345d,[]
2025-11-18 16:05:00+00:00,"Signal(ts=2025-11-18 16:05:00+00:00, action=SELL, qty=4, strategy=Momentum)",f7a9095e-d41a-4d7a-bf36-f8c05eef0055,[]
2025-11-18 16:06:00+00:00,"Signal(ts=2025-11-18 16:06:00+00:00, action=SELL, qty=4, strategy=Momentum)",081139a2-cc14-4ef4-bedf-1d02122b4aa8,[]
2025-11-18 16:07:00+00:00,"Signal(ts=2025-11-18 16:07:00+00:00, action=SELL, qty=3, strategy=Momentum)",c5164389-c78f-4384-aca4-2b8a1e679069,[]
2025-11-18 16:08:00+00:00,"Signal(ts=2025-11-18 16:08:00+00:00, action=SELL, qty=2, strategy=Momentum)",1e686880-3d20-4e29-b720-c498f6d2fc3c,[]
2025-11-18 16:09:00+00:00,"Signal(ts=2025-11-18 16:09:00+00:00, action=SELL, qty=2, strategy=Momentum)",7263f29c-e23f-4bff-9129-15554ef8b3e4,[]
2025-11-18 16:10:00+00:00,"Signal(ts=2025-11-18 16:10:00+00:00, action=SELL, qty=3, strategy=Momentum)",923f2111-8336-4364-8358-200da266c24e,[]
2025-11-18 16:11:00+00:00,"Signal(ts=2025-11-18 16:11:00+00:00, action=HOLD, qty=0, strategy=Momentum)",,[]
2025-11-18 16:12:00+00:00,"Signal(ts=2025-11-18 16:12:00+00:00, action=HOLD, qty=0, strategy=Momentum)",,[]
2025-11-18 16:13:00+00:00,"Signal(ts=2025-11-18 16:13:00+00:00, action=HOLD, qty=0, strategy=Momentum)",,[]
2025-11-18 16:14:00+00:00,"Signal(ts=2025-11-18 16:14:00+00:00, action=SELL, qty=2, strategy=Momentum)",618680f9-02ca-409f-8263-3f2d2037de83,[]
2025-11-18 16:15:00+00:00,"Signal(ts=2025-11-18 16:15:00+00:00, action=SELL, qty=2, strategy=Momentum)",2517a8b4-07b6-4831-9ae0-26f4f73b638c,[]
2025-11-18 16:16:00+00:00,"Signal(ts=2025-11-18 16:16:00+00:00, action=HOLD, qty=0, strategy=Momentum)",,[]
2025-11-18 16:17:00+00:00,"Signal(ts=2025-11-18 16:17:00+00:00, action=HOLD, qty=0, strategy=Momentum)",,[]
2025-11-18 16:18:00+00:00,"Signal(ts=2025-11-18 16:18:00+00:00, action=HOLD, qty=0, strategy=Momentum)",,[]
2025-11-18 16:19:00+00:00,"Signal(ts=2025-11-18 16:19:00+00:00, action=HOLD, qty=0, strategy=Momentum)",,[]
2025-11-18 16:20:00+00:00,"Signal(ts=2025-11-18 16:20:00+00:00, action=BUY, qty=2, strategy=Momentum)",112d7057-138b-4f8b-b954-77b211e327e3,"[{'price': 266.0845031738281, 'qty': 2, 'buy_id': '112d7057-138b-4f8b-b954-77b211e327e3', 'sell_id': '48b0c1ba-0e49-4a0f-a953-39d2062f4fcd', 'timestamp': 1763961949.4505868}]"
2025-11-18 16:21:00+00:00,"Signal(ts=2025-11-18 16:21:00+00:00, action=HOLD, qty=0, strategy=Momentum)",,[]
2025-11-18 16:22:00+00:00,"Signal(ts=2025-11-18 16:22:00+00:00, action=BUY, qty=3, strategy=Momentum)",f0d565e6-80fb-4f66-aeb4-2eae60f97511,"[{'price': 266.0845031738281, 'qty': 3, 'buy_id': 'f0d565e6-80fb-4f66-aeb4-2eae60f97511', 'sell_id': '48b0c1ba-0e49-4a0f-a953-39d2062f4fcd', 'timestamp': 1763961949.4577472}]"
2025-11-18 16:23:00+00:00,"Signal(ts=2025-11-18 16:23:00+00:00, action=BUY, qty=2, strategy=Momentum)",10346638-1d19-42a3-abfd-8659e66d1886,"[{'price': 266.0845031738281, 'qty': 1, 'buy_id': '10346638-1d19-42a3-abfd-8659e66d1886', 'sell_id': '48b0c1ba-0e49-4a0f-a953-39d2062f4fcd', 'timestamp': 1763961949.4587529}, {'price': 266.15509033203125, 'qty': 1, 'buy_id': '10346638-1d19-42a3-abfd-8659e66d1886', 'sell_id': 'b698ceb4-a5bb-4310-9590-fdca9c5a943a', 'timestamp': 1763961949.4587529}]"
2025-11-18 16:24:00+00:00,"Signal(ts=2025-11-18 16:24:00+00:00, action=HOLD, qty=0, strategy=Momentum)",,[]
2025-11-18 16:25:00+00:00,"Signal(ts=2025-11-18 16:25:00+00:00, action=BUY, qty=3, strategy=Momentum)",b43ad266-7a5c-41c0-8686-18fe64f6daee,"[{'price': 266.15509033203125, 'qty': 3, 'buy_id': 'b43ad266-7a5c-41c0-8686-18fe64f6daee', 'sell_id': 'b698ceb4-a5bb-4310-9590-fdca9c5a943a', 'timestamp': 1763961949.4607909}]"
2025-11-18 16:26:00+00:00,"Signal(ts=2025-11-18 16:26:00+00:00, action=BUY, qty=3, strategy=Momentum)",63fa124a-0997-472e-8051-0e69c592a116,"[{'price': 266.19000244140625, 'qty': 3, 'buy_id': '63fa124a-0997-472e-8051-0e69c592a116', 'sell_id': '215a763d-6729-435e-9cdb-42b89523345d', 'timestamp': 1763961949.4607909}]"
2025-11-18 16:27:00+00:00,"Signal(ts=2025-11-18 16:27:00+00:00, action=BUY, qty=4, strategy=Momentum)",dc6ff2a8-9608-48ca-b20a-ee451c2943af,"[{'price': 266.19000244140625, 'qty': 2, 'buy_id': 'dc6ff2a8-9608-48ca-b20a-ee451c2943af', 'sell_id': '215a763d-6729-435e-9cdb-42b89523345d', 'timestamp': 1763961949.4607909}, {'price': 266.20050048828125, 'qty': 2, 'buy_id': 'dc6ff2a8-9608-48ca-b20a-ee451c2943af', 'sell_id': '081139a2-cc14-4ef4-bedf-1d02122b4aa8', 'timestamp': 1763961949.4607909}]"
2025-11-18 16:28:00+00:00,"Signal(ts=2025-11-18 16:28:00+00:00, action=BUY, qty=5, strategy=Momentum)",d050584c-ec52-44c4-9b40-036b3e21b5b6,"[{'price': 266.20050048828125, 'qty': 2, 'buy_id': 'd050584c-ec52-44c4-9b40-036b3e21b5b6', 'sell_id': '081139a2-cc14-4ef4-bedf-1d02122b4aa8', 'timestamp': 1763961949.467631}, {'price': 266.2250061035156, 'qty': 3, 'buy_id': 'd050584c-ec52-44c4-9b40-036b3e21b5b6', 'sell_id': 'f7a9095e-d41a-4d7a-bf36-f8c05eef0055', 'timestamp': 1763961949.467631}]"
2025-11-18 16:29:00+00:00,"Signal(ts=2025-11-18 16:29:00+00:00, action=BUY, qty=4, strategy=Momentum)",3a97e511-7f3f-4073-8a8a-73e439f46817,"[{'price': 266.2250061035156, 'qty': 1, 'buy_id': '3a97e511-7f3f-4073-8a8a-73e439f46817', 'sell_id': 'f7a9095e-d41a-4d7a-bf36-f8c05eef0055', 'timestamp': 1763961949.4693308}, {'price': 266.5249938964844, 'qty': 3, 'buy_id': '3a97e511-7f3f-4073-8a8a-73e439f46817', 'sell_id': 'c5164389-c78f-4384-aca4-2b8a1e679069', 'timestamp': 1763961949.4693308}]"
2025-11-18 16:30:00+00:00,"Signal(ts=2025-11-18 16:30:00+00:00, action=BUY, qty=5, strategy=Momentum)",75351de3-0d4f-4c3a-ba2b-3becc15affac,"[{'price': 266.57000732421875, 'qty': 2, 'buy_id': '75351de3-0d4f-4c3a-ba2b-3becc15affac', 'sell_id': '7263f29c-e23f-4bff-9129-15554ef8b3e4', 'timestamp': 1763961949.4705875}, {'price': 266.6000061035156, 'qty': 2, 'buy_id': '75351de3-0d4f-4c3a-ba2b-3becc15affac', 'sell_id': '1e686880-3d20-4e29-b720-c498f6d2fc3c', 'timestamp': 1763961949.4705875}, {'price': 266.7074890136719, 'qty': 1, 'buy_id': '75351de3-0d4f-4c3a-ba2b-3becc15affac', 'sell_id': '923f2111-8336-4364-8358-200da266c24e', 'timestamp': 1763961949.4705875}]"
2025-11-18 16:31:00+00:00,"Signal(ts=2025-11-18 16:31:00+00:00, action=BUY, qty=6, strategy=Momentum)",b51a1cc1-9c19-4704-97f9-d9dd8344cbdc,"[{'price': 266.7074890136719, 'qty': 2, 'buy_id': 'b51a1cc1-9c19-4704-97f9-d9dd8344cbdc', 'sell_id': '923f2111-8336-4364-8358-200da266c24e', 'timestamp': 1763961949.4722204}, {'price': 266.9797058105469, 'qty': 2, 'buy_id': 'b51a1cc1-9c19-4704-97f9-d9dd8344cbdc', 'sell_id': '2517a8b4-07b6-4831-9ae0-26f4f73b638c', 'timestamp': 1763961949.4722204}, {'price': 267.0150146484375, 'qty': 2, 'buy_id': 'b51a1cc1-9c19-4704-97f9-d9dd8344cbdc', 'sell_id': '618680f9-02ca-409f-8263-3f2d2037de83', 'timestamp': 1763961949.4722204}]"
2025-11-18 16:32:00+00:00,"Signal(ts=2025-11-18 16:32:00+00:00, action=BUY, qty=6, strategy=Momentum)",6823144f-4aa3-4945-9d8e-2e001f1af44a,[]
2025-11-18 16:33:00+00:00,"Signal(ts=2025-11-18 16:33:00+00:00, action=BUY, qty=6, strategy=Momentum)",c6d9eb5b-28c3-4269-92f5-6052705a4ade,[]
2025-11-18 16:34:00+00:00,"Signal(ts=2025-11-18 16:34:00+00:00, action=BUY, qty=4, strategy=Momentum)",9c1a0cc4-9548-49c6-82e4-03a2daef7559,[]
2025-11-18 16:35:00+00:00,"Signal(ts=2025-11-18 16:35:00+00:00, action=BUY, qty=5, strategy=Momentum)",170b7844-5ac1-4918-bdc1-1bd144964236,[]
2025-11-18 16:36:00+00:00,"Signal(ts=2025-11-18 16:36:00+00:00, action=BUY, qty=4, strategy=Momentum)",9f43e5f6-dff4-4841-9f17-c8afd779f1f3,[]
2025-11-18 16:37:00+00:00,"Signal(ts=2025-11-18 16:37:00+00:00, action=BUY, qty=3, strategy=Momentum)",d3c36299-1de1-4942-9bf1-1750b42e9165,[]
2025-11-18 16:38:00+00:00,"Signal(ts=2025-11-18 16:38:00+00:00, action=BUY, qty=4, strategy=Momentum)",233bab12-bf93-4520-849d-0cfa3ce5938a,[]
2025-11-18 16:39:00+00:00,"Signal(ts=2025-11-18 16:39:00+00:00, action=BUY, qty=2, strategy=Momentum)",31d5706f-7ba5-441f-9c7e-ea8bc24bb17d,[]
2025-11-18 16:40:00+00:00,"Signal(ts=2025-11-18 16:40:00+00:00, action=HOLD, qty=0, strategy=Momentum)",,[]
2025-11-18 16:41:00+00:00,"Signal(ts=2025-11-18 16:41:00+00:00, action=HOLD, qty=0, strategy=Momentum)",,[]
2025-11-18 16:42:00+00:00,"Signal(ts=2025-11-18 16:42:00+00:00, action=BUY, qty=2, strategy=Momentum)",b9c49b30-0747-4320-bfd2-f6a86d349a90,[]
2025-11-18 16:43:00+00:00,"Signal(ts=2025-11-18 16:43:00+00:00, action=BUY, qty=3, strategy=Momentum)",0763cd37-162a-4ae6-a850-be6ff53aa4a2,[]
2025-11-18 16:44:00+00:00,"Signal(ts=2025-11-18 16:44:00+00:00, action=BUY, qty=4, strategy=Momentum)",d94e8d2f-c0e1-41bc-bbd0-c6606a8c41d0,[]
2025-11-18 16:45:00+00:00,"Signal(ts=2025-11-18 16:45:00+00:00, action=BUY, qty=3, strategy=Momentum)",d13baa85-85df-41d9-83e2-9792b889e1c5,[]
2025-11-18 16:46:00+00:00,"Signal(ts=2025-11-18 16:46:00+00:00, action=BUY, qty=4, strategy=Momentum)",a53d18bc-7d87-4ef3-9e6c-27e828ce4139,[]
2025-11-18 16:47:00+00:00,"Signal(ts=2025-11-18 16:47:00+00:00, action=HOLD, qty=0, strategy=Momentum)",,[]
2025-11-18 16:48:00+00:00,"Signal(ts=2025-11-18 16:48:00+00:00, action=BUY, qty=2, strategy=Momentum)",78f30d60-e6bf-4af2-bfeb-90a85df3165f,[]
2025-11-18 16:49:00+00:00,"Signal(ts=2025-11-18 16:49:00+00:00, action=HOLD, qty=0, strategy=Momentum)",,[]
2025-11-18 16:50:00+00:00,"Signal(ts=2025-11-18 16:50:00+00:00, action=HOLD, qty=0, strategy=Momentum)",,[]
2025-11-18 16:51:00+00:00,"Signal(ts=2025-11-18 16:51:00+00:00, action=HOLD, qty=0, strategy=Momentum)",,[]
2025-11-18 16:52:00+00:00,"Signal(ts=2025-11-18 16:52:00+00:00, action=HOLD, qty=0, strategy=Momentum)",,[]
2025-11-18 16:53:00+00:00,"Signal(ts=2025-11-18 16:53:00+00:00, action=HOLD, qty=0, strategy=Momentum)",,[]
2025-11-18 16:54:00+00:00,"Signal(ts=2025-11-18 16:54:00+00:00, action=HOLD, qty=0, strategy=Momentum)",,[]
2025-11-18 16:55:00+00:00,"Signal(ts=2025-11-18 16:55:00+00:00, action=HOLD, qty=0, strategy=Momentum)",,[]
2025-11-18 16:56:00+00:00,"Signal(ts=2025-11-18 16:56:00+00:00, action=HOLD, qty=0, strategy=Momentum)",,[]
2025-11-18 16:57:00+00:00,"Signal(ts=2025-11-18 16:57:00+00:00, action=HOLD, qty=0, strategy=Momentum)",,[]
2025-11-18 16:58:00+00:00,"Signal(ts=2025-11-18 16:58:00+00:00, action=HOLD, qty=0, strategy=Momentum)",,[]
2025-11-18 16:59:00+00:00,"Signal(ts=2025-11-18 16:59:00+00:00, action=HOLD, qty=0, strategy=Momentum)",,[]
2025-11-18 17:00:00+00:00,"Signal(ts=2025-11-18 17:00:00+00:00, action=HOLD, qty=0, strategy=Momentum)",,[]
2025-11-18 17:01:00+00:00,"Signal(ts=2025-11-18 17:01:00+00:00, action=HOLD, qty=0, strategy=Momentum)",,[]
2025-11-18 17:02:00+00:00,"Signal(ts=2025-11-18 17:02:00+00:00, action=HOLD, qty=0, strategy=Momentum)",,[]
2025-11-18 17:03:00+00:00,"Signal(ts=2025-11-18 17:03:00+00:00, action=HOLD, qty=0, strategy=Momentum)",,[]
2025-11-18 17:04:00+00:00,"Signal(ts=2025-11-18 17:04:00+00:00, action=HOLD, qty=0, strategy=Momentum)",,[]
2025-11-18 17:05:00+00:00,"Signal(ts=2025-11-18 17:05:00+00:00, action=HOLD, qty=0, strategy=Momentum)",,[]
2025-11-18 17:06:00+00:00,"Signal(ts=2025-11-18 17:06:00+00:00, action=HOLD, qty=0, strategy=Momentum)",,[]
2025-11-18 17:07:00+00:00,"Signal(ts=2025-11-18 17:07:00+00:00, action=HOLD, qty=0, strategy=Momentum)",,[]
2025-11-18 17:08:00+00:00,"Signal(ts=2025-11-18 17:08:00+00:00, action=BUY, qty=2, strategy=Momentum)",7d35a0d1-9630-4649-9d70-7f5a8ddcf73a,[]
2025-11-18 17:09:00+00:00,"Signal(ts=2025-11-18 17:09:00+00:00, action=HOLD, qty=0, strategy=Momentum)",,[]
2025-11-18 17:10:00+00:00,"Signal(ts=2025-11-18 17:10:00+00:00, action=HOLD, qty=0, strategy=Momentum)",,[]
2025-11-18 17:11:00+00:00,"Signal(ts=2025-11-18 17:11:00+00:00, action=HOLD, qty=0, strategy=Momentum)",,[]
2025-11-18 17:12:00+00:00,"Signal(ts=2025-11-18 17:12:00+00:00, action=HOLD, qty=0, strategy=Momentum)",,[]
2025-11-18 17:13:00+00:00,"Signal(ts=2025-11-18 17:13:00+00:00, action=HOLD, qty=0, strategy=Momentum)",,[]
2025-11-18 17:14:00+00:00,"Signal(ts=2025-11-18 17:14:00+00:00, action=SELL, qty=2, strategy=Momentum)",71f0de1b-5ac2-445e-b6ba-e7af7a724133,"[{'price': 267.510009765625, 'qty': 2, 'buy_id': 'd13baa85-85df-41d9-83e2-9792b889e1c5', 'sell_id': '71f0de1b-5ac2-445e-b6ba-e7af7a724133', 'timestamp': 1763961949.5439808}]"
2025-11-18 17:15:00+00:00,"Signal(ts=2025-11-18 17:15:00+00:00, action=HOLD, qty=0, strategy=Momentum)",,[]
2025-11-18 17:16:00+00:00,"Signal(ts=2025-11-18 17:16:00+00:00, action=HOLD, qty=0, strategy=Momentum)",,[]
2025-11-18 17:17:00+00:00,"Signal(ts=2025-11-18 17:17:00+00:00, action=HOLD, qty=0, strategy=Momentum)",,[]
2025-11-18 17:18:00+00:00,"Signal(ts=2025-11-18 17:18:00+00:00, action=HOLD, qty=0, strategy=Momentum)",,[]
2025-11-18 17:19:00+00:00,"Signal(ts=2025-11-18 17:19:00+00:00, action=HOLD, qty=0, strategy=Momentum)",,[]
2025-11-18 17:20:00+00:00,"Signal(ts=2025-11-18 17:20:00+00:00, action=HOLD, qty=0, strategy=Momentum)",,[]
2025-11-18 17:21:00+00:00,"Signal(ts=2025-11-18 17:21:00+00:00, action=HOLD, qty=0, strategy=Momentum)",,[]
2025-11-18 17:22:00+00:00,"Signal(ts=2025-11-18 17:22:00+00:00, action=HOLD, qty=0, strategy=Momentum)",,[]
2025-11-18 17:23:00+00:00,"Signal(ts=2025-11-18 17:23:00+00:00, action=HOLD, qty=0, strategy=Momentum)",,[]
2025-11-18 17:24:00+00:00,"Signal(ts=2025-11-18 17:24:00+00:00, action=SELL, qty=3, strategy=Momentum)",df6ee921-7cca-4aeb-a442-df49044daf56,"[{'price': 267.2749938964844, 'qty': 1, 'buy_id': 'd13baa85-85df-41d9-83e2-9792b889e1c5', 'sell_id': 'df6ee921-7cca-4aeb-a442-df49044daf56', 'timestamp': 1763961949.5613337}, {'price': 267.2749938964844, 'qty': 2, 'buy_id': 'a53d18bc-7d87-4ef3-9e6c-27e828ce4139', 'sell_id': 'df6ee921-7cca-4aeb-a442-df49044daf56', 'timestamp': 1763961949.5613337}]"
2025-11-18 17:25:00+00:00,"Signal(ts=2025-11-18 17:25:00+00:00, action=SELL, qty=2, strategy=Momentum)",4accca9b-70c3-4279-a51f-205563f5c06d,"[{'price': 267.2699890136719, 'qty': 2, 'buy_id': 'a53d18bc-7d87-4ef3-9e6c-27e828ce4139', 'sell_id': '4accca9b-70c3-4279-a51f-205563f5c06d', 'timestamp': 1763961949.5624642}]"
2025-11-18 17:26:00+00:00,"Signal(ts=2025-11-18 17:26:00+00:00, action=HOLD, qty=0, strategy=Momentum)",,[]
2025-11-18 17:27:00+00:00,"Signal(ts=2025-11-18 17:27:00+00:00, action=HOLD, qty=0, strategy=Momentum)",,[]
2025-11-18 17:28:00+00:00,"Signal(ts=2025-11-18 17:28:00+00:00, action=HOLD, qty=0, strategy=Momentum)",,[]
2025-11-18 17:29:00+00:00,"Signal(ts=2025-11-18 17:29:00+00:00, action=SELL, qty=2, strategy=Momentum)",2efa0d9e-36f9-4a4d-b475-5843a5c38c2d,"[{'price': 267.1650085449219, 'qty': 2, 'buy_id': 'd94e8d2f-c0e1-41bc-bbd0-c6606a8c41d0', 'sell_id': '2efa0d9e-36f9-4a4d-b475-5843a5c38c2d', 'timestamp': 1763961949.571355}]"
2025-11-18 17:30:00+00:00,"Signal(ts=2025-11-18 17:30:00+00:00, action=SELL, qty=3, strategy=Momentum)",09e1c06e-8a20-448d-8665-7ba5751eb7ac,"[{'price': 266.9599914550781, 'qty': 2, 'buy_id': 'd94e8d2f-c0e1-41bc-bbd0-c6606a8c41d0', 'sell_id': '09e1c06e-8a20-448d-8665-7ba5751eb7ac', 'timestamp': 1763961949.573374}, {'price': 266.9599914550781, 'qty': 1, 'buy_id': '78f30d60-e6bf-4af2-bfeb-90a85df3165f', 'sell_id': '09e1c06e-8a20-448d-8665-7ba5751eb7ac', 'timestamp': 1763961949.573374}]"
2025-11-18 17:31:00+00:00,"Signal(ts=2025-11-18 17:31:00+00:00, action=SELL, qty=4, strategy=Momentum)",1b07abc9-a5bd-4b8a-9103-d4ebf1b8f2c0,"[{'price': 266.8026123046875, 'qty': 1, 'buy_id': '78f30d60-e6bf-4af2-bfeb-90a85df3165f', 'sell_id': '1b07abc9-a5bd-4b8a-9103-d4ebf1b8f2c0', 'timestamp': 1763961949.5753632}, {'price': 266.8026123046875, 'qty': 3, 'buy_id': '0763cd37-162a-4ae6-a850-be6ff53aa4a2', 'sell_id': '1b07abc9-a5bd-4b8a-9103-d4ebf1b8f2c0', 'timestamp': 1763961949.5753632}]"
2025-11-18 17:32:00+00:00,"Signal(ts=2025-11-18 17:32:00+00:00, action=SELL, qty=4, strategy=Momentum)",9797ef03-acac-43f4-98dc-1213d0a98b66,"[{'price': 266.61090087890625, 'qty': 2, 'buy_id': '7d35a0d1-9630-4649-9d70-7f5a8ddcf73a', 'sell_id': '9797ef03-acac-43f4-98dc-1213d0a98b66', 'timestamp': 1763961949.5765529}, {'price': 266.61090087890625, 'qty': 2, 'buy_id': 'b9c49b30-0747-4320-bfd2-f6a86d349a90', 'sell_id': '9797ef03-acac-43f4-98dc-1213d0a98b66', 'timestamp': 1763961949.5765529}]"
2025-11-18 17:33:00+00:00,"Signal(ts=2025-11-18 17:33:00+00:00, action=SELL, qty=4, strategy=Momentum)",c4fed303-8903-4b98-9f80-0520c1658725,"[{'price': 266.6000061035156, 'qty': 4, 'buy_id': '6823144f-4aa3-4945-9d8e-2e001f1af44a', 'sell_id': 'c4fed303-8903-4b98-9f80-0520c1658725', 'timestamp': 1763961949.5793843}]"
2025-11-18 17:34:00+00:00,"Signal(ts=2025-11-18 17:34:00+00:00, action=SELL, qty=3, strategy=Momentum)",88d1cd1b-5319-46be-8527-0df1b16c5b08,"[{'price': 266.8500061035156, 'qty': 2, 'buy_id': '6823144f-4aa3-4945-9d8e-2e001f1af44a', 'sell_id': '88d1cd1b-5319-46be-8527-0df1b16c5b08', 'timestamp': 1763961949.5812974}, {'price': 266.8500061035156, 'qty': 1, 'buy_id': 'c6d9eb5b-28c3-4269-92f5-6052705a4ade', 'sell_id': '88d1cd1b-5319-46be-8527-0df1b16c5b08', 'timestamp': 1763961949.5812974}]"
2025-11-18 17:35:00+00:00,"Signal(ts=2025-11-18 17:35:00+00:00, action=SELL, qty=2, strategy=Momentum)",fd5051bb-26f9-4849-b7a1-335d49f31bcd,"[{'price': 266.9800109863281, 'qty': 2, 'buy_id': 'c6d9eb5b-28c3-4269-92f5-6052705a4ade', 'sell_id': 'fd5051bb-26f9-4849-b7a1-335d49f31bcd', 'timestamp': 1763961949.5812974}]"
2025-11-18 17:36:00+00:00,"Signal(ts=2025-11-18 17:36:00+00:00, action=SELL, qty=2, strategy=Momentum)",c2b0c785-1b9d-44d5-9424-e8171877e04c,"[{'price': 267.2699890136719, 'qty': 2, 'buy_id': 'c6d9eb5b-28c3-4269-92f5-6052705a4ade', 'sell_id': 'c2b0c785-1b9d-44d5-9424-e8171877e04c', 'timestamp': 1763961949.5812974}]"
2025-11-18 17:37:00+00:00,"Signal(ts=2025-11-18 17:37:00+00:00, action=HOLD, qty=0, strategy=Momentum)",,[]
2025-11-18 17:38:00+00:00,"Signal(ts=2025-11-18 17:38:00+00:00, action=HOLD, qty=0, strategy=Momentum)",,[]
2025-11-18 17:39:00+00:00,"Signal(ts=2025-11-18 17:39:00+00:00, action=HOLD, qty=0, strategy=Momentum)",,[]
2025-11-18 17:40:00+00:00,"Signal(ts=2025-11-18 17:40:00+00:00, action=HOLD, qty=0, strategy=Momentum)",,[]
2025-11-18 17:41:00+00:00,"Signal(ts=2025-11-18 17:41:00+00:00, action=HOLD, qty=0, strategy=Momentum)",,[]
2025-11-18 17:42:00+00:00,"Signal(ts=2025-11-18 17:42:00+00:00, action=HOLD, qty=0, strategy=Momentum)",,[]
2025-11-18 17:43:00+00:00,"Signal(ts=2025-11-18 17:43:00+00:00, action=BUY, qty=2, strategy=Momentum)",bdfe263e-c804-498f-a821-1b36f65c7edc,[]
2025-11-18 17:44:00+00:00,"Signal(ts=2025-11-18 17:44:00+00:00, action=BUY, qty=3, strategy=Momentum)",67631e52-6284-44e4-8fba-109bc79024ca,[]
2025-11-18 17:45:00+00:00,"Signal(ts=2025-11-18 17:45:00+00:00, action=BUY, qty=2, strategy=Momentum)",d5765eea-19f0-4e13-a1f3-e04074207004,[]
2025-11-18 17:46:00+00:00,"Signal(ts=2025-11-18 17:46:00+00:00, action=HOLD, qty=0, strategy=Momentum)",,[]
2025-11-18 17:47:00+00:00,"Signal(ts=2025-11-18 17:47:00+00:00, action=BUY, qty=2, strategy=Momentum)",7551810f-d858-423a-8d83-38cfb89b3bc3,[]
2025-11-18 17:48:00+00:00,"Signal(ts=2025-11-18 17:48:00+00:00, action=BUY, qty=3, strategy=Momentum)",fef75b13-6380-418a-905a-9e2e4f65b11d,[]
2025-11-18 17:49:00+00:00,"Signal(ts=2025-11-18 17:49:00+00:00, action=BUY, qty=2, strategy=Momentum)",f5865c90-09b1-46a4-9087-213d0d59e10d,[]
2025-11-18 17:50:00+00:00,"Signal(ts=2025-11-18 17:50:00+00:00, action=HOLD, qty=0, strategy=Momentum)",,[]
2025-11-18 17:51:00+00:00,"Signal(ts=2025-11-18 17:51:00+00:00, action=BUY, qty=2, strategy=Momentum)",5ff79001-9774-4f18-9383-e2b121bcb715,[]
2025-11-18 17:52:00+00:00,"Signal(ts=2025-11-18 17:52:00+00:00, action=BUY, qty=3, strategy=Momentum)",d4537b15-3032-410e-b042-2b17cf37210c,[]
2025-11-18 17:53:00+00:00,"Signal(ts=2025-11-18 17:53:00+00:00, action=BUY, qty=4, strategy=Momentum)",f8789c5c-35d7-43f8-b59e-b92290dc379f,[]
2025-11-18 17:54:00+00:00,"Signal(ts=2025-11-18 17:54:00+00:00, action=BUY, qty=4, strategy=Momentum)",2a4af407-e0f8-4ef0-879e-39b6ffa5b8b0,[]
2025-11-18 17:55:00+00:00,"Signal(ts=2025-11-18 17:55:00+00:00, action=BUY, qty=4, strategy=Momentum)",2819befe-fcd9-4241-a07a-af369b3309d9,[]
2025-11-18 17:56:00+00:00,"Signal(ts=2025-11-18 17:56:00+00:00, action=BUY, qty=5, strategy=Momentum)",db0686f1-3adf-4a2a-8e10-44aef1176c34,[]
2025-11-18 17:57:00+00:00,"Signal(ts=2025-11-18 17:57:00+00:00, action=BUY, qty=5, strategy=Momentum)",438dda07-4ffe-4bf4-bb31-a3d46c065214,[]
2025-11-18 17:58:00+00:00,"Signal(ts=2025-11-18 17:58:00+00:00, action=BUY, qty=5, strategy=Momentum)",692d06ff-53a9-403b-8c93-ecb5f8133963,[]
2025-11-18 17:59:00+00:00,"Signal(ts=2025-11-18 17:59:00+00:00, action=BUY, qty=5, strategy=Momentum)",8f67a9e7-e936-4c62-a9f2-930407e26795,[]
2025-11-18 18:00:00+00:00,"Signal(ts=2025-11-18 18:00:00+00:00, action=BUY, qty=6, strategy=Momentum)",ed53a807-709d-4524-9de9-269b68fbac08,[]
2025-11-18 18:01:00+00:00,"Signal(ts=2025-11-18 18:01:00+00:00, action=BUY, qty=7, strategy=Momentum)",f1eda6ed-f8ab-45d3-99c1-2035a65b8157,[]
2025-11-18 18:02:00+00:00,"Signal(ts=2025-11-18 18:02:00+00:00, action=BUY, qty=6, strategy=Momentum)",48bfa177-4153-44d8-b2e4-0ef43599356b,[]
2025-11-18 18:03:00+00:00,"Signal(ts=2025-11-18 18:03:00+00:00, action=BUY, qty=5, strategy=Momentum)",2ad7c198-3344-48fc-92ca-989d4d2b9e5d,[]
2025-11-18 18:04:00+00:00,"Signal(ts=2025-11-18 18:04:00+00:00, action=BUY, qty=4, strategy=Momentum)",f0076696-d610-4022-99b3-e5cd4d9f3c04,[]
2025-11-18 18:05:00+00:00,"Signal(ts=2025-11-18 18:05:00+00:00, action=BUY, qty=3, strategy=Momentum)",d08aa544-2939-40e8-adc5-11928a79d693,[]
2025-11-18 18:06:00+00:00,"Signal(ts=2025-11-18 18:06:00+00:00, action=BUY, qty=3, strategy=Momentum)",fce74ef7-274b-4200-86f2-66d75bc059e2,[]
2025-11-18 18:07:00+00:00,"Signal(ts=2025-11-18 18:07:00+00:00, action=BUY, qty=2, strategy=Momentum)",300fbdba-fd1f-49a2-bdc2-00b20eaa8b56,[]
2025-11-18 18:08:00+00:00,"Signal(ts=2025-11-18 18:08:00+00:00, action=HOLD, qty=0, strategy=Momentum)",,[]
2025-11-18 18:09:00+00:00,"Signal(ts=2025-11-18 18:09:00+00:00, action=HOLD, qty=0, strategy=Momentum)",,[]
2025-11-18 18:10:00+00:00,"Signal(ts=2025-11-18 18:10:00+00:00, action=HOLD, qty=0, strategy=Momentum)",,[]
2025-11-18 18:11:00+00:00,"Signal(ts=2025-11-18 18:11:00+00:00, action=HOLD, qty=0, strategy=Momentum)",,[]
2025-11-18 18:12:00+00:00,"Signal(ts=2025-11-18 18:12:00+00:00, action=HOLD, qty=0, strategy=Momentum)",,[]
2025-11-18 18:13:00+00:00,"Signal(ts=2025-11-18 18:13:00+00:00, action=HOLD, qty=0, strategy=Momentum)",,[]
2025-11-18 18:14:00+00:00,"Signal(ts=2025-11-18 18:14:00+00:00, action=HOLD, qty=0, strategy=Momentum)",,[]
2025-11-18 18:15:00+00:00,"Signal(ts=2025-11-18 18:15:00+00:00, action=HOLD, qty=0, strategy=Momentum)",,[]
2025-11-18 18:16:00+00:00,"Signal(ts=2025-11-18 18:16:00+00:00, action=HOLD, qty=0, strategy=Momentum)",,[]
2025-11-18 18:17:00+00:00,"Signal(ts=2025-11-18 18:17:00+00:00, action=HOLD, qty=0, strategy=Momentum)",,[]
2025-11-18 18:18:00+00:00,"Signal(ts=2025-11-18 18:18:00+00:00, action=HOLD, qty=0, strategy=Momentum)",,[]
2025-11-18 18:19:00+00:00,"Signal(ts=2025-11-18 18:19:00+00:00, action=HOLD, qty=0, strategy=Momentum)",,[]
2025-11-18 18:20:00+00:00,"Signal(ts=2025-11-18 18:20:00+00:00, action=HOLD, qty=0, strategy=Momentum)",,[]
2025-11-18 18:21:00+00:00,"Signal(ts=2025-11-18 18:21:00+00:00, action=HOLD, qty=0, strategy=Momentum)",,[]
2025-11-18 18:22:00+00:00,"Signal(ts=2025-11-18 18:22:00+00:00, action=HOLD, qty=0, strategy=Momentum)",,[]
2025-11-18 18:23:00+00:00,"Signal(ts=2025-11-18 18:23:00+00:00, action=HOLD, qty=0, strategy=Momentum)",,[]
2025-11-18 18:24:00+00:00,"Signal(ts=2025-11-18 18:24:00+00:00, action=HOLD, qty=0, strategy=Momentum)",,[]
2025-11-18 18:25:00+00:00,"Signal(ts=2025-11-18 18:25:00+00:00, action=HOLD, qty=0, strategy=Momentum)",,[]
2025-11-18 18:26:00+00:00,"Signal(ts=2025-11-18 18:26:00+00:00, action=HOLD, qty=0, strategy=Momentum)",,[]
2025-11-18 18:27:00+00:00,"Signal(ts=2025-11-18 18:27:00+00:00, action=HOLD, qty=0, strategy=Momentum)",,[]
2025-11-18 18:28:00+00:00,"Signal(ts=2025-11-18 18:28:00+00:00, action=HOLD, qty=0, strategy=Momentum)",,[]
2025-11-18 18:29:00+00:00,"Signal(ts=2025-11-18 18:29:00+00:00, action=HOLD, qty=0, strategy=Momentum)",,[]
2025-11-18 18:30:00+00:00,"Signal(ts=2025-11-18 18:30:00+00:00, action=HOLD, qty=0, strategy=Momentum)",,[]
2025-11-18 18:31:00+00:00,"Signal(ts=2025-11-18 18:31:00+00:00, action=BUY, qty=2, strategy=Momentum)",eef738ae-dfb5-4b46-8973-c2cf0f907af4,[]
2025-11-18 18:32:00+00:00,"Signal(ts=2025-11-18 18:32:00+00:00, action=BUY, qty=2, strategy=Momentum)",d41e0b0b-9e77-4dab-81f7-c5edae61da28,[]
2025-11-18 18:33:00+00:00,"Signal(ts=2025-11-18 18:33:00+00:00, action=BUY, qty=2, strategy=Momentum)",e009a35a-36fa-496b-aa4f-e76243b1fba2,[]
2025-11-18 18:34:00+00:00,"Signal(ts=2025-11-18 18:34:00+00:00, action=BUY, qty=2, strategy=Momentum)",792482e0-34b0-4b9a-8e83-1428eae2a55f,[]
2025-11-18 18:35:00+00:00,"Signal(ts=2025-11-18 18:35:00+00:00, action=HOLD, qty=0, strategy=Momentum)",,[]
2025-11-18 18:36:00+00:00,"Signal(ts=2025-11-18 18:36:00+00:00, action=HOLD, qty=0, strategy=Momentum)",,[]
2025-11-18 18:37:00+00:00,"Signal(ts=2025-11-18 18:37:00+00:00, action=HOLD, qty=0, strategy=Momentum)",,[]
2025-11-18 18:38:00+00:00,"Signal(ts=2025-11-18 18:38:00+00:00, action=HOLD, qty=0, strategy=Momentum)",,[]
2025-11-18 18:39:00+00:00,"Signal(ts=2025-11-18 18:39:00+00:00, action=HOLD, qty=0, strategy=Momentum)",,[]
2025-11-18 18:40:00+00:00,"Signal(ts=2025-11-18 18:40:00+00:00, action=HOLD, qty=0, strategy=Momentum)",,[]
2025-11-18 18:41:00+00:00,"Signal(ts=2025-11-18 18:41:00+00:00, action=HOLD, qty=0, strategy=Momentum)",,[]
2025-11-18 18:42:00+00:00,"Signal(ts=2025-11-18 18:42:00+00:00, action=HOLD, qty=0, strategy=Momentum)",,[]
2025-11-18 18:43:00+00:00,"Signal(ts=2025-11-18 18:43:00+00:00, action=HOLD, qty=0, strategy=Momentum)",,[]
2025-11-18 18:44:00+00:00,"Signal(ts=2025-11-18 18:44:00+00:00, action=HOLD, qty=0, strategy=Momentum)",,[]
2025-11-18 18:45:00+00:00,"Signal(ts=2025-11-18 18:45:00+00:00, action=HOLD, qty=0, strategy=Momentum)",,[]
2025-11-18 18:46:00+00:00,"Signal(ts=2025-11-18 18:46:00+00:00, action=HOLD, qty=0, strategy=Momentum)",,[]
2025-11-18 18:47:00+00:00,"Signal(ts=2025-11-18 18:47:00+00:00, action=HOLD, qty=0, strategy=Momentum)",,[]
2025-11-18 18:48:00+00:00,"Signal(ts=2025-11-18 18:48:00+00:00, action=HOLD, qty=0, strategy=Momentum)",,[]
2025-11-18 18:49:00+00:00,"Signal(ts=2025-11-18 18:49:00+00:00, action=BUY, qty=2, strategy=Momentum)",79b7a8e7-28d3-43c3-81f1-434729797ef3,[]
2025-11-18 18:50:00+00:00,"Signal(ts=2025-11-18 18:50:00+00:00, action=HOLD, qty=0, strategy=Momentum)",,[]
2025-11-18 18:51:00+00:00,"Signal(ts=2025-11-18 18:51:00+00:00, action=HOLD, qty=0, strategy=Momentum)",,[]
2025-11-18 18:52:00+00:00,"Signal(ts=2025-11-18 18:52:00+00:00, action=HOLD, qty=0, strategy=Momentum)",,[]
2025-11-18 18:53:00+00:00,"Signal(ts=2025-11-18 18:53:00+00:00, action=HOLD, qty=0, strategy=Momentum)",,[]
2025-11-18 18:54:00+00:00,"Signal(ts=2025-11-18 18:54:00+00:00, action=HOLD, qty=0, strategy=Momentum)",,[]
2025-11-18 18:55:00+00:00,"Signal(ts=2025-11-18 18:55:00+00:00, action=HOLD, qty=0, strategy=Momentum)",,[]
2025-11-18 18:56:00+00:00,"Signal(ts=2025-11-18 18:56:00+00:00, action=HOLD, qty=0, strategy=Momentum)",,[]
2025-11-18 18:57:00+00:00,"Signal(ts=2025-11-18 18:57:00+00:00, action=HOLD, qty=0, strategy=Momentum)",,[]
2025-11-18 18:58:00+00:00,"Signal(ts=2025-11-18 18:58:00+00:00, action=HOLD, qty=0, strategy=Momentum)",,[]
2025-11-18 18:59:00+00:00,"Signal(ts=2025-11-18 18:59:00+00:00, action=HOLD, qty=0, strategy=Momentum)",,[]
2025-11-18 19:00:00+00:00,"Signal(ts=2025-11-18 19:00:00+00:00, action=SELL, qty=2, strategy=Momentum)",9d6e8726-79bf-4ac8-a06f-c0daedbd69d2,"[{'price': 268.4100036621094, 'qty': 2, 'buy_id': 'd41e0b0b-9e77-4dab-81f7-c5edae61da28', 'sell_id': '9d6e8726-79bf-4ac8-a06f-c0daedbd69d2', 'timestamp': 1763961949.7607887}]"
2025-11-18 19:01:00+00:00,"Signal(ts=2025-11-18 19:01:00+00:00, action=SELL, qty=2, strategy=Momentum)",f7b91558-a239-4677-8c61-8020705b3c76,"[{'price': 268.5199890136719, 'qty': 2, 'buy_id': 'e009a35a-36fa-496b-aa4f-e76243b1fba2', 'sell_id': 'f7b91558-a239-4677-8c61-8020705b3c76', 'timestamp': 1763961949.7627647}]"
2025-11-18 19:02:00+00:00,"Signal(ts=2025-11-18 19:02:00+00:00, action=SELL, qty=2, strategy=Momentum)",0cfb2610-a7e5-493a-bfb4-922e8cba665d,"[{'price': 268.44000244140625, 'qty': 2, 'buy_id': '792482e0-34b0-4b9a-8e83-1428eae2a55f', 'sell_id': '0cfb2610-a7e5-493a-bfb4-922e8cba665d', 'timestamp': 1763961949.7668183}]"
2025-11-18 19:03:00+00:00,"Signal(ts=2025-11-18 19:03:00+00:00, action=SELL, qty=2, strategy=Momentum)",9463d6da-0927-4cf6-8b73-413ecc901654,"[{'price': 268.25, 'qty': 2, 'buy_id': 'eef738ae-dfb5-4b46-8973-c2cf0f907af4', 'sell_id': '9463d6da-0927-4cf6-8b73-413ecc901654', 'timestamp': 1763961949.7690964}]"
2025-11-18 19:04:00+00:00,"Signal(ts=2025-11-18 19:04:00+00:00, action=HOLD, qty=0, strategy=Momentum)",,[]
2025-11-18 19:05:00+00:00,"Signal(ts=2025-11-18 19:05:00+00:00, action=HOLD, qty=0, strategy=Momentum)",,[]
2025-11-18 19:06:00+00:00,"Signal(ts=2025-11-18 19:06:00+00:00, action=HOLD, qty=0, strategy=Momentum)",,[]
2025-11-18 19:07:00+00:00,"Signal(ts=2025-11-18 19:07:00+00:00, action=HOLD, qty=0, strategy=Momentum)",,[]
2025-11-18 19:08:00+00:00,"Signal(ts=2025-11-18 19:08:00+00:00, action=HOLD, qty=0, strategy=Momentum)",,[]
2025-11-18 19:09:00+00:00,"Signal(ts=2025-11-18 19:09:00+00:00, action=HOLD, qty=0, strategy=Momentum)",,[]
2025-11-18 19:10:00+00:00,"Signal(ts=2025-11-18 19:10:00+00:00, action=HOLD, qty=0, strategy=Momentum)",,[]
2025-11-18 19:11:00+00:00,"Signal(ts=2025-11-18 19:11:00+00:00, action=HOLD, qty=0, strategy=Momentum)",,[]
2025-11-18 19:12:00+00:00,"Signal(ts=2025-11-18 19:12:00+00:00, action=HOLD, qty=0, strategy=Momentum)",,[]
2025-11-18 19:13:00+00:00,"Signal(ts=2025-11-18 19:13:00+00:00, action=HOLD, qty=0, strategy=Momentum)",,[]
2025-11-18 19:14:00+00:00,"Signal(ts=2025-11-18 19:14:00+00:00, action=HOLD, qty=0, strategy=Momentum)",,[]
2025-11-18 19:15:00+00:00,"Signal(ts=2025-11-18 19:15:00+00:00, action=HOLD, qty=0, strategy=Momentum)",,[]
2025-11-18 19:16:00+00:00,"Signal(ts=2025-11-18 19:16:00+00:00, action=HOLD, qty=0, strategy=Momentum)",,[]
2025-11-18 19:17:00+00:00,"Signal(ts=2025-11-18 19:17:00+00:00, action=HOLD, qty=0, strategy=Momentum)",,[]
2025-11-18 19:18:00+00:00,"Signal(ts=2025-11-18 19:18:00+00:00, action=SELL, qty=2, strategy=Momentum)",f568720a-9c3c-4676-81bc-57b0aece3f7d,"[{'price': 268.2699890136719, 'qty': 2, 'buy_id': '79b7a8e7-28d3-43c3-81f1-434729797ef3', 'sell_id': 'f568720a-9c3c-4676-81bc-57b0aece3f7d', 'timestamp': 1763961949.8020966}]"
2025-11-18 19:19:00+00:00,"Signal(ts=2025-11-18 19:19:00+00:00, action=HOLD, qty=0, strategy=Momentum)",,[]
2025-11-18 19:20:00+00:00,"Signal(ts=2025-11-18 19:20:00+00:00, action=SELL, qty=3, strategy=Momentum)",143ffd8c-8894-4a17-9bde-f2ed58387a73,"[{'price': 268.25, 'qty': 3, 'buy_id': '692d06ff-53a9-403b-8c93-ecb5f8133963', 'sell_id': '143ffd8c-8894-4a17-9bde-f2ed58387a73', 'timestamp': 1763961949.8040965}]"
2025-11-18 19:21:00+00:00,"Signal(ts=2025-11-18 19:21:00+00:00, action=SELL, qty=3, strategy=Momentum)",8317f3aa-9485-48a8-9118-6e7041d430b9,"[{'price': 268.07501220703125, 'qty': 2, 'buy_id': '692d06ff-53a9-403b-8c93-ecb5f8133963', 'sell_id': '8317f3aa-9485-48a8-9118-6e7041d430b9', 'timestamp': 1763961949.8040965}, {'price': 268.07501220703125, 'qty': 1, 'buy_id': 'db0686f1-3adf-4a2a-8e10-44aef1176c34', 'sell_id': '8317f3aa-9485-48a8-9118-6e7041d430b9', 'timestamp': 1763961949.8040965}]"
2025-11-18 19:22:00+00:00,"Signal(ts=2025-11-18 19:22:00+00:00, action=SELL, qty=3, strategy=Momentum)",1007d384-76b9-4c70-a0c6-ecef7091d59a,"[{'price': 268.1579895019531, 'qty': 3, 'buy_id': 'db0686f1-3adf-4a2a-8e10-44aef1176c34', 'sell_id': '1007d384-76b9-4c70-a0c6-ecef7091d59a', 'timestamp': 1763961949.8040965}]"
2025-11-18 19:23:00+00:00,"Signal(ts=2025-11-18 19:23:00+00:00, action=SELL, qty=3, strategy=Momentum)",39ae358d-2df2-47c4-8877-cd762284fbac,"[{'price': 268.0899963378906, 'qty': 1, 'buy_id': 'db0686f1-3adf-4a2a-8e10-44aef1176c34', 'sell_id': '39ae358d-2df2-47c4-8877-cd762284fbac', 'timestamp': 1763961949.8097475}, {'price': 268.0899963378906, 'qty': 2, 'buy_id': 'ed53a807-709d-4524-9de9-269b68fbac08', 'sell_id': '39ae358d-2df2-47c4-8877-cd762284fbac', 'timestamp': 1763961949.8097475}]"
2025-11-18 19:24:00+00:00,"Signal(ts=2025-11-18 19:24:00+00:00, action=SELL, qty=2, strategy=Momentum)",02a1cb26-ea50-4b07-ba8c-cb3d4075efc3,"[{'price': 268.0799865722656, 'qty': 2, 'buy_id': 'ed53a807-709d-4524-9de9-269b68fbac08', 'sell_id': '02a1cb26-ea50-4b07-ba8c-cb3d4075efc3', 'timestamp': 1763961949.8107553}]"
2025-11-18 19:25:00+00:00,"Signal(ts=2025-11-18 19:25:00+00:00, action=HOLD, qty=0, strategy=Momentum)",,[]
2025-11-18 19:26:00+00:00,"Signal(ts=2025-11-18 19:26:00+00:00, action=HOLD, qty=0, strategy=Momentum)",,[]
2025-11-18 19:27:00+00:00,"Signal(ts=2025-11-18 19:27:00+00:00, action=HOLD, qty=0, strategy=Momentum)",,[]
2025-11-18 19:28:00+00:00,"Signal(ts=2025-11-18 19:28:00+00:00, action=HOLD, qty=0, strategy=Momentum)",,[]
2025-11-18 19:29:00+00:00,"Signal(ts=2025-11-18 19:29:00+00:00, action=HOLD, qty=0, strategy=Momentum)",,[]
2025-11-18 19:30:00+00:00,"Signal(ts=2025-11-18 19:30:00+00:00, action=SELL, qty=2, strategy=Momentum)",04f492ae-21ad-4b1a-b934-d7e4eac3215c,"[{'price': 267.94000244140625, 'qty': 2, 'buy_id': 'ed53a807-709d-4524-9de9-269b68fbac08', 'sell_id': '04f492ae-21ad-4b1a-b934-d7e4eac3215c', 'timestamp': 1763961949.821369}]"
2025-11-18 19:31:00+00:00,"Signal(ts=2025-11-18 19:31:00+00:00, action=SELL, qty=2, strategy=Momentum)",8abd2fe2-e992-4bb8-b14d-69f8fe990fb4,"[{'price': 267.8800048828125, 'qty': 2, 'buy_id': '438dda07-4ffe-4bf4-bb31-a3d46c065214', 'sell_id': '8abd2fe2-e992-4bb8-b14d-69f8fe990fb4', 'timestamp': 1763961949.8285565}]"
2025-11-18 19:32:00+00:00,"Signal(ts=2025-11-18 19:32:00+00:00, action=HOLD, qty=0, strategy=Momentum)",,[]
2025-11-18 19:33:00+00:00,"Signal(ts=2025-11-18 19:33:00+00:00, action=HOLD, qty=0, strategy=Momentum)",,[]
2025-11-18 19:34:00+00:00,"Signal(ts=2025-11-18 19:34:00+00:00, action=SELL, qty=2, strategy=Momentum)",22200e1f-516e-482e-bd9c-ceead4c35491,"[{'price': 267.8699951171875, 'qty': 2, 'buy_id': '438dda07-4ffe-4bf4-bb31-a3d46c065214', 'sell_id': '22200e1f-516e-482e-bd9c-ceead4c35491', 'timestamp': 1763961949.843438}]"
2025-11-18 19:35:00+00:00,"Signal(ts=2025-11-18 19:35:00+00:00, action=HOLD, qty=0, strategy=Momentum)",,[]
2025-11-18 19:36:00+00:00,"Signal(ts=2025-11-18 19:36:00+00:00, action=HOLD, qty=0, strategy=Momentum)",,[]
2025-11-18 19:37:00+00:00,"Signal(ts=2025-11-18 19:37:00+00:00, action=HOLD, qty=0, strategy=Momentum)",,[]
2025-11-18 19:38:00+00:00,"Signal(ts=2025-11-18 19:38:00+00:00, action=HOLD, qty=0, strategy=Momentum)",,[]
2025-11-18 19:39:00+00:00,"Signal(ts=2025-11-18 19:39:00+00:00, action=HOLD, qty=0, strategy=Momentum)",,[]
2025-11-18 19:40:00+00:00,"Signal(ts=2025-11-18 19:40:00+00:00, action=HOLD, qty=0, strategy=Momentum)",,[]
2025-11-18 19:41:00+00:00,"Signal(ts=2025-11-18 19:41:00+00:00, action=HOLD, qty=0, strategy=Momentum)",,[]
2025-11-18 19:42:00+00:00,"Signal(ts=2025-11-18 19:42:00+00:00, action=HOLD, qty=0, strategy=Momentum)",,[]
2025-11-18 19:43:00+00:00,"Signal(ts=2025-11-18 19:43:00+00:00, action=HOLD, qty=0, strategy=Momentum)",,[]
2025-11-18 19:44:00+00:00,"Signal(ts=2025-11-18 19:44:00+00:00, action=HOLD, qty=0, strategy=Momentum)",,[]
2025-11-18 19:45:00+00:00,"Signal(ts=2025-11-18 19:45:00+00:00, action=HOLD, qty=0, strategy=Momentum)",,[]
2025-11-18 19:46:00+00:00,"Signal(ts=2025-11-18 19:46:00+00:00, action=HOLD, qty=0, strategy=Momentum)",,[]
2025-11-18 19:47:00+00:00,"Signal(ts=2025-11-18 19:47:00+00:00, action=HOLD, qty=0, strategy=Momentum)",,[]
2025-11-18 19:48:00+00:00,"Signal(ts=2025-11-18 19:48:00+00:00, action=HOLD, qty=0, strategy=Momentum)",,[]
2025-11-18 19:49:00+00:00,"Signal(ts=2025-11-18 19:49:00+00:00, action=HOLD, qty=0, strategy=Momentum)",,[]
2025-11-18 19:50:00+00:00,"Signal(ts=2025-11-18 19:50:00+00:00, action=HOLD, qty=0, strategy=Momentum)",,[]
2025-11-18 19:51:00+00:00,"Signal(ts=2025-11-18 19:51:00+00:00, action=HOLD, qty=0, strategy=Momentum)",,[]
2025-11-18 19:52:00+00:00,"Signal(ts=2025-11-18 19:52:00+00:00, action=HOLD, qty=0, strategy=Momentum)",,[]
2025-11-18 19:53:00+00:00,"Signal(ts=2025-11-18 19:53:00+00:00, action=HOLD, qty=0, strategy=Momentum)",,[]
2025-11-18 19:54:00+00:00,"Signal(ts=2025-11-18 19:54:00+00:00, action=HOLD, qty=0, strategy=Momentum)",,[]
2025-11-18 19:55:00+00:00,"Signal(ts=2025-11-18 19:55:00+00:00, action=HOLD, qty=0, strategy=Momentum)",,[]
2025-11-18 19:56:00+00:00,"Signal(ts=2025-11-18 19:56:00+00:00, action=HOLD, qty=0, strategy=Momentum)",,[]
2025-11-18 19:57:00+00:00,"Signal(ts=2025-11-18 19:57:00+00:00, action=BUY, qty=2, strategy=Momentum)",94f83cc1-3e0f-47f3-a28c-9118570e88a4,[]
2025-11-18 19:58:00+00:00,"Signal(ts=2025-11-18 19:58:00+00:00, action=BUY, qty=2, strategy=Momentum)",6535df4a-f01a-4b71-8551-4786b943b67f,[]
2025-11-18 19:59:00+00:00,"Signal(ts=2025-11-18 19:59:00+00:00, action=BUY, qty=3, strategy=Momentum)",a61b1544-0dca-445b-bd2e-114aa3efbdf0,[]
2025-11-18 20:00:00+00:00,"Signal(ts=2025-11-18 20:00:00+00:00, action=BUY, qty=3, strategy=Momentum)",0de6a4fb-391e-4008-8b3a-587b6f10fd5a,[]
2025-11-18 20:01:00+00:00,"Signal(ts=2025-11-18 20:01:00+00:00, action=BUY, qty=3, strategy=Momentum)",eaf80ae9-7a5c-4510-a2f2-06ddbaf517c7,[]
2025-11-18 20:02:00+00:00,"Signal(ts=2025-11-18 20:02:00+00:00, action=BUY, qty=2, strategy=Momentum)",f95c408b-5f5c-459c-9529-3925cf0b989f,[]
2025-11-18 20:03:00+00:00,"Signal(ts=2025-11-18 20:03:00+00:00, action=BUY, qty=2, strategy=Momentum)",46e8792f-d65d-49b9-9256-16998ea1d135,[]
2025-11-18 20:04:00+00:00,"Signal(ts=2025-11-18 20:04:00+00:00, action=HOLD, qty=0, strategy=Momentum)",,[]
2025-11-18 20:05:00+00:00,"Signal(ts=2025-11-18 20:05:00+00:00, action=HOLD, qty=0, strategy=Momentum)",,[]
2025-11-18 20:06:00+00:00,"Signal(ts=2025-11-18 20:06:00+00:00, action=HOLD, qty=0, strategy=Momentum)",,[]
2025-11-18 20:07:00+00:00,"Signal(ts=2025-11-18 20:07:00+00:00, action=HOLD, qty=0, strategy=Momentum)",,[]
2025-11-18 20:08:00+00:00,"Signal(ts=2025-11-18 20:08:00+00:00, action=HOLD, qty=0, strategy=Momentum)",,[]
2025-11-18 20:09:00+00:00,"Signal(ts=2025-11-18 20:09:00+00:00, action=HOLD, qty=0, strategy=Momentum)",,[]
2025-11-18 20:10:00+00:00,"Signal(ts=2025-11-18 20:10:00+00:00, action=HOLD, qty=0, strategy=Momentum)",,[]
2025-11-18 20:11:00+00:00,"Signal(ts=2025-11-18 20:11:00+00:00, action=HOLD, qty=0, strategy=Momentum)",,[]
2025-11-18 20:12:00+00:00,"Signal(ts=2025-11-18 20:12:00+00:00, action=HOLD, qty=0, strategy=Momentum)",,[]
2025-11-18 20:13:00+00:00,"Signal(ts=2025-11-18 20:13:00+00:00, action=HOLD, qty=0, strategy=Momentum)",,[]
2025-11-18 20:14:00+00:00,"Signal(ts=2025-11-18 20:14:00+00:00, action=HOLD, qty=0, strategy=Momentum)",,[]
2025-11-18 20:15:00+00:00,"Signal(ts=2025-11-18 20:15:00+00:00, action=HOLD, qty=0, strategy=Momentum)",,[]
2025-11-18 20:16:00+00:00,"Signal(ts=2025-11-18 20:16:00+00:00, action=HOLD, qty=0, strategy=Momentum)",,[]
2025-11-18 20:17:00+00:00,"Signal(ts=2025-11-18 20:17:00+00:00, action=HOLD, qty=0, strategy=Momentum)",,[]
2025-11-18 20:18:00+00:00,"Signal(ts=2025-11-18 20:18:00+00:00, action=HOLD, qty=0, strategy=Momentum)",,[]
2025-11-18 20:19:00+00:00,"Signal(ts=2025-11-18 20:19:00+00:00, action=HOLD, qty=0, strategy=Momentum)",,[]
2025-11-18 20:20:00+00:00,"Signal(ts=2025-11-18 20:20:00+00:00, action=HOLD, qty=0, strategy=Momentum)",,[]
2025-11-18 20:21:00+00:00,"Signal(ts=2025-11-18 20:21:00+00:00, action=HOLD, qty=0, strategy=Momentum)",,[]
2025-11-18 20:22:00+00:00,"Signal(ts=2025-11-18 20:22:00+00:00, action=HOLD, qty=0, strategy=Momentum)",,[]
2025-11-18 20:23:00+00:00,"Signal(ts=2025-11-18 20:23:00+00:00, action=HOLD, qty=0, strategy=Momentum)",,[]
2025-11-18 20:24:00+00:00,"Signal(ts=2025-11-18 20:24:00+00:00, action=HOLD, qty=0, strategy=Momentum)",,[]
2025-11-18 20:25:00+00:00,"Signal(ts=2025-11-18 20:25:00+00:00, action=HOLD, qty=0, strategy=Momentum)",,[]
2025-11-18 20:26:00+00:00,"Signal(ts=2025-11-18 20:26:00+00:00, action=HOLD, qty=0, strategy=Momentum)",,[]
2025-11-18 20:27:00+00:00,"Signal(ts=2025-11-18 20:27:00+00:00, action=HOLD, qty=0, strategy=Momentum)",,[]
2025-11-18 20:28:00+00:00,"Signal(ts=2025-11-18 20:28:00+00:00, action=SELL, qty=2, strategy=Momentum)",eeea4038-aeda-44b2-9a4c-f7abbc90f643,"[{'price': 268.1600036621094, 'qty': 2, 'buy_id': '0de6a4fb-391e-4008-8b3a-587b6f10fd5a', 'sell_id': 'eeea4038-aeda-44b2-9a4c-f7abbc90f643', 'timestamp': 1763961949.9236257}]"
2025-11-18 20:29:00+00:00,"Signal(ts=2025-11-18 20:29:00+00:00, action=SELL, qty=2, strategy=Momentum)",cec87f1c-5437-4d4b-b0f0-db65fdd0002e,"[{'price': 268.2802124023437, 'qty': 1, 'buy_id': '0de6a4fb-391e-4008-8b3a-587b6f10fd5a', 'sell_id': 'cec87f1c-5437-4d4b-b0f0-db65fdd0002e', 'timestamp': 1763961949.9236257}, {'price': 268.2802124023437, 'qty': 1, 'buy_id': 'eaf80ae9-7a5c-4510-a2f2-06ddbaf517c7', 'sell_id': 'cec87f1c-5437-4d4b-b0f0-db65fdd0002e', 'timestamp': 1763961949.9236257}]"
2025-11-18 20:30:00+00:00,"Signal(ts=2025-11-18 20:30:00+00:00, action=HOLD, qty=0, strategy=Momentum)",,[]
2025-11-18 20:31:00+00:00,"Signal(ts=2025-11-18 20:31:00+00:00, action=SELL, qty=2, strategy=Momentum)",4d25e09f-335d-47aa-89eb-bfba428a71a2,"[{'price': 268.1300048828125, 'qty': 2, 'buy_id': 'eaf80ae9-7a5c-4510-a2f2-06ddbaf517c7', 'sell_id': '4d25e09f-335d-47aa-89eb-bfba428a71a2', 'timestamp': 1763961949.9276865}]"
2025-11-18 20:32:00+00:00,"Signal(ts=2025-11-18 20:32:00+00:00, action=HOLD, qty=0, strategy=Momentum)",,[]
2025-11-18 20:33:00+00:00,"Signal(ts=2025-11-18 20:33:00+00:00, action=HOLD, qty=0, strategy=Momentum)",,[]
2025-11-18 20:34:00+00:00,"Signal(ts=2025-11-18 20:34:00+00:00, action=HOLD, qty=0, strategy=Momentum)",,[]
2025-11-18 20:35:00+00:00,"Signal(ts=2025-11-18 20:35:00+00:00, action=HOLD, qty=0, strategy=Momentum)",,[]
2025-11-18 20:36:00+00:00,"Signal(ts=2025-11-18 20:36:00+00:00, action=HOLD, qty=0, strategy=Momentum)",,[]
2025-11-18 20:37:00+00:00,"Signal(ts=2025-11-18 20:37:00+00:00, action=HOLD, qty=0, strategy=Momentum)",,[]
2025-11-18 20:38:00+00:00,"Signal(ts=2025-11-18 20:38:00+00:00, action=HOLD, qty=0, strategy=Momentum)",,[]
2025-11-18 20:39:00+00:00,"Signal(ts=2025-11-18 20:39:00+00:00, action=HOLD, qty=0, strategy=Momentum)",,[]
2025-11-18 20:40:00+00:00,"Signal(ts=2025-11-18 20:40:00+00:00, action=HOLD, qty=0, strategy=Momentum)",,[]
2025-11-18 20:41:00+00:00,"Signal(ts=2025-11-18 20:41:00+00:00, action=HOLD, qty=0, strategy=Momentum)",,[]
2025-11-18 20:42:00+00:00,"Signal(ts=2025-11-18 20:42:00+00:00, action=HOLD, qty=0, strategy=Momentum)",,[]
2025-11-18 20:43:00+00:00,"Signal(ts=2025-11-18 20:43:00+00:00, action=HOLD, qty=0, strategy=Momentum)",,[]
2025-11-18 20:44:00+00:00,"Signal(ts=2025-11-18 20:44:00+00:00, action=HOLD, qty=0, strategy=Momentum)",,[]
2025-11-18 20:45:00+00:00,"Signal(ts=2025-11-18 20:45:00+00:00, action=HOLD, qty=0, strategy=Momentum)",,[]
2025-11-18 20:46:00+00:00,"Signal(ts=2025-11-18 20:46:00+00:00, action=SELL, qty=2, strategy=Momentum)",4aecf2a9-963f-4cdb-98c1-1edde0c994ff,"[{'price': 267.6235046386719, 'qty': 2, 'buy_id': 'a61b1544-0dca-445b-bd2e-114aa3efbdf0', 'sell_id': '4aecf2a9-963f-4cdb-98c1-1edde0c994ff', 'timestamp': 1763961949.9461238}]"
2025-11-18 20:47:00+00:00,"Signal(ts=2025-11-18 20:47:00+00:00, action=HOLD, qty=0, strategy=Momentum)",,[]
2025-11-18 20:48:00+00:00,"Signal(ts=2025-11-18 20:48:00+00:00, action=HOLD, qty=0, strategy=Momentum)",,[]
2025-11-18 20:49:00+00:00,"Signal(ts=2025-11-18 20:49:00+00:00, action=SELL, qty=2, strategy=Momentum)",2265d4a3-8d9c-4ee2-9bd9-d09849dfc14a,"[{'price': 267.6600036621094, 'qty': 1, 'buy_id': 'a61b1544-0dca-445b-bd2e-114aa3efbdf0', 'sell_id': '2265d4a3-8d9c-4ee2-9bd9-d09849dfc14a', 'timestamp': 1763961949.9511988}, {'price': 267.6600036621094, 'qty': 1, 'buy_id': 'f95c408b-5f5c-459c-9529-3925cf0b989f', 'sell_id': '2265d4a3-8d9c-4ee2-9bd9-d09849dfc14a', 'timestamp': 1763961949.9511988}]"
2025-11-18 20:50:00+00:00,"Signal(ts=2025-11-18 20:50:00+00:00, action=HOLD, qty=0, strategy=Momentum)",,[]
2025-11-18 20:51:00+00:00,"Signal(ts=2025-11-18 20:51:00+00:00, action=SELL, qty=2, strategy=Momentum)",ec7f53f0-863b-4065-b0d6-19aa14b6a66e,"[{'price': 267.82000732421875, 'qty': 1, 'buy_id': 'f95c408b-5f5c-459c-9529-3925cf0b989f', 'sell_id': 'ec7f53f0-863b-4065-b0d6-19aa14b6a66e', 'timestamp': 1763961949.9531863}, {'price': 267.82000732421875, 'qty': 1, 'buy_id': '438dda07-4ffe-4bf4-bb31-a3d46c065214', 'sell_id': 'ec7f53f0-863b-4065-b0d6-19aa14b6a66e', 'timestamp': 1763961949.9531863}]"
2025-11-18 20:52:00+00:00,"Signal(ts=2025-11-18 20:52:00+00:00, action=SELL, qty=2, strategy=Momentum)",d2fdbdd1-de59-4392-ac72-00ea70aaa5ef,"[{'price': 267.8099975585937, 'qty': 2, 'buy_id': '2a4af407-e0f8-4ef0-879e-39b6ffa5b8b0', 'sell_id': 'd2fdbdd1-de59-4392-ac72-00ea70aaa5ef', 'timestamp': 1763961949.9541917}]"
2025-11-18 20:53:00+00:00,"Signal(ts=2025-11-18 20:53:00+00:00, action=SELL, qty=2, strategy=Momentum)",bc78d647-4416-4fba-bcdd-104e092a6aad,"[{'price': 267.7149963378906, 'qty': 2, 'buy_id': '2a4af407-e0f8-4ef0-879e-39b6ffa5b8b0', 'sell_id': 'bc78d647-4416-4fba-bcdd-104e092a6aad', 'timestamp': 1763961949.9541917}]"
2025-11-18 20:54:00+00:00,"Signal(ts=2025-11-18 20:54:00+00:00, action=HOLD, qty=0, strategy=Momentum)",,[]
2025-11-18 20:55:00+00:00,"Signal(ts=2025-11-18 20:55:00+00:00, action=HOLD, qty=0, strategy=Momentum)",,[]
2025-11-18 20:56:00+00:00,"Signal(ts=2025-11-18 20:56:00+00:00, action=HOLD, qty=0, strategy=Momentum)",,[]
2025-11-18 20:57:00+00:00,"Signal(ts=2025-11-18 20:57:00+00:00, action=HOLD, qty=0, strategy=Momentum)",,[]
2025-11-18 20:58:00+00:00,"Signal(ts=2025-11-18 20:58:00+00:00, action=SELL, qty=2, strategy=Momentum)",020b305a-6498-4c92-abc0-ee180ebb85f5,"[{'price': 267.510009765625, 'qty': 2, 'buy_id': '6535df4a-f01a-4b71-8551-4786b943b67f', 'sell_id': '020b305a-6498-4c92-abc0-ee180ebb85f5', 'timestamp': 1763961949.9606318}]"
2025-11-18 20:59:00+00:00,"Signal(ts=2025-11-18 20:59:00+00:00, action=SELL, qty=2, strategy=Momentum)",985fe43c-0f8e-4063-bc34-c0e923b60afe,"[{'price': 267.510009765625, 'qty': 2, 'buy_id': 'f8789c5c-35d7-43f8-b59e-b92290dc379f', 'sell_id': '985fe43c-0f8e-4063-bc34-c0e923b60afe', 'timestamp': 1763961949.9606318}]"
2025-11-18 21:00:00+00:00,"Signal(ts=2025-11-18 21:00:00+00:00, action=SELL, qty=2, strategy=Momentum)",5e91eaa8-2b50-4be9-b099-98d2bfa0770d,"[{'price': 267.42, 'qty': 2, 'buy_id': 'f8789c5c-35d7-43f8-b59e-b92290dc379f', 'sell_id': '5e91eaa8-2b50-4be9-b099-98d2bfa0770d', 'timestamp': 1763961949.964491}]"
2025-11-18 21:01:00+00:00,"Signal(ts=2025-11-18 21:01:00+00:00, action=SELL, qty=3, strategy=Momentum)",51b4bf17-6172-4b34-94ba-05265bb94b63,"[{'price': 267.19, 'qty': 2, 'buy_id': '94f83cc1-3e0f-47f3-a28c-9118570e88a4', 'sell_id': '51b4bf17-6172-4b34-94ba-05265bb94b63', 'timestamp': 1763961949.9658058}, {'price': 267.19, 'qty': 1, 'buy_id': '8f67a9e7-e936-4c62-a9f2-930407e26795', 'sell_id': '51b4bf17-6172-4b34-94ba-05265bb94b63', 'timestamp': 1763961949.9658058}]"
2025-11-18 21:02:00+00:00,"Signal(ts=2025-11-18 21:02:00+00:00, action=SELL, qty=3, strategy=Momentum)",1930f436-80cc-4cdf-a540-61b0a68d700a,"[{'price': 267.05, 'qty': 3, 'buy_id': '8f67a9e7-e936-4c62-a9f2-930407e26795', 'sell_id': '1930f436-80cc-4cdf-a540-61b0a68d700a', 'timestamp': 1763961949.9677951}]"
2025-11-18 21:03:00+00:00,"Signal(ts=2025-11-18 21:03:00+00:00, action=SELL, qty=2, strategy=Momentum)",252f6d2d-f032-4561-aeb0-8b0f4c73d713,"[{'price': 267.2, 'qty': 1, 'buy_id': '8f67a9e7-e936-4c62-a9f2-930407e26795', 'sell_id': '252f6d2d-f032-4561-aeb0-8b0f4c73d713', 'timestamp': 1763961949.9687948}, {'price': 267.2, 'qty': 1, 'buy_id': '2819befe-fcd9-4241-a07a-af369b3309d9', 'sell_id': '252f6d2d-f032-4561-aeb0-8b0f4c73d713', 'timestamp': 1763961949.9687948}]"
2025-11-18 21:04:00+00:00,"Signal(ts=2025-11-18 21:04:00+00:00, action=HOLD, qty=0, strategy=Momentum)",,[]
2025-11-18 21:05:00+00:00,"Signal(ts=2025-11-18 21:05:00+00:00, action=SELL, qty=2, strategy=Momentum)",bede9c09-b75e-4ab3-a2d0-92f850ab258b,"[{'price': 267.35, 'qty': 2, 'buy_id': '2819befe-fcd9-4241-a07a-af369b3309d9', 'sell_id': 'bede9c09-b75e-4ab3-a2d0-92f850ab258b', 'timestamp': 1763961949.9687948}]"
2025-11-18 21:06:00+00:00,"Signal(ts=2025-11-18 21:06:00+00:00, action=SELL, qty=2, strategy=Momentum)",0b4bffff-ff5a-4714-a9e4-70a1e0eed907,"[{'price': 267.4, 'qty': 1, 'buy_id': '2819befe-fcd9-4241-a07a-af369b3309d9', 'sell_id': '0b4bffff-ff5a-4714-a9e4-70a1e0eed907', 'timestamp': 1763961949.9724486}, {'price': 267.4, 'qty': 1, 'buy_id': 'f1eda6ed-f8ab-45d3-99c1-2035a65b8157', 'sell_id': '0b4bffff-ff5a-4714-a9e4-70a1e0eed907', 'timestamp': 1763961949.9724486}]"
2025-11-18 21:07:00+00:00,"Signal(ts=2025-11-18 21:07:00+00:00, action=SELL, qty=4, strategy=Momentum)",d7944b4c-8bc5-44a0-b6cc-90fef42d67c2,"[{'price': 267.1164, 'qty': 4, 'buy_id': 'f1eda6ed-f8ab-45d3-99c1-2035a65b8157', 'sell_id': 'd7944b4c-8bc5-44a0-b6cc-90fef42d67c2', 'timestamp': 1763961949.9724486}]"
2025-11-18 21:08:00+00:00,"Signal(ts=2025-11-18 21:08:00+00:00, action=SELL, qty=3, strategy=Momentum)",7bcc8a67-e1b4-47db-9e92-abc6eb81d8da,"[{'price': 267.3, 'qty': 2, 'buy_id': 'f1eda6ed-f8ab-45d3-99c1-2035a65b8157', 'sell_id': '7bcc8a67-e1b4-47db-9e92-abc6eb81d8da', 'timestamp': 1763961949.9724486}, {'price': 267.3, 'qty': 1, 'buy_id': '46e8792f-d65d-49b9-9256-16998ea1d135', 'sell_id': '7bcc8a67-e1b4-47db-9e92-abc6eb81d8da', 'timestamp': 1763961949.9724486}]"
2025-11-18 21:09:00+00:00,"Signal(ts=2025-11-18 21:09:00+00:00, action=SELL, qty=3, strategy=Momentum)",53111ef0-f9ab-4e88-b807-2ba2cd4c0f8b,"[{'price': 267.3, 'qty': 1, 'buy_id': '46e8792f-d65d-49b9-9256-16998ea1d135', 'sell_id': '53111ef0-f9ab-4e88-b807-2ba2cd4c0f8b', 'timestamp': 1763961949.976437}, {'price': 267.3, 'qty': 2, 'buy_id': '67631e52-6284-44e4-8fba-109bc79024ca', 'sell_id': '53111ef0-f9ab-4e88-b807-2ba2cd4c0f8b', 'timestamp': 1763961949.976437}]"
2025-11-18 21:10:00+00:00,"Signal(ts=2025-11-18 21:10:00+00:00, action=SELL, qty=3, strategy=Momentum)",f3690ec4-89e0-4c0d-9986-ad87b3a4ea27,"[{'price': 267.32, 'qty': 1, 'buy_id': '67631e52-6284-44e4-8fba-109bc79024ca', 'sell_id': 'f3690ec4-89e0-4c0d-9986-ad87b3a4ea27', 'timestamp': 1763961949.9774446}, {'price': 267.32, 'qty': 2, 'buy_id': 'fce74ef7-274b-4200-86f2-66d75bc059e2', 'sell_id': 'f3690ec4-89e0-4c0d-9986-ad87b3a4ea27', 'timestamp': 1763961949.9774446}]"
2025-11-18 21:11:00+00:00,"Signal(ts=2025-11-18 21:11:00+00:00, action=SELL, qty=2, strategy=Momentum)",22086fe8-202c-4e54-a578-081483e44784,"[{'price': 267.35, 'qty': 1, 'buy_id': 'fce74ef7-274b-4200-86f2-66d75bc059e2', 'sell_id': '22086fe8-202c-4e54-a578-081483e44784', 'timestamp': 1763961949.9794433}, {'price': 267.35, 'qty': 1, 'buy_id': 'fef75b13-6380-418a-905a-9e2e4f65b11d', 'sell_id': '22086fe8-202c-4e54-a578-081483e44784', 'timestamp': 1763961949.9794433}]"
2025-11-18 21:12:00+00:00,"Signal(ts=2025-11-18 21:12:00+00:00, action=SELL, qty=2, strategy=Momentum)",619712ce-c896-4bb9-9509-dc71f2720a4b,"[{'price': 267.3, 'qty': 2, 'buy_id': 'fef75b13-6380-418a-905a-9e2e4f65b11d', 'sell_id': '619712ce-c896-4bb9-9509-dc71f2720a4b', 'timestamp': 1763961949.9794433}]"
2025-11-18 21:13:00+00:00,"Signal(ts=2025-11-18 21:13:00+00:00, action=SELL, qty=2, strategy=Momentum)",fc8c0fd1-d76b-4f20-8080-2593ad0517a0,"[{'price': 267.27, 'qty': 2, 'buy_id': 'f5865c90-09b1-46a4-9087-213d0d59e10d', 'sell_id': 'fc8c0fd1-d76b-4f20-8080-2593ad0517a0', 'timestamp': 1763961949.9794433}]"
2025-11-18 21:14:00+00:00,"Signal(ts=2025-11-18 21:14:00+00:00, action=SELL, qty=2, strategy=Momentum)",44724fd8-ea8a-44c1-9eab-5bf810669101,"[{'price': 267.25, 'qty': 2, 'buy_id': 'd4537b15-3032-410e-b042-2b17cf37210c', 'sell_id': '44724fd8-ea8a-44c1-9eab-5bf810669101', 'timestamp': 1763961949.984134}]"
2025-11-18 21:15:00+00:00,"Signal(ts=2025-11-18 21:15:00+00:00, action=SELL, qty=3, strategy=Momentum)",00e761ea-6e21-45a4-88a2-58f38723eb1b,"[{'price': 266.7615, 'qty': 1, 'buy_id': 'd4537b15-3032-410e-b042-2b17cf37210c', 'sell_id': '00e761ea-6e21-45a4-88a2-58f38723eb1b', 'timestamp': 1763961949.9854317}, {'price': 266.7615, 'qty': 2, 'buy_id': '7551810f-d858-423a-8d83-38cfb89b3bc3', 'sell_id': '00e761ea-6e21-45a4-88a2-58f38723eb1b', 'timestamp': 1763961949.9854317}]"
2025-11-18 21:16:00+00:00,"Signal(ts=2025-11-18 21:16:00+00:00, action=SELL, qty=2, strategy=Momentum)",2068998d-fab1-4e76-a4ab-e55908bb610d,"[{'price': 267.1786, 'qty': 2, 'buy_id': '48bfa177-4153-44d8-b2e4-0ef43599356b', 'sell_id': '2068998d-fab1-4e76-a4ab-e55908bb610d', 'timestamp': 1763961949.987426}]"
2025-11-18 21:17:00+00:00,"Signal(ts=2025-11-18 21:17:00+00:00, action=SELL, qty=2, strategy=Momentum)",5ba4f235-54f8-447a-9f48-2fbc842f5836,"[{'price': 267.21, 'qty': 2, 'buy_id': '48bfa177-4153-44d8-b2e4-0ef43599356b', 'sell_id': '5ba4f235-54f8-447a-9f48-2fbc842f5836', 'timestamp': 1763961949.9884257}]"
2025-11-18 21:18:00+00:00,"Signal(ts=2025-11-18 21:18:00+00:00, action=SELL, qty=2, strategy=Momentum)",ecc3593c-2729-492a-8525-dadb029f3d0b,"[{'price': 267.0475, 'qty': 2, 'buy_id': '48bfa177-4153-44d8-b2e4-0ef43599356b', 'sell_id': 'ecc3593c-2729-492a-8525-dadb029f3d0b', 'timestamp': 1763961949.9884257}]"
2025-11-18 21:19:00+00:00,"Signal(ts=2025-11-18 21:19:00+00:00, action=SELL, qty=3, strategy=Momentum)",94a08b95-64d9-4e02-95d8-09c02371f268,"[{'price': 267.13, 'qty': 3, 'buy_id': 'd08aa544-2939-40e8-adc5-11928a79d693', 'sell_id': '94a08b95-64d9-4e02-95d8-09c02371f268', 'timestamp': 1763961949.9884257}]"
2025-11-18 21:20:00+00:00,"Signal(ts=2025-11-18 21:20:00+00:00, action=SELL, qty=2, strategy=Momentum)",b84d11e7-3175-44ef-a3d8-9f00630ba271,"[{'price': 267.1, 'qty': 2, 'buy_id': '2ad7c198-3344-48fc-92ca-989d4d2b9e5d', 'sell_id': 'b84d11e7-3175-44ef-a3d8-9f00630ba271', 'timestamp': 1763961949.9884257}]"
2025-11-18 21:21:00+00:00,"Signal(ts=2025-11-18 21:21:00+00:00, action=SELL, qty=2, strategy=Momentum)",6027d7bd-e0c8-4099-893b-06a5e0b41072,"[{'price': 267.19, 'qty': 2, 'buy_id': '2ad7c198-3344-48fc-92ca-989d4d2b9e5d', 'sell_id': '6027d7bd-e0c8-4099-893b-06a5e0b41072', 'timestamp': 1763961949.9941485}]"
2025-11-18 21:22:00+00:00,"Signal(ts=2025-11-18 21:22:00+00:00, action=SELL, qty=2, strategy=Momentum)",473a9099-e1a3-4b5e-8905-f80373bfcc81,"[{'price': 267.1, 'qty': 1, 'buy_id': '2ad7c198-3344-48fc-92ca-989d4d2b9e5d', 'sell_id': '473a9099-e1a3-4b5e-8905-f80373bfcc81', 'timestamp': 1763961949.9941485}, {'price': 267.1, 'qty': 1, 'buy_id': 'f0076696-d610-4022-99b3-e5cd4d9f3c04', 'sell_id': '473a9099-e1a3-4b5e-8905-f80373bfcc81', 'timestamp': 1763961949.9941485}]"
2025-11-18 21:23:00+00:00,"Signal(ts=2025-11-18 21:23:00+00:00, action=SELL, qty=2, strategy=Momentum)",26fea603-c78d-448a-bb4a-08f3241c66f2,"[{'price': 267.0, 'qty': 2, 'buy_id': 'f0076696-d610-4022-99b3-e5cd4d9f3c04', 'sell_id': '26fea603-c78d-448a-bb4a-08f3241c66f2', 'timestamp': 1763961949.9984074}]"
2025-11-18 21:24:00+00:00,"Signal(ts=2025-11-18 21:24:00+00:00, action=SELL, qty=2, strategy=Momentum)",d0a0a522-1b3d-4edb-9c83-e621e8418133,"[{'price': 267.2, 'qty': 1, 'buy_id': 'f0076696-d610-4022-99b3-e5cd4d9f3c04', 'sell_id': 'd0a0a522-1b3d-4edb-9c83-e621e8418133', 'timestamp': 1763961950.0003002}, {'price': 267.2, 'qty': 1, 'buy_id': 'bdfe263e-c804-498f-a821-1b36f65c7edc', 'sell_id': 'd0a0a522-1b3d-4edb-9c83-e621e8418133', 'timestamp': 1763961950.0003002}]"
2025-11-18 21:25:00+00:00,"Signal(ts=2025-11-18 21:25:00+00:00, action=HOLD, qty=0, strategy=Momentum)",,[]
2025-11-18 21:26:00+00:00,"Signal(ts=2025-11-18 21:26:00+00:00, action=HOLD, qty=0, strategy=Momentum)",,[]
2025-11-18 21:27:00+00:00,"Signal(ts=2025-11-18 21:27:00+00:00, action=HOLD, qty=0, strategy=Momentum)",,[]
2025-11-18 21:28:00+00:00,"Signal(ts=2025-11-18 21:28:00+00:00, action=HOLD, qty=0, strategy=Momentum)",,[]
2025-11-18 21:29:00+00:00,"Signal(ts=2025-11-18 21:29:00+00:00, action=HOLD, qty=0, strategy=Momentum)",,[]
2025-11-18 21:30:00+00:00,"Signal(ts=2025-11-18 21:30:00+00:00, action=HOLD, qty=0, strategy=Momentum)",,[]
2025-11-18 21:31:00+00:00,"Signal(ts=2025-11-18 21:31:00+00:00, action=HOLD, qty=0, strategy=Momentum)",,[]
2025-11-18 21:32:00+00:00,"Signal(ts=2025-11-18 21:32:00+00:00, action=HOLD, qty=0, strategy=Momentum)",,[]
2025-11-18 21:33:00+00:00,"Signal(ts=2025-11-18 21:33:00+00:00, action=HOLD, qty=0, strategy=Momentum)",,[]
2025-11-18 21:34:00+00:00,"Signal(ts=2025-11-18 21:34:00+00:00, action=HOLD, qty=0, strategy=Momentum)",,[]
2025-11-18 21:35:00+00:00,"Signal(ts=2025-11-18 21:35:00+00:00, action=HOLD, qty=0, strategy=Momentum)",,[]
2025-11-18 21:36:00+00:00,"Signal(ts=2025-11-18 21:36:00+00:00, action=HOLD, qty=0, strategy=Momentum)",,[]
2025-11-18 21:37:00+00:00,"Signal(ts=2025-11-18 21:37:00+00:00, action=HOLD, qty=0, strategy=Momentum)",,[]
2025-11-18 21:38:00+00:00,"Signal(ts=2025-11-18 21:38:00+00:00, action=HOLD, qty=0, strategy=Momentum)",,[]
2025-11-18 21:39:00+00:00,"Signal(ts=2025-11-18 21:39:00+00:00, action=HOLD, qty=0, strategy=Momentum)",,[]
2025-11-18 21:40:00+00:00,"Signal(ts=2025-11-18 21:40:00+00:00, action=HOLD, qty=0, strategy=Momentum)",,[]
2025-11-18 21:41:00+00:00,"Signal(ts=2025-11-18 21:41:00+00:00, action=HOLD, qty=0, strategy=Momentum)",,[]
2025-11-18 21:42:00+00:00,"Signal(ts=2025-11-18 21:42:00+00:00, action=HOLD, qty=0, strategy=Momentum)",,[]
2025-11-18 21:43:00+00:00,"Signal(ts=2025-11-18 21:43:00+00:00, action=HOLD, qty=0, strategy=Momentum)",,[]
2025-11-18 21:44:00+00:00,"Signal(ts=2025-11-18 21:44:00+00:00, action=HOLD, qty=0, strategy=Momentum)",,[]
2025-11-18 21:45:00+00:00,"Signal(ts=2025-11-18 21:45:00+00:00, action=HOLD, qty=0, strategy=Momentum)",,[]
2025-11-18 21:46:00+00:00,"Signal(ts=2025-11-18 21:46:00+00:00, action=HOLD, qty=0, strategy=Momentum)",,[]
2025-11-18 21:47:00+00:00,"Signal(ts=2025-11-18 21:47:00+00:00, action=HOLD, qty=0, strategy=Momentum)",,[]
2025-11-18 21:48:00+00:00,"Signal(ts=2025-11-18 21:48:00+00:00, action=HOLD, qty=0, strategy=Momentum)",,[]
2025-11-18 21:49:00+00:00,"Signal(ts=2025-11-18 21:49:00+00:00, action=HOLD, qty=0, strategy=Momentum)",,[]
2025-11-18 21:50:00+00:00,"Signal(ts=2025-11-18 21:50:00+00:00, action=HOLD, qty=0, strategy=Momentum)",,[]
2025-11-18 21:51:00+00:00,"Signal(ts=2025-11-18 21:51:00+00:00, action=HOLD, qty=0, strategy=Momentum)",,[]
2025-11-18 21:52:00+00:00,"Signal(ts=2025-11-18 21:52:00+00:00, action=HOLD, qty=0, strategy=Momentum)",,[]
2025-11-18 21:53:00+00:00,"Signal(ts=2025-11-18 21:53:00+00:00, action=HOLD, qty=0, strategy=Momentum)",,[]
2025-11-18 21:54:00+00:00,"Signal(ts=2025-11-18 21:54:00+00:00, action=HOLD, qty=0, strategy=Momentum)",,[]
2025-11-18 21:55:00+00:00,"Signal(ts=2025-11-18 21:55:00+00:00, action=HOLD, qty=0, strategy=Momentum)",,[]
2025-11-18 21:56:00+00:00,"Signal(ts=2025-11-18 21:56:00+00:00, action=HOLD, qty=0, strategy=Momentum)",,[]
2025-11-18 21:57:00+00:00,"Signal(ts=2025-11-18 21:57:00+00:00, action=HOLD, qty=0, strategy=Momentum)",,[]
2025-11-18 21:58:00+00:00,"Signal(ts=2025-11-18 21:58:00+00:00, action=HOLD, qty=0, strategy=Momentum)",,[]
2025-11-18 21:59:00+00:00,"Signal(ts=2025-11-18 21:59:00+00:00, action=HOLD, qty=0, strategy=Momentum)",,[]
2025-11-18 22:00:00+00:00,"Signal(ts=2025-11-18 22:00:00+00:00, action=HOLD, qty=0, strategy=Momentum)",,[]
2025-11-18 22:01:00+00:00,"Signal(ts=2025-11-18 22:01:00+00:00, action=HOLD, qty=0, strategy=Momentum)",,[]
2025-11-18 22:02:00+00:00,"Signal(ts=2025-11-18 22:02:00+00:00, action=HOLD, qty=0, strategy=Momentum)",,[]
2025-11-18 22:03:00+00:00,"Signal(ts=2025-11-18 22:03:00+00:00, action=HOLD, qty=0, strategy=Momentum)",,[]
2025-11-18 22:04:00+00:00,"Signal(ts=2025-11-18 22:04:00+00:00, action=HOLD, qty=0, strategy=Momentum)",,[]
2025-11-18 22:05:00+00:00,"Signal(ts=2025-11-18 22:05:00+00:00, action=HOLD, qty=0, strategy=Momentum)",,[]
2025-11-18 22:06:00+00:00,"Signal(ts=2025-11-18 22:06:00+00:00, action=HOLD, qty=0, strategy=Momentum)",,[]
2025-11-18 22:07:00+00:00,"Signal(ts=2025-11-18 22:07:00+00:00, action=HOLD, qty=0, strategy=Momentum)",,[]
2025-11-18 22:08:00+00:00,"Signal(ts=2025-11-18 22:08:00+00:00, action=HOLD, qty=0, strategy=Momentum)",,[]
2025-11-18 22:09:00+00:00,"Signal(ts=2025-11-18 22:09:00+00:00, action=HOLD, qty=0, strategy=Momentum)",,[]
2025-11-18 22:11:00+00:00,"Signal(ts=2025-11-18 22:11:00+00:00, action=HOLD, qty=0, strategy=Momentum)",,[]
2025-11-18 22:12:00+00:00,"Signal(ts=2025-11-18 22:12:00+00:00, action=HOLD, qty=0, strategy=Momentum)",,[]
2025-11-18 22:13:00+00:00,"Signal(ts=2025-11-18 22:13:00+00:00, action=HOLD, qty=0, strategy=Momentum)",,[]
2025-11-18 22:14:00+00:00,"Signal(ts=2025-11-18 22:14:00+00:00, action=HOLD, qty=0, strategy=Momentum)",,[]
2025-11-18 22:15:00+00:00,"Signal(ts=2025-11-18 22:15:00+00:00, action=HOLD, qty=0, strategy=Momentum)",,[]
2025-11-18 22:16:00+00:00,"Signal(ts=2025-11-18 22:16:00+00:00, action=HOLD, qty=0, strategy=Momentum)",,[]
2025-11-18 22:17:00+00:00,"Signal(ts=2025-11-18 22:17:00+00:00, action=HOLD, qty=0, strategy=Momentum)",,[]
2025-11-18 22:18:00+00:00,"Signal(ts=2025-11-18 22:18:00+00:00, action=HOLD, qty=0, strategy=Momentum)",,[]
2025-11-18 22:19:00+00:00,"Signal(ts=2025-11-18 22:19:00+00:00, action=HOLD, qty=0, strategy=Momentum)",,[]
2025-11-18 22:20:00+00:00,"Signal(ts=2025-11-18 22:20:00+00:00, action=HOLD, qty=0, strategy=Momentum)",,[]
2025-11-18 22:21:00+00:00,"Signal(ts=2025-11-18 22:21:00+00:00, action=HOLD, qty=0, strategy=Momentum)",,[]
2025-11-18 22:22:00+00:00,"Signal(ts=2025-11-18 22:22:00+00:00, action=HOLD, qty=0, strategy=Momentum)",,[]
2025-11-18 22:23:00+00:00,"Signal(ts=2025-11-18 22:23:00+00:00, action=HOLD, qty=0, strategy=Momentum)",,[]
2025-11-18 22:24:00+00:00,"Signal(ts=2025-11-18 22:24:00+00:00, action=HOLD, qty=0, strategy=Momentum)",,[]
2025-11-18 22:25:00+00:00,"Signal(ts=2025-11-18 22:25:00+00:00, action=HOLD, qty=0, strategy=Momentum)",,[]
2025-11-18 22:26:00+00:00,"Signal(ts=2025-11-18 22:26:00+00:00, action=HOLD, qty=0, strategy=Momentum)",,[]
2025-11-18 22:27:00+00:00,"Signal(ts=2025-11-18 22:27:00+00:00, action=HOLD, qty=0, strategy=Momentum)",,[]
2025-11-18 22:28:00+00:00,"Signal(ts=2025-11-18 22:28:00+00:00, action=HOLD, qty=0, strategy=Momentum)",,[]
2025-11-18 22:29:00+00:00,"Signal(ts=2025-11-18 22:29:00+00:00, action=HOLD, qty=0, strategy=Momentum)",,[]
2025-11-18 22:30:00+00:00,"Signal(ts=2025-11-18 22:30:00+00:00, action=HOLD, qty=0, strategy=Momentum)",,[]
2025-11-18 22:31:00+00:00,"Signal(ts=2025-11-18 22:31:00+00:00, action=HOLD, qty=0, strategy=Momentum)",,[]
2025-11-18 22:32:00+00:00,"Signal(ts=2025-11-18 22:32:00+00:00, action=HOLD, qty=0, strategy=Momentum)",,[]
2025-11-18 22:33:00+00:00,"Signal(ts=2025-11-18 22:33:00+00:00, action=HOLD, qty=0, strategy=Momentum)",,[]
2025-11-18 22:34:00+00:00,"Signal(ts=2025-11-18 22:34:00+00:00, action=HOLD, qty=0, strategy=Momentum)",,[]
2025-11-18 22:35:00+00:00,"Signal(ts=2025-11-18 22:35:00+00:00, action=HOLD, qty=0, strategy=Momentum)",,[]
2025-11-18 22:36:00+00:00,"Signal(ts=2025-11-18 22:36:00+00:00, action=HOLD, qty=0, strategy=Momentum)",,[]
2025-11-18 22:37:00+00:00,"Signal(ts=2025-11-18 22:37:00+00:00, action=HOLD, qty=0, strategy=Momentum)",,[]
2025-11-18 22:38:00+00:00,"Signal(ts=2025-11-18 22:38:00+00:00, action=HOLD, qty=0, strategy=Momentum)",,[]
2025-11-18 22:39:00+00:00,"Signal(ts=2025-11-18 22:39:00+00:00, action=HOLD, qty=0, strategy=Momentum)",,[]
2025-11-18 22:40:00+00:00,"Signal(ts=2025-11-18 22:40:00+00:00, action=HOLD, qty=0, strategy=Momentum)",,[]
2025-11-18 22:41:00+00:00,"Signal(ts=2025-11-18 22:41:00+00:00, action=HOLD, qty=0, strategy=Momentum)",,[]
2025-11-18 22:42:00+00:00,"Signal(ts=2025-11-18 22:42:00+00:00, action=HOLD, qty=0, strategy=Momentum)",,[]
2025-11-18 22:43:00+00:00,"Signal(ts=2025-11-18 22:43:00+00:00, action=HOLD, qty=0, strategy=Momentum)",,[]
2025-11-18 22:44:00+00:00,"Signal(ts=2025-11-18 22:44:00+00:00, action=HOLD, qty=0, strategy=Momentum)",,[]
2025-11-18 22:45:00+00:00,"Signal(ts=2025-11-18 22:45:00+00:00, action=HOLD, qty=0, strategy=Momentum)",,[]
2025-11-18 22:46:00+00:00,"Signal(ts=2025-11-18 22:46:00+00:00, action=HOLD, qty=0, strategy=Momentum)",,[]
2025-11-18 22:47:00+00:00,"Signal(ts=2025-11-18 22:47:00+00:00, action=HOLD, qty=0, strategy=Momentum)",,[]
2025-11-18 22:48:00+00:00,"Signal(ts=2025-11-18 22:48:00+00:00, action=HOLD, qty=0, strategy=Momentum)",,[]
2025-11-18 22:49:00+00:00,"Signal(ts=2025-11-18 22:49:00+00:00, action=HOLD, qty=0, strategy=Momentum)",,[]
2025-11-18 22:50:00+00:00,"Signal(ts=2025-11-18 22:50:00+00:00, action=HOLD, qty=0, strategy=Momentum)",,[]
2025-11-18 22:51:00+00:00,"Signal(ts=2025-11-18 22:51:00+00:00, action=HOLD, qty=0, strategy=Momentum)",,[]
2025-11-18 22:52:00+00:00,"Signal(ts=2025-11-18 22:52:00+00:00, action=HOLD, qty=0, strategy=Momentum)",,[]
2025-11-18 22:53:00+00:00,"Signal(ts=2025-11-18 22:53:00+00:00, action=HOLD, qty=0, strategy=Momentum)",,[]
2025-11-18 22:54:00+00:00,"Signal(ts=2025-11-18 22:54:00+00:00, action=HOLD, qty=0, strategy=Momentum)",,[]
2025-11-18 22:55:00+00:00,"Signal(ts=2025-11-18 22:55:00+00:00, action=HOLD, qty=0, strategy=Momentum)",,[]
2025-11-18 22:56:00+00:00,"Signal(ts=2025-11-18 22:56:00+00:00, action=HOLD, qty=0, strategy=Momentum)",,[]
2025-11-18 22:57:00+00:00,"Signal(ts=2025-11-18 22:57:00+00:00, action=HOLD, qty=0, strategy=Momentum)",,[]
2025-11-18 22:58:00+00:00,"Signal(ts=2025-11-18 22:58:00+00:00, action=HOLD, qty=0, strategy=Momentum)",,[]
2025-11-18 22:59:00+00:00,"Signal(ts=2025-11-18 22:59:00+00:00, action=HOLD, qty=0, strategy=Momentum)",,[]
2025-11-18 23:00:00+00:00,"Signal(ts=2025-11-18 23:00:00+00:00, action=HOLD, qty=0, strategy=Momentum)",,[]
2025-11-18 23:01:00+00:00,"Signal(ts=2025-11-18 23:01:00+00:00, action=HOLD, qty=0, strategy=Momentum)",,[]
2025-11-18 23:02:00+00:00,"Signal(ts=2025-11-18 23:02:00+00:00, action=HOLD, qty=0, strategy=Momentum)",,[]
2025-11-18 23:03:00+00:00,"Signal(ts=2025-11-18 23:03:00+00:00, action=HOLD, qty=0, strategy=Momentum)",,[]
2025-11-18 23:04:00+00:00,"Signal(ts=2025-11-18 23:04:00+00:00, action=HOLD, qty=0, strategy=Momentum)",,[]
2025-11-18 23:05:00+00:00,"Signal(ts=2025-11-18 23:05:00+00:00, action=BUY, qty=4, strategy=Momentum)",1e87dd8f-147c-41e2-a6a5-25fb47bc5050,[]
2025-11-18 23:06:00+00:00,"Signal(ts=2025-11-18 23:06:00+00:00, action=BUY, qty=3, strategy=Momentum)",47830bc7-e838-4b0b-b55c-6a5e12a62c98,[]
2025-11-18 23:07:00+00:00,"Signal(ts=2025-11-18 23:07:00+00:00, action=BUY, qty=4, strategy=Momentum)",d59f6339-84d4-4095-b529-1d7b63f5e201,[]
2025-11-18 23:08:00+00:00,"Signal(ts=2025-11-18 23:08:00+00:00, action=BUY, qty=2, strategy=Momentum)",9425d230-8ce8-49b4-9bca-faa36180df9c,[]
2025-11-18 23:09:00+00:00,"Signal(ts=2025-11-18 23:09:00+00:00, action=BUY, qty=3, strategy=Momentum)",a27a59bf-ed2c-4a7c-8512-4eeddacb42d3,[]
2025-11-18 23:10:00+00:00,"Signal(ts=2025-11-18 23:10:00+00:00, action=BUY, qty=4, strategy=Momentum)",da64d0d4-7b99-4efd-883e-7ea46355b005,[]
2025-11-18 23:11:00+00:00,"Signal(ts=2025-11-18 23:11:00+00:00, action=BUY, qty=3, strategy=Momentum)",b9b9c803-dcad-47b9-a81f-c7774b86eebb,[]
2025-11-18 23:12:00+00:00,"Signal(ts=2025-11-18 23:12:00+00:00, action=BUY, qty=2, strategy=Momentum)",41a191ba-323c-4ec5-8855-4cc69019ef63,[]
2025-11-18 23:13:00+00:00,"Signal(ts=2025-11-18 23:13:00+00:00, action=BUY, qty=3, strategy=Momentum)",8f1a5e04-6b85-4020-9e82-42cadbde53e5,[]
2025-11-18 23:14:00+00:00,"Signal(ts=2025-11-18 23:14:00+00:00, action=BUY, qty=2, strategy=Momentum)",7a8387fe-95e2-47a1-83a6-a6320b36d5a5,[]
2025-11-18 23:15:00+00:00,"Signal(ts=2025-11-18 23:15:00+00:00, action=BUY, qty=2, strategy=Momentum)",d2716a91-b916-4f3c-93fb-52fb225cf7d6,[]
2025-11-18 23:16:00+00:00,"Signal(ts=2025-11-18 23:16:00+00:00, action=BUY, qty=3, strategy=Momentum)",b704f4ab-9a78-4e82-8588-bc03d675c17b,[]
2025-11-18 23:17:00+00:00,"Signal(ts=2025-11-18 23:17:00+00:00, action=BUY, qty=3, strategy=Momentum)",3fc057b3-d189-408d-b546-298d74efef0c,[]
2025-11-18 23:18:00+00:00,"Signal(ts=2025-11-18 23:18:00+00:00, action=BUY, qty=2, strategy=Momentum)",e4e95d8e-f0d4-41a9-87ec-9a25661e1cb1,[]
2025-11-18 23:19:00+00:00,"Signal(ts=2025-11-18 23:19:00+00:00, action=BUY, qty=2, strategy=Momentum)",515812aa-7ff4-4b4a-ad96-4d5d1d387a4b,[]
2025-11-18 23:20:00+00:00,"Signal(ts=2025-11-18 23:20:00+00:00, action=BUY, qty=2, strategy=Momentum)",9986f0d9-19b7-4f8a-9f8b-0bfa8a608879,[]
2025-11-18 23:21:00+00:00,"Signal(ts=2025-11-18 23:21:00+00:00, action=BUY, qty=3, strategy=Momentum)",5e245338-f783-4368-8e5c-c190a995f1a4,[]
2025-11-18 23:22:00+00:00,"Signal(ts=2025-11-18 23:22:00+00:00, action=BUY, qty=3, strategy=Momentum)",b17d4320-9f7e-4fa1-872a-96725a7a9b9c,[]
2025-11-18 23:23:00+00:00,"Signal(ts=2025-11-18 23:23:00+00:00, action=BUY, qty=3, strategy=Momentum)",d196ec53-7436-4b68-86bf-3bf7043208fe,[]
2025-11-18 23:24:00+00:00,"Signal(ts=2025-11-18 23:24:00+00:00, action=BUY, qty=4, strategy=Momentum)",747a9607-27e9-4bfe-a9b9-ea8a50aa4436,[]
2025-11-18 23:25:00+00:00,"Signal(ts=2025-11-18 23:25:00+00:00, action=BUY, qty=4, strategy=Momentum)",1272b8fa-01e5-498b-8950-e41c9fcb9936,[]
2025-11-18 23:26:00+00:00,"Signal(ts=2025-11-18 23:26:00+00:00, action=BUY, qty=3, strategy=Momentum)",10a1c14e-96a7-4ad3-919a-9a41b7729441,[]
2025-11-18 23:27:00+00:00,"Signal(ts=2025-11-18 23:27:00+00:00, action=BUY, qty=3, strategy=Momentum)",c28ae87c-c75a-481b-bf3f-3b247801ad0a,[]
2025-11-18 23:28:00+00:00,"Signal(ts=2025-11-18 23:28:00+00:00, action=BUY, qty=2, strategy=Momentum)",eeec9d85-0bff-40bf-80a9-f41562512da6,[]
2025-11-18 23:29:00+00:00,"Signal(ts=2025-11-18 23:29:00+00:00, action=BUY, qty=2, strategy=Momentum)",c9b67125-0537-4ca1-b5ad-2a80c212404d,[]
2025-11-18 23:30:00+00:00,"Signal(ts=2025-11-18 23:30:00+00:00, action=BUY, qty=2, strategy=Momentum)",e17d6c74-fd52-4c70-aebf-9a0b0049c98e,[]
2025-11-18 23:31:00+00:00,"Signal(ts=2025-11-18 23:31:00+00:00, action=BUY, qty=2, strategy=Momentum)",cbfcbf6a-8a93-450b-b614-fbfdfa0d7922,[]
2025-11-18 23:32:00+00:00,"Signal(ts=2025-11-18 23:32:00+00:00, action=BUY, qty=2, strategy=Momentum)",698e7c25-fdb7-44b0-a6af-344ea008fc75,[]
2025-11-18 23:33:00+00:00,"Signal(ts=2025-11-18 23:33:00+00:00, action=HOLD, qty=0, strategy=Momentum)",,[]
2025-11-18 23:34:00+00:00,"Signal(ts=2025-11-18 23:34:00+00:00, action=HOLD, qty=0, strategy=Momentum)",,[]
2025-11-18 23:35:00+00:00,"Signal(ts=2025-11-18 23:35:00+00:00, action=HOLD, qty=0, strategy=Momentum)",,[]
2025-11-18 23:36:00+00:00,"Signal(ts=2025-11-18 23:36:00+00:00, action=HOLD, qty=0, strategy=Momentum)",,[]
2025-11-18 23:37:00+00:00,"Signal(ts=2025-11-18 23:37:00+00:00, action=HOLD, qty=0, strategy=Momentum)",,[]
2025-11-18 23:38:00+00:00,"Signal(ts=2025-11-18 23:38:00+00:00, action=HOLD, qty=0, strategy=Momentum)",,[]
2025-11-18 23:39:00+00:00,"Signal(ts=2025-11-18 23:39:00+00:00, action=HOLD, qty=0, strategy=Momentum)",,[]
2025-11-18 23:40:00+00:00,"Signal(ts=2025-11-18 23:40:00+00:00, action=HOLD, qty=0, strategy=Momentum)",,[]
2025-11-18 23:41:00+00:00,"Signal(ts=2025-11-18 23:41:00+00:00, action=HOLD, qty=0, strategy=Momentum)",,[]
2025-11-18 23:42:00+00:00,"Signal(ts=2025-11-18 23:42:00+00:00, action=HOLD, qty=0, strategy=Momentum)",,[]
2025-11-18 23:43:00+00:00,"Signal(ts=2025-11-18 23:43:00+00:00, action=HOLD, qty=0, strategy=Momentum)",,[]
2025-11-18 23:44:00+00:00,"Signal(ts=2025-11-18 23:44:00+00:00, action=HOLD, qty=0, strategy=Momentum)",,[]
2025-11-18 23:45:00+00:00,"Signal(ts=2025-11-18 23:45:00+00:00, action=HOLD, qty=0, strategy=Momentum)",,[]
2025-11-18 23:46:00+00:00,"Signal(ts=2025-11-18 23:46:00+00:00, action=HOLD, qty=0, strategy=Momentum)",,[]
2025-11-18 23:47:00+00:00,"Signal(ts=2025-11-18 23:47:00+00:00, action=HOLD, qty=0, strategy=Momentum)",,[]
2025-11-18 23:48:00+00:00,"Signal(ts=2025-11-18 23:48:00+00:00, action=HOLD, qty=0, strategy=Momentum)",,[]
2025-11-18 23:49:00+00:00,"Signal(ts=2025-11-18 23:49:00+00:00, action=HOLD, qty=0, strategy=Momentum)",,[]
2025-11-18 23:50:00+00:00,"Signal(ts=2025-11-18 23:50:00+00:00, action=HOLD, qty=0, strategy=Momentum)",,[]
2025-11-18 23:51:00+00:00,"Signal(ts=2025-11-18 23:51:00+00:00, action=HOLD, qty=0, strategy=Momentum)",,[]
2025-11-18 23:52:00+00:00,"Signal(ts=2025-11-18 23:52:00+00:00, action=HOLD, qty=0, strategy=Momentum)",,[]
2025-11-18 23:53:00+00:00,"Signal(ts=2025-11-18 23:53:00+00:00, action=HOLD, qty=0, strategy=Momentum)",,[]
2025-11-18 23:54:00+00:00,"Signal(ts=2025-11-18 23:54:00+00:00, action=HOLD, qty=0, strategy=Momentum)",,[]
2025-11-18 23:55:00+00:00,"Signal(ts=2025-11-18 23:55:00+00:00, action=HOLD, qty=0, strategy=Momentum)",,[]
2025-11-18 23:56:00+00:00,"Signal(ts=2025-11-18 23:56:00+00:00, action=HOLD, qty=0, strategy=Momentum)",,[]
2025-11-18 23:57:00+00:00,"Signal(ts=2025-11-18 23:57:00+00:00, action=HOLD, qty=0, strategy=Momentum)",,[]
2025-11-18 23:58:00+00:00,"Signal(ts=2025-11-18 23:58:00+00:00, action=HOLD, qty=0, strategy=Momentum)",,[]
2025-11-18 23:59:00+00:00,"Signal(ts=2025-11-18 23:59:00+00:00, action=HOLD, qty=0, strategy=Momentum)",,[]
2025-11-19 00:00:00+00:00,"Signal(ts=2025-11-19 00:00:00+00:00, action=HOLD, qty=0, strategy=Momentum)",,[]
2025-11-19 00:01:00+00:00,"Signal(ts=2025-11-19 00:01:00+00:00, action=HOLD, qty=0, strategy=Momentum)",,[]
2025-11-19 00:02:00+00:00,"Signal(ts=2025-11-19 00:02:00+00:00, action=SELL, qty=2, strategy=Momentum)",8f667e30-0a7a-4cd4-bf1e-f001087d5c1e,"[{'price': 267.01, 'qty': 1, 'buy_id': 'bdfe263e-c804-498f-a821-1b36f65c7edc', 'sell_id': '8f667e30-0a7a-4cd4-bf1e-f001087d5c1e', 'timestamp': 1763961950.2621856}, {'price': 267.01, 'qty': 1, 'buy_id': '300fbdba-fd1f-49a2-bdc2-00b20eaa8b56', 'sell_id': '8f667e30-0a7a-4cd4-bf1e-f001087d5c1e', 'timestamp': 1763961950.2621856}]"
2025-11-19 00:03:00+00:00,"Signal(ts=2025-11-19 00:03:00+00:00, action=SELL, qty=2, strategy=Momentum)",4f5d1c6f-f29e-46d1-9eca-cc1aeb9715fc,"[{'price': 267.25, 'qty': 1, 'buy_id': '300fbdba-fd1f-49a2-bdc2-00b20eaa8b56', 'sell_id': '4f5d1c6f-f29e-46d1-9eca-cc1aeb9715fc', 'timestamp': 1763961950.2631786}, {'price': 267.25, 'qty': 1, 'buy_id': 'd5765eea-19f0-4e13-a1f3-e04074207004', 'sell_id': '4f5d1c6f-f29e-46d1-9eca-cc1aeb9715fc', 'timestamp': 1763961950.2631786}]"
2025-11-19 00:04:00+00:00,"Signal(ts=2025-11-19 00:04:00+00:00, action=SELL, qty=2, strategy=Momentum)",1a9af149-0da2-4f6d-8009-888ed2cfe369,"[{'price': 267.25, 'qty': 1, 'buy_id': 'd5765eea-19f0-4e13-a1f3-e04074207004', 'sell_id': '1a9af149-0da2-4f6d-8009-888ed2cfe369', 'timestamp': 1763961950.26586}, {'price': 267.25, 'qty': 1, 'buy_id': '5ff79001-9774-4f18-9383-e2b121bcb715', 'sell_id': '1a9af149-0da2-4f6d-8009-888ed2cfe369', 'timestamp': 1763961950.26586}]"
2025-11-19 00:05:00+00:00,"Signal(ts=2025-11-19 00:05:00+00:00, action=SELL, qty=3, strategy=Momentum)",706316ac-30d6-415c-8119-5c2060ada5bb,"[{'price': 267.01, 'qty': 1, 'buy_id': '5ff79001-9774-4f18-9383-e2b121bcb715', 'sell_id': '706316ac-30d6-415c-8119-5c2060ada5bb', 'timestamp': 1763961950.2670712}, {'price': 267.01, 'qty': 2, 'buy_id': '747a9607-27e9-4bfe-a9b9-ea8a50aa4436', 'sell_id': '706316ac-30d6-415c-8119-5c2060ada5bb', 'timestamp': 1763961950.2670712}]"
2025-11-19 00:06:00+00:00,"Signal(ts=2025-11-19 00:06:00+00:00, action=SELL, qty=3, strategy=Momentum)",e66469bf-899f-4a6a-9cc0-c90ca9e7e268,"[{'price': 267.02, 'qty': 2, 'buy_id': '747a9607-27e9-4bfe-a9b9-ea8a50aa4436', 'sell_id': 'e66469bf-899f-4a6a-9cc0-c90ca9e7e268', 'timestamp': 1763961950.2680607}, {'price': 267.02, 'qty': 1, 'buy_id': '1272b8fa-01e5-498b-8950-e41c9fcb9936', 'sell_id': 'e66469bf-899f-4a6a-9cc0-c90ca9e7e268', 'timestamp': 1763961950.2680607}]"
2025-11-19 00:07:00+00:00,"Signal(ts=2025-11-19 00:07:00+00:00, action=SELL, qty=2, strategy=Momentum)",25896a9d-edaa-484b-b999-860daa505255,"[{'price': 267.02, 'qty': 2, 'buy_id': '1272b8fa-01e5-498b-8950-e41c9fcb9936', 'sell_id': '25896a9d-edaa-484b-b999-860daa505255', 'timestamp': 1763961950.2700608}]"
2025-11-19 00:08:00+00:00,"Signal(ts=2025-11-19 00:08:00+00:00, action=HOLD, qty=0, strategy=Momentum)",,[]
2025-11-19 00:09:00+00:00,"Signal(ts=2025-11-19 00:09:00+00:00, action=HOLD, qty=0, strategy=Momentum)",,[]
2025-11-19 00:10:00+00:00,"Signal(ts=2025-11-19 00:10:00+00:00, action=SELL, qty=3, strategy=Momentum)",fbf3a0da-2905-4d39-95fc-93953d6b5b20,"[{'price': 267.13, 'qty': 1, 'buy_id': '1272b8fa-01e5-498b-8950-e41c9fcb9936', 'sell_id': 'fbf3a0da-2905-4d39-95fc-93953d6b5b20', 'timestamp': 1763961950.2726028}, {'price': 267.13, 'qty': 2, 'buy_id': 'cbfcbf6a-8a93-450b-b614-fbfdfa0d7922', 'sell_id': 'fbf3a0da-2905-4d39-95fc-93953d6b5b20', 'timestamp': 1763961950.2726028}]"
2025-11-19 00:11:00+00:00,"Signal(ts=2025-11-19 00:11:00+00:00, action=HOLD, qty=0, strategy=Momentum)",,[]
2025-11-19 00:12:00+00:00,"Signal(ts=2025-11-19 00:12:00+00:00, action=HOLD, qty=0, strategy=Momentum)",,[]
2025-11-19 00:13:00+00:00,"Signal(ts=2025-11-19 00:13:00+00:00, action=HOLD, qty=0, strategy=Momentum)",,[]
2025-11-19 00:14:00+00:00,"Signal(ts=2025-11-19 00:14:00+00:00, action=SELL, qty=3, strategy=Momentum)",d1ae0543-1221-4064-b041-9d2af3e9792f,"[{'price': 267.11, 'qty': 2, 'buy_id': '698e7c25-fdb7-44b0-a6af-344ea008fc75', 'sell_id': 'd1ae0543-1221-4064-b041-9d2af3e9792f', 'timestamp': 1763961950.2773147}, {'price': 267.11, 'qty': 1, 'buy_id': '1e87dd8f-147c-41e2-a6a5-25fb47bc5050', 'sell_id': 'd1ae0543-1221-4064-b041-9d2af3e9792f', 'timestamp': 1763961950.2773147}]"
2025-11-19 00:15:00+00:00,"Signal(ts=2025-11-19 00:15:00+00:00, action=SELL, qty=2, strategy=Momentum)",9a211af0-7f0d-46c5-a7e6-e801c9619764,"[{'price': 267.16, 'qty': 2, 'buy_id': '1e87dd8f-147c-41e2-a6a5-25fb47bc5050', 'sell_id': '9a211af0-7f0d-46c5-a7e6-e801c9619764', 'timestamp': 1763961950.2817729}]"
2025-11-19 00:16:00+00:00,"Signal(ts=2025-11-19 00:16:00+00:00, action=HOLD, qty=0, strategy=Momentum)",,[]
2025-11-19 00:17:00+00:00,"Signal(ts=2025-11-19 00:17:00+00:00, action=SELL, qty=3, strategy=Momentum)",fe07b6bd-0103-4349-b43e-17f643e6463b,"[{'price': 266.55, 'qty': 1, 'buy_id': '1e87dd8f-147c-41e2-a6a5-25fb47bc5050', 'sell_id': 'fe07b6bd-0103-4349-b43e-17f643e6463b', 'timestamp': 1763961950.2847779}, {'price': 266.55, 'qty': 2, 'buy_id': 'c9b67125-0537-4ca1-b5ad-2a80c212404d', 'sell_id': 'fe07b6bd-0103-4349-b43e-17f643e6463b', 'timestamp': 1763961950.2847779}]"
2025-11-19 00:18:00+00:00,"Signal(ts=2025-11-19 00:18:00+00:00, action=SELL, qty=2, strategy=Momentum)",6699320c-89e5-4d2c-9cfb-ef8197a814be,"[{'price': 266.9, 'qty': 2, 'buy_id': 'e17d6c74-fd52-4c70-aebf-9a0b0049c98e', 'sell_id': '6699320c-89e5-4d2c-9cfb-ef8197a814be', 'timestamp': 1763961950.2857773}]"
2025-11-19 00:19:00+00:00,"Signal(ts=2025-11-19 00:19:00+00:00, action=SELL, qty=3, strategy=Momentum)",0c28f4f4-d006-49f7-9fbc-70f17cfe878b,"[{'price': 266.83, 'qty': 3, 'buy_id': 'd59f6339-84d4-4095-b529-1d7b63f5e201', 'sell_id': '0c28f4f4-d006-49f7-9fbc-70f17cfe878b', 'timestamp': 1763961950.2857773}]"
2025-11-19 00:20:00+00:00,"Signal(ts=2025-11-19 00:20:00+00:00, action=SELL, qty=3, strategy=Momentum)",eea9ff5f-2099-48bd-acf6-2455d0751319,"[{'price': 266.8002, 'qty': 1, 'buy_id': 'd59f6339-84d4-4095-b529-1d7b63f5e201', 'sell_id': 'eea9ff5f-2099-48bd-acf6-2455d0751319', 'timestamp': 1763961950.2857773}, {'price': 266.8002, 'qty': 2, 'buy_id': 'da64d0d4-7b99-4efd-883e-7ea46355b005', 'sell_id': 'eea9ff5f-2099-48bd-acf6-2455d0751319', 'timestamp': 1763961950.2857773}]"
2025-11-19 00:21:00+00:00,"Signal(ts=2025-11-19 00:21:00+00:00, action=SELL, qty=3, strategy=Momentum)",7655ffce-b28b-4f35-9f13-c62b8fda26b6,"[{'price': 266.67, 'qty': 2, 'buy_id': 'da64d0d4-7b99-4efd-883e-7ea46355b005', 'sell_id': '7655ffce-b28b-4f35-9f13-c62b8fda26b6', 'timestamp': 1763961950.2857773}, {'price': 266.67, 'qty': 1, 'buy_id': '3fc057b3-d189-408d-b546-298d74efef0c', 'sell_id': '7655ffce-b28b-4f35-9f13-c62b8fda26b6', 'timestamp': 1763961950.2857773}]"
2025-11-19 00:22:00+00:00,"Signal(ts=2025-11-19 00:22:00+00:00, action=SELL, qty=4, strategy=Momentum)",be2beafe-ca3c-4c68-b647-72ec8463efc8,"[{'price': 266.56, 'qty': 2, 'buy_id': '3fc057b3-d189-408d-b546-298d74efef0c', 'sell_id': 'be2beafe-ca3c-4c68-b647-72ec8463efc8', 'timestamp': 1763961950.2857773}, {'price': 266.56, 'qty': 2, 'buy_id': 'b17d4320-9f7e-4fa1-872a-96725a7a9b9c', 'sell_id': 'be2beafe-ca3c-4c68-b647-72ec8463efc8', 'timestamp': 1763961950.2857773}]"
2025-11-19 00:23:00+00:00,"Signal(ts=2025-11-19 00:23:00+00:00, action=SELL, qty=2, strategy=Momentum)",a07f8b2e-d8e9-4143-a079-ac499498dade,"[{'price': 266.989, 'qty': 1, 'buy_id': 'b17d4320-9f7e-4fa1-872a-96725a7a9b9c', 'sell_id': 'a07f8b2e-d8e9-4143-a079-ac499498dade', 'timestamp': 1763961950.2930796}, {'price': 266.989, 'qty': 1, 'buy_id': 'd196ec53-7436-4b68-86bf-3bf7043208fe', 'sell_id': 'a07f8b2e-d8e9-4143-a079-ac499498dade', 'timestamp': 1763961950.2930796}]"
2025-11-19 00:24:00+00:00,"Signal(ts=2025-11-19 00:24:00+00:00, action=SELL, qty=2, strategy=Momentum)",dd87ec1a-56d6-40c8-8b30-4b31b3aeca63,"[{'price': 266.9, 'qty': 2, 'buy_id': 'd196ec53-7436-4b68-86bf-3bf7043208fe', 'sell_id': 'dd87ec1a-56d6-40c8-8b30-4b31b3aeca63', 'timestamp': 1763961950.294089}]"
2025-11-19 00:25:00+00:00,"Signal(ts=2025-11-19 00:25:00+00:00, action=SELL, qty=2, strategy=Momentum)",6c4c75e1-c9b5-416c-b3c3-16121d326a3f,"[{'price': 266.99, 'qty': 1, 'buy_id': 'c6d9eb5b-28c3-4269-92f5-6052705a4ade', 'sell_id': '6c4c75e1-c9b5-416c-b3c3-16121d326a3f', 'timestamp': 1763961950.296919}, {'price': 266.99, 'qty': 1, 'buy_id': 'b9b9c803-dcad-47b9-a81f-c7774b86eebb', 'sell_id': '6c4c75e1-c9b5-416c-b3c3-16121d326a3f', 'timestamp': 1763961950.296919}]"
2025-11-19 00:26:00+00:00,"Signal(ts=2025-11-19 00:26:00+00:00, action=SELL, qty=3, strategy=Momentum)",b7dfc1d2-b166-435b-b466-59253363f08b,"[{'price': 267.0, 'qty': 2, 'buy_id': 'b9b9c803-dcad-47b9-a81f-c7774b86eebb', 'sell_id': 'b7dfc1d2-b166-435b-b466-59253363f08b', 'timestamp': 1763961950.296919}, {'price': 267.0, 'qty': 1, 'buy_id': '47830bc7-e838-4b0b-b55c-6a5e12a62c98', 'sell_id': 'b7dfc1d2-b166-435b-b466-59253363f08b', 'timestamp': 1763961950.296919}]"
2025-11-19 00:27:00+00:00,"Signal(ts=2025-11-19 00:27:00+00:00, action=SELL, qty=3, strategy=Momentum)",6baac670-1269-4886-8f94-38925ad9bc82,"[{'price': 266.7371, 'qty': 2, 'buy_id': '47830bc7-e838-4b0b-b55c-6a5e12a62c98', 'sell_id': '6baac670-1269-4886-8f94-38925ad9bc82', 'timestamp': 1763961950.3001454}, {'price': 266.7371, 'qty': 1, 'buy_id': '8f1a5e04-6b85-4020-9e82-42cadbde53e5', 'sell_id': '6baac670-1269-4886-8f94-38925ad9bc82', 'timestamp': 1763961950.3001454}]"
2025-11-19 00:28:00+00:00,"Signal(ts=2025-11-19 00:28:00+00:00, action=SELL, qty=2, strategy=Momentum)",43f942f4-a299-4d20-bc82-6c9207ce9605,"[{'price': 266.99, 'qty': 2, 'buy_id': '8f1a5e04-6b85-4020-9e82-42cadbde53e5', 'sell_id': '43f942f4-a299-4d20-bc82-6c9207ce9605', 'timestamp': 1763961950.301142}]"
2025-11-19 00:29:00+00:00,"Signal(ts=2025-11-19 00:29:00+00:00, action=SELL, qty=3, strategy=Momentum)",b2a5a784-0881-4071-8b81-593c1a1e8fa1,"[{'price': 266.65, 'qty': 3, 'buy_id': '10a1c14e-96a7-4ad3-919a-9a41b7729441', 'sell_id': 'b2a5a784-0881-4071-8b81-593c1a1e8fa1', 'timestamp': 1763961950.3021417}]"
2025-11-19 00:30:00+00:00,"Signal(ts=2025-11-19 00:30:00+00:00, action=SELL, qty=3, strategy=Momentum)",6d8eb9ec-c35b-4885-acba-56012b95cb3b,"[{'price': 266.79, 'qty': 3, 'buy_id': 'c28ae87c-c75a-481b-bf3f-3b247801ad0a', 'sell_id': '6d8eb9ec-c35b-4885-acba-56012b95cb3b', 'timestamp': 1763961950.3031418}]"
2025-11-19 00:31:00+00:00,"Signal(ts=2025-11-19 00:31:00+00:00, action=HOLD, qty=0, strategy=Momentum)",,[]
2025-11-19 00:32:00+00:00,"Signal(ts=2025-11-19 00:32:00+00:00, action=HOLD, qty=0, strategy=Momentum)",,[]
2025-11-19 00:33:00+00:00,"Signal(ts=2025-11-19 00:33:00+00:00, action=HOLD, qty=0, strategy=Momentum)",,[]
2025-11-19 00:34:00+00:00,"Signal(ts=2025-11-19 00:34:00+00:00, action=HOLD, qty=0, strategy=Momentum)",,[]
2025-11-19 00:35:00+00:00,"Signal(ts=2025-11-19 00:35:00+00:00, action=HOLD, qty=0, strategy=Momentum)",,[]
2025-11-19 00:36:00+00:00,"Signal(ts=2025-11-19 00:36:00+00:00, action=HOLD, qty=0, strategy=Momentum)",,[]
2025-11-19 00:37:00+00:00,"Signal(ts=2025-11-19 00:37:00+00:00, action=HOLD, qty=0, strategy=Momentum)",,[]
2025-11-19 00:38:00+00:00,"Signal(ts=2025-11-19 00:38:00+00:00, action=SELL, qty=2, strategy=Momentum)",f5b137c2-8b8e-4d3a-b00f-93c945510de4,"[{'price': 266.84, 'qty': 2, 'buy_id': '233bab12-bf93-4520-849d-0cfa3ce5938a', 'sell_id': 'f5b137c2-8b8e-4d3a-b00f-93c945510de4', 'timestamp': 1763961950.3173234}]"
2025-11-19 00:39:00+00:00,"Signal(ts=2025-11-19 00:39:00+00:00, action=HOLD, qty=0, strategy=Momentum)",,[]
2025-11-19 00:40:00+00:00,"Signal(ts=2025-11-19 00:40:00+00:00, action=SELL, qty=2, strategy=Momentum)",1905ec21-2a0a-4c28-98e7-c123c5b49f68,"[{'price': 266.9, 'qty': 2, 'buy_id': '233bab12-bf93-4520-849d-0cfa3ce5938a', 'sell_id': '1905ec21-2a0a-4c28-98e7-c123c5b49f68', 'timestamp': 1763961950.32031}]"
2025-11-19 00:41:00+00:00,"Signal(ts=2025-11-19 00:41:00+00:00, action=SELL, qty=2, strategy=Momentum)",56864b92-8fbe-4b8e-8ea8-8325788dc52a,"[{'price': 266.8, 'qty': 2, 'buy_id': '515812aa-7ff4-4b4a-ad96-4d5d1d387a4b', 'sell_id': '56864b92-8fbe-4b8e-8ea8-8325788dc52a', 'timestamp': 1763961950.32031}]"
2025-11-19 00:42:00+00:00,"Signal(ts=2025-11-19 00:42:00+00:00, action=HOLD, qty=0, strategy=Momentum)",,[]
2025-11-19 00:43:00+00:00,"Signal(ts=2025-11-19 00:43:00+00:00, action=HOLD, qty=0, strategy=Momentum)",,[]
2025-11-19 00:44:00+00:00,"Signal(ts=2025-11-19 00:44:00+00:00, action=HOLD, qty=0, strategy=Momentum)",,[]
2025-11-19 00:45:00+00:00,"Signal(ts=2025-11-19 00:45:00+00:00, action=HOLD, qty=0, strategy=Momentum)",,[]
2025-11-19 00:46:00+00:00,"Signal(ts=2025-11-19 00:46:00+00:00, action=HOLD, qty=0, strategy=Momentum)",,[]
2025-11-19 00:47:00+00:00,"Signal(ts=2025-11-19 00:47:00+00:00, action=HOLD, qty=0, strategy=Momentum)",,[]
2025-11-19 00:48:00+00:00,"Signal(ts=2025-11-19 00:48:00+00:00, action=BUY, qty=2, strategy=Momentum)",64f81d7d-c6cb-4508-bd32-8137417360d3,[]
2025-11-19 00:49:00+00:00,"Signal(ts=2025-11-19 00:49:00+00:00, action=HOLD, qty=0, strategy=Momentum)",,[]
2025-11-19 00:50:00+00:00,"Signal(ts=2025-11-19 00:50:00+00:00, action=HOLD, qty=0, strategy=Momentum)",,[]
2025-11-19 00:51:00+00:00,"Signal(ts=2025-11-19 00:51:00+00:00, action=HOLD, qty=0, strategy=Momentum)",,[]
2025-11-19 00:52:00+00:00,"Signal(ts=2025-11-19 00:52:00+00:00, action=HOLD, qty=0, strategy=Momentum)",,[]
2025-11-19 00:53:00+00:00,"Signal(ts=2025-11-19 00:53:00+00:00, action=HOLD, qty=0, strategy=Momentum)",,[]
2025-11-19 00:54:00+00:00,"Signal(ts=2025-11-19 00:54:00+00:00, action=HOLD, qty=0, strategy=Momentum)",,[]
2025-11-19 00:55:00+00:00,"Signal(ts=2025-11-19 00:55:00+00:00, action=HOLD, qty=0, strategy=Momentum)",,[]
2025-11-19 00:56:00+00:00,"Signal(ts=2025-11-19 00:56:00+00:00, action=HOLD, qty=0, strategy=Momentum)",,[]
2025-11-19 00:57:00+00:00,"Signal(ts=2025-11-19 00:57:00+00:00, action=HOLD, qty=0, strategy=Momentum)",,[]
2025-11-19 00:58:00+00:00,"Signal(ts=2025-11-19 00:58:00+00:00, action=HOLD, qty=0, strategy=Momentum)",,[]
2025-11-19 00:59:00+00:00,"Signal(ts=2025-11-19 00:59:00+00:00, action=HOLD, qty=0, strategy=Momentum)",,[]
