timestamp,signal,order_id,trades
2025-11-18 09:00:00+00:00,"Signal(ts=2025-11-18 09:00:00+00:00, action=HOLD, qty=0, strategy=Momentum)",,[]
2025-11-18 09:02:00+00:00,"Signal(ts=2025-11-18 09:02:00+00:00, action=HOLD, qty=0, strategy=Momentum)",,[]
2025-11-18 09:03:00+00:00,"Signal(ts=2025-11-18 09:03:00+00:00, action=HOLD, qty=0, strategy=Momentum)",,[]
2025-11-18 09:04:00+00:00,"Signal(ts=2025-11-18 09:04:00+00:00, action=HOLD, qty=0, strategy=Momentum)",,[]
2025-11-18 09:05:00+00:00,"Signal(ts=2025-11-18 09:05:00+00:00, action=HOLD, qty=0, strategy=Momentum)",,[]
2025-11-18 09:06:00+00:00,"Signal(ts=2025-11-18 09:06:00+00:00, action=HOLD, qty=0, strategy=Momentum)",,[]
2025-11-18 09:07:00+00:00,"Signal(ts=2025-11-18 09:07:00+00:00, action=HOLD, qty=0, strategy=Momentum)",,[]
2025-11-18 09:08:00+00:00,"Signal(ts=2025-11-18 09:08:00+00:00, action=HOLD, qty=0, strategy=Momentum)",,[]
2025-11-18 09:09:00+00:00,"Signal(ts=2025-11-18 09:09:00+00:00, action=HOLD, qty=0, strategy=Momentum)",,[]
2025-11-18 09:10:00+00:00,"Signal(ts=2025-11-18 09:10:00+00:00, action=HOLD, qty=0, strategy=Momentum)",,[]
2025-11-18 09:12:00+00:00,"Signal(ts=2025-11-18 09:12:00+00:00, action=HOLD, qty=0, strategy=Momentum)",,[]
2025-11-18 09:13:00+00:00,"Signal(ts=2025-11-18 09:13:00+00:00, action=HOLD, qty=0, strategy=Momentum)",,[]
2025-11-18 09:14:00+00:00,"Signal(ts=2025-11-18 09:14:00+00:00, action=HOLD, qty=0, strategy=Momentum)",,[]
2025-11-18 09:15:00+00:00,"Signal(ts=2025-11-18 09:15:00+00:00, action=HOLD, qty=0, strategy=Momentum)",,[]
2025-11-18 09:16:00+00:00,"Signal(ts=2025-11-18 09:16:00+00:00, action=HOLD, qty=0, strategy=Momentum)",,[]
2025-11-18 09:17:00+00:00,"Signal(ts=2025-11-18 09:17:00+00:00, action=HOLD, qty=0, strategy=Momentum)",,[]
2025-11-18 09:19:00+00:00,"Signal(ts=2025-11-18 09:19:00+00:00, action=HOLD, qty=0, strategy=Momentum)",,[]
2025-11-18 09:20:00+00:00,"Signal(ts=2025-11-18 09:20:00+00:00, action=HOLD, qty=0, strategy=Momentum)",,[]
2025-11-18 09:21:00+00:00,"Signal(ts=2025-11-18 09:21:00+00:00, action=HOLD, qty=0, strategy=Momentum)",,[]
2025-11-18 09:22:00+00:00,"Signal(ts=2025-11-18 09:22:00+00:00, action=HOLD, qty=0, strategy=Momentum)",,[]
2025-11-18 09:23:00+00:00,"Signal(ts=2025-11-18 09:23:00+00:00, action=HOLD, qty=0, strategy=Momentum)",,[]
2025-11-18 09:24:00+00:00,"Signal(ts=2025-11-18 09:24:00+00:00, action=HOLD, qty=0, strategy=Momentum)",,[]
2025-11-18 09:25:00+00:00,"Signal(ts=2025-11-18 09:25:00+00:00, action=HOLD, qty=0, strategy=Momentum)",,[]
2025-11-18 09:26:00+00:00,"Signal(ts=2025-11-18 09:26:00+00:00, action=HOLD, qty=0, strategy=Momentum)",,[]
2025-11-18 09:27:00+00:00,"Signal(ts=2025-11-18 09:27:00+00:00, action=HOLD, qty=0, strategy=Momentum)",,[]
2025-11-18 09:28:00+00:00,"Signal(ts=2025-11-18 09:28:00+00:00, action=HOLD, qty=0, strategy=Momentum)",,[]
2025-11-18 09:30:00+00:00,"Signal(ts=2025-11-18 09:30:00+00:00, action=HOLD, qty=0, strategy=Momentum)",,[]
2025-11-18 09:32:00+00:00,"Signal(ts=2025-11-18 09:32:00+00:00, action=HOLD, qty=0, strategy=Momentum)",,[]
2025-11-18 09:33:00+00:00,"Signal(ts=2025-11-18 09:33:00+00:00, action=HOLD, qty=0, strategy=Momentum)",,[]
2025-11-18 09:34:00+00:00,"Signal(ts=2025-11-18 09:34:00+00:00, action=HOLD, qty=0, strategy=Momentum)",,[]
2025-11-18 09:35:00+00:00,"Signal(ts=2025-11-18 09:35:00+00:00, action=HOLD, qty=0, strategy=Momentum)",,[]
2025-11-18 09:36:00+00:00,"Signal(ts=2025-11-18 09:36:00+00:00, action=SELL, qty=1, strategy=Momentum)",a6768e48-6024-41bb-b134-ca78c394c11c,[]
2025-11-18 09:38:00+00:00,"Signal(ts=2025-11-18 09:38:00+00:00, action=SELL, qty=1, strategy=Momentum)",9315588f-385c-4119-8313-f5cbe2282fd8,[]
2025-11-18 09:39:00+00:00,"Signal(ts=2025-11-18 09:39:00+00:00, action=HOLD, qty=0, strategy=Momentum)",,[]
2025-11-18 09:40:00+00:00,"Signal(ts=2025-11-18 09:40:00+00:00, action=HOLD, qty=0, strategy=Momentum)",,[]
2025-11-18 09:41:00+00:00,"Signal(ts=2025-11-18 09:41:00+00:00, action=HOLD, qty=0, strategy=Momentum)",,[]
2025-11-18 09:42:00+00:00,"Signal(ts=2025-11-18 09:42:00+00:00, action=SELL, qty=2, strategy=Momentum)",44d9a1c1-1204-4bcb-a8e5-b56ba04fbff0,[]
2025-11-18 09:44:00+00:00,"Signal(ts=2025-11-18 09:44:00+00:00, action=SELL, qty=2, strategy=Momentum)",526ec659-3d49-49f0-8684-8ee1c1db1701,[]
2025-11-18 09:45:00+00:00,"Signal(ts=2025-11-18 09:45:00+00:00, action=SELL, qty=1, strategy=Momentum)",45492397-413e-48ba-aefd-ee0391b3c918,[]
2025-11-18 09:46:00+00:00,"Signal(ts=2025-11-18 09:46:00+00:00, action=SELL, qty=1, strategy=Momentum)",40049aab-c079-4c0f-bb0b-c758cbc2a9dd,[]
2025-11-18 09:47:00+00:00,"Signal(ts=2025-11-18 09:47:00+00:00, action=SELL, qty=1, strategy=Momentum)",ab9be61b-3d7e-4cd0-ac30-574974028f64,[]
2025-11-18 09:48:00+00:00,"Signal(ts=2025-11-18 09:48:00+00:00, action=SELL, qty=1, strategy=Momentum)",fc4a166c-a6ac-4144-9a7f-a307791120da,[]
2025-11-18 09:49:00+00:00,"Signal(ts=2025-11-18 09:49:00+00:00, action=SELL, qty=2, strategy=Momentum)",f0c3ab27-0e85-46c4-bd13-1ab835435251,[]
2025-11-18 09:50:00+00:00,"Signal(ts=2025-11-18 09:50:00+00:00, action=SELL, qty=1, strategy=Momentum)",73564829-9b98-4dea-a1c8-6389586d5b83,[]
2025-11-18 09:51:00+00:00,"Signal(ts=2025-11-18 09:51:00+00:00, action=HOLD, qty=0, strategy=Momentum)",,[]
2025-11-18 09:52:00+00:00,"Signal(ts=2025-11-18 09:52:00+00:00, action=HOLD, qty=0, strategy=Momentum)",,[]
2025-11-18 09:54:00+00:00,"Signal(ts=2025-11-18 09:54:00+00:00, action=BUY, qty=1, strategy=Momentum)",75bb9dbe-9013-46a7-b68e-f2c6b59634ba,"[{'price': 267.3, 'qty': 1, 'buy_id': '75bb9dbe-9013-46a7-b68e-f2c6b59634ba', 'sell_id': 'a6768e48-6024-41bb-b134-ca78c394c11c', 'timestamp': 1763959267.3722286}]"
2025-11-18 09:55:00+00:00,"Signal(ts=2025-11-18 09:55:00+00:00, action=BUY, qty=2, strategy=Momentum)",b37c6bf5-7cc7-4de7-bd77-a9b7071a9ab6,"[{'price': 267.46, 'qty': 1, 'buy_id': 'b37c6bf5-7cc7-4de7-bd77-a9b7071a9ab6', 'sell_id': '9315588f-385c-4119-8313-f5cbe2282fd8', 'timestamp': 1763959267.377387}, {'price': 267.47, 'qty': 1, 'buy_id': 'b37c6bf5-7cc7-4de7-bd77-a9b7071a9ab6', 'sell_id': '44d9a1c1-1204-4bcb-a8e5-b56ba04fbff0', 'timestamp': 1763959267.377387}]"
2025-11-18 09:56:00+00:00,"Signal(ts=2025-11-18 09:56:00+00:00, action=BUY, qty=3, strategy=Momentum)",5ad0bd81-446c-4e23-8bbd-bd4c14971692,"[{'price': 267.47, 'qty': 1, 'buy_id': '5ad0bd81-446c-4e23-8bbd-bd4c14971692', 'sell_id': '44d9a1c1-1204-4bcb-a8e5-b56ba04fbff0', 'timestamp': 1763959267.3776894}, {'price': 267.47, 'qty': 1, 'buy_id': '5ad0bd81-446c-4e23-8bbd-bd4c14971692', 'sell_id': '45492397-413e-48ba-aefd-ee0391b3c918', 'timestamp': 1763959267.3776894}, {'price': 267.47, 'qty': 1, 'buy_id': '5ad0bd81-446c-4e23-8bbd-bd4c14971692', 'sell_id': 'f0c3ab27-0e85-46c4-bd13-1ab835435251', 'timestamp': 1763959267.3776894}]"
2025-11-18 09:57:00+00:00,"Signal(ts=2025-11-18 09:57:00+00:00, action=BUY, qty=4, strategy=Momentum)",fcf9facd-3ee6-48a0-bc89-0a8103b4e613,"[{'price': 267.47, 'qty': 1, 'buy_id': 'fcf9facd-3ee6-48a0-bc89-0a8103b4e613', 'sell_id': 'f0c3ab27-0e85-46c4-bd13-1ab835435251', 'timestamp': 1763959267.378704}, {'price': 267.48, 'qty': 2, 'buy_id': 'fcf9facd-3ee6-48a0-bc89-0a8103b4e613', 'sell_id': '526ec659-3d49-49f0-8684-8ee1c1db1701', 'timestamp': 1763959267.378704}, {'price': 267.48, 'qty': 1, 'buy_id': 'fcf9facd-3ee6-48a0-bc89-0a8103b4e613', 'sell_id': '40049aab-c079-4c0f-bb0b-c758cbc2a9dd', 'timestamp': 1763959267.378704}]"
2025-11-18 09:58:00+00:00,"Signal(ts=2025-11-18 09:58:00+00:00, action=BUY, qty=3, strategy=Momentum)",a98ccc50-2206-4b20-b829-78c5d75a1a53,"[{'price': 267.53, 'qty': 1, 'buy_id': 'a98ccc50-2206-4b20-b829-78c5d75a1a53', 'sell_id': 'ab9be61b-3d7e-4cd0-ac30-574974028f64', 'timestamp': 1763959267.3796976}, {'price': 267.55, 'qty': 1, 'buy_id': 'a98ccc50-2206-4b20-b829-78c5d75a1a53', 'sell_id': 'fc4a166c-a6ac-4144-9a7f-a307791120da', 'timestamp': 1763959267.3796976}, {'price': 267.6, 'qty': 1, 'buy_id': 'a98ccc50-2206-4b20-b829-78c5d75a1a53', 'sell_id': '73564829-9b98-4dea-a1c8-6389586d5b83', 'timestamp': 1763959267.3796976}]"
2025-11-18 09:59:00+00:00,"Signal(ts=2025-11-18 09:59:00+00:00, action=BUY, qty=2, strategy=Momentum)",852243a5-c639-44e0-a4d7-a46659c2a15a,[]
2025-11-18 10:01:00+00:00,"Signal(ts=2025-11-18 10:01:00+00:00, action=BUY, qty=3, strategy=Momentum)",bbc27627-292d-406d-ba9e-83a54fbe865e,[]
2025-11-18 10:02:00+00:00,"Signal(ts=2025-11-18 10:02:00+00:00, action=BUY, qty=3, strategy=Momentum)",bb48b765-1afe-4ad1-a7a7-081c84e2a906,[]
2025-11-18 10:03:00+00:00,"Signal(ts=2025-11-18 10:03:00+00:00, action=BUY, qty=3, strategy=Momentum)",7197a0d4-b7b0-4555-95f4-0a77cedbdb2c,[]
2025-11-18 10:04:00+00:00,"Signal(ts=2025-11-18 10:04:00+00:00, action=BUY, qty=3, strategy=Momentum)",391a642c-7b98-465f-a567-78ed3b3b2d24,[]
2025-11-18 10:06:00+00:00,"Signal(ts=2025-11-18 10:06:00+00:00, action=BUY, qty=2, strategy=Momentum)",ce01edde-80c7-4e3e-9846-475fa05c3135,[]
2025-11-18 10:07:00+00:00,"Signal(ts=2025-11-18 10:07:00+00:00, action=BUY, qty=2, strategy=Momentum)",76234250-2d77-4da3-b7f5-c706480a4fc3,[]
2025-11-18 10:08:00+00:00,"Signal(ts=2025-11-18 10:08:00+00:00, action=BUY, qty=2, strategy=Momentum)",55d42a4d-3cd2-47bf-b353-9604a98a864f,[]
2025-11-18 10:09:00+00:00,"Signal(ts=2025-11-18 10:09:00+00:00, action=BUY, qty=2, strategy=Momentum)",582c5fdc-0dbd-4e27-a05e-f02f32a3909e,[]
2025-11-18 10:10:00+00:00,"Signal(ts=2025-11-18 10:10:00+00:00, action=BUY, qty=3, strategy=Momentum)",2259ec99-a2f0-49ac-a203-4df666fd02e0,[]
2025-11-18 10:11:00+00:00,"Signal(ts=2025-11-18 10:11:00+00:00, action=BUY, qty=3, strategy=Momentum)",6c5d9d9c-175a-4ea2-ab49-9b8006b840dc,[]
2025-11-18 10:12:00+00:00,"Signal(ts=2025-11-18 10:12:00+00:00, action=BUY, qty=3, strategy=Momentum)",2228d36a-9f3c-413c-851f-7b48ab29662d,[]
2025-11-18 10:13:00+00:00,"Signal(ts=2025-11-18 10:13:00+00:00, action=BUY, qty=3, strategy=Momentum)",54150bea-a263-4000-92e8-ee4e438af58d,[]
2025-11-18 10:14:00+00:00,"Signal(ts=2025-11-18 10:14:00+00:00, action=BUY, qty=2, strategy=Momentum)",6c5d3143-4107-408d-b3a1-d14580ba1ed1,[]
2025-11-18 10:17:00+00:00,"Signal(ts=2025-11-18 10:17:00+00:00, action=BUY, qty=2, strategy=Momentum)",0045a921-5fa8-40b7-84e5-e8fb07d5c4fc,[]
2025-11-18 10:18:00+00:00,"Signal(ts=2025-11-18 10:18:00+00:00, action=BUY, qty=4, strategy=Momentum)",1bd30353-d518-42ed-b985-f98e03fdc356,[]
2025-11-18 10:19:00+00:00,"Signal(ts=2025-11-18 10:19:00+00:00, action=BUY, qty=3, strategy=Momentum)",3739a5b2-3db4-4383-b0dd-71c2e96e88a2,[]
2025-11-18 10:20:00+00:00,"Signal(ts=2025-11-18 10:20:00+00:00, action=BUY, qty=3, strategy=Momentum)",060de1d3-09e9-4b40-9638-fdbeb5bccf2e,[]
2025-11-18 10:26:00+00:00,"Signal(ts=2025-11-18 10:26:00+00:00, action=BUY, qty=2, strategy=Momentum)",24e6387f-561f-46f8-bb6c-8d94f1b8f2c7,[]
2025-11-18 10:27:00+00:00,"Signal(ts=2025-11-18 10:27:00+00:00, action=BUY, qty=2, strategy=Momentum)",f24e70ef-a36d-4731-941a-7bdda2e77488,[]
2025-11-18 10:28:00+00:00,"Signal(ts=2025-11-18 10:28:00+00:00, action=BUY, qty=3, strategy=Momentum)",d03fa966-9440-4ca3-933f-5e506b847afe,[]
2025-11-18 10:29:00+00:00,"Signal(ts=2025-11-18 10:29:00+00:00, action=BUY, qty=3, strategy=Momentum)",12dc13bf-091b-4709-8f6c-0ad06bb059fb,[]
2025-11-18 10:30:00+00:00,"Signal(ts=2025-11-18 10:30:00+00:00, action=BUY, qty=2, strategy=Momentum)",64c27445-31fc-46ff-8b32-835b8c4b80da,[]
2025-11-18 10:31:00+00:00,"Signal(ts=2025-11-18 10:31:00+00:00, action=BUY, qty=4, strategy=Momentum)",aa486291-c0c6-4b6b-b8bc-c26af894edd2,[]
2025-11-18 10:32:00+00:00,"Signal(ts=2025-11-18 10:32:00+00:00, action=BUY, qty=6, strategy=Momentum)",b9e74505-962e-46e5-b651-491d0f0b6bf3,[]
2025-11-18 10:33:00+00:00,"Signal(ts=2025-11-18 10:33:00+00:00, action=BUY, qty=4, strategy=Momentum)",6b540fcd-8305-4b91-ab0f-3612b00543be,[]
2025-11-18 10:34:00+00:00,"Signal(ts=2025-11-18 10:34:00+00:00, action=BUY, qty=3, strategy=Momentum)",0fb8055d-d60b-4028-a54a-db86aed7ac01,[]
2025-11-18 10:35:00+00:00,"Signal(ts=2025-11-18 10:35:00+00:00, action=BUY, qty=2, strategy=Momentum)",ea584832-c013-42b8-a328-28e5622027da,[]
2025-11-18 10:37:00+00:00,"Signal(ts=2025-11-18 10:37:00+00:00, action=BUY, qty=2, strategy=Momentum)",317d4078-60de-4a8a-a254-0b2459a6a794,[]
2025-11-18 10:38:00+00:00,"Signal(ts=2025-11-18 10:38:00+00:00, action=BUY, qty=3, strategy=Momentum)",2095571d-10bc-4604-b548-820c2d11ed4e,[]
2025-11-18 10:40:00+00:00,"Signal(ts=2025-11-18 10:40:00+00:00, action=BUY, qty=2, strategy=Momentum)",8e22b58e-2d87-4c0b-961a-df3680d77bfe,[]
2025-11-18 10:44:00+00:00,"Signal(ts=2025-11-18 10:44:00+00:00, action=BUY, qty=3, strategy=Momentum)",86310cc7-7949-4507-b84a-b505d75daf2e,[]
2025-11-18 10:45:00+00:00,"Signal(ts=2025-11-18 10:45:00+00:00, action=BUY, qty=3, strategy=Momentum)",a1a57313-b919-4121-9c97-3439b27f65a1,[]
2025-11-18 10:46:00+00:00,"Signal(ts=2025-11-18 10:46:00+00:00, action=BUY, qty=2, strategy=Momentum)",9a739481-0317-467b-8d65-8967ddcdb59a,[]
2025-11-18 10:47:00+00:00,"Signal(ts=2025-11-18 10:47:00+00:00, action=BUY, qty=2, strategy=Momentum)",9a685a22-1e8e-464f-aa06-7c048b657e81,[]
2025-11-18 10:48:00+00:00,"Signal(ts=2025-11-18 10:48:00+00:00, action=BUY, qty=3, strategy=Momentum)",e6e5a1b7-d4db-4aec-861a-8848fb93a4c2,[]
2025-11-18 10:49:00+00:00,"Signal(ts=2025-11-18 10:49:00+00:00, action=BUY, qty=2, strategy=Momentum)",8d5cd59d-369f-48b8-b6d0-3cc424047ffd,[]
2025-11-18 10:50:00+00:00,"Signal(ts=2025-11-18 10:50:00+00:00, action=BUY, qty=4, strategy=Momentum)",ffc13417-5526-4e36-92ff-a9b11c68b3f7,[]
2025-11-18 10:53:00+00:00,"Signal(ts=2025-11-18 10:53:00+00:00, action=BUY, qty=3, strategy=Momentum)",c525447f-3d0b-47b1-ab3a-3a55157d3557,[]
2025-11-18 10:54:00+00:00,"Signal(ts=2025-11-18 10:54:00+00:00, action=BUY, qty=3, strategy=Momentum)",a8ee1a93-440d-4dfb-8070-cc8e56dae8f9,[]
2025-11-18 10:55:00+00:00,"Signal(ts=2025-11-18 10:55:00+00:00, action=BUY, qty=3, strategy=Momentum)",86252dc8-bd63-4aa1-bfff-a0823ba0991b,[]
2025-11-18 10:57:00+00:00,"Signal(ts=2025-11-18 10:57:00+00:00, action=BUY, qty=4, strategy=Momentum)",7fa145fa-9ade-42bb-aeed-7a43f70878ae,[]
2025-11-18 10:58:00+00:00,"Signal(ts=2025-11-18 10:58:00+00:00, action=BUY, qty=4, strategy=Momentum)",14106d82-4462-40aa-a33e-4bac758d675e,[]
2025-11-18 11:01:00+00:00,"Signal(ts=2025-11-18 11:01:00+00:00, action=BUY, qty=4, strategy=Momentum)",45c19817-1ef7-40d8-9791-8b68045a4fcf,[]
2025-11-18 11:03:00+00:00,"Signal(ts=2025-11-18 11:03:00+00:00, action=BUY, qty=2, strategy=Momentum)",1c844301-5ce8-4ddb-a161-c7d72ac5b0e4,[]
2025-11-18 11:04:00+00:00,"Signal(ts=2025-11-18 11:04:00+00:00, action=BUY, qty=3, strategy=Momentum)",11732681-c47d-4ad8-980b-ee3c3933c7bf,[]
2025-11-18 11:05:00+00:00,"Signal(ts=2025-11-18 11:05:00+00:00, action=BUY, qty=3, strategy=Momentum)",f3c9f24e-783b-41b6-8ef6-090e1a96a57d,[]
2025-11-18 11:06:00+00:00,"Signal(ts=2025-11-18 11:06:00+00:00, action=BUY, qty=5, strategy=Momentum)",64a01867-10d3-4de0-b18f-ecd21b43a382,[]
2025-11-18 11:07:00+00:00,"Signal(ts=2025-11-18 11:07:00+00:00, action=BUY, qty=4, strategy=Momentum)",c8bd8f92-6f44-4cbf-8aeb-1bb460874ae2,[]
2025-11-18 11:08:00+00:00,"Signal(ts=2025-11-18 11:08:00+00:00, action=BUY, qty=3, strategy=Momentum)",86c89747-a5a7-435e-8baf-32f0a5033965,[]
2025-11-18 11:09:00+00:00,"Signal(ts=2025-11-18 11:09:00+00:00, action=BUY, qty=2, strategy=Momentum)",66645b14-2550-4e49-83aa-d5519845da1c,[]
2025-11-18 11:10:00+00:00,"Signal(ts=2025-11-18 11:10:00+00:00, action=BUY, qty=1, strategy=Momentum)",142fa000-2861-4088-a0f3-bdeaebfb6a67,[]
2025-11-18 11:11:00+00:00,"Signal(ts=2025-11-18 11:11:00+00:00, action=HOLD, qty=0, strategy=Momentum)",,[]
2025-11-18 11:13:00+00:00,"Signal(ts=2025-11-18 11:13:00+00:00, action=SELL, qty=2, strategy=Momentum)",3b94a2dd-91c4-4feb-812b-a567f75dc68f,"[{'price': 268.98, 'qty': 2, 'buy_id': 'b9e74505-962e-46e5-b651-491d0f0b6bf3', 'sell_id': '3b94a2dd-91c4-4feb-812b-a567f75dc68f', 'timestamp': 1763959267.432335}]"
2025-11-18 11:14:00+00:00,"Signal(ts=2025-11-18 11:14:00+00:00, action=SELL, qty=3, strategy=Momentum)",d1003365-11e8-4517-a781-0f77f08f701d,"[{'price': 268.8, 'qty': 3, 'buy_id': 'b9e74505-962e-46e5-b651-491d0f0b6bf3', 'sell_id': 'd1003365-11e8-4517-a781-0f77f08f701d', 'timestamp': 1763959267.432335}]"
2025-11-18 11:15:00+00:00,"Signal(ts=2025-11-18 11:15:00+00:00, action=SELL, qty=2, strategy=Momentum)",654c1d25-26f7-4e71-96be-819737355157,"[{'price': 268.85, 'qty': 1, 'buy_id': 'b9e74505-962e-46e5-b651-491d0f0b6bf3', 'sell_id': '654c1d25-26f7-4e71-96be-819737355157', 'timestamp': 1763959267.4379876}, {'price': 268.85, 'qty': 1, 'buy_id': '6b540fcd-8305-4b91-ab0f-3612b00543be', 'sell_id': '654c1d25-26f7-4e71-96be-819737355157', 'timestamp': 1763959267.4379876}]"
2025-11-18 11:16:00+00:00,"Signal(ts=2025-11-18 11:16:00+00:00, action=SELL, qty=1, strategy=Momentum)",a38271a8-e6e4-4d16-870f-da3f63a4e0a8,"[{'price': 268.86, 'qty': 1, 'buy_id': '6b540fcd-8305-4b91-ab0f-3612b00543be', 'sell_id': 'a38271a8-e6e4-4d16-870f-da3f63a4e0a8', 'timestamp': 1763959267.4399555}]"
2025-11-18 11:18:00+00:00,"Signal(ts=2025-11-18 11:18:00+00:00, action=HOLD, qty=0, strategy=Momentum)",,[]
2025-11-18 11:19:00+00:00,"Signal(ts=2025-11-18 11:19:00+00:00, action=HOLD, qty=0, strategy=Momentum)",,[]
2025-11-18 11:21:00+00:00,"Signal(ts=2025-11-18 11:21:00+00:00, action=SELL, qty=1, strategy=Momentum)",c4555498-0186-485e-93f6-9aaec865b8c1,"[{'price': 268.89, 'qty': 1, 'buy_id': '6b540fcd-8305-4b91-ab0f-3612b00543be', 'sell_id': 'c4555498-0186-485e-93f6-9aaec865b8c1', 'timestamp': 1763959267.4421}]"
2025-11-18 11:23:00+00:00,"Signal(ts=2025-11-18 11:23:00+00:00, action=HOLD, qty=0, strategy=Momentum)",,[]
2025-11-18 11:24:00+00:00,"Signal(ts=2025-11-18 11:24:00+00:00, action=HOLD, qty=0, strategy=Momentum)",,[]
2025-11-18 11:26:00+00:00,"Signal(ts=2025-11-18 11:26:00+00:00, action=HOLD, qty=0, strategy=Momentum)",,[]
2025-11-18 11:27:00+00:00,"Signal(ts=2025-11-18 11:27:00+00:00, action=HOLD, qty=0, strategy=Momentum)",,[]
2025-11-18 11:28:00+00:00,"Signal(ts=2025-11-18 11:28:00+00:00, action=HOLD, qty=0, strategy=Momentum)",,[]
2025-11-18 11:29:00+00:00,"Signal(ts=2025-11-18 11:29:00+00:00, action=HOLD, qty=0, strategy=Momentum)",,[]
2025-11-18 11:30:00+00:00,"Signal(ts=2025-11-18 11:30:00+00:00, action=HOLD, qty=0, strategy=Momentum)",,[]
2025-11-18 11:31:00+00:00,"Signal(ts=2025-11-18 11:31:00+00:00, action=HOLD, qty=0, strategy=Momentum)",,[]
2025-11-18 11:32:00+00:00,"Signal(ts=2025-11-18 11:32:00+00:00, action=HOLD, qty=0, strategy=Momentum)",,[]
2025-11-18 11:33:00+00:00,"Signal(ts=2025-11-18 11:33:00+00:00, action=HOLD, qty=0, strategy=Momentum)",,[]
2025-11-18 11:35:00+00:00,"Signal(ts=2025-11-18 11:35:00+00:00, action=SELL, qty=1, strategy=Momentum)",aa8b0950-be34-4838-8717-f43b9e57f554,"[{'price': 269.02, 'qty': 1, 'buy_id': '6b540fcd-8305-4b91-ab0f-3612b00543be', 'sell_id': 'aa8b0950-be34-4838-8717-f43b9e57f554', 'timestamp': 1763959267.4521348}]"
2025-11-18 11:36:00+00:00,"Signal(ts=2025-11-18 11:36:00+00:00, action=SELL, qty=1, strategy=Momentum)",6d71f9f7-7947-4f0d-a0e5-c7cd6a2147c2,"[{'price': 269.02, 'qty': 1, 'buy_id': '64a01867-10d3-4de0-b18f-ecd21b43a382', 'sell_id': '6d71f9f7-7947-4f0d-a0e5-c7cd6a2147c2', 'timestamp': 1763959267.4547155}]"
2025-11-18 11:37:00+00:00,"Signal(ts=2025-11-18 11:37:00+00:00, action=SELL, qty=1, strategy=Momentum)",328cc8c7-a826-4079-97f2-196dd3c2b9e0,"[{'price': 268.87, 'qty': 1, 'buy_id': '64a01867-10d3-4de0-b18f-ecd21b43a382', 'sell_id': '328cc8c7-a826-4079-97f2-196dd3c2b9e0', 'timestamp': 1763959267.455681}]"
2025-11-18 11:38:00+00:00,"Signal(ts=2025-11-18 11:38:00+00:00, action=SELL, qty=1, strategy=Momentum)",c8ecf3b2-a9c5-48bd-bf3f-db340ac14e05,"[{'price': 268.86, 'qty': 1, 'buy_id': '64a01867-10d3-4de0-b18f-ecd21b43a382', 'sell_id': 'c8ecf3b2-a9c5-48bd-bf3f-db340ac14e05', 'timestamp': 1763959267.4583907}]"
2025-11-18 11:39:00+00:00,"Signal(ts=2025-11-18 11:39:00+00:00, action=SELL, qty=1, strategy=Momentum)",448b71ef-e124-4609-9eaf-5aeb7d271348,"[{'price': 268.95, 'qty': 1, 'buy_id': '64a01867-10d3-4de0-b18f-ecd21b43a382', 'sell_id': '448b71ef-e124-4609-9eaf-5aeb7d271348', 'timestamp': 1763959267.459402}]"
2025-11-18 11:40:00+00:00,"Signal(ts=2025-11-18 11:40:00+00:00, action=SELL, qty=1, strategy=Momentum)",8b05d8a9-2bac-40fb-9b2c-ba45269edca3,"[{'price': 268.9, 'qty': 1, 'buy_id': '64a01867-10d3-4de0-b18f-ecd21b43a382', 'sell_id': '8b05d8a9-2bac-40fb-9b2c-ba45269edca3', 'timestamp': 1763959267.4604042}]"
2025-11-18 11:41:00+00:00,"Signal(ts=2025-11-18 11:41:00+00:00, action=SELL, qty=2, strategy=Momentum)",0264d55c-1b50-4441-8586-7a1ca2a25fff,"[{'price': 269.0, 'qty': 2, 'buy_id': '0fb8055d-d60b-4028-a54a-db86aed7ac01', 'sell_id': '0264d55c-1b50-4441-8586-7a1ca2a25fff', 'timestamp': 1763959267.4613976}]"
2025-11-18 11:42:00+00:00,"Signal(ts=2025-11-18 11:42:00+00:00, action=SELL, qty=1, strategy=Momentum)",2a2c44b1-13f2-48ef-befa-3236f1491b43,"[{'price': 269.11, 'qty': 1, 'buy_id': '0fb8055d-d60b-4028-a54a-db86aed7ac01', 'sell_id': '2a2c44b1-13f2-48ef-befa-3236f1491b43', 'timestamp': 1763959267.4627314}]"
2025-11-18 11:43:00+00:00,"Signal(ts=2025-11-18 11:43:00+00:00, action=HOLD, qty=0, strategy=Momentum)",,[]
2025-11-18 11:44:00+00:00,"Signal(ts=2025-11-18 11:44:00+00:00, action=HOLD, qty=0, strategy=Momentum)",,[]
2025-11-18 11:45:00+00:00,"Signal(ts=2025-11-18 11:45:00+00:00, action=HOLD, qty=0, strategy=Momentum)",,[]
2025-11-18 11:46:00+00:00,"Signal(ts=2025-11-18 11:46:00+00:00, action=HOLD, qty=0, strategy=Momentum)",,[]
2025-11-18 11:49:00+00:00,"Signal(ts=2025-11-18 11:49:00+00:00, action=HOLD, qty=0, strategy=Momentum)",,[]
2025-11-18 11:51:00+00:00,"Signal(ts=2025-11-18 11:51:00+00:00, action=HOLD, qty=0, strategy=Momentum)",,[]
2025-11-18 11:53:00+00:00,"Signal(ts=2025-11-18 11:53:00+00:00, action=HOLD, qty=0, strategy=Momentum)",,[]
2025-11-18 11:54:00+00:00,"Signal(ts=2025-11-18 11:54:00+00:00, action=BUY, qty=1, strategy=Momentum)",3e318ef6-b7bc-47ae-ab83-ec7809d95034,[]
2025-11-18 11:55:00+00:00,"Signal(ts=2025-11-18 11:55:00+00:00, action=HOLD, qty=0, strategy=Momentum)",,[]
2025-11-18 11:56:00+00:00,"Signal(ts=2025-11-18 11:56:00+00:00, action=HOLD, qty=0, strategy=Momentum)",,[]
2025-11-18 11:59:00+00:00,"Signal(ts=2025-11-18 11:59:00+00:00, action=HOLD, qty=0, strategy=Momentum)",,[]
2025-11-18 12:00:00+00:00,"Signal(ts=2025-11-18 12:00:00+00:00, action=HOLD, qty=0, strategy=Momentum)",,[]
2025-11-18 12:01:00+00:00,"Signal(ts=2025-11-18 12:01:00+00:00, action=HOLD, qty=0, strategy=Momentum)",,[]
2025-11-18 12:02:00+00:00,"Signal(ts=2025-11-18 12:02:00+00:00, action=HOLD, qty=0, strategy=Momentum)",,[]
2025-11-18 12:03:00+00:00,"Signal(ts=2025-11-18 12:03:00+00:00, action=SELL, qty=2, strategy=Momentum)",e7fe32a0-c15c-4fc9-a2be-1abf4b849228,"[{'price': 268.53, 'qty': 2, 'buy_id': 'c8bd8f92-6f44-4cbf-8aeb-1bb460874ae2', 'sell_id': 'e7fe32a0-c15c-4fc9-a2be-1abf4b849228', 'timestamp': 1763959267.4792926}]"
2025-11-18 12:04:00+00:00,"Signal(ts=2025-11-18 12:04:00+00:00, action=SELL, qty=1, strategy=Momentum)",adf2365e-4931-4d14-a5f5-dda860e224a8,"[{'price': 268.52, 'qty': 1, 'buy_id': 'c8bd8f92-6f44-4cbf-8aeb-1bb460874ae2', 'sell_id': 'adf2365e-4931-4d14-a5f5-dda860e224a8', 'timestamp': 1763959267.4802904}]"
2025-11-18 12:05:00+00:00,"Signal(ts=2025-11-18 12:05:00+00:00, action=SELL, qty=2, strategy=Momentum)",7a8f42c8-146e-40aa-b5ac-3deb30194880,"[{'price': 268.54, 'qty': 1, 'buy_id': 'c8bd8f92-6f44-4cbf-8aeb-1bb460874ae2', 'sell_id': '7a8f42c8-146e-40aa-b5ac-3deb30194880', 'timestamp': 1763959267.4802904}, {'price': 268.54, 'qty': 1, 'buy_id': '11732681-c47d-4ad8-980b-ee3c3933c7bf', 'sell_id': '7a8f42c8-146e-40aa-b5ac-3deb30194880', 'timestamp': 1763959267.4802904}]"
2025-11-18 12:06:00+00:00,"Signal(ts=2025-11-18 12:06:00+00:00, action=SELL, qty=2, strategy=Momentum)",e427e990-8166-4792-94af-263ba1093905,"[{'price': 268.51, 'qty': 2, 'buy_id': '11732681-c47d-4ad8-980b-ee3c3933c7bf', 'sell_id': 'e427e990-8166-4792-94af-263ba1093905', 'timestamp': 1763959267.4821446}]"
2025-11-18 12:07:00+00:00,"Signal(ts=2025-11-18 12:07:00+00:00, action=SELL, qty=1, strategy=Momentum)",2e565b9c-c919-434e-9f23-4ef8319a524d,"[{'price': 268.66, 'qty': 1, 'buy_id': '8e22b58e-2d87-4c0b-961a-df3680d77bfe', 'sell_id': '2e565b9c-c919-434e-9f23-4ef8319a524d', 'timestamp': 1763959267.4821446}]"
2025-11-18 12:08:00+00:00,"Signal(ts=2025-11-18 12:08:00+00:00, action=SELL, qty=1, strategy=Momentum)",9bb561b4-ff31-47d5-8cbe-2d166e193f6d,"[{'price': 268.6, 'qty': 1, 'buy_id': '8e22b58e-2d87-4c0b-961a-df3680d77bfe', 'sell_id': '9bb561b4-ff31-47d5-8cbe-2d166e193f6d', 'timestamp': 1763959267.4821446}]"
2025-11-18 12:09:00+00:00,"Signal(ts=2025-11-18 12:09:00+00:00, action=SELL, qty=1, strategy=Momentum)",6a28a1ea-2fa6-4f86-b7e9-c6844907f0f9,"[{'price': 268.55, 'qty': 1, 'buy_id': '86310cc7-7949-4507-b84a-b505d75daf2e', 'sell_id': '6a28a1ea-2fa6-4f86-b7e9-c6844907f0f9', 'timestamp': 1763959267.4821446}]"
2025-11-18 12:10:00+00:00,"Signal(ts=2025-11-18 12:10:00+00:00, action=SELL, qty=1, strategy=Momentum)",ef01b0aa-75ca-48b2-8423-98c0ef4c2d2f,"[{'price': 268.51, 'qty': 1, 'buy_id': '86310cc7-7949-4507-b84a-b505d75daf2e', 'sell_id': 'ef01b0aa-75ca-48b2-8423-98c0ef4c2d2f', 'timestamp': 1763959267.4821446}]"
2025-11-18 12:11:00+00:00,"Signal(ts=2025-11-18 12:11:00+00:00, action=SELL, qty=1, strategy=Momentum)",25434b26-c60e-45c5-9644-3d7bd5bf1f7c,"[{'price': 268.5, 'qty': 1, 'buy_id': '86310cc7-7949-4507-b84a-b505d75daf2e', 'sell_id': '25434b26-c60e-45c5-9644-3d7bd5bf1f7c', 'timestamp': 1763959267.487995}]"
2025-11-18 12:12:00+00:00,"Signal(ts=2025-11-18 12:12:00+00:00, action=SELL, qty=1, strategy=Momentum)",eb057a27-2dbc-4b23-bdb8-91b1885f7d41,"[{'price': 268.54, 'qty': 1, 'buy_id': '45c19817-1ef7-40d8-9791-8b68045a4fcf', 'sell_id': 'eb057a27-2dbc-4b23-bdb8-91b1885f7d41', 'timestamp': 1763959267.4898694}]"
2025-11-18 12:13:00+00:00,"Signal(ts=2025-11-18 12:13:00+00:00, action=SELL, qty=1, strategy=Momentum)",e5a69e61-62e9-41ed-9f02-62f2fae3400b,"[{'price': 268.52, 'qty': 1, 'buy_id': '45c19817-1ef7-40d8-9791-8b68045a4fcf', 'sell_id': 'e5a69e61-62e9-41ed-9f02-62f2fae3400b', 'timestamp': 1763959267.4909391}]"
2025-11-18 12:14:00+00:00,"Signal(ts=2025-11-18 12:14:00+00:00, action=SELL, qty=1, strategy=Momentum)",ddb450af-9c36-45dd-8fc0-533f599b0d9c,"[{'price': 268.53, 'qty': 1, 'buy_id': '45c19817-1ef7-40d8-9791-8b68045a4fcf', 'sell_id': 'ddb450af-9c36-45dd-8fc0-533f599b0d9c', 'timestamp': 1763959267.4919434}]"
2025-11-18 12:15:00+00:00,"Signal(ts=2025-11-18 12:15:00+00:00, action=SELL, qty=1, strategy=Momentum)",af3f3440-dc7b-4ac7-b561-c18119b5d4c7,"[{'price': 268.61, 'qty': 1, 'buy_id': '45c19817-1ef7-40d8-9791-8b68045a4fcf', 'sell_id': 'af3f3440-dc7b-4ac7-b561-c18119b5d4c7', 'timestamp': 1763959267.4919434}]"
2025-11-18 12:16:00+00:00,"Signal(ts=2025-11-18 12:16:00+00:00, action=SELL, qty=1, strategy=Momentum)",abdcf868-ce4a-4a70-9b9f-7ea307a4c657,"[{'price': 268.58, 'qty': 1, 'buy_id': 'ea584832-c013-42b8-a328-28e5622027da', 'sell_id': 'abdcf868-ce4a-4a70-9b9f-7ea307a4c657', 'timestamp': 1763959267.4919434}]"
2025-11-18 12:17:00+00:00,"Signal(ts=2025-11-18 12:17:00+00:00, action=SELL, qty=2, strategy=Momentum)",e7d902e9-b316-446f-aaed-1e90ff2637f9,"[{'price': 268.57, 'qty': 1, 'buy_id': 'ea584832-c013-42b8-a328-28e5622027da', 'sell_id': 'e7d902e9-b316-446f-aaed-1e90ff2637f9', 'timestamp': 1763959267.4919434}, {'price': 268.57, 'qty': 1, 'buy_id': 'f3c9f24e-783b-41b6-8ef6-090e1a96a57d', 'sell_id': 'e7d902e9-b316-446f-aaed-1e90ff2637f9', 'timestamp': 1763959267.4919434}]"
2025-11-18 12:18:00+00:00,"Signal(ts=2025-11-18 12:18:00+00:00, action=SELL, qty=1, strategy=Momentum)",684be1b2-1f63-4c41-983c-6958ca77b13a,"[{'price': 268.64, 'qty': 1, 'buy_id': 'f3c9f24e-783b-41b6-8ef6-090e1a96a57d', 'sell_id': '684be1b2-1f63-4c41-983c-6958ca77b13a', 'timestamp': 1763959267.4919434}]"
2025-11-18 12:19:00+00:00,"Signal(ts=2025-11-18 12:19:00+00:00, action=SELL, qty=1, strategy=Momentum)",d7cab1d8-c62a-469d-bff5-c308c2820b5f,"[{'price': 268.69, 'qty': 1, 'buy_id': 'f3c9f24e-783b-41b6-8ef6-090e1a96a57d', 'sell_id': 'd7cab1d8-c62a-469d-bff5-c308c2820b5f', 'timestamp': 1763959267.498607}]"
2025-11-18 12:21:00+00:00,"Signal(ts=2025-11-18 12:21:00+00:00, action=SELL, qty=1, strategy=Momentum)",18692941-ea48-41b2-91c4-2df8e6f8e6be,"[{'price': 268.72, 'qty': 1, 'buy_id': '7fa145fa-9ade-42bb-aeed-7a43f70878ae', 'sell_id': '18692941-ea48-41b2-91c4-2df8e6f8e6be', 'timestamp': 1763959267.498933}]"
2025-11-18 12:22:00+00:00,"Signal(ts=2025-11-18 12:22:00+00:00, action=SELL, qty=1, strategy=Momentum)",5e410332-e0d2-4ae9-b7a4-58f11fbe44d3,"[{'price': 268.58, 'qty': 1, 'buy_id': '7fa145fa-9ade-42bb-aeed-7a43f70878ae', 'sell_id': '5e410332-e0d2-4ae9-b7a4-58f11fbe44d3', 'timestamp': 1763959267.5009458}]"
2025-11-18 12:23:00+00:00,"Signal(ts=2025-11-18 12:23:00+00:00, action=SELL, qty=1, strategy=Momentum)",dddea7aa-9165-4de6-a3db-963f98607d1b,"[{'price': 268.58, 'qty': 1, 'buy_id': '7fa145fa-9ade-42bb-aeed-7a43f70878ae', 'sell_id': 'dddea7aa-9165-4de6-a3db-963f98607d1b', 'timestamp': 1763959267.501958}]"
2025-11-18 12:25:00+00:00,"Signal(ts=2025-11-18 12:25:00+00:00, action=SELL, qty=1, strategy=Momentum)",28cb3721-9740-46aa-92d1-5217a5764789,"[{'price': 268.53, 'qty': 1, 'buy_id': '7fa145fa-9ade-42bb-aeed-7a43f70878ae', 'sell_id': '28cb3721-9740-46aa-92d1-5217a5764789', 'timestamp': 1763959267.5022714}]"
2025-11-18 12:26:00+00:00,"Signal(ts=2025-11-18 12:26:00+00:00, action=SELL, qty=1, strategy=Momentum)",7dd3c873-9ee6-4db3-888a-a10c69b566f2,"[{'price': 268.6, 'qty': 1, 'buy_id': '14106d82-4462-40aa-a33e-4bac758d675e', 'sell_id': '7dd3c873-9ee6-4db3-888a-a10c69b566f2', 'timestamp': 1763959267.5022714}]"
2025-11-18 12:27:00+00:00,"Signal(ts=2025-11-18 12:27:00+00:00, action=SELL, qty=1, strategy=Momentum)",789a1ef4-7728-4794-90db-5ccd5791f152,"[{'price': 268.65, 'qty': 1, 'buy_id': '14106d82-4462-40aa-a33e-4bac758d675e', 'sell_id': '789a1ef4-7728-4794-90db-5ccd5791f152', 'timestamp': 1763959267.5057454}]"
2025-11-18 12:28:00+00:00,"Signal(ts=2025-11-18 12:28:00+00:00, action=SELL, qty=2, strategy=Momentum)",71835707-6163-44fc-b4f5-997f807a1f6b,"[{'price': 268.5, 'qty': 2, 'buy_id': '14106d82-4462-40aa-a33e-4bac758d675e', 'sell_id': '71835707-6163-44fc-b4f5-997f807a1f6b', 'timestamp': 1763959267.5057454}]"
2025-11-18 12:29:00+00:00,"Signal(ts=2025-11-18 12:29:00+00:00, action=SELL, qty=2, strategy=Momentum)",e199aa54-9f4a-4da7-a309-1bd5bdb4f7e8,"[{'price': 268.42, 'qty': 2, 'buy_id': 'a1a57313-b919-4121-9c97-3439b27f65a1', 'sell_id': 'e199aa54-9f4a-4da7-a309-1bd5bdb4f7e8', 'timestamp': 1763959267.5088391}]"
2025-11-18 12:30:00+00:00,"Signal(ts=2025-11-18 12:30:00+00:00, action=SELL, qty=2, strategy=Momentum)",59078f84-2001-4680-9c41-ef6c9b2b5a91,"[{'price': 268.5, 'qty': 1, 'buy_id': 'a1a57313-b919-4121-9c97-3439b27f65a1', 'sell_id': '59078f84-2001-4680-9c41-ef6c9b2b5a91', 'timestamp': 1763959267.5110836}, {'price': 268.5, 'qty': 1, 'buy_id': 'aa486291-c0c6-4b6b-b8bc-c26af894edd2', 'sell_id': '59078f84-2001-4680-9c41-ef6c9b2b5a91', 'timestamp': 1763959267.5110836}]"
2025-11-18 12:31:00+00:00,"Signal(ts=2025-11-18 12:31:00+00:00, action=SELL, qty=1, strategy=Momentum)",cca9ef65-ca08-4774-9f05-4601e9fccaec,"[{'price': 268.5, 'qty': 1, 'buy_id': 'aa486291-c0c6-4b6b-b8bc-c26af894edd2', 'sell_id': 'cca9ef65-ca08-4774-9f05-4601e9fccaec', 'timestamp': 1763959267.5120833}]"
2025-11-18 12:32:00+00:00,"Signal(ts=2025-11-18 12:32:00+00:00, action=SELL, qty=1, strategy=Momentum)",d136ca20-b396-4831-9150-ba7a567cc872,"[{'price': 268.48, 'qty': 1, 'buy_id': 'aa486291-c0c6-4b6b-b8bc-c26af894edd2', 'sell_id': 'd136ca20-b396-4831-9150-ba7a567cc872', 'timestamp': 1763959267.5124598}]"
2025-11-18 12:33:00+00:00,"Signal(ts=2025-11-18 12:33:00+00:00, action=SELL, qty=1, strategy=Momentum)",1337557a-93e0-43ab-a362-14443e56fc50,"[{'price': 268.48, 'qty': 1, 'buy_id': 'aa486291-c0c6-4b6b-b8bc-c26af894edd2', 'sell_id': '1337557a-93e0-43ab-a362-14443e56fc50', 'timestamp': 1763959267.5124598}]"
2025-11-18 12:34:00+00:00,"Signal(ts=2025-11-18 12:34:00+00:00, action=HOLD, qty=0, strategy=Momentum)",,[]
2025-11-18 12:35:00+00:00,"Signal(ts=2025-11-18 12:35:00+00:00, action=HOLD, qty=0, strategy=Momentum)",,[]
2025-11-18 12:36:00+00:00,"Signal(ts=2025-11-18 12:36:00+00:00, action=HOLD, qty=0, strategy=Momentum)",,[]
2025-11-18 12:37:00+00:00,"Signal(ts=2025-11-18 12:37:00+00:00, action=HOLD, qty=0, strategy=Momentum)",,[]
2025-11-18 12:38:00+00:00,"Signal(ts=2025-11-18 12:38:00+00:00, action=HOLD, qty=0, strategy=Momentum)",,[]
2025-11-18 12:39:00+00:00,"Signal(ts=2025-11-18 12:39:00+00:00, action=HOLD, qty=0, strategy=Momentum)",,[]
2025-11-18 12:40:00+00:00,"Signal(ts=2025-11-18 12:40:00+00:00, action=HOLD, qty=0, strategy=Momentum)",,[]
2025-11-18 12:41:00+00:00,"Signal(ts=2025-11-18 12:41:00+00:00, action=HOLD, qty=0, strategy=Momentum)",,[]
2025-11-18 12:42:00+00:00,"Signal(ts=2025-11-18 12:42:00+00:00, action=HOLD, qty=0, strategy=Momentum)",,[]
2025-11-18 12:43:00+00:00,"Signal(ts=2025-11-18 12:43:00+00:00, action=HOLD, qty=0, strategy=Momentum)",,[]
2025-11-18 12:44:00+00:00,"Signal(ts=2025-11-18 12:44:00+00:00, action=HOLD, qty=0, strategy=Momentum)",,[]
2025-11-18 12:45:00+00:00,"Signal(ts=2025-11-18 12:45:00+00:00, action=HOLD, qty=0, strategy=Momentum)",,[]
2025-11-18 12:46:00+00:00,"Signal(ts=2025-11-18 12:46:00+00:00, action=HOLD, qty=0, strategy=Momentum)",,[]
2025-11-18 12:47:00+00:00,"Signal(ts=2025-11-18 12:47:00+00:00, action=HOLD, qty=0, strategy=Momentum)",,[]
2025-11-18 12:48:00+00:00,"Signal(ts=2025-11-18 12:48:00+00:00, action=HOLD, qty=0, strategy=Momentum)",,[]
2025-11-18 12:49:00+00:00,"Signal(ts=2025-11-18 12:49:00+00:00, action=HOLD, qty=0, strategy=Momentum)",,[]
2025-11-18 12:50:00+00:00,"Signal(ts=2025-11-18 12:50:00+00:00, action=HOLD, qty=0, strategy=Momentum)",,[]
2025-11-18 12:51:00+00:00,"Signal(ts=2025-11-18 12:51:00+00:00, action=HOLD, qty=0, strategy=Momentum)",,[]
2025-11-18 12:52:00+00:00,"Signal(ts=2025-11-18 12:52:00+00:00, action=HOLD, qty=0, strategy=Momentum)",,[]
2025-11-18 12:53:00+00:00,"Signal(ts=2025-11-18 12:53:00+00:00, action=HOLD, qty=0, strategy=Momentum)",,[]
2025-11-18 12:54:00+00:00,"Signal(ts=2025-11-18 12:54:00+00:00, action=HOLD, qty=0, strategy=Momentum)",,[]
2025-11-18 12:55:00+00:00,"Signal(ts=2025-11-18 12:55:00+00:00, action=SELL, qty=1, strategy=Momentum)",f5138423-580f-4d2f-a08d-c7851297598f,"[{'price': 268.32, 'qty': 1, 'buy_id': '1c844301-5ce8-4ddb-a161-c7d72ac5b0e4', 'sell_id': 'f5138423-580f-4d2f-a08d-c7851297598f', 'timestamp': 1763959267.5421746}]"
2025-11-18 12:56:00+00:00,"Signal(ts=2025-11-18 12:56:00+00:00, action=SELL, qty=1, strategy=Momentum)",73ad9cdd-f384-4d29-ae55-3d71b96c8b53,"[{'price': 268.18, 'qty': 1, 'buy_id': '1c844301-5ce8-4ddb-a161-c7d72ac5b0e4', 'sell_id': '73ad9cdd-f384-4d29-ae55-3d71b96c8b53', 'timestamp': 1763959267.5507958}]"
2025-11-18 12:57:00+00:00,"Signal(ts=2025-11-18 12:57:00+00:00, action=SELL, qty=2, strategy=Momentum)",ce683abd-a96b-43ed-9bc0-6a6cf072f118,"[{'price': 267.87, 'qty': 2, 'buy_id': 'ffc13417-5526-4e36-92ff-a9b11c68b3f7', 'sell_id': 'ce683abd-a96b-43ed-9bc0-6a6cf072f118', 'timestamp': 1763959267.5518153}]"
2025-11-18 12:58:00+00:00,"Signal(ts=2025-11-18 12:58:00+00:00, action=SELL, qty=1, strategy=Momentum)",8a9d89ab-d410-4157-8e39-43ba264cfb6a,"[{'price': 268.02, 'qty': 1, 'buy_id': 'ffc13417-5526-4e36-92ff-a9b11c68b3f7', 'sell_id': '8a9d89ab-d410-4157-8e39-43ba264cfb6a', 'timestamp': 1763959267.553413}]"
2025-11-18 12:59:00+00:00,"Signal(ts=2025-11-18 12:59:00+00:00, action=SELL, qty=1, strategy=Momentum)",4502cf0a-4682-4131-abce-c592a922153b,"[{'price': 268.08, 'qty': 1, 'buy_id': 'ffc13417-5526-4e36-92ff-a9b11c68b3f7', 'sell_id': '4502cf0a-4682-4131-abce-c592a922153b', 'timestamp': 1763959267.5557046}]"
2025-11-18 13:00:00+00:00,"Signal(ts=2025-11-18 13:00:00+00:00, action=HOLD, qty=0, strategy=Momentum)",,[]
2025-11-18 13:01:00+00:00,"Signal(ts=2025-11-18 13:01:00+00:00, action=SELL, qty=1, strategy=Momentum)",b688088b-e4ed-44b2-b3ac-77862a8dd080,"[{'price': 268.07, 'qty': 1, 'buy_id': '86c89747-a5a7-435e-8baf-32f0a5033965', 'sell_id': 'b688088b-e4ed-44b2-b3ac-77862a8dd080', 'timestamp': 1763959267.5596366}]"
2025-11-18 13:02:00+00:00,"Signal(ts=2025-11-18 13:02:00+00:00, action=SELL, qty=4, strategy=Momentum)",12198c13-e8e5-45f6-838b-9ad1d57600c2,"[{'price': 267.22, 'qty': 2, 'buy_id': '86c89747-a5a7-435e-8baf-32f0a5033965', 'sell_id': '12198c13-e8e5-45f6-838b-9ad1d57600c2', 'timestamp': 1763959267.56064}, {'price': 267.22, 'qty': 2, 'buy_id': 'a8ee1a93-440d-4dfb-8070-cc8e56dae8f9', 'sell_id': '12198c13-e8e5-45f6-838b-9ad1d57600c2', 'timestamp': 1763959267.56064}]"
2025-11-18 13:03:00+00:00,"Signal(ts=2025-11-18 13:03:00+00:00, action=SELL, qty=1, strategy=Momentum)",54ba9271-28c2-4020-91e7-1685f36c6865,"[{'price': 268.24, 'qty': 1, 'buy_id': 'a8ee1a93-440d-4dfb-8070-cc8e56dae8f9', 'sell_id': '54ba9271-28c2-4020-91e7-1685f36c6865', 'timestamp': 1763959267.561634}]"
2025-11-18 13:04:00+00:00,"Signal(ts=2025-11-18 13:04:00+00:00, action=HOLD, qty=0, strategy=Momentum)",,[]
2025-11-18 13:05:00+00:00,"Signal(ts=2025-11-18 13:05:00+00:00, action=HOLD, qty=0, strategy=Momentum)",,[]
2025-11-18 13:06:00+00:00,"Signal(ts=2025-11-18 13:06:00+00:00, action=HOLD, qty=0, strategy=Momentum)",,[]
2025-11-18 13:07:00+00:00,"Signal(ts=2025-11-18 13:07:00+00:00, action=HOLD, qty=0, strategy=Momentum)",,[]
2025-11-18 13:08:00+00:00,"Signal(ts=2025-11-18 13:08:00+00:00, action=HOLD, qty=0, strategy=Momentum)",,[]
2025-11-18 13:09:00+00:00,"Signal(ts=2025-11-18 13:09:00+00:00, action=HOLD, qty=0, strategy=Momentum)",,[]
2025-11-18 13:10:00+00:00,"Signal(ts=2025-11-18 13:10:00+00:00, action=HOLD, qty=0, strategy=Momentum)",,[]
2025-11-18 13:11:00+00:00,"Signal(ts=2025-11-18 13:11:00+00:00, action=HOLD, qty=0, strategy=Momentum)",,[]
2025-11-18 13:12:00+00:00,"Signal(ts=2025-11-18 13:12:00+00:00, action=HOLD, qty=0, strategy=Momentum)",,[]
2025-11-18 13:13:00+00:00,"Signal(ts=2025-11-18 13:13:00+00:00, action=HOLD, qty=0, strategy=Momentum)",,[]
2025-11-18 13:14:00+00:00,"Signal(ts=2025-11-18 13:14:00+00:00, action=HOLD, qty=0, strategy=Momentum)",,[]
2025-11-18 13:15:00+00:00,"Signal(ts=2025-11-18 13:15:00+00:00, action=HOLD, qty=0, strategy=Momentum)",,[]
2025-11-18 13:16:00+00:00,"Signal(ts=2025-11-18 13:16:00+00:00, action=HOLD, qty=0, strategy=Momentum)",,[]
2025-11-18 13:17:00+00:00,"Signal(ts=2025-11-18 13:17:00+00:00, action=HOLD, qty=0, strategy=Momentum)",,[]
2025-11-18 13:18:00+00:00,"Signal(ts=2025-11-18 13:18:00+00:00, action=HOLD, qty=0, strategy=Momentum)",,[]
2025-11-18 13:19:00+00:00,"Signal(ts=2025-11-18 13:19:00+00:00, action=HOLD, qty=0, strategy=Momentum)",,[]
2025-11-18 13:20:00+00:00,"Signal(ts=2025-11-18 13:20:00+00:00, action=HOLD, qty=0, strategy=Momentum)",,[]
2025-11-18 13:21:00+00:00,"Signal(ts=2025-11-18 13:21:00+00:00, action=SELL, qty=1, strategy=Momentum)",a5ea969c-dfb5-4051-885f-9b1a2572a0cb,"[{'price': 268.19, 'qty': 1, 'buy_id': '86252dc8-bd63-4aa1-bfff-a0823ba0991b', 'sell_id': 'a5ea969c-dfb5-4051-885f-9b1a2572a0cb', 'timestamp': 1763959267.590371}]"
2025-11-18 13:22:00+00:00,"Signal(ts=2025-11-18 13:22:00+00:00, action=SELL, qty=1, strategy=Momentum)",76877ffd-5493-4187-8fb1-56ca21f14c2f,"[{'price': 268.2, 'qty': 1, 'buy_id': '86252dc8-bd63-4aa1-bfff-a0823ba0991b', 'sell_id': '76877ffd-5493-4187-8fb1-56ca21f14c2f', 'timestamp': 1763959267.591452}]"
2025-11-18 13:23:00+00:00,"Signal(ts=2025-11-18 13:23:00+00:00, action=HOLD, qty=0, strategy=Momentum)",,[]
2025-11-18 13:24:00+00:00,"Signal(ts=2025-11-18 13:24:00+00:00, action=HOLD, qty=0, strategy=Momentum)",,[]
2025-11-18 13:25:00+00:00,"Signal(ts=2025-11-18 13:25:00+00:00, action=HOLD, qty=0, strategy=Momentum)",,[]
2025-11-18 13:26:00+00:00,"Signal(ts=2025-11-18 13:26:00+00:00, action=BUY, qty=1, strategy=Momentum)",6bad8523-1324-4e43-9032-f76ad9b94df3,[]
2025-11-18 13:27:00+00:00,"Signal(ts=2025-11-18 13:27:00+00:00, action=HOLD, qty=0, strategy=Momentum)",,[]
2025-11-18 13:28:00+00:00,"Signal(ts=2025-11-18 13:28:00+00:00, action=HOLD, qty=0, strategy=Momentum)",,[]
2025-11-18 13:29:00+00:00,"Signal(ts=2025-11-18 13:29:00+00:00, action=HOLD, qty=0, strategy=Momentum)",,[]
2025-11-18 13:30:00+00:00,"Signal(ts=2025-11-18 13:30:00+00:00, action=HOLD, qty=0, strategy=Momentum)",,[]
2025-11-18 13:31:00+00:00,"Signal(ts=2025-11-18 13:31:00+00:00, action=BUY, qty=4, strategy=Momentum)",063d8d0a-d1df-4b82-a6f1-8396af049eaf,[]
2025-11-18 13:32:00+00:00,"Signal(ts=2025-11-18 13:32:00+00:00, action=HOLD, qty=0, strategy=Momentum)",,[]
2025-11-18 13:33:00+00:00,"Signal(ts=2025-11-18 13:33:00+00:00, action=HOLD, qty=0, strategy=Momentum)",,[]
2025-11-18 13:34:00+00:00,"Signal(ts=2025-11-18 13:34:00+00:00, action=HOLD, qty=0, strategy=Momentum)",,[]
2025-11-18 13:35:00+00:00,"Signal(ts=2025-11-18 13:35:00+00:00, action=HOLD, qty=0, strategy=Momentum)",,[]
2025-11-18 13:36:00+00:00,"Signal(ts=2025-11-18 13:36:00+00:00, action=HOLD, qty=0, strategy=Momentum)",,[]
2025-11-18 13:37:00+00:00,"Signal(ts=2025-11-18 13:37:00+00:00, action=HOLD, qty=0, strategy=Momentum)",,[]
2025-11-18 13:38:00+00:00,"Signal(ts=2025-11-18 13:38:00+00:00, action=HOLD, qty=0, strategy=Momentum)",,[]
2025-11-18 13:39:00+00:00,"Signal(ts=2025-11-18 13:39:00+00:00, action=BUY, qty=1, strategy=Momentum)",81b7f5d4-7ee8-49f2-b3f2-03dfc9baa226,[]
2025-11-18 13:40:00+00:00,"Signal(ts=2025-11-18 13:40:00+00:00, action=BUY, qty=1, strategy=Momentum)",802de875-1888-4075-8b13-f0c09e53c945,[]
2025-11-18 13:41:00+00:00,"Signal(ts=2025-11-18 13:41:00+00:00, action=BUY, qty=2, strategy=Momentum)",f42c918c-b4fd-4850-ad4b-43e1abcf37c2,[]
2025-11-18 13:42:00+00:00,"Signal(ts=2025-11-18 13:42:00+00:00, action=BUY, qty=1, strategy=Momentum)",99b21218-3515-4465-8831-4699a8b74986,[]
2025-11-18 13:43:00+00:00,"Signal(ts=2025-11-18 13:43:00+00:00, action=BUY, qty=1, strategy=Momentum)",84b109d7-c9bb-4e00-90b3-7f90283c2a40,[]
2025-11-18 13:44:00+00:00,"Signal(ts=2025-11-18 13:44:00+00:00, action=HOLD, qty=0, strategy=Momentum)",,[]
2025-11-18 13:45:00+00:00,"Signal(ts=2025-11-18 13:45:00+00:00, action=BUY, qty=1, strategy=Momentum)",91c177f6-3db1-4127-85e5-05aa6ade64bc,[]
2025-11-18 13:46:00+00:00,"Signal(ts=2025-11-18 13:46:00+00:00, action=BUY, qty=2, strategy=Momentum)",6f1582bd-7d2b-487e-83b6-765c9d0a7786,[]
2025-11-18 13:47:00+00:00,"Signal(ts=2025-11-18 13:47:00+00:00, action=BUY, qty=2, strategy=Momentum)",da1242a2-36d4-45d3-bbd4-08b4d81db367,[]
2025-11-18 13:48:00+00:00,"Signal(ts=2025-11-18 13:48:00+00:00, action=BUY, qty=2, strategy=Momentum)",5b46cefb-741e-42b8-9612-552f4f84fffa,[]
2025-11-18 13:49:00+00:00,"Signal(ts=2025-11-18 13:49:00+00:00, action=BUY, qty=2, strategy=Momentum)",0869390e-259b-4d4d-8abb-2139486dfc5c,[]
2025-11-18 13:50:00+00:00,"Signal(ts=2025-11-18 13:50:00+00:00, action=BUY, qty=2, strategy=Momentum)",87c25876-aa39-43f7-8897-e39d35203284,[]
2025-11-18 13:51:00+00:00,"Signal(ts=2025-11-18 13:51:00+00:00, action=BUY, qty=1, strategy=Momentum)",4a1fd0f1-bd8e-458e-abd6-b0bacc8db6ee,[]
2025-11-18 13:52:00+00:00,"Signal(ts=2025-11-18 13:52:00+00:00, action=BUY, qty=1, strategy=Momentum)",c599cae6-5fd2-4102-8872-197e4913307c,[]
2025-11-18 13:53:00+00:00,"Signal(ts=2025-11-18 13:53:00+00:00, action=BUY, qty=1, strategy=Momentum)",53fcb171-4410-4320-84f2-fd6bee845bdc,[]
2025-11-18 13:54:00+00:00,"Signal(ts=2025-11-18 13:54:00+00:00, action=BUY, qty=2, strategy=Momentum)",6e68cf10-9dbe-4e3a-9e93-9a0de9181378,[]
2025-11-18 13:55:00+00:00,"Signal(ts=2025-11-18 13:55:00+00:00, action=BUY, qty=2, strategy=Momentum)",1f5df9f1-24e4-417a-9efe-c2cba4e9c54e,[]
2025-11-18 13:56:00+00:00,"Signal(ts=2025-11-18 13:56:00+00:00, action=BUY, qty=2, strategy=Momentum)",31b56a55-add4-4400-bf2d-3d8a71291084,[]
2025-11-18 13:57:00+00:00,"Signal(ts=2025-11-18 13:57:00+00:00, action=BUY, qty=2, strategy=Momentum)",b434dbf1-f2a2-4d30-ba88-16f54686df63,[]
2025-11-18 13:58:00+00:00,"Signal(ts=2025-11-18 13:58:00+00:00, action=BUY, qty=1, strategy=Momentum)",b973bdf6-3cb8-4bff-8e1a-49397ab80f96,[]
2025-11-18 13:59:00+00:00,"Signal(ts=2025-11-18 13:59:00+00:00, action=HOLD, qty=0, strategy=Momentum)",,[]
2025-11-18 14:00:00+00:00,"Signal(ts=2025-11-18 14:00:00+00:00, action=HOLD, qty=0, strategy=Momentum)",,[]
2025-11-18 14:01:00+00:00,"Signal(ts=2025-11-18 14:01:00+00:00, action=HOLD, qty=0, strategy=Momentum)",,[]
2025-11-18 14:02:00+00:00,"Signal(ts=2025-11-18 14:02:00+00:00, action=BUY, qty=1, strategy=Momentum)",69898f86-5e57-4686-a05f-05eb980705ad,[]
2025-11-18 14:03:00+00:00,"Signal(ts=2025-11-18 14:03:00+00:00, action=BUY, qty=1, strategy=Momentum)",17c8561f-265d-40e8-8ad0-e502a55e0dee,[]
2025-11-18 14:04:00+00:00,"Signal(ts=2025-11-18 14:04:00+00:00, action=HOLD, qty=0, strategy=Momentum)",,[]
2025-11-18 14:05:00+00:00,"Signal(ts=2025-11-18 14:05:00+00:00, action=HOLD, qty=0, strategy=Momentum)",,[]
2025-11-18 14:06:00+00:00,"Signal(ts=2025-11-18 14:06:00+00:00, action=HOLD, qty=0, strategy=Momentum)",,[]
2025-11-18 14:07:00+00:00,"Signal(ts=2025-11-18 14:07:00+00:00, action=HOLD, qty=0, strategy=Momentum)",,[]
2025-11-18 14:08:00+00:00,"Signal(ts=2025-11-18 14:08:00+00:00, action=HOLD, qty=0, strategy=Momentum)",,[]
2025-11-18 14:09:00+00:00,"Signal(ts=2025-11-18 14:09:00+00:00, action=SELL, qty=1, strategy=Momentum)",d8368412-2602-4113-8cc5-17afd12f34c4,"[{'price': 268.54, 'qty': 1, 'buy_id': '86252dc8-bd63-4aa1-bfff-a0823ba0991b', 'sell_id': 'd8368412-2602-4113-8cc5-17afd12f34c4', 'timestamp': 1763959267.6675215}]"
2025-11-18 14:10:00+00:00,"Signal(ts=2025-11-18 14:10:00+00:00, action=SELL, qty=1, strategy=Momentum)",2b8da573-5635-48d7-88ac-eb6e9efa12c8,"[{'price': 268.51, 'qty': 1, 'buy_id': '66645b14-2550-4e49-83aa-d5519845da1c', 'sell_id': '2b8da573-5635-48d7-88ac-eb6e9efa12c8', 'timestamp': 1763959267.668206}]"
2025-11-18 14:11:00+00:00,"Signal(ts=2025-11-18 14:11:00+00:00, action=SELL, qty=1, strategy=Momentum)",710ca502-1218-4aed-ae64-34be0274ad1f,"[{'price': 268.6, 'qty': 1, 'buy_id': '66645b14-2550-4e49-83aa-d5519845da1c', 'sell_id': '710ca502-1218-4aed-ae64-34be0274ad1f', 'timestamp': 1763959267.6692672}]"
2025-11-18 14:12:00+00:00,"Signal(ts=2025-11-18 14:12:00+00:00, action=SELL, qty=1, strategy=Momentum)",104d8b3d-0c81-4854-9799-a0bae73d4308,"[{'price': 268.43, 'qty': 1, 'buy_id': '9a739481-0317-467b-8d65-8967ddcdb59a', 'sell_id': '104d8b3d-0c81-4854-9799-a0bae73d4308', 'timestamp': 1763959267.6723433}]"
2025-11-18 14:13:00+00:00,"Signal(ts=2025-11-18 14:13:00+00:00, action=SELL, qty=1, strategy=Momentum)",b4be75c0-a14b-4fa4-8d19-385d24b93b97,"[{'price': 268.39, 'qty': 1, 'buy_id': '9a739481-0317-467b-8d65-8967ddcdb59a', 'sell_id': 'b4be75c0-a14b-4fa4-8d19-385d24b93b97', 'timestamp': 1763959267.6726816}]"
2025-11-18 14:14:00+00:00,"Signal(ts=2025-11-18 14:14:00+00:00, action=SELL, qty=1, strategy=Momentum)",14ee8720-6063-4050-b3a0-d12f5a8244fd,"[{'price': 268.44, 'qty': 1, 'buy_id': '9a685a22-1e8e-464f-aa06-7c048b657e81', 'sell_id': '14ee8720-6063-4050-b3a0-d12f5a8244fd', 'timestamp': 1763959267.6761506}]"
2025-11-18 14:15:00+00:00,"Signal(ts=2025-11-18 14:15:00+00:00, action=SELL, qty=1, strategy=Momentum)",95db7741-5cb9-4304-898b-f9892e57d5e0,"[{'price': 268.5, 'qty': 1, 'buy_id': '9a685a22-1e8e-464f-aa06-7c048b657e81', 'sell_id': '95db7741-5cb9-4304-898b-f9892e57d5e0', 'timestamp': 1763959267.6773272}]"
2025-11-18 14:16:00+00:00,"Signal(ts=2025-11-18 14:16:00+00:00, action=SELL, qty=2, strategy=Momentum)",751b9bf8-98cf-483f-b5c8-284fab7a9a6f,"[{'price': 268.42, 'qty': 1, 'buy_id': '3e318ef6-b7bc-47ae-ab83-ec7809d95034', 'sell_id': '751b9bf8-98cf-483f-b5c8-284fab7a9a6f', 'timestamp': 1763959267.6793346}, {'price': 268.42, 'qty': 1, 'buy_id': '142fa000-2861-4088-a0f3-bdeaebfb6a67', 'sell_id': '751b9bf8-98cf-483f-b5c8-284fab7a9a6f', 'timestamp': 1763959267.6793346}]"
2025-11-18 14:17:00+00:00,"Signal(ts=2025-11-18 14:17:00+00:00, action=SELL, qty=2, strategy=Momentum)",c5167e8d-e620-4cc9-977f-2ed4969c4321,"[{'price': 268.5, 'qty': 2, 'buy_id': '5b46cefb-741e-42b8-9612-552f4f84fffa', 'sell_id': 'c5167e8d-e620-4cc9-977f-2ed4969c4321', 'timestamp': 1763959267.6800086}]"
2025-11-18 14:18:00+00:00,"Signal(ts=2025-11-18 14:18:00+00:00, action=SELL, qty=2, strategy=Momentum)",3deaa6db-4ff5-4a72-9f23-fcc95f880088,"[{'price': 268.36, 'qty': 2, 'buy_id': 'e6e5a1b7-d4db-4aec-861a-8848fb93a4c2', 'sell_id': '3deaa6db-4ff5-4a72-9f23-fcc95f880088', 'timestamp': 1763959267.6800086}]"
2025-11-18 14:19:00+00:00,"Signal(ts=2025-11-18 14:19:00+00:00, action=HOLD, qty=0, strategy=Momentum)",,[]
2025-11-18 14:20:00+00:00,"Signal(ts=2025-11-18 14:20:00+00:00, action=SELL, qty=1, strategy=Momentum)",2d4d0c80-e582-46c8-af45-efe761757c86,"[{'price': 268.3, 'qty': 1, 'buy_id': 'e6e5a1b7-d4db-4aec-861a-8848fb93a4c2', 'sell_id': '2d4d0c80-e582-46c8-af45-efe761757c86', 'timestamp': 1763959267.6800086}]"
2025-11-18 14:21:00+00:00,"Signal(ts=2025-11-18 14:21:00+00:00, action=HOLD, qty=0, strategy=Momentum)",,[]
2025-11-18 14:22:00+00:00,"Signal(ts=2025-11-18 14:22:00+00:00, action=SELL, qty=2, strategy=Momentum)",0199ea15-a141-4814-9967-5322afe8b660,"[{'price': 268.1, 'qty': 2, 'buy_id': 'c525447f-3d0b-47b1-ab3a-3a55157d3557', 'sell_id': '0199ea15-a141-4814-9967-5322afe8b660', 'timestamp': 1763959267.6897256}]"
2025-11-18 14:23:00+00:00,"Signal(ts=2025-11-18 14:23:00+00:00, action=SELL, qty=2, strategy=Momentum)",a4b35ee1-7922-42f5-9e64-4ee179778bf8,"[{'price': 268.09, 'qty': 1, 'buy_id': 'c525447f-3d0b-47b1-ab3a-3a55157d3557', 'sell_id': 'a4b35ee1-7922-42f5-9e64-4ee179778bf8', 'timestamp': 1763959267.6903784}, {'price': 268.09, 'qty': 1, 'buy_id': '317d4078-60de-4a8a-a254-0b2459a6a794', 'sell_id': 'a4b35ee1-7922-42f5-9e64-4ee179778bf8', 'timestamp': 1763959267.6903784}]"
2025-11-18 14:24:00+00:00,"Signal(ts=2025-11-18 14:24:00+00:00, action=SELL, qty=2, strategy=Momentum)",1dfeed79-003c-43ba-9378-b8ec52df45ed,"[{'price': 268.2, 'qty': 1, 'buy_id': '317d4078-60de-4a8a-a254-0b2459a6a794', 'sell_id': '1dfeed79-003c-43ba-9378-b8ec52df45ed', 'timestamp': 1763959267.6903784}, {'price': 268.2, 'qty': 1, 'buy_id': '2095571d-10bc-4604-b548-820c2d11ed4e', 'sell_id': '1dfeed79-003c-43ba-9378-b8ec52df45ed', 'timestamp': 1763959267.6903784}]"
2025-11-18 14:25:00+00:00,"Signal(ts=2025-11-18 14:25:00+00:00, action=SELL, qty=2, strategy=Momentum)",cb0954b3-e075-44f5-8912-d714ceea55fe,"[{'price': 268.01, 'qty': 2, 'buy_id': '2095571d-10bc-4604-b548-820c2d11ed4e', 'sell_id': 'cb0954b3-e075-44f5-8912-d714ceea55fe', 'timestamp': 1763959267.6903784}]"
2025-11-18 14:26:00+00:00,"Signal(ts=2025-11-18 14:26:00+00:00, action=HOLD, qty=0, strategy=Momentum)",,[]
2025-11-18 14:27:00+00:00,"Signal(ts=2025-11-18 14:27:00+00:00, action=BUY, qty=2, strategy=Momentum)",ba83735c-6085-434f-a926-029ed6459753,[]
2025-11-18 14:28:00+00:00,"Signal(ts=2025-11-18 14:28:00+00:00, action=BUY, qty=6, strategy=Momentum)",3b11cbca-50f5-4c20-b92f-788b1543ce8f,[]
2025-11-18 14:29:00+00:00,"Signal(ts=2025-11-18 14:29:00+00:00, action=BUY, qty=5, strategy=Momentum)",6808541b-fc20-4286-9b05-59bcd754c841,[]
2025-11-18 14:30:00+00:00,"Signal(ts=2025-11-18 14:30:00+00:00, action=BUY, qty=7, strategy=Momentum)",3677bb6f-6319-4f8f-86ee-2acbd5b5c057,[]
2025-11-18 14:31:00+00:00,"Signal(ts=2025-11-18 14:31:00+00:00, action=BUY, qty=2, strategy=Momentum)",4dea785a-1786-48c2-9bfe-3c928a04625e,[]
2025-11-18 14:32:00+00:00,"Signal(ts=2025-11-18 14:32:00+00:00, action=BUY, qty=3, strategy=Momentum)",cf94a880-e6ce-426a-9f77-1d4f3bf53a4c,[]
2025-11-18 14:33:00+00:00,"Signal(ts=2025-11-18 14:33:00+00:00, action=BUY, qty=2, strategy=Momentum)",6d352d0b-f772-47f0-9b08-f188e8f37d2b,[]
2025-11-18 14:34:00+00:00,"Signal(ts=2025-11-18 14:34:00+00:00, action=BUY, qty=2, strategy=Momentum)",c9eb761b-e67f-40ba-a263-6c5dc2996a74,[]
2025-11-18 14:35:00+00:00,"Signal(ts=2025-11-18 14:35:00+00:00, action=BUY, qty=2, strategy=Momentum)",f9a9bb1b-c45f-4df7-aa8e-8aab1aab4be0,[]
2025-11-18 14:36:00+00:00,"Signal(ts=2025-11-18 14:36:00+00:00, action=BUY, qty=3, strategy=Momentum)",b63bc388-7bcf-4dbb-8f7f-e2101b9b1619,[]
2025-11-18 14:37:00+00:00,"Signal(ts=2025-11-18 14:37:00+00:00, action=BUY, qty=2, strategy=Momentum)",d0c54f9d-884e-4611-b128-c819ff16e411,[]
2025-11-18 14:38:00+00:00,"Signal(ts=2025-11-18 14:38:00+00:00, action=HOLD, qty=0, strategy=Momentum)",,[]
2025-11-18 14:39:00+00:00,"Signal(ts=2025-11-18 14:39:00+00:00, action=HOLD, qty=0, strategy=Momentum)",,[]
2025-11-18 14:40:00+00:00,"Signal(ts=2025-11-18 14:40:00+00:00, action=HOLD, qty=0, strategy=Momentum)",,[]
2025-11-18 14:41:00+00:00,"Signal(ts=2025-11-18 14:41:00+00:00, action=SELL, qty=1, strategy=Momentum)",31a675a6-491e-4b69-b246-3ce8c383fb24,"[{'price': 268.04998779296875, 'qty': 1, 'buy_id': '3677bb6f-6319-4f8f-86ee-2acbd5b5c057', 'sell_id': '31a675a6-491e-4b69-b246-3ce8c383fb24', 'timestamp': 1763959267.7210171}]"
2025-11-18 14:42:00+00:00,"Signal(ts=2025-11-18 14:42:00+00:00, action=SELL, qty=1, strategy=Momentum)",918370f0-6d46-48b7-8dd5-4761f54ba513,"[{'price': 267.8800048828125, 'qty': 1, 'buy_id': '3677bb6f-6319-4f8f-86ee-2acbd5b5c057', 'sell_id': '918370f0-6d46-48b7-8dd5-4761f54ba513', 'timestamp': 1763959267.7229285}]"
2025-11-18 14:43:00+00:00,"Signal(ts=2025-11-18 14:43:00+00:00, action=SELL, qty=1, strategy=Momentum)",8a9223f5-8a97-4183-8d09-617faa8d3d76,"[{'price': 268.0599975585937, 'qty': 1, 'buy_id': '3677bb6f-6319-4f8f-86ee-2acbd5b5c057', 'sell_id': '8a9223f5-8a97-4183-8d09-617faa8d3d76', 'timestamp': 1763959267.7229285}]"
2025-11-18 14:44:00+00:00,"Signal(ts=2025-11-18 14:44:00+00:00, action=SELL, qty=2, strategy=Momentum)",76c60084-b6cc-4360-9ac9-545cd9bc2716,"[{'price': 267.79998779296875, 'qty': 2, 'buy_id': '3677bb6f-6319-4f8f-86ee-2acbd5b5c057', 'sell_id': '76c60084-b6cc-4360-9ac9-545cd9bc2716', 'timestamp': 1763959267.7229285}]"
2025-11-18 14:45:00+00:00,"Signal(ts=2025-11-18 14:45:00+00:00, action=HOLD, qty=0, strategy=Momentum)",,[]
2025-11-18 14:46:00+00:00,"Signal(ts=2025-11-18 14:46:00+00:00, action=HOLD, qty=0, strategy=Momentum)",,[]
2025-11-18 14:47:00+00:00,"Signal(ts=2025-11-18 14:47:00+00:00, action=SELL, qty=2, strategy=Momentum)",07ccda06-cf3b-4d49-af5d-c3a355ab5bc0,"[{'price': 267.6933898925781, 'qty': 2, 'buy_id': '3677bb6f-6319-4f8f-86ee-2acbd5b5c057', 'sell_id': '07ccda06-cf3b-4d49-af5d-c3a355ab5bc0', 'timestamp': 1763959267.7324731}]"
2025-11-18 14:48:00+00:00,"Signal(ts=2025-11-18 14:48:00+00:00, action=SELL, qty=3, strategy=Momentum)",115780c5-739f-4eb4-8607-f955edf7333a,"[{'price': 267.42999267578125, 'qty': 3, 'buy_id': '6808541b-fc20-4286-9b05-59bcd754c841', 'sell_id': '115780c5-739f-4eb4-8607-f955edf7333a', 'timestamp': 1763959267.7324731}]"
2025-11-18 14:49:00+00:00,"Signal(ts=2025-11-18 14:49:00+00:00, action=SELL, qty=5, strategy=Momentum)",aa66538e-85bb-4c29-8443-010914580d87,"[{'price': 266.81500244140625, 'qty': 2, 'buy_id': '6808541b-fc20-4286-9b05-59bcd754c841', 'sell_id': 'aa66538e-85bb-4c29-8443-010914580d87', 'timestamp': 1763959267.7324731}, {'price': 266.81500244140625, 'qty': 3, 'buy_id': '3b11cbca-50f5-4c20-b92f-788b1543ce8f', 'sell_id': 'aa66538e-85bb-4c29-8443-010914580d87', 'timestamp': 1763959267.7324731}]"
2025-11-18 14:50:00+00:00,"Signal(ts=2025-11-18 14:50:00+00:00, action=SELL, qty=4, strategy=Momentum)",f9c0df47-0f25-4e84-b9e2-adc376a61b02,"[{'price': 267.19989013671875, 'qty': 3, 'buy_id': '3b11cbca-50f5-4c20-b92f-788b1543ce8f', 'sell_id': 'f9c0df47-0f25-4e84-b9e2-adc376a61b02', 'timestamp': 1763959267.7324731}, {'price': 267.19989013671875, 'qty': 1, 'buy_id': 'cf94a880-e6ce-426a-9f77-1d4f3bf53a4c', 'sell_id': 'f9c0df47-0f25-4e84-b9e2-adc376a61b02', 'timestamp': 1763959267.7324731}]"
2025-11-18 14:51:00+00:00,"Signal(ts=2025-11-18 14:51:00+00:00, action=SELL, qty=5, strategy=Momentum)",9cd23ed5-ce91-4cea-adb0-01d18cde45c7,"[{'price': 266.739990234375, 'qty': 2, 'buy_id': 'cf94a880-e6ce-426a-9f77-1d4f3bf53a4c', 'sell_id': '9cd23ed5-ce91-4cea-adb0-01d18cde45c7', 'timestamp': 1763959267.740034}, {'price': 266.739990234375, 'qty': 3, 'buy_id': 'b63bc388-7bcf-4dbb-8f7f-e2101b9b1619', 'sell_id': '9cd23ed5-ce91-4cea-adb0-01d18cde45c7', 'timestamp': 1763959267.740034}]"
2025-11-18 14:52:00+00:00,"Signal(ts=2025-11-18 14:52:00+00:00, action=SELL, qty=5, strategy=Momentum)",5ed99601-f9ee-4c50-ab7a-3e7a035d6a41,"[{'price': 266.70001220703125, 'qty': 2, 'buy_id': '6d352d0b-f772-47f0-9b08-f188e8f37d2b', 'sell_id': '5ed99601-f9ee-4c50-ab7a-3e7a035d6a41', 'timestamp': 1763959267.7420316}, {'price': 266.70001220703125, 'qty': 2, 'buy_id': '4dea785a-1786-48c2-9bfe-3c928a04625e', 'sell_id': '5ed99601-f9ee-4c50-ab7a-3e7a035d6a41', 'timestamp': 1763959267.7420316}, {'price': 266.70001220703125, 'qty': 1, 'buy_id': 'd0c54f9d-884e-4611-b128-c819ff16e411', 'sell_id': '5ed99601-f9ee-4c50-ab7a-3e7a035d6a41', 'timestamp': 1763959267.7420316}]"
2025-11-18 14:53:00+00:00,"Signal(ts=2025-11-18 14:53:00+00:00, action=SELL, qty=5, strategy=Momentum)",2fe0e3f8-a359-4155-a5a0-5d4f6e0b6437,"[{'price': 266.760009765625, 'qty': 1, 'buy_id': 'd0c54f9d-884e-4611-b128-c819ff16e411', 'sell_id': '2fe0e3f8-a359-4155-a5a0-5d4f6e0b6437', 'timestamp': 1763959267.7426224}, {'price': 266.760009765625, 'qty': 2, 'buy_id': 'f9a9bb1b-c45f-4df7-aa8e-8aab1aab4be0', 'sell_id': '2fe0e3f8-a359-4155-a5a0-5d4f6e0b6437', 'timestamp': 1763959267.7426224}, {'price': 266.760009765625, 'qty': 2, 'buy_id': 'ba83735c-6085-434f-a926-029ed6459753', 'sell_id': '2fe0e3f8-a359-4155-a5a0-5d4f6e0b6437', 'timestamp': 1763959267.7426224}]"
2025-11-18 14:54:00+00:00,"Signal(ts=2025-11-18 14:54:00+00:00, action=SELL, qty=4, strategy=Momentum)",770163f9-7173-4008-96d4-e95b5f249263,"[{'price': 266.7654113769531, 'qty': 2, 'buy_id': 'c9eb761b-e67f-40ba-a263-6c5dc2996a74', 'sell_id': '770163f9-7173-4008-96d4-e95b5f249263', 'timestamp': 1763959267.7426224}, {'price': 266.7654113769531, 'qty': 2, 'buy_id': '0869390e-259b-4d4d-8abb-2139486dfc5c', 'sell_id': '770163f9-7173-4008-96d4-e95b5f249263', 'timestamp': 1763959267.7426224}]"
2025-11-18 14:55:00+00:00,"Signal(ts=2025-11-18 14:55:00+00:00, action=SELL, qty=6, strategy=Momentum)",0848a07f-172b-4f35-818e-abecdb5a2930,"[{'price': 266.8599853515625, 'qty': 2, 'buy_id': 'f42c918c-b4fd-4850-ad4b-43e1abcf37c2', 'sell_id': '0848a07f-172b-4f35-818e-abecdb5a2930', 'timestamp': 1763959267.7479024}, {'price': 266.8599853515625, 'qty': 2, 'buy_id': '1f5df9f1-24e4-417a-9efe-c2cba4e9c54e', 'sell_id': '0848a07f-172b-4f35-818e-abecdb5a2930', 'timestamp': 1763959267.7479024}, {'price': 266.8599853515625, 'qty': 1, 'buy_id': '99b21218-3515-4465-8831-4699a8b74986', 'sell_id': '0848a07f-172b-4f35-818e-abecdb5a2930', 'timestamp': 1763959267.7479024}, {'price': 266.8599853515625, 'qty': 1, 'buy_id': 'da1242a2-36d4-45d3-bbd4-08b4d81db367', 'sell_id': '0848a07f-172b-4f35-818e-abecdb5a2930', 'timestamp': 1763959267.7479024}]"
2025-11-18 14:56:00+00:00,"Signal(ts=2025-11-18 14:56:00+00:00, action=SELL, qty=8, strategy=Momentum)",f7731e83-3bb0-434d-bed1-a5e3ed75f2a0,"[{'price': 266.8500061035156, 'qty': 1, 'buy_id': 'da1242a2-36d4-45d3-bbd4-08b4d81db367', 'sell_id': 'f7731e83-3bb0-434d-bed1-a5e3ed75f2a0', 'timestamp': 1763959267.7494528}, {'price': 266.8500061035156, 'qty': 2, 'buy_id': '8d5cd59d-369f-48b8-b6d0-3cc424047ffd', 'sell_id': 'f7731e83-3bb0-434d-bed1-a5e3ed75f2a0', 'timestamp': 1763959267.7494528}, {'price': 266.8500061035156, 'qty': 2, 'buy_id': '6f1582bd-7d2b-487e-83b6-765c9d0a7786', 'sell_id': 'f7731e83-3bb0-434d-bed1-a5e3ed75f2a0', 'timestamp': 1763959267.7494528}, {'price': 266.8500061035156, 'qty': 1, 'buy_id': '84b109d7-c9bb-4e00-90b3-7f90283c2a40', 'sell_id': 'f7731e83-3bb0-434d-bed1-a5e3ed75f2a0', 'timestamp': 1763959267.7494528}, {'price': 266.8500061035156, 'qty': 1, 'buy_id': '91c177f6-3db1-4127-85e5-05aa6ade64bc', 'sell_id': 'f7731e83-3bb0-434d-bed1-a5e3ed75f2a0', 'timestamp': 1763959267.7494528}, {'price': 266.8500061035156, 'qty': 1, 'buy_id': '6e68cf10-9dbe-4e3a-9e93-9a0de9181378', 'sell_id': 'f7731e83-3bb0-434d-bed1-a5e3ed75f2a0', 'timestamp': 1763959267.7494528}]"
2025-11-18 14:57:00+00:00,"Signal(ts=2025-11-18 14:57:00+00:00, action=SELL, qty=10, strategy=Momentum)",ce0d98a7-4390-42d4-a10d-32252dad9053,"[{'price': 267.0400085449219, 'qty': 1, 'buy_id': '6e68cf10-9dbe-4e3a-9e93-9a0de9181378', 'sell_id': 'ce0d98a7-4390-42d4-a10d-32252dad9053', 'timestamp': 1763959267.7504566}, {'price': 267.0400085449219, 'qty': 1, 'buy_id': '802de875-1888-4075-8b13-f0c09e53c945', 'sell_id': 'ce0d98a7-4390-42d4-a10d-32252dad9053', 'timestamp': 1763959267.7504566}, {'price': 267.0400085449219, 'qty': 1, 'buy_id': '17c8561f-265d-40e8-8ad0-e502a55e0dee', 'sell_id': 'ce0d98a7-4390-42d4-a10d-32252dad9053', 'timestamp': 1763959267.7504566}, {'price': 267.0400085449219, 'qty': 2, 'buy_id': '87c25876-aa39-43f7-8897-e39d35203284', 'sell_id': 'ce0d98a7-4390-42d4-a10d-32252dad9053', 'timestamp': 1763959267.7504566}, {'price': 267.0400085449219, 'qty': 1, 'buy_id': '69898f86-5e57-4686-a05f-05eb980705ad', 'sell_id': 'ce0d98a7-4390-42d4-a10d-32252dad9053', 'timestamp': 1763959267.7504566}, {'price': 267.0400085449219, 'qty': 1, 'buy_id': '81b7f5d4-7ee8-49f2-b3f2-03dfc9baa226', 'sell_id': 'ce0d98a7-4390-42d4-a10d-32252dad9053', 'timestamp': 1763959267.7504566}, {'price': 267.0400085449219, 'qty': 2, 'buy_id': 'b434dbf1-f2a2-4d30-ba88-16f54686df63', 'sell_id': 'ce0d98a7-4390-42d4-a10d-32252dad9053', 'timestamp': 1763959267.7504566}, {'price': 267.0400085449219, 'qty': 1, 'buy_id': '31b56a55-add4-4400-bf2d-3d8a71291084', 'sell_id': 'ce0d98a7-4390-42d4-a10d-32252dad9053', 'timestamp': 1763959267.7504566}]"
2025-11-18 14:58:00+00:00,"Signal(ts=2025-11-18 14:58:00+00:00, action=SELL, qty=10, strategy=Momentum)",4a47cd18-7976-43ef-a5a1-4cde602312ee,"[{'price': 267.1000061035156, 'qty': 1, 'buy_id': '31b56a55-add4-4400-bf2d-3d8a71291084', 'sell_id': '4a47cd18-7976-43ef-a5a1-4cde602312ee', 'timestamp': 1763959267.7514572}, {'price': 267.1000061035156, 'qty': 1, 'buy_id': '4a1fd0f1-bd8e-458e-abd6-b0bacc8db6ee', 'sell_id': '4a47cd18-7976-43ef-a5a1-4cde602312ee', 'timestamp': 1763959267.7514572}, {'price': 267.1000061035156, 'qty': 1, 'buy_id': '53fcb171-4410-4320-84f2-fd6bee845bdc', 'sell_id': '4a47cd18-7976-43ef-a5a1-4cde602312ee', 'timestamp': 1763959267.7514572}, {'price': 267.1000061035156, 'qty': 2, 'buy_id': '64c27445-31fc-46ff-8b32-835b8c4b80da', 'sell_id': '4a47cd18-7976-43ef-a5a1-4cde602312ee', 'timestamp': 1763959267.7514572}, {'price': 267.1000061035156, 'qty': 3, 'buy_id': 'bbc27627-292d-406d-ba9e-83a54fbe865e', 'sell_id': '4a47cd18-7976-43ef-a5a1-4cde602312ee', 'timestamp': 1763959267.7514572}, {'price': 267.1000061035156, 'qty': 2, 'buy_id': '12dc13bf-091b-4709-8f6c-0ad06bb059fb', 'sell_id': '4a47cd18-7976-43ef-a5a1-4cde602312ee', 'timestamp': 1763959267.7514572}]"
2025-11-18 14:59:00+00:00,"Signal(ts=2025-11-18 14:59:00+00:00, action=SELL, qty=14, strategy=Momentum)",e7d49ee9-05fc-427f-9d93-29552360ea5e,"[{'price': 266.7300109863281, 'qty': 1, 'buy_id': '12dc13bf-091b-4709-8f6c-0ad06bb059fb', 'sell_id': 'e7d49ee9-05fc-427f-9d93-29552360ea5e', 'timestamp': 1763959267.7524562}, {'price': 266.7300109863281, 'qty': 1, 'buy_id': 'c599cae6-5fd2-4102-8872-197e4913307c', 'sell_id': 'e7d49ee9-05fc-427f-9d93-29552360ea5e', 'timestamp': 1763959267.7524562}, {'price': 266.7300109863281, 'qty': 4, 'buy_id': '1bd30353-d518-42ed-b985-f98e03fdc356', 'sell_id': 'e7d49ee9-05fc-427f-9d93-29552360ea5e', 'timestamp': 1763959267.7524562}, {'price': 266.7300109863281, 'qty': 1, 'buy_id': 'b973bdf6-3cb8-4bff-8e1a-49397ab80f96', 'sell_id': 'e7d49ee9-05fc-427f-9d93-29552360ea5e', 'timestamp': 1763959267.7524562}, {'price': 266.7300109863281, 'qty': 3, 'buy_id': '391a642c-7b98-465f-a567-78ed3b3b2d24', 'sell_id': 'e7d49ee9-05fc-427f-9d93-29552360ea5e', 'timestamp': 1763959267.7524562}, {'price': 266.7300109863281, 'qty': 3, 'buy_id': '7197a0d4-b7b0-4555-95f4-0a77cedbdb2c', 'sell_id': 'e7d49ee9-05fc-427f-9d93-29552360ea5e', 'timestamp': 1763959267.7524562}, {'price': 266.7300109863281, 'qty': 1, 'buy_id': '3739a5b2-3db4-4383-b0dd-71c2e96e88a2', 'sell_id': 'e7d49ee9-05fc-427f-9d93-29552360ea5e', 'timestamp': 1763959267.7524562}]"
2025-11-18 15:00:00+00:00,"Signal(ts=2025-11-18 15:00:00+00:00, action=SELL, qty=8, strategy=Momentum)",11f80132-8330-4dcb-93d1-1e5891fa2f87,"[{'price': 267.0599975585937, 'qty': 2, 'buy_id': '3739a5b2-3db4-4383-b0dd-71c2e96e88a2', 'sell_id': '11f80132-8330-4dcb-93d1-1e5891fa2f87', 'timestamp': 1763959267.7563024}, {'price': 267.0599975585937, 'qty': 3, 'buy_id': 'bb48b765-1afe-4ad1-a7a7-081c84e2a906', 'sell_id': '11f80132-8330-4dcb-93d1-1e5891fa2f87', 'timestamp': 1763959267.7563024}, {'price': 267.0599975585937, 'qty': 3, 'buy_id': '060de1d3-09e9-4b40-9638-fdbeb5bccf2e', 'sell_id': '11f80132-8330-4dcb-93d1-1e5891fa2f87', 'timestamp': 1763959267.7563024}]"
2025-11-18 15:01:00+00:00,"Signal(ts=2025-11-18 15:01:00+00:00, action=SELL, qty=9, strategy=Momentum)",b0f90e94-1196-4ee6-8282-e81d4077d2c6,"[{'price': 266.94000244140625, 'qty': 2, 'buy_id': 'ce01edde-80c7-4e3e-9846-475fa05c3135', 'sell_id': 'b0f90e94-1196-4ee6-8282-e81d4077d2c6', 'timestamp': 1763959267.7589772}, {'price': 266.94000244140625, 'qty': 3, 'buy_id': 'd03fa966-9440-4ca3-933f-5e506b847afe', 'sell_id': 'b0f90e94-1196-4ee6-8282-e81d4077d2c6', 'timestamp': 1763959267.7589772}, {'price': 266.94000244140625, 'qty': 3, 'buy_id': '6c5d9d9c-175a-4ea2-ab49-9b8006b840dc', 'sell_id': 'b0f90e94-1196-4ee6-8282-e81d4077d2c6', 'timestamp': 1763959267.7589772}, {'price': 266.94000244140625, 'qty': 1, 'buy_id': '063d8d0a-d1df-4b82-a6f1-8396af049eaf', 'sell_id': 'b0f90e94-1196-4ee6-8282-e81d4077d2c6', 'timestamp': 1763959267.7589772}]"
2025-11-18 15:02:00+00:00,"Signal(ts=2025-11-18 15:02:00+00:00, action=SELL, qty=9, strategy=Momentum)",b793a715-aaab-4a8f-b60f-eb00d39261b4,"[{'price': 266.7900085449219, 'qty': 3, 'buy_id': '063d8d0a-d1df-4b82-a6f1-8396af049eaf', 'sell_id': 'b793a715-aaab-4a8f-b60f-eb00d39261b4', 'timestamp': 1763959267.7601628}, {'price': 266.7900085449219, 'qty': 3, 'buy_id': '2228d36a-9f3c-413c-851f-7b48ab29662d', 'sell_id': 'b793a715-aaab-4a8f-b60f-eb00d39261b4', 'timestamp': 1763959267.7601628}, {'price': 266.7900085449219, 'qty': 2, 'buy_id': 'f24e70ef-a36d-4731-941a-7bdda2e77488', 'sell_id': 'b793a715-aaab-4a8f-b60f-eb00d39261b4', 'timestamp': 1763959267.7601628}, {'price': 266.7900085449219, 'qty': 1, 'buy_id': '852243a5-c639-44e0-a4d7-a46659c2a15a', 'sell_id': 'b793a715-aaab-4a8f-b60f-eb00d39261b4', 'timestamp': 1763959267.7601628}]"
2025-11-18 15:03:00+00:00,"Signal(ts=2025-11-18 15:03:00+00:00, action=SELL, qty=7, strategy=Momentum)",2d5728a7-013a-4d6b-81fd-0a5e251b07e8,"[{'price': 267.010009765625, 'qty': 1, 'buy_id': '852243a5-c639-44e0-a4d7-a46659c2a15a', 'sell_id': '2d5728a7-013a-4d6b-81fd-0a5e251b07e8', 'timestamp': 1763959267.7624917}, {'price': 267.010009765625, 'qty': 3, 'buy_id': '2259ec99-a2f0-49ac-a203-4df666fd02e0', 'sell_id': '2d5728a7-013a-4d6b-81fd-0a5e251b07e8', 'timestamp': 1763959267.7624917}, {'price': 267.010009765625, 'qty': 1, 'buy_id': '6bad8523-1324-4e43-9032-f76ad9b94df3', 'sell_id': '2d5728a7-013a-4d6b-81fd-0a5e251b07e8', 'timestamp': 1763959267.7624917}, {'price': 267.010009765625, 'qty': 2, 'buy_id': '76234250-2d77-4da3-b7f5-c706480a4fc3', 'sell_id': '2d5728a7-013a-4d6b-81fd-0a5e251b07e8', 'timestamp': 1763959267.7624917}]"
2025-11-18 15:04:00+00:00,"Signal(ts=2025-11-18 15:04:00+00:00, action=SELL, qty=9, strategy=Momentum)",c3f9903e-8e1a-4a37-8a68-0c9c16dceaf8,"[{'price': 266.54998779296875, 'qty': 2, 'buy_id': '6c5d3143-4107-408d-b3a1-d14580ba1ed1', 'sell_id': 'c3f9903e-8e1a-4a37-8a68-0c9c16dceaf8', 'timestamp': 1763959267.7624917}, {'price': 266.54998779296875, 'qty': 2, 'buy_id': '55d42a4d-3cd2-47bf-b353-9604a98a864f', 'sell_id': 'c3f9903e-8e1a-4a37-8a68-0c9c16dceaf8', 'timestamp': 1763959267.7624917}, {'price': 266.54998779296875, 'qty': 3, 'buy_id': '54150bea-a263-4000-92e8-ee4e438af58d', 'sell_id': 'c3f9903e-8e1a-4a37-8a68-0c9c16dceaf8', 'timestamp': 1763959267.7624917}, {'price': 266.54998779296875, 'qty': 2, 'buy_id': '0045a921-5fa8-40b7-84e5-e8fb07d5c4fc', 'sell_id': 'c3f9903e-8e1a-4a37-8a68-0c9c16dceaf8', 'timestamp': 1763959267.7624917}]"
2025-11-18 15:05:00+00:00,"Signal(ts=2025-11-18 15:05:00+00:00, action=SELL, qty=12, strategy=Momentum)",090b7751-76fb-4413-858e-85723ef01262,"[{'price': 266.2099914550781, 'qty': 2, 'buy_id': '24e6387f-561f-46f8-bb6c-8d94f1b8f2c7', 'sell_id': '090b7751-76fb-4413-858e-85723ef01262', 'timestamp': 1763959267.7624917}, {'price': 266.2099914550781, 'qty': 2, 'buy_id': '582c5fdc-0dbd-4e27-a05e-f02f32a3909e', 'sell_id': '090b7751-76fb-4413-858e-85723ef01262', 'timestamp': 1763959267.7624917}]"
2025-11-18 15:06:00+00:00,"Signal(ts=2025-11-18 15:06:00+00:00, action=SELL, qty=10, strategy=Momentum)",2a830d1b-8062-4e74-b317-7d6ac0256a28,[]
2025-11-18 15:07:00+00:00,"Signal(ts=2025-11-18 15:07:00+00:00, action=SELL, qty=7, strategy=Momentum)",fce5a6f9-1dd2-4301-b8be-666ab8cbe449,[]
2025-11-18 15:08:00+00:00,"Signal(ts=2025-11-18 15:08:00+00:00, action=SELL, qty=6, strategy=Momentum)",ef3233f4-408c-4f34-aa2b-6d46b1e09081,[]
2025-11-18 15:09:00+00:00,"Signal(ts=2025-11-18 15:09:00+00:00, action=SELL, qty=6, strategy=Momentum)",88d6e472-3ef9-4e66-aa0b-b5cd6e131a17,[]
2025-11-18 15:10:00+00:00,"Signal(ts=2025-11-18 15:10:00+00:00, action=SELL, qty=4, strategy=Momentum)",a7b29f3b-0f11-447a-8bd7-326651f5feac,[]
2025-11-18 15:11:00+00:00,"Signal(ts=2025-11-18 15:11:00+00:00, action=SELL, qty=6, strategy=Momentum)",771181b0-3e97-4feb-8488-a3291b72ff81,[]
2025-11-18 15:12:00+00:00,"Signal(ts=2025-11-18 15:12:00+00:00, action=SELL, qty=6, strategy=Momentum)",768994c7-1565-401a-ad5f-617a9eec8225,[]
2025-11-18 15:13:00+00:00,"Signal(ts=2025-11-18 15:13:00+00:00, action=SELL, qty=5, strategy=Momentum)",5f78e358-46ad-49d7-b2ba-9eb58c61b2ca,[]
2025-11-18 15:14:00+00:00,"Signal(ts=2025-11-18 15:14:00+00:00, action=SELL, qty=7, strategy=Momentum)",cc71ea4a-04f3-4abc-ae12-c3258b5eb0be,[]
2025-11-18 15:15:00+00:00,"Signal(ts=2025-11-18 15:15:00+00:00, action=SELL, qty=7, strategy=Momentum)",1361f818-7461-44f5-a724-c37f6cd8874b,[]
2025-11-18 15:16:00+00:00,"Signal(ts=2025-11-18 15:16:00+00:00, action=SELL, qty=6, strategy=Momentum)",a6f28fb9-a6eb-429c-a5ef-533f9180b8f7,[]
2025-11-18 15:17:00+00:00,"Signal(ts=2025-11-18 15:17:00+00:00, action=SELL, qty=7, strategy=Momentum)",255467e7-3ab4-47eb-8a4a-75a723de965f,[]
2025-11-18 15:18:00+00:00,"Signal(ts=2025-11-18 15:18:00+00:00, action=SELL, qty=4, strategy=Momentum)",edb1c5da-7d03-4fba-89f3-1a0d75312780,[]
2025-11-18 15:19:00+00:00,"Signal(ts=2025-11-18 15:19:00+00:00, action=SELL, qty=4, strategy=Momentum)",fbc6c729-2530-4015-9fd2-0998ea07de18,[]
2025-11-18 15:20:00+00:00,"Signal(ts=2025-11-18 15:20:00+00:00, action=HOLD, qty=0, strategy=Momentum)",,[]
2025-11-18 15:21:00+00:00,"Signal(ts=2025-11-18 15:21:00+00:00, action=BUY, qty=1, strategy=Momentum)",9319c7e7-c74c-42ff-a211-8ed3758a623d,"[{'price': 265.53399658203125, 'qty': 1, 'buy_id': '9319c7e7-c74c-42ff-a211-8ed3758a623d', 'sell_id': '255467e7-3ab4-47eb-8a4a-75a723de965f', 'timestamp': 1763959267.795623}]"
2025-11-18 15:22:00+00:00,"Signal(ts=2025-11-18 15:22:00+00:00, action=BUY, qty=2, strategy=Momentum)",35e47c0f-1473-4dfb-8b32-95133feec32f,"[{'price': 265.53399658203125, 'qty': 2, 'buy_id': '35e47c0f-1473-4dfb-8b32-95133feec32f', 'sell_id': '255467e7-3ab4-47eb-8a4a-75a723de965f', 'timestamp': 1763959267.7966316}]"
2025-11-18 15:23:00+00:00,"Signal(ts=2025-11-18 15:23:00+00:00, action=BUY, qty=3, strategy=Momentum)",35a03bda-7bd7-418f-917f-270b7f615c7a,"[{'price': 265.53399658203125, 'qty': 3, 'buy_id': '35a03bda-7bd7-418f-917f-270b7f615c7a', 'sell_id': '255467e7-3ab4-47eb-8a4a-75a723de965f', 'timestamp': 1763959267.7976224}]"
2025-11-18 15:24:00+00:00,"Signal(ts=2025-11-18 15:24:00+00:00, action=BUY, qty=2, strategy=Momentum)",ab3808e9-f4ae-4328-8cb2-baf8ee26f36b,"[{'price': 265.53399658203125, 'qty': 1, 'buy_id': 'ab3808e9-f4ae-4328-8cb2-baf8ee26f36b', 'sell_id': '255467e7-3ab4-47eb-8a4a-75a723de965f', 'timestamp': 1763959267.7976224}, {'price': 265.5799865722656, 'qty': 1, 'buy_id': 'ab3808e9-f4ae-4328-8cb2-baf8ee26f36b', 'sell_id': 'edb1c5da-7d03-4fba-89f3-1a0d75312780', 'timestamp': 1763959267.7976224}]"
2025-11-18 15:25:00+00:00,"Signal(ts=2025-11-18 15:25:00+00:00, action=BUY, qty=3, strategy=Momentum)",76f8bf81-4439-4cb7-9da5-4cce46ce4363,"[{'price': 265.5799865722656, 'qty': 3, 'buy_id': '76f8bf81-4439-4cb7-9da5-4cce46ce4363', 'sell_id': 'edb1c5da-7d03-4fba-89f3-1a0d75312780', 'timestamp': 1763959267.7976224}]"
2025-11-18 15:26:00+00:00,"Signal(ts=2025-11-18 15:26:00+00:00, action=BUY, qty=3, strategy=Momentum)",0a4620b5-db54-48d8-8363-0f7b666c1d9a,"[{'price': 265.8464050292969, 'qty': 3, 'buy_id': '0a4620b5-db54-48d8-8363-0f7b666c1d9a', 'sell_id': 'a6f28fb9-a6eb-429c-a5ef-533f9180b8f7', 'timestamp': 1763959267.7976224}]"
2025-11-18 15:27:00+00:00,"Signal(ts=2025-11-18 15:27:00+00:00, action=BUY, qty=2, strategy=Momentum)",e9f4bfbb-eaab-4209-8bc4-24bf92d1f8f5,"[{'price': 265.8464050292969, 'qty': 2, 'buy_id': 'e9f4bfbb-eaab-4209-8bc4-24bf92d1f8f5', 'sell_id': 'a6f28fb9-a6eb-429c-a5ef-533f9180b8f7', 'timestamp': 1763959267.8074737}]"
2025-11-18 15:28:00+00:00,"Signal(ts=2025-11-18 15:28:00+00:00, action=BUY, qty=3, strategy=Momentum)",da84917a-65b3-4afe-9292-d5534ec1ef32,"[{'price': 265.8464050292969, 'qty': 1, 'buy_id': 'da84917a-65b3-4afe-9292-d5534ec1ef32', 'sell_id': 'a6f28fb9-a6eb-429c-a5ef-533f9180b8f7', 'timestamp': 1763959267.808478}, {'price': 266.1072082519531, 'qty': 2, 'buy_id': 'da84917a-65b3-4afe-9292-d5534ec1ef32', 'sell_id': 'fbc6c729-2530-4015-9fd2-0998ea07de18', 'timestamp': 1763959267.808478}]"
2025-11-18 15:29:00+00:00,"Signal(ts=2025-11-18 15:29:00+00:00, action=BUY, qty=2, strategy=Momentum)",54448513-f9c2-4a74-a351-25e314bf6e4e,"[{'price': 266.1072082519531, 'qty': 2, 'buy_id': '54448513-f9c2-4a74-a351-25e314bf6e4e', 'sell_id': 'fbc6c729-2530-4015-9fd2-0998ea07de18', 'timestamp': 1763959267.808478}]"
2025-11-18 15:30:00+00:00,"Signal(ts=2025-11-18 15:30:00+00:00, action=BUY, qty=4, strategy=Momentum)",b06fb4ef-1fdc-49ad-a35d-f0da12012440,"[{'price': 266.2099914550781, 'qty': 4, 'buy_id': 'b06fb4ef-1fdc-49ad-a35d-f0da12012440', 'sell_id': '090b7751-76fb-4413-858e-85723ef01262', 'timestamp': 1763959267.808478}]"
2025-11-18 15:31:00+00:00,"Signal(ts=2025-11-18 15:31:00+00:00, action=BUY, qty=2, strategy=Momentum)",870497a9-8cb1-4e71-a8da-6c27209814a5,"[{'price': 266.2099914550781, 'qty': 2, 'buy_id': '870497a9-8cb1-4e71-a8da-6c27209814a5', 'sell_id': '090b7751-76fb-4413-858e-85723ef01262', 'timestamp': 1763959267.808478}]"
2025-11-18 15:32:00+00:00,"Signal(ts=2025-11-18 15:32:00+00:00, action=BUY, qty=3, strategy=Momentum)",3876a43a-e92f-477a-8e44-53ae6f91777f,"[{'price': 266.2099914550781, 'qty': 2, 'buy_id': '3876a43a-e92f-477a-8e44-53ae6f91777f', 'sell_id': '090b7751-76fb-4413-858e-85723ef01262', 'timestamp': 1763959267.816834}, {'price': 266.2349853515625, 'qty': 1, 'buy_id': '3876a43a-e92f-477a-8e44-53ae6f91777f', 'sell_id': '1361f818-7461-44f5-a724-c37f6cd8874b', 'timestamp': 1763959267.816834}]"
2025-11-18 15:33:00+00:00,"Signal(ts=2025-11-18 15:33:00+00:00, action=BUY, qty=5, strategy=Momentum)",83c62a94-b670-4a41-a704-898ab9017b0a,"[{'price': 266.2349853515625, 'qty': 5, 'buy_id': '83c62a94-b670-4a41-a704-898ab9017b0a', 'sell_id': '1361f818-7461-44f5-a724-c37f6cd8874b', 'timestamp': 1763959267.817857}]"
2025-11-18 15:34:00+00:00,"Signal(ts=2025-11-18 15:34:00+00:00, action=BUY, qty=6, strategy=Momentum)",29b29cf0-8118-42f4-86bc-71e06c98b201,"[{'price': 266.2349853515625, 'qty': 1, 'buy_id': '29b29cf0-8118-42f4-86bc-71e06c98b201', 'sell_id': '1361f818-7461-44f5-a724-c37f6cd8874b', 'timestamp': 1763959267.8185313}, {'price': 266.25, 'qty': 5, 'buy_id': '29b29cf0-8118-42f4-86bc-71e06c98b201', 'sell_id': '771181b0-3e97-4feb-8488-a3291b72ff81', 'timestamp': 1763959267.8185313}]"
2025-11-18 15:35:00+00:00,"Signal(ts=2025-11-18 15:35:00+00:00, action=BUY, qty=4, strategy=Momentum)",78b6d023-aae8-47e0-ad3a-9212fe84c11b,"[{'price': 266.25, 'qty': 1, 'buy_id': '78b6d023-aae8-47e0-ad3a-9212fe84c11b', 'sell_id': '771181b0-3e97-4feb-8488-a3291b72ff81', 'timestamp': 1763959267.8224409}, {'price': 266.32000732421875, 'qty': 3, 'buy_id': '78b6d023-aae8-47e0-ad3a-9212fe84c11b', 'sell_id': '768994c7-1565-401a-ad5f-617a9eec8225', 'timestamp': 1763959267.8224409}]"
2025-11-18 15:36:00+00:00,"Signal(ts=2025-11-18 15:36:00+00:00, action=BUY, qty=2, strategy=Momentum)",09c50fdc-1806-4f91-a4bc-94a3bd1db275,"[{'price': 266.32000732421875, 'qty': 2, 'buy_id': '09c50fdc-1806-4f91-a4bc-94a3bd1db275', 'sell_id': '768994c7-1565-401a-ad5f-617a9eec8225', 'timestamp': 1763959267.8251822}]"
2025-11-18 15:37:00+00:00,"Signal(ts=2025-11-18 15:37:00+00:00, action=BUY, qty=1, strategy=Momentum)",6d1292ff-7bc5-4f56-8822-6925b5734fb7,"[{'price': 266.32000732421875, 'qty': 1, 'buy_id': '6d1292ff-7bc5-4f56-8822-6925b5734fb7', 'sell_id': '768994c7-1565-401a-ad5f-617a9eec8225', 'timestamp': 1763959267.8271909}]"
2025-11-18 15:38:00+00:00,"Signal(ts=2025-11-18 15:38:00+00:00, action=BUY, qty=1, strategy=Momentum)",2a22dc84-8d1e-4253-960a-d53094c64dc9,"[{'price': 266.4378967285156, 'qty': 1, 'buy_id': '2a22dc84-8d1e-4253-960a-d53094c64dc9', 'sell_id': '2a830d1b-8062-4e74-b317-7d6ac0256a28', 'timestamp': 1763959267.8281915}]"
2025-11-18 15:39:00+00:00,"Signal(ts=2025-11-18 15:39:00+00:00, action=BUY, qty=2, strategy=Momentum)",76f83cd9-0068-47e6-8778-ad01d6005e1c,"[{'price': 266.4378967285156, 'qty': 2, 'buy_id': '76f83cd9-0068-47e6-8778-ad01d6005e1c', 'sell_id': '2a830d1b-8062-4e74-b317-7d6ac0256a28', 'timestamp': 1763959267.8289685}]"
2025-11-18 15:40:00+00:00,"Signal(ts=2025-11-18 15:40:00+00:00, action=BUY, qty=3, strategy=Momentum)",79cfa6fb-39da-4f34-945d-98be42b4bca0,"[{'price': 266.4378967285156, 'qty': 3, 'buy_id': '79cfa6fb-39da-4f34-945d-98be42b4bca0', 'sell_id': '2a830d1b-8062-4e74-b317-7d6ac0256a28', 'timestamp': 1763959267.8289685}]"
2025-11-18 15:41:00+00:00,"Signal(ts=2025-11-18 15:41:00+00:00, action=BUY, qty=4, strategy=Momentum)",70363a2a-2308-4e4e-96f0-b063f6798bf9,"[{'price': 266.4378967285156, 'qty': 4, 'buy_id': '70363a2a-2308-4e4e-96f0-b063f6798bf9', 'sell_id': '2a830d1b-8062-4e74-b317-7d6ac0256a28', 'timestamp': 1763959267.8289685}]"
2025-11-18 15:42:00+00:00,"Signal(ts=2025-11-18 15:42:00+00:00, action=BUY, qty=2, strategy=Momentum)",2f259c27-d77d-41cc-b159-ac27f87077ea,"[{'price': 266.4599914550781, 'qty': 2, 'buy_id': '2f259c27-d77d-41cc-b159-ac27f87077ea', 'sell_id': '5f78e358-46ad-49d7-b2ba-9eb58c61b2ca', 'timestamp': 1763959267.8357081}]"
2025-11-18 15:43:00+00:00,"Signal(ts=2025-11-18 15:43:00+00:00, action=BUY, qty=2, strategy=Momentum)",0819e25c-50f1-4a53-b401-0532ff9a5e22,"[{'price': 266.4599914550781, 'qty': 2, 'buy_id': '0819e25c-50f1-4a53-b401-0532ff9a5e22', 'sell_id': '5f78e358-46ad-49d7-b2ba-9eb58c61b2ca', 'timestamp': 1763959267.8378448}]"
2025-11-18 15:44:00+00:00,"Signal(ts=2025-11-18 15:44:00+00:00, action=BUY, qty=4, strategy=Momentum)",46d89e42-2e77-4eb4-a8a7-4ea8564dcc4f,"[{'price': 266.4599914550781, 'qty': 1, 'buy_id': '46d89e42-2e77-4eb4-a8a7-4ea8564dcc4f', 'sell_id': '5f78e358-46ad-49d7-b2ba-9eb58c61b2ca', 'timestamp': 1763959267.840328}, {'price': 266.5299987792969, 'qty': 3, 'buy_id': '46d89e42-2e77-4eb4-a8a7-4ea8564dcc4f', 'sell_id': 'cc71ea4a-04f3-4abc-ae12-c3258b5eb0be', 'timestamp': 1763959267.840328}]"
2025-11-18 15:45:00+00:00,"Signal(ts=2025-11-18 15:45:00+00:00, action=BUY, qty=6, strategy=Momentum)",19605778-c05c-4deb-894a-f5046b2eb240,"[{'price': 266.5299987792969, 'qty': 4, 'buy_id': '19605778-c05c-4deb-894a-f5046b2eb240', 'sell_id': 'cc71ea4a-04f3-4abc-ae12-c3258b5eb0be', 'timestamp': 1763959267.840328}, {'price': 266.7349853515625, 'qty': 2, 'buy_id': '19605778-c05c-4deb-894a-f5046b2eb240', 'sell_id': 'a7b29f3b-0f11-447a-8bd7-326651f5feac', 'timestamp': 1763959267.840328}]"
2025-11-18 15:46:00+00:00,"Signal(ts=2025-11-18 15:46:00+00:00, action=BUY, qty=8, strategy=Momentum)",eb4bf9ae-82ca-4269-865f-2d2c98bac2bf,"[{'price': 266.7349853515625, 'qty': 2, 'buy_id': 'eb4bf9ae-82ca-4269-865f-2d2c98bac2bf', 'sell_id': 'a7b29f3b-0f11-447a-8bd7-326651f5feac', 'timestamp': 1763959267.8480942}, {'price': 266.77508544921875, 'qty': 6, 'buy_id': 'eb4bf9ae-82ca-4269-865f-2d2c98bac2bf', 'sell_id': 'ef3233f4-408c-4f34-aa2b-6d46b1e09081', 'timestamp': 1763959267.8480942}]"
2025-11-18 15:47:00+00:00,"Signal(ts=2025-11-18 15:47:00+00:00, action=BUY, qty=6, strategy=Momentum)",6d09ec2a-a53b-4a85-984f-e206e7e47293,"[{'price': 266.7950134277344, 'qty': 6, 'buy_id': '6d09ec2a-a53b-4a85-984f-e206e7e47293', 'sell_id': 'fce5a6f9-1dd2-4301-b8be-666ab8cbe449', 'timestamp': 1763959267.8480942}]"
2025-11-18 15:48:00+00:00,"Signal(ts=2025-11-18 15:48:00+00:00, action=BUY, qty=4, strategy=Momentum)",f1dc2076-341c-4dc9-b476-ee376d3016c6,"[{'price': 266.7950134277344, 'qty': 1, 'buy_id': 'f1dc2076-341c-4dc9-b476-ee376d3016c6', 'sell_id': 'fce5a6f9-1dd2-4301-b8be-666ab8cbe449', 'timestamp': 1763959267.8600457}, {'price': 266.8299865722656, 'qty': 3, 'buy_id': 'f1dc2076-341c-4dc9-b476-ee376d3016c6', 'sell_id': '88d6e472-3ef9-4e66-aa0b-b5cd6e131a17', 'timestamp': 1763959267.8600457}]"
2025-11-18 15:49:00+00:00,"Signal(ts=2025-11-18 15:49:00+00:00, action=BUY, qty=1, strategy=Momentum)",43394d11-3832-46c5-ae9b-1a04f489a76c,"[{'price': 266.8299865722656, 'qty': 1, 'buy_id': '43394d11-3832-46c5-ae9b-1a04f489a76c', 'sell_id': '88d6e472-3ef9-4e66-aa0b-b5cd6e131a17', 'timestamp': 1763959267.8608603}]"
2025-11-18 15:50:00+00:00,"Signal(ts=2025-11-18 15:50:00+00:00, action=HOLD, qty=0, strategy=Momentum)",,[]
2025-11-18 15:51:00+00:00,"Signal(ts=2025-11-18 15:51:00+00:00, action=SELL, qty=1, strategy=Momentum)",3ecb2b3d-b803-4669-ad72-54fd7c7b4154,[]
2025-11-18 15:52:00+00:00,"Signal(ts=2025-11-18 15:52:00+00:00, action=SELL, qty=2, strategy=Momentum)",7599fe0c-09d0-4f4e-9f17-1b5728fb08fb,[]
2025-11-18 15:53:00+00:00,"Signal(ts=2025-11-18 15:53:00+00:00, action=SELL, qty=2, strategy=Momentum)",d6621852-43de-43ae-99ec-0bacda694760,[]
2025-11-18 15:54:00+00:00,"Signal(ts=2025-11-18 15:54:00+00:00, action=SELL, qty=2, strategy=Momentum)",a3c9397b-7b97-4d69-b7ab-21f7e9587028,[]
2025-11-18 15:55:00+00:00,"Signal(ts=2025-11-18 15:55:00+00:00, action=SELL, qty=3, strategy=Momentum)",7ce99ebe-2c88-4941-975e-4dc5afa9869c,[]
2025-11-18 15:56:00+00:00,"Signal(ts=2025-11-18 15:56:00+00:00, action=SELL, qty=4, strategy=Momentum)",c0892947-7a27-4a9c-a3f7-5625ba1574d3,[]
2025-11-18 15:57:00+00:00,"Signal(ts=2025-11-18 15:57:00+00:00, action=SELL, qty=3, strategy=Momentum)",7a360ebe-df7b-4878-b21a-4ef3e1f62aa6,[]
2025-11-18 15:58:00+00:00,"Signal(ts=2025-11-18 15:58:00+00:00, action=SELL, qty=3, strategy=Momentum)",ee1bc294-48b0-4283-8d54-a1655645e502,[]
2025-11-18 15:59:00+00:00,"Signal(ts=2025-11-18 15:59:00+00:00, action=SELL, qty=5, strategy=Momentum)",375169fc-fed6-401b-88de-d10ea013268e,[]
2025-11-18 16:00:00+00:00,"Signal(ts=2025-11-18 16:00:00+00:00, action=SELL, qty=3, strategy=Momentum)",4b1de68b-d9ff-4e64-bec6-b3031cb42477,[]
2025-11-18 16:01:00+00:00,"Signal(ts=2025-11-18 16:01:00+00:00, action=SELL, qty=7, strategy=Momentum)",8440d715-2bb0-4fa9-92b2-a61754ed5292,[]
2025-11-18 16:02:00+00:00,"Signal(ts=2025-11-18 16:02:00+00:00, action=SELL, qty=6, strategy=Momentum)",79c0c93d-744c-42aa-968c-ffde4883822c,[]
2025-11-18 16:03:00+00:00,"Signal(ts=2025-11-18 16:03:00+00:00, action=SELL, qty=6, strategy=Momentum)",c206964f-c3cc-415e-a9bb-cf1071ffc777,[]
2025-11-18 16:04:00+00:00,"Signal(ts=2025-11-18 16:04:00+00:00, action=SELL, qty=5, strategy=Momentum)",93941dd6-2235-4250-98c7-f1ddfe4ec4d8,[]
2025-11-18 16:05:00+00:00,"Signal(ts=2025-11-18 16:05:00+00:00, action=SELL, qty=4, strategy=Momentum)",3a96b089-3031-4b93-8279-38b14d69df4e,[]
2025-11-18 16:06:00+00:00,"Signal(ts=2025-11-18 16:06:00+00:00, action=SELL, qty=4, strategy=Momentum)",d0044fcf-4b92-4270-8ade-a6dc75088616,[]
2025-11-18 16:07:00+00:00,"Signal(ts=2025-11-18 16:07:00+00:00, action=SELL, qty=3, strategy=Momentum)",82641ca5-b0d8-4208-8454-1913dcf1adab,[]
2025-11-18 16:08:00+00:00,"Signal(ts=2025-11-18 16:08:00+00:00, action=SELL, qty=2, strategy=Momentum)",038a6a5b-188d-4e01-9ed3-1ba68505afc2,[]
2025-11-18 16:09:00+00:00,"Signal(ts=2025-11-18 16:09:00+00:00, action=SELL, qty=2, strategy=Momentum)",96fc9056-f68d-4533-800d-78523e9b7949,[]
2025-11-18 16:10:00+00:00,"Signal(ts=2025-11-18 16:10:00+00:00, action=SELL, qty=3, strategy=Momentum)",82cfa0ca-543f-40e4-98b3-602bb1b222aa,[]
2025-11-18 16:11:00+00:00,"Signal(ts=2025-11-18 16:11:00+00:00, action=HOLD, qty=0, strategy=Momentum)",,[]
2025-11-18 16:12:00+00:00,"Signal(ts=2025-11-18 16:12:00+00:00, action=HOLD, qty=0, strategy=Momentum)",,[]
2025-11-18 16:13:00+00:00,"Signal(ts=2025-11-18 16:13:00+00:00, action=SELL, qty=1, strategy=Momentum)",559c5dfe-ec48-473c-9128-75fed3b9397f,[]
2025-11-18 16:14:00+00:00,"Signal(ts=2025-11-18 16:14:00+00:00, action=SELL, qty=2, strategy=Momentum)",58afb18f-dd60-4b61-a5da-f10ee1d3ebd0,[]
2025-11-18 16:15:00+00:00,"Signal(ts=2025-11-18 16:15:00+00:00, action=SELL, qty=2, strategy=Momentum)",0325d7b9-27bd-4c66-9d44-1a28708e54b4,[]
2025-11-18 16:16:00+00:00,"Signal(ts=2025-11-18 16:16:00+00:00, action=SELL, qty=1, strategy=Momentum)",93305cf9-5df2-4e19-a72c-33fd1ac226b9,[]
2025-11-18 16:17:00+00:00,"Signal(ts=2025-11-18 16:17:00+00:00, action=SELL, qty=1, strategy=Momentum)",73a4638e-365d-4676-a0d7-05192f918c6f,[]
2025-11-18 16:18:00+00:00,"Signal(ts=2025-11-18 16:18:00+00:00, action=HOLD, qty=0, strategy=Momentum)",,[]
2025-11-18 16:19:00+00:00,"Signal(ts=2025-11-18 16:19:00+00:00, action=BUY, qty=1, strategy=Momentum)",d51ffcd4-7858-48f7-a3bc-9993b7e913c8,"[{'price': 266.0845031738281, 'qty': 1, 'buy_id': 'd51ffcd4-7858-48f7-a3bc-9993b7e913c8', 'sell_id': 'c206964f-c3cc-415e-a9bb-cf1071ffc777', 'timestamp': 1763959267.9312165}]"
2025-11-18 16:20:00+00:00,"Signal(ts=2025-11-18 16:20:00+00:00, action=BUY, qty=2, strategy=Momentum)",c184a05d-b34c-49e1-a8fa-ecd0613d403b,"[{'price': 266.0845031738281, 'qty': 2, 'buy_id': 'c184a05d-b34c-49e1-a8fa-ecd0613d403b', 'sell_id': 'c206964f-c3cc-415e-a9bb-cf1071ffc777', 'timestamp': 1763959267.9312165}]"
2025-11-18 16:21:00+00:00,"Signal(ts=2025-11-18 16:21:00+00:00, action=BUY, qty=1, strategy=Momentum)",3a2509b2-b30c-40e5-abf1-24834c20d6fe,"[{'price': 266.0845031738281, 'qty': 1, 'buy_id': '3a2509b2-b30c-40e5-abf1-24834c20d6fe', 'sell_id': 'c206964f-c3cc-415e-a9bb-cf1071ffc777', 'timestamp': 1763959267.9312165}]"
2025-11-18 16:22:00+00:00,"Signal(ts=2025-11-18 16:22:00+00:00, action=BUY, qty=3, strategy=Momentum)",824fb7d1-cb69-496e-8ce1-50186893af12,"[{'price': 266.0845031738281, 'qty': 2, 'buy_id': '824fb7d1-cb69-496e-8ce1-50186893af12', 'sell_id': 'c206964f-c3cc-415e-a9bb-cf1071ffc777', 'timestamp': 1763959267.9312165}, {'price': 266.15509033203125, 'qty': 1, 'buy_id': '824fb7d1-cb69-496e-8ce1-50186893af12', 'sell_id': '79c0c93d-744c-42aa-968c-ffde4883822c', 'timestamp': 1763959267.9312165}]"
2025-11-18 16:23:00+00:00,"Signal(ts=2025-11-18 16:23:00+00:00, action=BUY, qty=2, strategy=Momentum)",82efcfce-694b-46ed-a3f4-7026845ad35e,"[{'price': 266.15509033203125, 'qty': 2, 'buy_id': '82efcfce-694b-46ed-a3f4-7026845ad35e', 'sell_id': '79c0c93d-744c-42aa-968c-ffde4883822c', 'timestamp': 1763959267.9390419}]"
2025-11-18 16:24:00+00:00,"Signal(ts=2025-11-18 16:24:00+00:00, action=BUY, qty=1, strategy=Momentum)",91187924-bdb7-41ff-856b-7a72c0983507,"[{'price': 266.15509033203125, 'qty': 1, 'buy_id': '91187924-bdb7-41ff-856b-7a72c0983507', 'sell_id': '79c0c93d-744c-42aa-968c-ffde4883822c', 'timestamp': 1763959267.9419136}]"
2025-11-18 16:25:00+00:00,"Signal(ts=2025-11-18 16:25:00+00:00, action=BUY, qty=3, strategy=Momentum)",c01e889e-3262-4b2c-8a01-78ddb54ff6a4,"[{'price': 266.15509033203125, 'qty': 2, 'buy_id': 'c01e889e-3262-4b2c-8a01-78ddb54ff6a4', 'sell_id': '79c0c93d-744c-42aa-968c-ffde4883822c', 'timestamp': 1763959267.9439561}, {'price': 266.17999267578125, 'qty': 1, 'buy_id': 'c01e889e-3262-4b2c-8a01-78ddb54ff6a4', 'sell_id': '8440d715-2bb0-4fa9-92b2-a61754ed5292', 'timestamp': 1763959267.9439561}]"
2025-11-18 16:26:00+00:00,"Signal(ts=2025-11-18 16:26:00+00:00, action=BUY, qty=3, strategy=Momentum)",705ab03d-e952-4cf9-a829-cb469600b0ef,"[{'price': 266.17999267578125, 'qty': 3, 'buy_id': '705ab03d-e952-4cf9-a829-cb469600b0ef', 'sell_id': '8440d715-2bb0-4fa9-92b2-a61754ed5292', 'timestamp': 1763959267.9460416}]"
2025-11-18 16:27:00+00:00,"Signal(ts=2025-11-18 16:27:00+00:00, action=BUY, qty=4, strategy=Momentum)",56b38a99-39e5-475b-b02c-d36096c53c58,"[{'price': 266.17999267578125, 'qty': 3, 'buy_id': '56b38a99-39e5-475b-b02c-d36096c53c58', 'sell_id': '8440d715-2bb0-4fa9-92b2-a61754ed5292', 'timestamp': 1763959267.948268}, {'price': 266.19000244140625, 'qty': 1, 'buy_id': '56b38a99-39e5-475b-b02c-d36096c53c58', 'sell_id': '93941dd6-2235-4250-98c7-f1ddfe4ec4d8', 'timestamp': 1763959267.948268}]"
2025-11-18 16:28:00+00:00,"Signal(ts=2025-11-18 16:28:00+00:00, action=BUY, qty=5, strategy=Momentum)",16f90016-7c20-4b60-b8d3-ba44874b33c8,"[{'price': 266.19000244140625, 'qty': 4, 'buy_id': '16f90016-7c20-4b60-b8d3-ba44874b33c8', 'sell_id': '93941dd6-2235-4250-98c7-f1ddfe4ec4d8', 'timestamp': 1763959267.948268}, {'price': 266.20050048828125, 'qty': 1, 'buy_id': '16f90016-7c20-4b60-b8d3-ba44874b33c8', 'sell_id': 'd0044fcf-4b92-4270-8ade-a6dc75088616', 'timestamp': 1763959267.948268}]"
2025-11-18 16:29:00+00:00,"Signal(ts=2025-11-18 16:29:00+00:00, action=BUY, qty=4, strategy=Momentum)",f1d8d84f-7124-4191-bf96-385dfefe6e05,"[{'price': 266.20050048828125, 'qty': 3, 'buy_id': 'f1d8d84f-7124-4191-bf96-385dfefe6e05', 'sell_id': 'd0044fcf-4b92-4270-8ade-a6dc75088616', 'timestamp': 1763959267.948268}, {'price': 266.2250061035156, 'qty': 1, 'buy_id': 'f1d8d84f-7124-4191-bf96-385dfefe6e05', 'sell_id': '3a96b089-3031-4b93-8279-38b14d69df4e', 'timestamp': 1763959267.948268}]"
2025-11-18 16:30:00+00:00,"Signal(ts=2025-11-18 16:30:00+00:00, action=BUY, qty=5, strategy=Momentum)",2b12c740-6494-4e59-b15e-25949d2fc3d8,"[{'price': 266.2250061035156, 'qty': 3, 'buy_id': '2b12c740-6494-4e59-b15e-25949d2fc3d8', 'sell_id': '3a96b089-3031-4b93-8279-38b14d69df4e', 'timestamp': 1763959267.953681}, {'price': 266.5249938964844, 'qty': 2, 'buy_id': '2b12c740-6494-4e59-b15e-25949d2fc3d8', 'sell_id': '82641ca5-b0d8-4208-8454-1913dcf1adab', 'timestamp': 1763959267.953681}]"
2025-11-18 16:31:00+00:00,"Signal(ts=2025-11-18 16:31:00+00:00, action=BUY, qty=6, strategy=Momentum)",165b853a-5c01-41e5-9d8a-b8c14aecac02,"[{'price': 266.5249938964844, 'qty': 1, 'buy_id': '165b853a-5c01-41e5-9d8a-b8c14aecac02', 'sell_id': '82641ca5-b0d8-4208-8454-1913dcf1adab', 'timestamp': 1763959267.956037}, {'price': 266.54998779296875, 'qty': 5, 'buy_id': '165b853a-5c01-41e5-9d8a-b8c14aecac02', 'sell_id': '375169fc-fed6-401b-88de-d10ea013268e', 'timestamp': 1763959267.956037}]"
2025-11-18 16:32:00+00:00,"Signal(ts=2025-11-18 16:32:00+00:00, action=BUY, qty=6, strategy=Momentum)",27d626ce-5e2c-4f27-a276-b8ad7086d0cb,"[{'price': 266.57000732421875, 'qty': 2, 'buy_id': '27d626ce-5e2c-4f27-a276-b8ad7086d0cb', 'sell_id': '96fc9056-f68d-4533-800d-78523e9b7949', 'timestamp': 1763959267.9576373}, {'price': 266.6000061035156, 'qty': 3, 'buy_id': '27d626ce-5e2c-4f27-a276-b8ad7086d0cb', 'sell_id': 'ee1bc294-48b0-4283-8d54-a1655645e502', 'timestamp': 1763959267.9576373}, {'price': 266.6000061035156, 'qty': 1, 'buy_id': '27d626ce-5e2c-4f27-a276-b8ad7086d0cb', 'sell_id': '038a6a5b-188d-4e01-9ed3-1ba68505afc2', 'timestamp': 1763959267.9576373}]"
2025-11-18 16:33:00+00:00,"Signal(ts=2025-11-18 16:33:00+00:00, action=BUY, qty=6, strategy=Momentum)",aa40e8db-e6d3-48be-aca8-bf9e0208f9c4,"[{'price': 266.6000061035156, 'qty': 1, 'buy_id': 'aa40e8db-e6d3-48be-aca8-bf9e0208f9c4', 'sell_id': '038a6a5b-188d-4e01-9ed3-1ba68505afc2', 'timestamp': 1763959267.959646}, {'price': 266.6650085449219, 'qty': 3, 'buy_id': 'aa40e8db-e6d3-48be-aca8-bf9e0208f9c4', 'sell_id': '4b1de68b-d9ff-4e64-bec6-b3031cb42477', 'timestamp': 1763959267.959646}, {'price': 266.6731872558594, 'qty': 2, 'buy_id': 'aa40e8db-e6d3-48be-aca8-bf9e0208f9c4', 'sell_id': 'c0892947-7a27-4a9c-a3f7-5625ba1574d3', 'timestamp': 1763959267.959646}]"
2025-11-18 16:34:00+00:00,"Signal(ts=2025-11-18 16:34:00+00:00, action=BUY, qty=4, strategy=Momentum)",b23e8e1b-9422-46e2-a671-13c458195a23,"[{'price': 266.6731872558594, 'qty': 2, 'buy_id': 'b23e8e1b-9422-46e2-a671-13c458195a23', 'sell_id': 'c0892947-7a27-4a9c-a3f7-5625ba1574d3', 'timestamp': 1763959267.959646}, {'price': 266.7074890136719, 'qty': 2, 'buy_id': 'b23e8e1b-9422-46e2-a671-13c458195a23', 'sell_id': '82cfa0ca-543f-40e4-98b3-602bb1b222aa', 'timestamp': 1763959267.959646}]"
2025-11-18 16:35:00+00:00,"Signal(ts=2025-11-18 16:35:00+00:00, action=BUY, qty=5, strategy=Momentum)",bab10410-6f38-4f92-b4ed-422ac73a2a88,"[{'price': 266.7074890136719, 'qty': 1, 'buy_id': 'bab10410-6f38-4f92-b4ed-422ac73a2a88', 'sell_id': '82cfa0ca-543f-40e4-98b3-602bb1b222aa', 'timestamp': 1763959267.9646997}, {'price': 266.79998779296875, 'qty': 3, 'buy_id': 'bab10410-6f38-4f92-b4ed-422ac73a2a88', 'sell_id': '7a360ebe-df7b-4878-b21a-4ef3e1f62aa6', 'timestamp': 1763959267.9646997}, {'price': 266.8299865722656, 'qty': 1, 'buy_id': 'bab10410-6f38-4f92-b4ed-422ac73a2a88', 'sell_id': '88d6e472-3ef9-4e66-aa0b-b5cd6e131a17', 'timestamp': 1763959267.9646997}]"
2025-11-18 16:36:00+00:00,"Signal(ts=2025-11-18 16:36:00+00:00, action=BUY, qty=4, strategy=Momentum)",73bde0cc-5334-4c81-9466-14e2e1c8d97a,"[{'price': 266.8299865722656, 'qty': 1, 'buy_id': '73bde0cc-5334-4c81-9466-14e2e1c8d97a', 'sell_id': '88d6e472-3ef9-4e66-aa0b-b5cd6e131a17', 'timestamp': 1763959267.966702}, {'price': 266.8500061035156, 'qty': 2, 'buy_id': '73bde0cc-5334-4c81-9466-14e2e1c8d97a', 'sell_id': 'd6621852-43de-43ae-99ec-0bacda694760', 'timestamp': 1763959267.966702}, {'price': 266.8699035644531, 'qty': 1, 'buy_id': '73bde0cc-5334-4c81-9466-14e2e1c8d97a', 'sell_id': '73a4638e-365d-4676-a0d7-05192f918c6f', 'timestamp': 1763959267.966702}]"
2025-11-18 16:37:00+00:00,"Signal(ts=2025-11-18 16:37:00+00:00, action=BUY, qty=3, strategy=Momentum)",f61a5f02-b47d-452b-b95f-31290236b61c,"[{'price': 266.8699951171875, 'qty': 2, 'buy_id': 'f61a5f02-b47d-452b-b95f-31290236b61c', 'sell_id': 'a3c9397b-7b97-4d69-b7ab-21f7e9587028', 'timestamp': 1763959267.9676993}, {'price': 266.9797058105469, 'qty': 1, 'buy_id': 'f61a5f02-b47d-452b-b95f-31290236b61c', 'sell_id': '0325d7b9-27bd-4c66-9d44-1a28708e54b4', 'timestamp': 1763959267.9676993}]"
2025-11-18 16:38:00+00:00,"Signal(ts=2025-11-18 16:38:00+00:00, action=BUY, qty=4, strategy=Momentum)",2d5a00ab-201f-4f61-b85e-29f28de57abe,"[{'price': 266.9797058105469, 'qty': 1, 'buy_id': '2d5a00ab-201f-4f61-b85e-29f28de57abe', 'sell_id': '0325d7b9-27bd-4c66-9d44-1a28708e54b4', 'timestamp': 1763959267.968698}, {'price': 267.0150146484375, 'qty': 2, 'buy_id': '2d5a00ab-201f-4f61-b85e-29f28de57abe', 'sell_id': '58afb18f-dd60-4b61-a5da-f10ee1d3ebd0', 'timestamp': 1763959267.968698}, {'price': 267.01971435546875, 'qty': 1, 'buy_id': '2d5a00ab-201f-4f61-b85e-29f28de57abe', 'sell_id': '3ecb2b3d-b803-4669-ad72-54fd7c7b4154', 'timestamp': 1763959267.968698}]"
2025-11-18 16:39:00+00:00,"Signal(ts=2025-11-18 16:39:00+00:00, action=BUY, qty=2, strategy=Momentum)",e230dcbe-b5f5-4d75-96dd-ed20e4d9cc45,"[{'price': 267.0375061035156, 'qty': 2, 'buy_id': 'e230dcbe-b5f5-4d75-96dd-ed20e4d9cc45', 'sell_id': '7599fe0c-09d0-4f4e-9f17-1b5728fb08fb', 'timestamp': 1763959267.9728632}]"
2025-11-18 16:40:00+00:00,"Signal(ts=2025-11-18 16:40:00+00:00, action=BUY, qty=1, strategy=Momentum)",6b081e3d-3e86-4a49-942c-3117f83a981d,"[{'price': 267.04998779296875, 'qty': 1, 'buy_id': '6b081e3d-3e86-4a49-942c-3117f83a981d', 'sell_id': '93305cf9-5df2-4e19-a72c-33fd1ac226b9', 'timestamp': 1763959267.9761631}]"
2025-11-18 16:41:00+00:00,"Signal(ts=2025-11-18 16:41:00+00:00, action=BUY, qty=1, strategy=Momentum)",7612f75a-edc1-4e4e-9793-e5a3ca315476,"[{'price': 267.07501220703125, 'qty': 1, 'buy_id': '7612f75a-edc1-4e4e-9793-e5a3ca315476', 'sell_id': '7ce99ebe-2c88-4941-975e-4dc5afa9869c', 'timestamp': 1763959267.9781637}]"
2025-11-18 16:42:00+00:00,"Signal(ts=2025-11-18 16:42:00+00:00, action=BUY, qty=2, strategy=Momentum)",f0a5d81a-b677-453b-adb2-bd2314748fa1,"[{'price': 267.07501220703125, 'qty': 2, 'buy_id': 'f0a5d81a-b677-453b-adb2-bd2314748fa1', 'sell_id': '7ce99ebe-2c88-4941-975e-4dc5afa9869c', 'timestamp': 1763959267.9801748}]"
2025-11-18 16:43:00+00:00,"Signal(ts=2025-11-18 16:43:00+00:00, action=BUY, qty=3, strategy=Momentum)",daedafd7-4be2-4f57-9fa8-3328939517d3,"[{'price': 267.20001220703125, 'qty': 1, 'buy_id': 'daedafd7-4be2-4f57-9fa8-3328939517d3', 'sell_id': '559c5dfe-ec48-473c-9128-75fed3b9397f', 'timestamp': 1763959267.981176}]"
2025-11-18 16:44:00+00:00,"Signal(ts=2025-11-18 16:44:00+00:00, action=BUY, qty=4, strategy=Momentum)",b1163c40-f943-4fa8-a201-7c1d31876b7d,[]
2025-11-18 16:45:00+00:00,"Signal(ts=2025-11-18 16:45:00+00:00, action=BUY, qty=3, strategy=Momentum)",b217749f-5285-44d6-b14e-45aace0b734a,[]
2025-11-18 16:46:00+00:00,"Signal(ts=2025-11-18 16:46:00+00:00, action=BUY, qty=4, strategy=Momentum)",8921c45b-9c49-4add-a43c-768b2c2327aa,[]
2025-11-18 16:47:00+00:00,"Signal(ts=2025-11-18 16:47:00+00:00, action=BUY, qty=1, strategy=Momentum)",b2553d9a-5a5a-485d-9449-bb1322f2e5cd,[]
2025-11-18 16:48:00+00:00,"Signal(ts=2025-11-18 16:48:00+00:00, action=BUY, qty=2, strategy=Momentum)",77101806-e6d5-4ba3-93a5-aa201ebc1f41,[]
2025-11-18 16:49:00+00:00,"Signal(ts=2025-11-18 16:49:00+00:00, action=HOLD, qty=0, strategy=Momentum)",,[]
2025-11-18 16:50:00+00:00,"Signal(ts=2025-11-18 16:50:00+00:00, action=BUY, qty=1, strategy=Momentum)",d9d72ccb-dfe9-4870-a27d-8e87282112ba,[]
2025-11-18 16:51:00+00:00,"Signal(ts=2025-11-18 16:51:00+00:00, action=HOLD, qty=0, strategy=Momentum)",,[]
2025-11-18 16:52:00+00:00,"Signal(ts=2025-11-18 16:52:00+00:00, action=HOLD, qty=0, strategy=Momentum)",,[]
2025-11-18 16:53:00+00:00,"Signal(ts=2025-11-18 16:53:00+00:00, action=HOLD, qty=0, strategy=Momentum)",,[]
2025-11-18 16:54:00+00:00,"Signal(ts=2025-11-18 16:54:00+00:00, action=HOLD, qty=0, strategy=Momentum)",,[]
2025-11-18 16:55:00+00:00,"Signal(ts=2025-11-18 16:55:00+00:00, action=BUY, qty=1, strategy=Momentum)",b497bbc3-5b61-4094-9da2-0a10d9107eb8,[]
2025-11-18 16:56:00+00:00,"Signal(ts=2025-11-18 16:56:00+00:00, action=HOLD, qty=0, strategy=Momentum)",,[]
2025-11-18 16:57:00+00:00,"Signal(ts=2025-11-18 16:57:00+00:00, action=HOLD, qty=0, strategy=Momentum)",,[]
2025-11-18 16:58:00+00:00,"Signal(ts=2025-11-18 16:58:00+00:00, action=SELL, qty=1, strategy=Momentum)",8692fde8-b7a9-44bf-8dc2-e669912bebb7,"[{'price': 267.5599975585937, 'qty': 1, 'buy_id': 'b217749f-5285-44d6-b14e-45aace0b734a', 'sell_id': '8692fde8-b7a9-44bf-8dc2-e669912bebb7', 'timestamp': 1763959268.0112674}]"
2025-11-18 16:59:00+00:00,"Signal(ts=2025-11-18 16:59:00+00:00, action=HOLD, qty=0, strategy=Momentum)",,[]
2025-11-18 17:00:00+00:00,"Signal(ts=2025-11-18 17:00:00+00:00, action=HOLD, qty=0, strategy=Momentum)",,[]
2025-11-18 17:01:00+00:00,"Signal(ts=2025-11-18 17:01:00+00:00, action=HOLD, qty=0, strategy=Momentum)",,[]
2025-11-18 17:02:00+00:00,"Signal(ts=2025-11-18 17:02:00+00:00, action=HOLD, qty=0, strategy=Momentum)",,[]
2025-11-18 17:03:00+00:00,"Signal(ts=2025-11-18 17:03:00+00:00, action=BUY, qty=1, strategy=Momentum)",7c9f77fd-776f-498a-9c0c-e118ee381da3,[]
2025-11-18 17:04:00+00:00,"Signal(ts=2025-11-18 17:04:00+00:00, action=HOLD, qty=0, strategy=Momentum)",,[]
2025-11-18 17:05:00+00:00,"Signal(ts=2025-11-18 17:05:00+00:00, action=HOLD, qty=0, strategy=Momentum)",,[]
2025-11-18 17:06:00+00:00,"Signal(ts=2025-11-18 17:06:00+00:00, action=HOLD, qty=0, strategy=Momentum)",,[]
2025-11-18 17:07:00+00:00,"Signal(ts=2025-11-18 17:07:00+00:00, action=HOLD, qty=0, strategy=Momentum)",,[]
2025-11-18 17:08:00+00:00,"Signal(ts=2025-11-18 17:08:00+00:00, action=BUY, qty=2, strategy=Momentum)",481957a1-d157-4790-9057-4ba405aef4c1,[]
2025-11-18 17:09:00+00:00,"Signal(ts=2025-11-18 17:09:00+00:00, action=BUY, qty=1, strategy=Momentum)",a19298bd-fe25-4458-a976-1f0a34c3c7e7,[]
2025-11-18 17:10:00+00:00,"Signal(ts=2025-11-18 17:10:00+00:00, action=BUY, qty=1, strategy=Momentum)",03c88c96-c2b8-4c4b-86b0-ddfdeec4e3ec,[]
2025-11-18 17:11:00+00:00,"Signal(ts=2025-11-18 17:11:00+00:00, action=HOLD, qty=0, strategy=Momentum)",,[]
2025-11-18 17:12:00+00:00,"Signal(ts=2025-11-18 17:12:00+00:00, action=HOLD, qty=0, strategy=Momentum)",,[]
2025-11-18 17:13:00+00:00,"Signal(ts=2025-11-18 17:13:00+00:00, action=HOLD, qty=0, strategy=Momentum)",,[]
2025-11-18 17:14:00+00:00,"Signal(ts=2025-11-18 17:14:00+00:00, action=SELL, qty=2, strategy=Momentum)",b77840b4-6d2a-4d58-af01-5604be684433,"[{'price': 267.510009765625, 'qty': 2, 'buy_id': 'b217749f-5285-44d6-b14e-45aace0b734a', 'sell_id': 'b77840b4-6d2a-4d58-af01-5604be684433', 'timestamp': 1763959268.0443802}]"
2025-11-18 17:15:00+00:00,"Signal(ts=2025-11-18 17:15:00+00:00, action=SELL, qty=1, strategy=Momentum)",3a0b9c19-4cb5-43bb-add2-91e79b58eb1d,"[{'price': 267.54998779296875, 'qty': 1, 'buy_id': 'b497bbc3-5b61-4094-9da2-0a10d9107eb8', 'sell_id': '3a0b9c19-4cb5-43bb-add2-91e79b58eb1d', 'timestamp': 1763959268.0453792}]"
2025-11-18 17:16:00+00:00,"Signal(ts=2025-11-18 17:16:00+00:00, action=HOLD, qty=0, strategy=Momentum)",,[]
2025-11-18 17:17:00+00:00,"Signal(ts=2025-11-18 17:17:00+00:00, action=SELL, qty=1, strategy=Momentum)",0fc87bb4-f6a6-4259-b8c6-aedcd3a0399b,"[{'price': 267.5400085449219, 'qty': 1, 'buy_id': '03c88c96-c2b8-4c4b-86b0-ddfdeec4e3ec', 'sell_id': '0fc87bb4-f6a6-4259-b8c6-aedcd3a0399b', 'timestamp': 1763959268.0471077}]"
2025-11-18 17:18:00+00:00,"Signal(ts=2025-11-18 17:18:00+00:00, action=SELL, qty=1, strategy=Momentum)",e9b449e2-83e0-42f7-a5b2-7542b67127b1,"[{'price': 267.54998779296875, 'qty': 1, 'buy_id': '8921c45b-9c49-4add-a43c-768b2c2327aa', 'sell_id': 'e9b449e2-83e0-42f7-a5b2-7542b67127b1', 'timestamp': 1763959268.0519505}]"
2025-11-18 17:19:00+00:00,"Signal(ts=2025-11-18 17:19:00+00:00, action=SELL, qty=1, strategy=Momentum)",5cf97b1a-bf9a-4f7a-ae75-8d624e2f454c,"[{'price': 267.4200134277344, 'qty': 1, 'buy_id': '8921c45b-9c49-4add-a43c-768b2c2327aa', 'sell_id': '5cf97b1a-bf9a-4f7a-ae75-8d624e2f454c', 'timestamp': 1763959268.0541384}]"
2025-11-18 17:20:00+00:00,"Signal(ts=2025-11-18 17:20:00+00:00, action=HOLD, qty=0, strategy=Momentum)",,[]
2025-11-18 17:21:00+00:00,"Signal(ts=2025-11-18 17:21:00+00:00, action=HOLD, qty=0, strategy=Momentum)",,[]
2025-11-18 17:22:00+00:00,"Signal(ts=2025-11-18 17:22:00+00:00, action=HOLD, qty=0, strategy=Momentum)",,[]
2025-11-18 17:23:00+00:00,"Signal(ts=2025-11-18 17:23:00+00:00, action=SELL, qty=1, strategy=Momentum)",b595702d-651d-45cf-b15c-9fadca591b58,"[{'price': 267.4005126953125, 'qty': 1, 'buy_id': '8921c45b-9c49-4add-a43c-768b2c2327aa', 'sell_id': 'b595702d-651d-45cf-b15c-9fadca591b58', 'timestamp': 1763959268.0627196}]"
2025-11-18 17:24:00+00:00,"Signal(ts=2025-11-18 17:24:00+00:00, action=SELL, qty=3, strategy=Momentum)",d8e22040-bc7e-45fd-82aa-2249368a6a1f,"[{'price': 267.2749938964844, 'qty': 1, 'buy_id': '8921c45b-9c49-4add-a43c-768b2c2327aa', 'sell_id': 'd8e22040-bc7e-45fd-82aa-2249368a6a1f', 'timestamp': 1763959268.0649176}, {'price': 267.2749938964844, 'qty': 2, 'buy_id': 'b1163c40-f943-4fa8-a201-7c1d31876b7d', 'sell_id': 'd8e22040-bc7e-45fd-82aa-2249368a6a1f', 'timestamp': 1763959268.0649176}]"
2025-11-18 17:25:00+00:00,"Signal(ts=2025-11-18 17:25:00+00:00, action=SELL, qty=2, strategy=Momentum)",0305b937-1dd2-4bb8-af32-ead7fdeb3826,"[{'price': 267.2699890136719, 'qty': 2, 'buy_id': 'b1163c40-f943-4fa8-a201-7c1d31876b7d', 'sell_id': '0305b937-1dd2-4bb8-af32-ead7fdeb3826', 'timestamp': 1763959268.0672545}]"
2025-11-18 17:26:00+00:00,"Signal(ts=2025-11-18 17:26:00+00:00, action=SELL, qty=1, strategy=Momentum)",b1933634-c0c0-42b1-ae8c-543b9daec769,"[{'price': 267.45001220703125, 'qty': 1, 'buy_id': '77101806-e6d5-4ba3-93a5-aa201ebc1f41', 'sell_id': 'b1933634-c0c0-42b1-ae8c-543b9daec769', 'timestamp': 1763959268.0672545}]"
2025-11-18 17:27:00+00:00,"Signal(ts=2025-11-18 17:27:00+00:00, action=SELL, qty=1, strategy=Momentum)",2c8b097a-8723-4138-aa1b-a397befdd873,"[{'price': 267.2817077636719, 'qty': 1, 'buy_id': '77101806-e6d5-4ba3-93a5-aa201ebc1f41', 'sell_id': '2c8b097a-8723-4138-aa1b-a397befdd873', 'timestamp': 1763959268.0713956}]"
2025-11-18 17:28:00+00:00,"Signal(ts=2025-11-18 17:28:00+00:00, action=SELL, qty=1, strategy=Momentum)",cad0d0f2-acde-43bd-bf72-12bdbaa7ae96,"[{'price': 267.17999267578125, 'qty': 1, 'buy_id': 'daedafd7-4be2-4f57-9fa8-3328939517d3', 'sell_id': 'cad0d0f2-acde-43bd-bf72-12bdbaa7ae96', 'timestamp': 1763959268.0741293}]"
2025-11-18 17:29:00+00:00,"Signal(ts=2025-11-18 17:29:00+00:00, action=SELL, qty=2, strategy=Momentum)",7e27f029-8485-4707-8484-f64db5262aa2,"[{'price': 267.1650085449219, 'qty': 1, 'buy_id': 'daedafd7-4be2-4f57-9fa8-3328939517d3', 'sell_id': '7e27f029-8485-4707-8484-f64db5262aa2', 'timestamp': 1763959268.0766473}, {'price': 267.1650085449219, 'qty': 1, 'buy_id': '481957a1-d157-4790-9057-4ba405aef4c1', 'sell_id': '7e27f029-8485-4707-8484-f64db5262aa2', 'timestamp': 1763959268.0766473}]"
2025-11-18 17:30:00+00:00,"Signal(ts=2025-11-18 17:30:00+00:00, action=SELL, qty=3, strategy=Momentum)",df764f48-3fd8-4bd3-bac1-13a0a3c11da9,"[{'price': 266.9599914550781, 'qty': 1, 'buy_id': '481957a1-d157-4790-9057-4ba405aef4c1', 'sell_id': 'df764f48-3fd8-4bd3-bac1-13a0a3c11da9', 'timestamp': 1763959268.0766473}, {'price': 266.9599914550781, 'qty': 1, 'buy_id': 'd9d72ccb-dfe9-4870-a27d-8e87282112ba', 'sell_id': 'df764f48-3fd8-4bd3-bac1-13a0a3c11da9', 'timestamp': 1763959268.0766473}, {'price': 266.9599914550781, 'qty': 1, 'buy_id': '7c9f77fd-776f-498a-9c0c-e118ee381da3', 'sell_id': 'df764f48-3fd8-4bd3-bac1-13a0a3c11da9', 'timestamp': 1763959268.0766473}]"
2025-11-18 17:31:00+00:00,"Signal(ts=2025-11-18 17:31:00+00:00, action=SELL, qty=4, strategy=Momentum)",0eaa64d2-0e67-4abc-9e52-b409cb2de716,"[{'price': 266.8026123046875, 'qty': 1, 'buy_id': 'a19298bd-fe25-4458-a976-1f0a34c3c7e7', 'sell_id': '0eaa64d2-0e67-4abc-9e52-b409cb2de716', 'timestamp': 1763959268.0766473}, {'price': 266.8026123046875, 'qty': 1, 'buy_id': 'b2553d9a-5a5a-485d-9449-bb1322f2e5cd', 'sell_id': '0eaa64d2-0e67-4abc-9e52-b409cb2de716', 'timestamp': 1763959268.0766473}]"
2025-11-18 17:32:00+00:00,"Signal(ts=2025-11-18 17:32:00+00:00, action=SELL, qty=4, strategy=Momentum)",d8941598-8b86-42b2-a517-67512e563bf7,[]
2025-11-18 17:33:00+00:00,"Signal(ts=2025-11-18 17:33:00+00:00, action=SELL, qty=4, strategy=Momentum)",42fd0686-2d44-4f26-80ae-b80e4ebc849f,[]
2025-11-18 17:34:00+00:00,"Signal(ts=2025-11-18 17:34:00+00:00, action=SELL, qty=3, strategy=Momentum)",3d2ae0a8-2406-4ca2-bbe4-91810ed5ea19,[]
2025-11-18 17:35:00+00:00,"Signal(ts=2025-11-18 17:35:00+00:00, action=SELL, qty=2, strategy=Momentum)",2e167971-df2e-4df1-80d3-3b9735c27eb7,[]
2025-11-18 17:36:00+00:00,"Signal(ts=2025-11-18 17:36:00+00:00, action=SELL, qty=2, strategy=Momentum)",ca9a6502-41c3-4b96-b87e-e71f41770274,[]
2025-11-18 17:37:00+00:00,"Signal(ts=2025-11-18 17:37:00+00:00, action=SELL, qty=1, strategy=Momentum)",82d057c4-a360-4895-8244-0ea48302074d,[]
2025-11-18 17:38:00+00:00,"Signal(ts=2025-11-18 17:38:00+00:00, action=HOLD, qty=0, strategy=Momentum)",,[]
2025-11-18 17:39:00+00:00,"Signal(ts=2025-11-18 17:39:00+00:00, action=HOLD, qty=0, strategy=Momentum)",,[]
2025-11-18 17:40:00+00:00,"Signal(ts=2025-11-18 17:40:00+00:00, action=HOLD, qty=0, strategy=Momentum)",,[]
2025-11-18 17:41:00+00:00,"Signal(ts=2025-11-18 17:41:00+00:00, action=HOLD, qty=0, strategy=Momentum)",,[]
2025-11-18 17:42:00+00:00,"Signal(ts=2025-11-18 17:42:00+00:00, action=BUY, qty=1, strategy=Momentum)",70666946-ca86-4e56-a70e-e63f483bda15,"[{'price': 266.6000061035156, 'qty': 1, 'buy_id': '70666946-ca86-4e56-a70e-e63f483bda15', 'sell_id': '42fd0686-2d44-4f26-80ae-b80e4ebc849f', 'timestamp': 1763959268.1116638}]"
2025-11-18 17:43:00+00:00,"Signal(ts=2025-11-18 17:43:00+00:00, action=BUY, qty=2, strategy=Momentum)",b5ac8ff8-bad5-4c65-93d0-11d51312159a,"[{'price': 266.6000061035156, 'qty': 2, 'buy_id': 'b5ac8ff8-bad5-4c65-93d0-11d51312159a', 'sell_id': '42fd0686-2d44-4f26-80ae-b80e4ebc849f', 'timestamp': 1763959268.114132}]"
2025-11-18 17:44:00+00:00,"Signal(ts=2025-11-18 17:44:00+00:00, action=BUY, qty=3, strategy=Momentum)",09f49011-6087-488a-a53d-137980e77436,"[{'price': 266.6000061035156, 'qty': 1, 'buy_id': '09f49011-6087-488a-a53d-137980e77436', 'sell_id': '42fd0686-2d44-4f26-80ae-b80e4ebc849f', 'timestamp': 1763959268.1181257}, {'price': 266.61090087890625, 'qty': 2, 'buy_id': '09f49011-6087-488a-a53d-137980e77436', 'sell_id': 'd8941598-8b86-42b2-a517-67512e563bf7', 'timestamp': 1763959268.1181257}]"
2025-11-18 17:45:00+00:00,"Signal(ts=2025-11-18 17:45:00+00:00, action=BUY, qty=2, strategy=Momentum)",dc001944-af3d-4e6b-9fdd-621f648c20f8,"[{'price': 266.61090087890625, 'qty': 2, 'buy_id': 'dc001944-af3d-4e6b-9fdd-621f648c20f8', 'sell_id': 'd8941598-8b86-42b2-a517-67512e563bf7', 'timestamp': 1763959268.1198921}]"
2025-11-18 17:46:00+00:00,"Signal(ts=2025-11-18 17:46:00+00:00, action=BUY, qty=1, strategy=Momentum)",e82d8d62-9610-4e83-8672-296ae0ef16ab,"[{'price': 266.8026123046875, 'qty': 1, 'buy_id': 'e82d8d62-9610-4e83-8672-296ae0ef16ab', 'sell_id': '0eaa64d2-0e67-4abc-9e52-b409cb2de716', 'timestamp': 1763959268.1218927}]"
2025-11-18 17:47:00+00:00,"Signal(ts=2025-11-18 17:47:00+00:00, action=BUY, qty=2, strategy=Momentum)",d95d89de-619b-4bec-9e37-74063c70e8c3,"[{'price': 266.8026123046875, 'qty': 1, 'buy_id': 'd95d89de-619b-4bec-9e37-74063c70e8c3', 'sell_id': '0eaa64d2-0e67-4abc-9e52-b409cb2de716', 'timestamp': 1763959268.1244493}, {'price': 266.8500061035156, 'qty': 1, 'buy_id': 'd95d89de-619b-4bec-9e37-74063c70e8c3', 'sell_id': '3d2ae0a8-2406-4ca2-bbe4-91810ed5ea19', 'timestamp': 1763959268.1244493}]"
2025-11-18 17:48:00+00:00,"Signal(ts=2025-11-18 17:48:00+00:00, action=BUY, qty=3, strategy=Momentum)",53386dad-0c2f-4ecb-861d-54ec61b8bba5,"[{'price': 266.8500061035156, 'qty': 2, 'buy_id': '53386dad-0c2f-4ecb-861d-54ec61b8bba5', 'sell_id': '3d2ae0a8-2406-4ca2-bbe4-91810ed5ea19', 'timestamp': 1763959268.1256676}, {'price': 266.9800109863281, 'qty': 1, 'buy_id': '53386dad-0c2f-4ecb-861d-54ec61b8bba5', 'sell_id': '2e167971-df2e-4df1-80d3-3b9735c27eb7', 'timestamp': 1763959268.1256676}]"
2025-11-18 17:49:00+00:00,"Signal(ts=2025-11-18 17:49:00+00:00, action=BUY, qty=2, strategy=Momentum)",eda49243-130d-4cac-9102-d3728f2a791e,"[{'price': 266.9800109863281, 'qty': 1, 'buy_id': 'eda49243-130d-4cac-9102-d3728f2a791e', 'sell_id': '2e167971-df2e-4df1-80d3-3b9735c27eb7', 'timestamp': 1763959268.1280928}, {'price': 267.2699890136719, 'qty': 1, 'buy_id': 'eda49243-130d-4cac-9102-d3728f2a791e', 'sell_id': 'ca9a6502-41c3-4b96-b87e-e71f41770274', 'timestamp': 1763959268.1280928}]"
2025-11-18 17:50:00+00:00,"Signal(ts=2025-11-18 17:50:00+00:00, action=BUY, qty=1, strategy=Momentum)",f502dd06-a0b7-4211-8a1d-b26009318ad2,"[{'price': 267.2699890136719, 'qty': 1, 'buy_id': 'f502dd06-a0b7-4211-8a1d-b26009318ad2', 'sell_id': 'ca9a6502-41c3-4b96-b87e-e71f41770274', 'timestamp': 1763959268.129626}]"
2025-11-18 17:51:00+00:00,"Signal(ts=2025-11-18 17:51:00+00:00, action=BUY, qty=2, strategy=Momentum)",6a900e9b-eda1-4f29-aec0-678b65f9231c,"[{'price': 267.44000244140625, 'qty': 1, 'buy_id': '6a900e9b-eda1-4f29-aec0-678b65f9231c', 'sell_id': '82d057c4-a360-4895-8244-0ea48302074d', 'timestamp': 1763959268.129626}]"
2025-11-18 17:52:00+00:00,"Signal(ts=2025-11-18 17:52:00+00:00, action=BUY, qty=3, strategy=Momentum)",ff453022-d947-46bd-88b9-5fe476a8a0c6,[]
2025-11-18 17:53:00+00:00,"Signal(ts=2025-11-18 17:53:00+00:00, action=BUY, qty=4, strategy=Momentum)",37bec0d1-8b84-4c8f-9408-4fcec92059fe,[]
2025-11-18 17:54:00+00:00,"Signal(ts=2025-11-18 17:54:00+00:00, action=BUY, qty=4, strategy=Momentum)",a82c00c7-0f96-44d2-8f93-ebb48a7c598d,[]
2025-11-18 17:55:00+00:00,"Signal(ts=2025-11-18 17:55:00+00:00, action=BUY, qty=4, strategy=Momentum)",0ddb3c6b-2a7c-4d81-98c8-1de73f0dddc5,[]
2025-11-18 17:56:00+00:00,"Signal(ts=2025-11-18 17:56:00+00:00, action=BUY, qty=5, strategy=Momentum)",d1d837bb-bbd1-4ad4-9f08-dd1b12c2e6c9,[]
2025-11-18 17:57:00+00:00,"Signal(ts=2025-11-18 17:57:00+00:00, action=BUY, qty=5, strategy=Momentum)",473f4ac4-13d0-400a-b01b-1de7a5f3e722,[]
2025-11-18 17:58:00+00:00,"Signal(ts=2025-11-18 17:58:00+00:00, action=BUY, qty=5, strategy=Momentum)",a8822aa9-a2d0-48b6-81c0-404ef995f967,[]
2025-11-18 17:59:00+00:00,"Signal(ts=2025-11-18 17:59:00+00:00, action=BUY, qty=5, strategy=Momentum)",f2e12f98-3ac7-4dcd-8f38-b813714554ad,[]
2025-11-18 18:00:00+00:00,"Signal(ts=2025-11-18 18:00:00+00:00, action=BUY, qty=6, strategy=Momentum)",6b867d7e-419d-46d8-8147-4ddf591b38be,[]
2025-11-18 18:01:00+00:00,"Signal(ts=2025-11-18 18:01:00+00:00, action=BUY, qty=7, strategy=Momentum)",f3181a4f-9054-4c33-953e-48f2613cc505,[]
2025-11-18 18:02:00+00:00,"Signal(ts=2025-11-18 18:02:00+00:00, action=BUY, qty=6, strategy=Momentum)",3e8e6167-5c3f-488c-836f-6764d17c2f7c,[]
2025-11-18 18:03:00+00:00,"Signal(ts=2025-11-18 18:03:00+00:00, action=BUY, qty=5, strategy=Momentum)",804a485d-70ac-4814-9d5f-785722ca5962,[]
2025-11-18 18:04:00+00:00,"Signal(ts=2025-11-18 18:04:00+00:00, action=BUY, qty=4, strategy=Momentum)",4ac162fd-9421-494e-8290-a449f448beb5,[]
2025-11-18 18:05:00+00:00,"Signal(ts=2025-11-18 18:05:00+00:00, action=BUY, qty=3, strategy=Momentum)",1553ddcf-2dbe-41a9-b50e-4c40c5cfbd28,[]
2025-11-18 18:06:00+00:00,"Signal(ts=2025-11-18 18:06:00+00:00, action=BUY, qty=3, strategy=Momentum)",52b4479d-6f5f-414b-894e-080ef40eb9af,[]
2025-11-18 18:07:00+00:00,"Signal(ts=2025-11-18 18:07:00+00:00, action=BUY, qty=2, strategy=Momentum)",92fc6c2d-5a9a-4530-acaa-18dcd399239c,[]
2025-11-18 18:08:00+00:00,"Signal(ts=2025-11-18 18:08:00+00:00, action=BUY, qty=1, strategy=Momentum)",f1f705dc-d991-4e43-bf72-ddae36ebb319,[]
2025-11-18 18:09:00+00:00,"Signal(ts=2025-11-18 18:09:00+00:00, action=BUY, qty=1, strategy=Momentum)",f80d6cac-afaa-4cb2-9708-12701e1d028e,[]
2025-11-18 18:10:00+00:00,"Signal(ts=2025-11-18 18:10:00+00:00, action=BUY, qty=1, strategy=Momentum)",7b94adaf-6e7b-42e0-add7-99b9394b3ef4,[]
2025-11-18 18:11:00+00:00,"Signal(ts=2025-11-18 18:11:00+00:00, action=HOLD, qty=0, strategy=Momentum)",,[]
2025-11-18 18:12:00+00:00,"Signal(ts=2025-11-18 18:12:00+00:00, action=HOLD, qty=0, strategy=Momentum)",,[]
2025-11-18 18:13:00+00:00,"Signal(ts=2025-11-18 18:13:00+00:00, action=SELL, qty=1, strategy=Momentum)",16c6557b-b509-4ec0-aa72-57e890464474,"[{'price': 268.1700134277344, 'qty': 1, 'buy_id': 'a8822aa9-a2d0-48b6-81c0-404ef995f967', 'sell_id': '16c6557b-b509-4ec0-aa72-57e890464474', 'timestamp': 1763959268.173999}]"
2025-11-18 18:14:00+00:00,"Signal(ts=2025-11-18 18:14:00+00:00, action=BUY, qty=1, strategy=Momentum)",6c136763-8fda-4d0f-afbd-b55923ae2bdc,[]
2025-11-18 18:15:00+00:00,"Signal(ts=2025-11-18 18:15:00+00:00, action=BUY, qty=1, strategy=Momentum)",f8912971-3863-43e1-88ff-6c34ab749289,[]
2025-11-18 18:16:00+00:00,"Signal(ts=2025-11-18 18:16:00+00:00, action=HOLD, qty=0, strategy=Momentum)",,[]
2025-11-18 18:17:00+00:00,"Signal(ts=2025-11-18 18:17:00+00:00, action=HOLD, qty=0, strategy=Momentum)",,[]
2025-11-18 18:18:00+00:00,"Signal(ts=2025-11-18 18:18:00+00:00, action=HOLD, qty=0, strategy=Momentum)",,[]
2025-11-18 18:19:00+00:00,"Signal(ts=2025-11-18 18:19:00+00:00, action=HOLD, qty=0, strategy=Momentum)",,[]
2025-11-18 18:20:00+00:00,"Signal(ts=2025-11-18 18:20:00+00:00, action=HOLD, qty=0, strategy=Momentum)",,[]
2025-11-18 18:21:00+00:00,"Signal(ts=2025-11-18 18:21:00+00:00, action=HOLD, qty=0, strategy=Momentum)",,[]
2025-11-18 18:22:00+00:00,"Signal(ts=2025-11-18 18:22:00+00:00, action=HOLD, qty=0, strategy=Momentum)",,[]
2025-11-18 18:23:00+00:00,"Signal(ts=2025-11-18 18:23:00+00:00, action=HOLD, qty=0, strategy=Momentum)",,[]
2025-11-18 18:24:00+00:00,"Signal(ts=2025-11-18 18:24:00+00:00, action=HOLD, qty=0, strategy=Momentum)",,[]
2025-11-18 18:25:00+00:00,"Signal(ts=2025-11-18 18:25:00+00:00, action=HOLD, qty=0, strategy=Momentum)",,[]
2025-11-18 18:26:00+00:00,"Signal(ts=2025-11-18 18:26:00+00:00, action=HOLD, qty=0, strategy=Momentum)",,[]
2025-11-18 18:27:00+00:00,"Signal(ts=2025-11-18 18:27:00+00:00, action=HOLD, qty=0, strategy=Momentum)",,[]
2025-11-18 18:28:00+00:00,"Signal(ts=2025-11-18 18:28:00+00:00, action=HOLD, qty=0, strategy=Momentum)",,[]
2025-11-18 18:29:00+00:00,"Signal(ts=2025-11-18 18:29:00+00:00, action=HOLD, qty=0, strategy=Momentum)",,[]
2025-11-18 18:30:00+00:00,"Signal(ts=2025-11-18 18:30:00+00:00, action=HOLD, qty=0, strategy=Momentum)",,[]
2025-11-18 18:31:00+00:00,"Signal(ts=2025-11-18 18:31:00+00:00, action=BUY, qty=2, strategy=Momentum)",05857430-4da9-4ebf-878a-b86603463d26,[]
2025-11-18 18:32:00+00:00,"Signal(ts=2025-11-18 18:32:00+00:00, action=BUY, qty=2, strategy=Momentum)",cefe8456-e19a-44e7-9220-6b096885ed69,[]
2025-11-18 18:33:00+00:00,"Signal(ts=2025-11-18 18:33:00+00:00, action=BUY, qty=2, strategy=Momentum)",c852dfa8-5284-44df-b717-ace165de22b5,[]
2025-11-18 18:34:00+00:00,"Signal(ts=2025-11-18 18:34:00+00:00, action=BUY, qty=2, strategy=Momentum)",a31981a4-5528-4aa4-8a59-61f8064d7bf2,[]
2025-11-18 18:35:00+00:00,"Signal(ts=2025-11-18 18:35:00+00:00, action=BUY, qty=1, strategy=Momentum)",693dea45-5a83-4d32-afcd-e3f93de5bf09,[]
2025-11-18 18:36:00+00:00,"Signal(ts=2025-11-18 18:36:00+00:00, action=BUY, qty=1, strategy=Momentum)",7eec185d-072a-4e97-8546-11a46e8dd3c0,[]
2025-11-18 18:37:00+00:00,"Signal(ts=2025-11-18 18:37:00+00:00, action=HOLD, qty=0, strategy=Momentum)",,[]
2025-11-18 18:38:00+00:00,"Signal(ts=2025-11-18 18:38:00+00:00, action=HOLD, qty=0, strategy=Momentum)",,[]
2025-11-18 18:39:00+00:00,"Signal(ts=2025-11-18 18:39:00+00:00, action=HOLD, qty=0, strategy=Momentum)",,[]
2025-11-18 18:40:00+00:00,"Signal(ts=2025-11-18 18:40:00+00:00, action=BUY, qty=1, strategy=Momentum)",4d8d63d3-fad8-4f12-98fe-eef75d6b61f4,[]
2025-11-18 18:41:00+00:00,"Signal(ts=2025-11-18 18:41:00+00:00, action=BUY, qty=1, strategy=Momentum)",7267b184-88ad-466d-975e-b948a2ee3fb1,[]
2025-11-18 18:42:00+00:00,"Signal(ts=2025-11-18 18:42:00+00:00, action=BUY, qty=1, strategy=Momentum)",395104b7-9f81-4517-acf2-ff32ef0db735,[]
2025-11-18 18:43:00+00:00,"Signal(ts=2025-11-18 18:43:00+00:00, action=HOLD, qty=0, strategy=Momentum)",,[]
2025-11-18 18:44:00+00:00,"Signal(ts=2025-11-18 18:44:00+00:00, action=BUY, qty=1, strategy=Momentum)",a1a511e2-aef4-4bc7-8330-32e59620472e,[]
2025-11-18 18:45:00+00:00,"Signal(ts=2025-11-18 18:45:00+00:00, action=HOLD, qty=0, strategy=Momentum)",,[]
2025-11-18 18:46:00+00:00,"Signal(ts=2025-11-18 18:46:00+00:00, action=BUY, qty=1, strategy=Momentum)",2b0df3cb-0950-42e1-9c1b-57ddc0bc572b,[]
2025-11-18 18:47:00+00:00,"Signal(ts=2025-11-18 18:47:00+00:00, action=BUY, qty=1, strategy=Momentum)",1d183c8f-c778-4338-b250-a2a34d0e64f6,[]
2025-11-18 18:48:00+00:00,"Signal(ts=2025-11-18 18:48:00+00:00, action=HOLD, qty=0, strategy=Momentum)",,[]
2025-11-18 18:49:00+00:00,"Signal(ts=2025-11-18 18:49:00+00:00, action=BUY, qty=2, strategy=Momentum)",761cb068-ca26-4e64-8d25-554dd7700d61,[]
2025-11-18 18:50:00+00:00,"Signal(ts=2025-11-18 18:50:00+00:00, action=BUY, qty=1, strategy=Momentum)",3530dbf8-7ffc-4e21-98f0-e88c11aace2f,[]
2025-11-18 18:51:00+00:00,"Signal(ts=2025-11-18 18:51:00+00:00, action=BUY, qty=1, strategy=Momentum)",9f0ca60d-a1ad-4599-a91c-c10c7207f7fe,[]
2025-11-18 18:52:00+00:00,"Signal(ts=2025-11-18 18:52:00+00:00, action=BUY, qty=1, strategy=Momentum)",53e3e689-5925-473c-b197-1371a053c462,[]
2025-11-18 18:53:00+00:00,"Signal(ts=2025-11-18 18:53:00+00:00, action=BUY, qty=1, strategy=Momentum)",c9913c65-b442-41be-b3d0-6c15d755cd91,[]
2025-11-18 18:54:00+00:00,"Signal(ts=2025-11-18 18:54:00+00:00, action=BUY, qty=1, strategy=Momentum)",4676b04f-3004-40de-8a7f-d59eb56e8fb8,[]
2025-11-18 18:55:00+00:00,"Signal(ts=2025-11-18 18:55:00+00:00, action=HOLD, qty=0, strategy=Momentum)",,[]
2025-11-18 18:56:00+00:00,"Signal(ts=2025-11-18 18:56:00+00:00, action=HOLD, qty=0, strategy=Momentum)",,[]
2025-11-18 18:57:00+00:00,"Signal(ts=2025-11-18 18:57:00+00:00, action=HOLD, qty=0, strategy=Momentum)",,[]
2025-11-18 18:58:00+00:00,"Signal(ts=2025-11-18 18:58:00+00:00, action=HOLD, qty=0, strategy=Momentum)",,[]
2025-11-18 18:59:00+00:00,"Signal(ts=2025-11-18 18:59:00+00:00, action=SELL, qty=1, strategy=Momentum)",71fe997a-e231-48ac-8d02-3c7980897b05,"[{'price': 268.2699890136719, 'qty': 1, 'buy_id': '53e3e689-5925-473c-b197-1371a053c462', 'sell_id': '71fe997a-e231-48ac-8d02-3c7980897b05', 'timestamp': 1763959268.2870648}]"
2025-11-18 19:00:00+00:00,"Signal(ts=2025-11-18 19:00:00+00:00, action=SELL, qty=2, strategy=Momentum)",879dcc7a-ecde-421e-a7c1-2b6fa30e134a,"[{'price': 268.4100036621094, 'qty': 2, 'buy_id': 'cefe8456-e19a-44e7-9220-6b096885ed69', 'sell_id': '879dcc7a-ecde-421e-a7c1-2b6fa30e134a', 'timestamp': 1763959268.2894394}]"
2025-11-18 19:01:00+00:00,"Signal(ts=2025-11-18 19:01:00+00:00, action=SELL, qty=2, strategy=Momentum)",7683d857-a528-4b50-bdeb-2d26ce600e22,"[{'price': 268.5199890136719, 'qty': 1, 'buy_id': '9f0ca60d-a1ad-4599-a91c-c10c7207f7fe', 'sell_id': '7683d857-a528-4b50-bdeb-2d26ce600e22', 'timestamp': 1763959268.2922597}, {'price': 268.5199890136719, 'qty': 1, 'buy_id': 'c9913c65-b442-41be-b3d0-6c15d755cd91', 'sell_id': '7683d857-a528-4b50-bdeb-2d26ce600e22', 'timestamp': 1763959268.2922597}]"
2025-11-18 19:02:00+00:00,"Signal(ts=2025-11-18 19:02:00+00:00, action=SELL, qty=2, strategy=Momentum)",fbfa35f7-44c6-4c34-afa4-546259d2537a,"[{'price': 268.44000244140625, 'qty': 2, 'buy_id': 'c852dfa8-5284-44df-b717-ace165de22b5', 'sell_id': 'fbfa35f7-44c6-4c34-afa4-546259d2537a', 'timestamp': 1763959268.2922597}]"
2025-11-18 19:03:00+00:00,"Signal(ts=2025-11-18 19:03:00+00:00, action=SELL, qty=2, strategy=Momentum)",a1f07625-2dce-4654-a3ef-6f78f9157ee9,"[{'price': 268.25, 'qty': 2, 'buy_id': 'a31981a4-5528-4aa4-8a59-61f8064d7bf2', 'sell_id': 'a1f07625-2dce-4654-a3ef-6f78f9157ee9', 'timestamp': 1763959268.2969873}]"
2025-11-18 19:04:00+00:00,"Signal(ts=2025-11-18 19:04:00+00:00, action=SELL, qty=1, strategy=Momentum)",b4b2ef60-c4f5-49ba-865e-1c8b97024673,"[{'price': 268.32000732421875, 'qty': 1, 'buy_id': '05857430-4da9-4ebf-878a-b86603463d26', 'sell_id': 'b4b2ef60-c4f5-49ba-865e-1c8b97024673', 'timestamp': 1763959268.2979836}]"
2025-11-18 19:05:00+00:00,"Signal(ts=2025-11-18 19:05:00+00:00, action=HOLD, qty=0, strategy=Momentum)",,[]
2025-11-18 19:06:00+00:00,"Signal(ts=2025-11-18 19:06:00+00:00, action=HOLD, qty=0, strategy=Momentum)",,[]
2025-11-18 19:07:00+00:00,"Signal(ts=2025-11-18 19:07:00+00:00, action=HOLD, qty=0, strategy=Momentum)",,[]
2025-11-18 19:08:00+00:00,"Signal(ts=2025-11-18 19:08:00+00:00, action=HOLD, qty=0, strategy=Momentum)",,[]
2025-11-18 19:09:00+00:00,"Signal(ts=2025-11-18 19:09:00+00:00, action=HOLD, qty=0, strategy=Momentum)",,[]
2025-11-18 19:10:00+00:00,"Signal(ts=2025-11-18 19:10:00+00:00, action=SELL, qty=1, strategy=Momentum)",aa2f6247-8a8a-4494-a5d8-f1f4ded356e8,"[{'price': 268.4100036621094, 'qty': 1, 'buy_id': '05857430-4da9-4ebf-878a-b86603463d26', 'sell_id': 'aa2f6247-8a8a-4494-a5d8-f1f4ded356e8', 'timestamp': 1763959268.309662}]"
2025-11-18 19:11:00+00:00,"Signal(ts=2025-11-18 19:11:00+00:00, action=SELL, qty=1, strategy=Momentum)",e93be6a3-8a18-420f-bc16-f17556675956,"[{'price': 268.2900085449219, 'qty': 1, 'buy_id': '4676b04f-3004-40de-8a7f-d59eb56e8fb8', 'sell_id': 'e93be6a3-8a18-420f-bc16-f17556675956', 'timestamp': 1763959268.309662}]"
2025-11-18 19:12:00+00:00,"Signal(ts=2025-11-18 19:12:00+00:00, action=SELL, qty=1, strategy=Momentum)",acf266c1-3c0f-4e82-a1d4-f80f871aaff7,"[{'price': 268.3949890136719, 'qty': 1, 'buy_id': '3530dbf8-7ffc-4e21-98f0-e88c11aace2f', 'sell_id': 'acf266c1-3c0f-4e82-a1d4-f80f871aaff7', 'timestamp': 1763959268.309662}]"
2025-11-18 19:13:00+00:00,"Signal(ts=2025-11-18 19:13:00+00:00, action=HOLD, qty=0, strategy=Momentum)",,[]
2025-11-18 19:14:00+00:00,"Signal(ts=2025-11-18 19:14:00+00:00, action=HOLD, qty=0, strategy=Momentum)",,[]
2025-11-18 19:15:00+00:00,"Signal(ts=2025-11-18 19:15:00+00:00, action=SELL, qty=1, strategy=Momentum)",5685a15c-608b-4243-aae3-09e0495ee68a,"[{'price': 268.2699890136719, 'qty': 1, 'buy_id': '761cb068-ca26-4e64-8d25-554dd7700d61', 'sell_id': '5685a15c-608b-4243-aae3-09e0495ee68a', 'timestamp': 1763959268.3188684}]"
2025-11-18 19:16:00+00:00,"Signal(ts=2025-11-18 19:16:00+00:00, action=SELL, qty=1, strategy=Momentum)",19bef7a7-e68f-4c75-b8b1-2569fc7293d4,"[{'price': 268.2900085449219, 'qty': 1, 'buy_id': '761cb068-ca26-4e64-8d25-554dd7700d61', 'sell_id': '19bef7a7-e68f-4c75-b8b1-2569fc7293d4', 'timestamp': 1763959268.320862}]"
2025-11-18 19:17:00+00:00,"Signal(ts=2025-11-18 19:17:00+00:00, action=SELL, qty=1, strategy=Momentum)",d11feeac-e16d-41a3-8883-44be5b62dfd9,"[{'price': 268.1722106933594, 'qty': 1, 'buy_id': '4d8d63d3-fad8-4f12-98fe-eef75d6b61f4', 'sell_id': 'd11feeac-e16d-41a3-8883-44be5b62dfd9', 'timestamp': 1763959268.324029}]"
2025-11-18 19:18:00+00:00,"Signal(ts=2025-11-18 19:18:00+00:00, action=SELL, qty=2, strategy=Momentum)",02e073e7-e60f-4a99-a7d8-bc7e0920ea31,"[{'price': 268.2699890136719, 'qty': 1, 'buy_id': '693dea45-5a83-4d32-afcd-e3f93de5bf09', 'sell_id': '02e073e7-e60f-4a99-a7d8-bc7e0920ea31', 'timestamp': 1763959268.324029}, {'price': 268.2699890136719, 'qty': 1, 'buy_id': '1d183c8f-c778-4338-b250-a2a34d0e64f6', 'sell_id': '02e073e7-e60f-4a99-a7d8-bc7e0920ea31', 'timestamp': 1763959268.324029}]"
2025-11-18 19:19:00+00:00,"Signal(ts=2025-11-18 19:19:00+00:00, action=SELL, qty=1, strategy=Momentum)",67f9b253-83ee-498f-bd86-c6807c310aca,"[{'price': 268.42999267578125, 'qty': 1, 'buy_id': '7267b184-88ad-466d-975e-b948a2ee3fb1', 'sell_id': '67f9b253-83ee-498f-bd86-c6807c310aca', 'timestamp': 1763959268.3293467}]"
2025-11-18 19:20:00+00:00,"Signal(ts=2025-11-18 19:20:00+00:00, action=SELL, qty=3, strategy=Momentum)",f3ed17da-4c5b-4176-bd8e-b4faba56b548,"[{'price': 268.25, 'qty': 1, 'buy_id': '2b0df3cb-0950-42e1-9c1b-57ddc0bc572b', 'sell_id': 'f3ed17da-4c5b-4176-bd8e-b4faba56b548', 'timestamp': 1763959268.3313396}, {'price': 268.25, 'qty': 2, 'buy_id': 'a8822aa9-a2d0-48b6-81c0-404ef995f967', 'sell_id': 'f3ed17da-4c5b-4176-bd8e-b4faba56b548', 'timestamp': 1763959268.3313396}]"
2025-11-18 19:21:00+00:00,"Signal(ts=2025-11-18 19:21:00+00:00, action=SELL, qty=3, strategy=Momentum)",48c87381-7077-48b1-9f31-a31298e9115a,"[{'price': 268.07501220703125, 'qty': 2, 'buy_id': 'a8822aa9-a2d0-48b6-81c0-404ef995f967', 'sell_id': '48c87381-7077-48b1-9f31-a31298e9115a', 'timestamp': 1763959268.3323379}, {'price': 268.07501220703125, 'qty': 1, 'buy_id': 'd1d837bb-bbd1-4ad4-9f08-dd1b12c2e6c9', 'sell_id': '48c87381-7077-48b1-9f31-a31298e9115a', 'timestamp': 1763959268.3323379}]"
2025-11-18 19:22:00+00:00,"Signal(ts=2025-11-18 19:22:00+00:00, action=SELL, qty=3, strategy=Momentum)",d73e5f70-4d59-40b9-9f2f-6531f82542c1,"[{'price': 268.1579895019531, 'qty': 3, 'buy_id': 'd1d837bb-bbd1-4ad4-9f08-dd1b12c2e6c9', 'sell_id': 'd73e5f70-4d59-40b9-9f2f-6531f82542c1', 'timestamp': 1763959268.3323379}]"
2025-11-18 19:23:00+00:00,"Signal(ts=2025-11-18 19:23:00+00:00, action=SELL, qty=3, strategy=Momentum)",e29c5632-9f0a-44a3-b2f2-80a9bfbad5de,"[{'price': 268.0899963378906, 'qty': 1, 'buy_id': 'd1d837bb-bbd1-4ad4-9f08-dd1b12c2e6c9', 'sell_id': 'e29c5632-9f0a-44a3-b2f2-80a9bfbad5de', 'timestamp': 1763959268.3323379}, {'price': 268.0899963378906, 'qty': 1, 'buy_id': '395104b7-9f81-4517-acf2-ff32ef0db735', 'sell_id': 'e29c5632-9f0a-44a3-b2f2-80a9bfbad5de', 'timestamp': 1763959268.3323379}, {'price': 268.0899963378906, 'qty': 1, 'buy_id': '7eec185d-072a-4e97-8546-11a46e8dd3c0', 'sell_id': 'e29c5632-9f0a-44a3-b2f2-80a9bfbad5de', 'timestamp': 1763959268.3323379}]"
2025-11-18 19:24:00+00:00,"Signal(ts=2025-11-18 19:24:00+00:00, action=SELL, qty=2, strategy=Momentum)",1c14fc88-f8c4-4cc0-ab44-d7069e5f47b8,"[{'price': 268.0799865722656, 'qty': 2, 'buy_id': '6b867d7e-419d-46d8-8147-4ddf591b38be', 'sell_id': '1c14fc88-f8c4-4cc0-ab44-d7069e5f47b8', 'timestamp': 1763959268.3401732}]"
2025-11-18 19:25:00+00:00,"Signal(ts=2025-11-18 19:25:00+00:00, action=SELL, qty=1, strategy=Momentum)",052ae8f4-6a23-4d4d-9eef-b13b16727ba4,"[{'price': 268.25, 'qty': 1, 'buy_id': '6b867d7e-419d-46d8-8147-4ddf591b38be', 'sell_id': '052ae8f4-6a23-4d4d-9eef-b13b16727ba4', 'timestamp': 1763959268.342819}]"
2025-11-18 19:26:00+00:00,"Signal(ts=2025-11-18 19:26:00+00:00, action=SELL, qty=1, strategy=Momentum)",cbc836d3-8290-4b56-84b8-aef58a4f4eee,"[{'price': 268.2099914550781, 'qty': 1, 'buy_id': '6b867d7e-419d-46d8-8147-4ddf591b38be', 'sell_id': 'cbc836d3-8290-4b56-84b8-aef58a4f4eee', 'timestamp': 1763959268.3448281}]"
2025-11-18 19:27:00+00:00,"Signal(ts=2025-11-18 19:27:00+00:00, action=HOLD, qty=0, strategy=Momentum)",,[]
2025-11-18 19:28:00+00:00,"Signal(ts=2025-11-18 19:28:00+00:00, action=SELL, qty=1, strategy=Momentum)",0208c819-b206-4551-856f-243045e11a12,"[{'price': 267.9800109863281, 'qty': 1, 'buy_id': '6b867d7e-419d-46d8-8147-4ddf591b38be', 'sell_id': '0208c819-b206-4551-856f-243045e11a12', 'timestamp': 1763959268.3485413}]"
2025-11-18 19:29:00+00:00,"Signal(ts=2025-11-18 19:29:00+00:00, action=SELL, qty=1, strategy=Momentum)",72d9b7e3-0db4-4362-8c23-b7320b9f3e34,"[{'price': 268.03448486328125, 'qty': 1, 'buy_id': '6b867d7e-419d-46d8-8147-4ddf591b38be', 'sell_id': '72d9b7e3-0db4-4362-8c23-b7320b9f3e34', 'timestamp': 1763959268.3496847}]"
2025-11-18 19:30:00+00:00,"Signal(ts=2025-11-18 19:30:00+00:00, action=SELL, qty=2, strategy=Momentum)",44a93374-c946-4fe7-90c7-8a5a059621d2,"[{'price': 267.94000244140625, 'qty': 2, 'buy_id': '473f4ac4-13d0-400a-b01b-1de7a5f3e722', 'sell_id': '44a93374-c946-4fe7-90c7-8a5a059621d2', 'timestamp': 1763959268.350681}]"
2025-11-18 19:31:00+00:00,"Signal(ts=2025-11-18 19:31:00+00:00, action=SELL, qty=2, strategy=Momentum)",fa0b8fae-a4a9-4c39-8960-07668767ad4e,"[{'price': 267.8800048828125, 'qty': 2, 'buy_id': '473f4ac4-13d0-400a-b01b-1de7a5f3e722', 'sell_id': 'fa0b8fae-a4a9-4c39-8960-07668767ad4e', 'timestamp': 1763959268.353599}]"
2025-11-18 19:32:00+00:00,"Signal(ts=2025-11-18 19:32:00+00:00, action=SELL, qty=1, strategy=Momentum)",78350cb8-8e2f-4b37-bcab-7fbea36f783a,"[{'price': 267.8500061035156, 'qty': 1, 'buy_id': '473f4ac4-13d0-400a-b01b-1de7a5f3e722', 'sell_id': '78350cb8-8e2f-4b37-bcab-7fbea36f783a', 'timestamp': 1763959268.3560853}]"
2025-11-18 19:33:00+00:00,"Signal(ts=2025-11-18 19:33:00+00:00, action=SELL, qty=1, strategy=Momentum)",bfa1e856-89b7-4ed3-8e10-e13d5fab642b,"[{'price': 267.92999267578125, 'qty': 1, 'buy_id': 'a82c00c7-0f96-44d2-8f93-ebb48a7c598d', 'sell_id': 'bfa1e856-89b7-4ed3-8e10-e13d5fab642b', 'timestamp': 1763959268.3572934}]"
2025-11-18 19:34:00+00:00,"Signal(ts=2025-11-18 19:34:00+00:00, action=SELL, qty=2, strategy=Momentum)",b1b8b6fe-b5e4-442c-81bd-c4adff63a999,"[{'price': 267.8699951171875, 'qty': 2, 'buy_id': 'a82c00c7-0f96-44d2-8f93-ebb48a7c598d', 'sell_id': 'b1b8b6fe-b5e4-442c-81bd-c4adff63a999', 'timestamp': 1763959268.3572934}]"
2025-11-18 19:35:00+00:00,"Signal(ts=2025-11-18 19:35:00+00:00, action=SELL, qty=1, strategy=Momentum)",54f55792-c692-4ff9-92d0-3cde750117fb,"[{'price': 268.0898132324219, 'qty': 1, 'buy_id': 'a82c00c7-0f96-44d2-8f93-ebb48a7c598d', 'sell_id': '54f55792-c692-4ff9-92d0-3cde750117fb', 'timestamp': 1763959268.3630056}]"
2025-11-18 19:36:00+00:00,"Signal(ts=2025-11-18 19:36:00+00:00, action=SELL, qty=1, strategy=Momentum)",30246cc6-362f-49d7-984e-39d6e62d73f4,"[{'price': 268.1099853515625, 'qty': 1, 'buy_id': '37bec0d1-8b84-4c8f-9408-4fcec92059fe', 'sell_id': '30246cc6-362f-49d7-984e-39d6e62d73f4', 'timestamp': 1763959268.365302}]"
2025-11-18 19:37:00+00:00,"Signal(ts=2025-11-18 19:37:00+00:00, action=SELL, qty=1, strategy=Momentum)",67a4c54f-b4f5-4a4a-92d8-ed34911fcc62,"[{'price': 268.14019775390625, 'qty': 1, 'buy_id': '37bec0d1-8b84-4c8f-9408-4fcec92059fe', 'sell_id': '67a4c54f-b4f5-4a4a-92d8-ed34911fcc62', 'timestamp': 1763959268.3672433}]"
2025-11-18 19:38:00+00:00,"Signal(ts=2025-11-18 19:38:00+00:00, action=SELL, qty=1, strategy=Momentum)",a005ca4f-0ef0-49b3-a49a-c9968ddf8f05,"[{'price': 268.3599853515625, 'qty': 1, 'buy_id': '37bec0d1-8b84-4c8f-9408-4fcec92059fe', 'sell_id': 'a005ca4f-0ef0-49b3-a49a-c9968ddf8f05', 'timestamp': 1763959268.3672433}]"
2025-11-18 19:39:00+00:00,"Signal(ts=2025-11-18 19:39:00+00:00, action=HOLD, qty=0, strategy=Momentum)",,[]
2025-11-18 19:40:00+00:00,"Signal(ts=2025-11-18 19:40:00+00:00, action=BUY, qty=1, strategy=Momentum)",3c5a55a6-7562-4d26-bfff-fec8e07cd5bb,[]
2025-11-18 19:41:00+00:00,"Signal(ts=2025-11-18 19:41:00+00:00, action=HOLD, qty=0, strategy=Momentum)",,[]
2025-11-18 19:42:00+00:00,"Signal(ts=2025-11-18 19:42:00+00:00, action=HOLD, qty=0, strategy=Momentum)",,[]
2025-11-18 19:43:00+00:00,"Signal(ts=2025-11-18 19:43:00+00:00, action=HOLD, qty=0, strategy=Momentum)",,[]
2025-11-18 19:44:00+00:00,"Signal(ts=2025-11-18 19:44:00+00:00, action=HOLD, qty=0, strategy=Momentum)",,[]
2025-11-18 19:45:00+00:00,"Signal(ts=2025-11-18 19:45:00+00:00, action=HOLD, qty=0, strategy=Momentum)",,[]
2025-11-18 19:46:00+00:00,"Signal(ts=2025-11-18 19:46:00+00:00, action=HOLD, qty=0, strategy=Momentum)",,[]
2025-11-18 19:47:00+00:00,"Signal(ts=2025-11-18 19:47:00+00:00, action=BUY, qty=1, strategy=Momentum)",b0cec352-9407-48f9-8f6f-240c8a429457,[]
2025-11-18 19:48:00+00:00,"Signal(ts=2025-11-18 19:48:00+00:00, action=HOLD, qty=0, strategy=Momentum)",,[]
2025-11-18 19:49:00+00:00,"Signal(ts=2025-11-18 19:49:00+00:00, action=HOLD, qty=0, strategy=Momentum)",,[]
2025-11-18 19:50:00+00:00,"Signal(ts=2025-11-18 19:50:00+00:00, action=BUY, qty=1, strategy=Momentum)",79f0e34a-c7e8-45ad-8f9a-920b51ef5827,[]
2025-11-18 19:51:00+00:00,"Signal(ts=2025-11-18 19:51:00+00:00, action=HOLD, qty=0, strategy=Momentum)",,[]
2025-11-18 19:52:00+00:00,"Signal(ts=2025-11-18 19:52:00+00:00, action=HOLD, qty=0, strategy=Momentum)",,[]
2025-11-18 19:53:00+00:00,"Signal(ts=2025-11-18 19:53:00+00:00, action=HOLD, qty=0, strategy=Momentum)",,[]
2025-11-18 19:54:00+00:00,"Signal(ts=2025-11-18 19:54:00+00:00, action=HOLD, qty=0, strategy=Momentum)",,[]
2025-11-18 19:55:00+00:00,"Signal(ts=2025-11-18 19:55:00+00:00, action=HOLD, qty=0, strategy=Momentum)",,[]
2025-11-18 19:56:00+00:00,"Signal(ts=2025-11-18 19:56:00+00:00, action=BUY, qty=1, strategy=Momentum)",dab8953e-bcef-420c-8e05-c7484cae4176,[]
2025-11-18 19:57:00+00:00,"Signal(ts=2025-11-18 19:57:00+00:00, action=BUY, qty=2, strategy=Momentum)",05459577-e037-4b6d-9993-0bf378d2b4f3,[]
2025-11-18 19:58:00+00:00,"Signal(ts=2025-11-18 19:58:00+00:00, action=BUY, qty=2, strategy=Momentum)",796ffef1-e1ff-4369-ae3b-9acb26850fc2,[]
2025-11-18 19:59:00+00:00,"Signal(ts=2025-11-18 19:59:00+00:00, action=BUY, qty=3, strategy=Momentum)",d55bc9ea-2ab7-428a-967b-46fb79fccdb0,[]
2025-11-18 20:00:00+00:00,"Signal(ts=2025-11-18 20:00:00+00:00, action=BUY, qty=3, strategy=Momentum)",5b8db883-d599-46b8-bb21-5e2a5d9dbf4a,[]
2025-11-18 20:01:00+00:00,"Signal(ts=2025-11-18 20:01:00+00:00, action=BUY, qty=3, strategy=Momentum)",950cf860-cae9-4c8f-bd48-a95ac7dc537d,[]
2025-11-18 20:02:00+00:00,"Signal(ts=2025-11-18 20:02:00+00:00, action=BUY, qty=2, strategy=Momentum)",9d104c89-99fd-48c3-bfb5-1e27fab76364,[]
2025-11-18 20:03:00+00:00,"Signal(ts=2025-11-18 20:03:00+00:00, action=BUY, qty=2, strategy=Momentum)",0d478b12-0caa-41b3-a16b-790d11201664,[]
2025-11-18 20:04:00+00:00,"Signal(ts=2025-11-18 20:04:00+00:00, action=BUY, qty=1, strategy=Momentum)",6b726dc9-2a4d-4c21-bde5-47dc051c7a4f,[]
2025-11-18 20:05:00+00:00,"Signal(ts=2025-11-18 20:05:00+00:00, action=HOLD, qty=0, strategy=Momentum)",,[]
2025-11-18 20:06:00+00:00,"Signal(ts=2025-11-18 20:06:00+00:00, action=HOLD, qty=0, strategy=Momentum)",,[]
2025-11-18 20:07:00+00:00,"Signal(ts=2025-11-18 20:07:00+00:00, action=HOLD, qty=0, strategy=Momentum)",,[]
2025-11-18 20:08:00+00:00,"Signal(ts=2025-11-18 20:08:00+00:00, action=SELL, qty=1, strategy=Momentum)",381c95a1-1a71-40a4-8a3b-fa41d00ad436,"[{'price': 268.19000244140625, 'qty': 1, 'buy_id': '5b8db883-d599-46b8-bb21-5e2a5d9dbf4a', 'sell_id': '381c95a1-1a71-40a4-8a3b-fa41d00ad436', 'timestamp': 1763959268.4305027}]"
2025-11-18 20:09:00+00:00,"Signal(ts=2025-11-18 20:09:00+00:00, action=SELL, qty=1, strategy=Momentum)",eb0c9bda-605c-4f6a-a2c9-34ba8313910e,"[{'price': 268.239990234375, 'qty': 1, 'buy_id': '5b8db883-d599-46b8-bb21-5e2a5d9dbf4a', 'sell_id': 'eb0c9bda-605c-4f6a-a2c9-34ba8313910e', 'timestamp': 1763959268.4312308}]"
2025-11-18 20:10:00+00:00,"Signal(ts=2025-11-18 20:10:00+00:00, action=HOLD, qty=0, strategy=Momentum)",,[]
2025-11-18 20:11:00+00:00,"Signal(ts=2025-11-18 20:11:00+00:00, action=HOLD, qty=0, strategy=Momentum)",,[]
2025-11-18 20:12:00+00:00,"Signal(ts=2025-11-18 20:12:00+00:00, action=HOLD, qty=0, strategy=Momentum)",,[]
2025-11-18 20:13:00+00:00,"Signal(ts=2025-11-18 20:13:00+00:00, action=HOLD, qty=0, strategy=Momentum)",,[]
2025-11-18 20:14:00+00:00,"Signal(ts=2025-11-18 20:14:00+00:00, action=HOLD, qty=0, strategy=Momentum)",,[]
2025-11-18 20:15:00+00:00,"Signal(ts=2025-11-18 20:15:00+00:00, action=HOLD, qty=0, strategy=Momentum)",,[]
2025-11-18 20:16:00+00:00,"Signal(ts=2025-11-18 20:16:00+00:00, action=HOLD, qty=0, strategy=Momentum)",,[]
2025-11-18 20:17:00+00:00,"Signal(ts=2025-11-18 20:17:00+00:00, action=HOLD, qty=0, strategy=Momentum)",,[]
2025-11-18 20:18:00+00:00,"Signal(ts=2025-11-18 20:18:00+00:00, action=HOLD, qty=0, strategy=Momentum)",,[]
2025-11-18 20:19:00+00:00,"Signal(ts=2025-11-18 20:19:00+00:00, action=SELL, qty=1, strategy=Momentum)",ca1fecd6-cccd-4b9f-b200-611fdaa384f7,"[{'price': 268.1200866699219, 'qty': 1, 'buy_id': '5b8db883-d599-46b8-bb21-5e2a5d9dbf4a', 'sell_id': 'ca1fecd6-cccd-4b9f-b200-611fdaa384f7', 'timestamp': 1763959268.462282}]"
2025-11-18 20:20:00+00:00,"Signal(ts=2025-11-18 20:20:00+00:00, action=HOLD, qty=0, strategy=Momentum)",,[]
2025-11-18 20:21:00+00:00,"Signal(ts=2025-11-18 20:21:00+00:00, action=HOLD, qty=0, strategy=Momentum)",,[]
2025-11-18 20:22:00+00:00,"Signal(ts=2025-11-18 20:22:00+00:00, action=HOLD, qty=0, strategy=Momentum)",,[]
2025-11-18 20:23:00+00:00,"Signal(ts=2025-11-18 20:23:00+00:00, action=HOLD, qty=0, strategy=Momentum)",,[]
2025-11-18 20:24:00+00:00,"Signal(ts=2025-11-18 20:24:00+00:00, action=HOLD, qty=0, strategy=Momentum)",,[]
2025-11-18 20:25:00+00:00,"Signal(ts=2025-11-18 20:25:00+00:00, action=SELL, qty=1, strategy=Momentum)",6b9b2d9b-6a6a-4438-abca-82da5aeefd7e,"[{'price': 268.2300109863281, 'qty': 1, 'buy_id': '950cf860-cae9-4c8f-bd48-a95ac7dc537d', 'sell_id': '6b9b2d9b-6a6a-4438-abca-82da5aeefd7e', 'timestamp': 1763959268.4774492}]"
2025-11-18 20:26:00+00:00,"Signal(ts=2025-11-18 20:26:00+00:00, action=SELL, qty=1, strategy=Momentum)",9826ba1f-d3b8-4e9b-ac73-a73bce002866,"[{'price': 268.2099914550781, 'qty': 1, 'buy_id': '950cf860-cae9-4c8f-bd48-a95ac7dc537d', 'sell_id': '9826ba1f-d3b8-4e9b-ac73-a73bce002866', 'timestamp': 1763959268.4890347}]"
2025-11-18 20:27:00+00:00,"Signal(ts=2025-11-18 20:27:00+00:00, action=SELL, qty=1, strategy=Momentum)",2658fc59-5105-487d-8a1a-2a5b35aa1e47,"[{'price': 268.1549987792969, 'qty': 1, 'buy_id': '950cf860-cae9-4c8f-bd48-a95ac7dc537d', 'sell_id': '2658fc59-5105-487d-8a1a-2a5b35aa1e47', 'timestamp': 1763959268.4910383}]"
2025-11-18 20:28:00+00:00,"Signal(ts=2025-11-18 20:28:00+00:00, action=SELL, qty=2, strategy=Momentum)",c9c3d8ea-e275-40c8-8025-91105db8f0a3,"[{'price': 268.1600036621094, 'qty': 2, 'buy_id': 'd55bc9ea-2ab7-428a-967b-46fb79fccdb0', 'sell_id': 'c9c3d8ea-e275-40c8-8025-91105db8f0a3', 'timestamp': 1763959268.4910383}]"
2025-11-18 20:29:00+00:00,"Signal(ts=2025-11-18 20:29:00+00:00, action=SELL, qty=2, strategy=Momentum)",3b07e5a2-d3e8-4a52-b2b4-24423554cbf8,"[{'price': 268.2802124023437, 'qty': 1, 'buy_id': 'd55bc9ea-2ab7-428a-967b-46fb79fccdb0', 'sell_id': '3b07e5a2-d3e8-4a52-b2b4-24423554cbf8', 'timestamp': 1763959268.498585}, {'price': 268.2802124023437, 'qty': 1, 'buy_id': '9d104c89-99fd-48c3-bfb5-1e27fab76364', 'sell_id': '3b07e5a2-d3e8-4a52-b2b4-24423554cbf8', 'timestamp': 1763959268.498585}]"
2025-11-18 20:30:00+00:00,"Signal(ts=2025-11-18 20:30:00+00:00, action=SELL, qty=1, strategy=Momentum)",bb359168-61fb-4afe-a642-1e1ef3dc0edd,"[{'price': 268.29998779296875, 'qty': 1, 'buy_id': '9d104c89-99fd-48c3-bfb5-1e27fab76364', 'sell_id': 'bb359168-61fb-4afe-a642-1e1ef3dc0edd', 'timestamp': 1763959268.5005798}]"
2025-11-18 20:31:00+00:00,"Signal(ts=2025-11-18 20:31:00+00:00, action=SELL, qty=2, strategy=Momentum)",0750040b-8092-4995-8887-60dc43056953,"[{'price': 268.1300048828125, 'qty': 1, 'buy_id': '3c5a55a6-7562-4d26-bfff-fec8e07cd5bb', 'sell_id': '0750040b-8092-4995-8887-60dc43056953', 'timestamp': 1763959268.5014477}, {'price': 268.1300048828125, 'qty': 1, 'buy_id': '796ffef1-e1ff-4369-ae3b-9acb26850fc2', 'sell_id': '0750040b-8092-4995-8887-60dc43056953', 'timestamp': 1763959268.5014477}]"
2025-11-18 20:32:00+00:00,"Signal(ts=2025-11-18 20:32:00+00:00, action=SELL, qty=1, strategy=Momentum)",f5670429-f12e-4aec-9df6-bee7718bbc11,"[{'price': 268.1000061035156, 'qty': 1, 'buy_id': '796ffef1-e1ff-4369-ae3b-9acb26850fc2', 'sell_id': 'f5670429-f12e-4aec-9df6-bee7718bbc11', 'timestamp': 1763959268.5014477}]"
2025-11-18 20:33:00+00:00,"Signal(ts=2025-11-18 20:33:00+00:00, action=SELL, qty=1, strategy=Momentum)",6b5f8fca-e0de-4639-9899-b06f9b56672d,"[{'price': 268.1000061035156, 'qty': 1, 'buy_id': '37bec0d1-8b84-4c8f-9408-4fcec92059fe', 'sell_id': '6b5f8fca-e0de-4639-9899-b06f9b56672d', 'timestamp': 1763959268.5057676}]"
2025-11-18 20:34:00+00:00,"Signal(ts=2025-11-18 20:34:00+00:00, action=SELL, qty=1, strategy=Momentum)",908539cd-6645-487d-a36e-ee421a94d5ba,"[{'price': 267.9447021484375, 'qty': 1, 'buy_id': '05459577-e037-4b6d-9993-0bf378d2b4f3', 'sell_id': '908539cd-6645-487d-a36e-ee421a94d5ba', 'timestamp': 1763959268.510127}]"
2025-11-18 20:35:00+00:00,"Signal(ts=2025-11-18 20:35:00+00:00, action=SELL, qty=1, strategy=Momentum)",9b53fcdf-4a5e-4b97-b30a-f5d6dfbdc7d4,"[{'price': 267.9649963378906, 'qty': 1, 'buy_id': '05459577-e037-4b6d-9993-0bf378d2b4f3', 'sell_id': '9b53fcdf-4a5e-4b97-b30a-f5d6dfbdc7d4', 'timestamp': 1763959268.5121226}]"
2025-11-18 20:36:00+00:00,"Signal(ts=2025-11-18 20:36:00+00:00, action=SELL, qty=1, strategy=Momentum)",f007f4a8-b464-4fa3-9238-c68fe5420383,"[{'price': 268.0, 'qty': 1, 'buy_id': 'a1a511e2-aef4-4bc7-8330-32e59620472e', 'sell_id': 'f007f4a8-b464-4fa3-9238-c68fe5420383', 'timestamp': 1763959268.5121226}]"
2025-11-18 20:37:00+00:00,"Signal(ts=2025-11-18 20:37:00+00:00, action=HOLD, qty=0, strategy=Momentum)",,[]
2025-11-18 20:38:00+00:00,"Signal(ts=2025-11-18 20:38:00+00:00, action=HOLD, qty=0, strategy=Momentum)",,[]
2025-11-18 20:39:00+00:00,"Signal(ts=2025-11-18 20:39:00+00:00, action=HOLD, qty=0, strategy=Momentum)",,[]
2025-11-18 20:40:00+00:00,"Signal(ts=2025-11-18 20:40:00+00:00, action=HOLD, qty=0, strategy=Momentum)",,[]
2025-11-18 20:41:00+00:00,"Signal(ts=2025-11-18 20:41:00+00:00, action=HOLD, qty=0, strategy=Momentum)",,[]
2025-11-18 20:42:00+00:00,"Signal(ts=2025-11-18 20:42:00+00:00, action=HOLD, qty=0, strategy=Momentum)",,[]
2025-11-18 20:43:00+00:00,"Signal(ts=2025-11-18 20:43:00+00:00, action=HOLD, qty=0, strategy=Momentum)",,[]
2025-11-18 20:44:00+00:00,"Signal(ts=2025-11-18 20:44:00+00:00, action=SELL, qty=1, strategy=Momentum)",cda586ea-254e-4a70-b039-6103526f043a,"[{'price': 267.8900146484375, 'qty': 1, 'buy_id': 'f2e12f98-3ac7-4dcd-8f38-b813714554ad', 'sell_id': 'cda586ea-254e-4a70-b039-6103526f043a', 'timestamp': 1763959268.5315037}]"
2025-11-18 20:45:00+00:00,"Signal(ts=2025-11-18 20:45:00+00:00, action=SELL, qty=1, strategy=Momentum)",1ec23af8-5bce-40a8-a236-9bcdb1f3a9cd,"[{'price': 267.92999267578125, 'qty': 1, 'buy_id': 'f2e12f98-3ac7-4dcd-8f38-b813714554ad', 'sell_id': '1ec23af8-5bce-40a8-a236-9bcdb1f3a9cd', 'timestamp': 1763959268.533947}]"
2025-11-18 20:46:00+00:00,"Signal(ts=2025-11-18 20:46:00+00:00, action=SELL, qty=2, strategy=Momentum)",dfdcac4c-ea53-4b4d-9947-d830a5f546c0,"[{'price': 267.6235046386719, 'qty': 2, 'buy_id': 'f2e12f98-3ac7-4dcd-8f38-b813714554ad', 'sell_id': 'dfdcac4c-ea53-4b4d-9947-d830a5f546c0', 'timestamp': 1763959268.5357666}]"
2025-11-18 20:47:00+00:00,"Signal(ts=2025-11-18 20:47:00+00:00, action=SELL, qty=1, strategy=Momentum)",ce6a8b88-7115-4f92-abef-d14ac55593ea,"[{'price': 267.8299865722656, 'qty': 1, 'buy_id': 'f2e12f98-3ac7-4dcd-8f38-b813714554ad', 'sell_id': 'ce6a8b88-7115-4f92-abef-d14ac55593ea', 'timestamp': 1763959268.537768}]"
2025-11-18 20:48:00+00:00,"Signal(ts=2025-11-18 20:48:00+00:00, action=SELL, qty=1, strategy=Momentum)",700a369d-5a92-451d-aacb-947a3690677d,"[{'price': 267.8299865722656, 'qty': 1, 'buy_id': 'b0cec352-9407-48f9-8f6f-240c8a429457', 'sell_id': '700a369d-5a92-451d-aacb-947a3690677d', 'timestamp': 1763959268.5395286}]"
2025-11-18 20:49:00+00:00,"Signal(ts=2025-11-18 20:49:00+00:00, action=SELL, qty=2, strategy=Momentum)",6b917c8d-e8fa-4475-ba98-74a65ecc73e0,"[{'price': 267.6600036621094, 'qty': 2, 'buy_id': '0ddb3c6b-2a7c-4d81-98c8-1de73f0dddc5', 'sell_id': '6b917c8d-e8fa-4475-ba98-74a65ecc73e0', 'timestamp': 1763959268.5395286}]"
2025-11-18 20:50:00+00:00,"Signal(ts=2025-11-18 20:50:00+00:00, action=SELL, qty=1, strategy=Momentum)",107d5937-f477-40ec-b9b8-3fc73a1df058,"[{'price': 268.0799865722656, 'qty': 1, 'buy_id': '0ddb3c6b-2a7c-4d81-98c8-1de73f0dddc5', 'sell_id': '107d5937-f477-40ec-b9b8-3fc73a1df058', 'timestamp': 1763959268.5395286}]"
2025-11-18 20:51:00+00:00,"Signal(ts=2025-11-18 20:51:00+00:00, action=SELL, qty=2, strategy=Momentum)",2b256aa7-4690-471c-a6bd-bafeefbb767b,"[{'price': 267.82000732421875, 'qty': 1, 'buy_id': '0ddb3c6b-2a7c-4d81-98c8-1de73f0dddc5', 'sell_id': '2b256aa7-4690-471c-a6bd-bafeefbb767b', 'timestamp': 1763959268.547495}, {'price': 267.82000732421875, 'qty': 1, 'buy_id': 'f3181a4f-9054-4c33-953e-48f2613cc505', 'sell_id': '2b256aa7-4690-471c-a6bd-bafeefbb767b', 'timestamp': 1763959268.547495}]"
2025-11-18 20:52:00+00:00,"Signal(ts=2025-11-18 20:52:00+00:00, action=SELL, qty=2, strategy=Momentum)",623cc999-b9bc-4909-8c23-d108b2266c27,"[{'price': 267.8099975585937, 'qty': 2, 'buy_id': 'f3181a4f-9054-4c33-953e-48f2613cc505', 'sell_id': '623cc999-b9bc-4909-8c23-d108b2266c27', 'timestamp': 1763959268.5492551}]"
2025-11-18 20:53:00+00:00,"Signal(ts=2025-11-18 20:53:00+00:00, action=SELL, qty=2, strategy=Momentum)",93f994ae-17e2-4453-8d50-4a55d444718b,"[{'price': 267.7149963378906, 'qty': 2, 'buy_id': 'f3181a4f-9054-4c33-953e-48f2613cc505', 'sell_id': '93f994ae-17e2-4453-8d50-4a55d444718b', 'timestamp': 1763959268.5520482}]"
2025-11-18 20:54:00+00:00,"Signal(ts=2025-11-18 20:54:00+00:00, action=SELL, qty=1, strategy=Momentum)",f4a7b6f3-180c-49f8-80a2-d033515e3478,"[{'price': 267.7099914550781, 'qty': 1, 'buy_id': 'f3181a4f-9054-4c33-953e-48f2613cc505', 'sell_id': 'f4a7b6f3-180c-49f8-80a2-d033515e3478', 'timestamp': 1763959268.554654}]"
2025-11-18 20:55:00+00:00,"Signal(ts=2025-11-18 20:55:00+00:00, action=SELL, qty=1, strategy=Momentum)",8a17fb9e-bc9d-4d2c-92ee-d364c8a7f679,"[{'price': 267.75, 'qty': 1, 'buy_id': 'f3181a4f-9054-4c33-953e-48f2613cc505', 'sell_id': '8a17fb9e-bc9d-4d2c-92ee-d364c8a7f679', 'timestamp': 1763959268.556135}]"
2025-11-18 20:56:00+00:00,"Signal(ts=2025-11-18 20:56:00+00:00, action=SELL, qty=1, strategy=Momentum)",db087ac2-a02c-4514-a9e9-d989a14f0812,"[{'price': 267.67999267578125, 'qty': 1, 'buy_id': '6c136763-8fda-4d0f-afbd-b55923ae2bdc', 'sell_id': 'db087ac2-a02c-4514-a9e9-d989a14f0812', 'timestamp': 1763959268.5606186}]"
2025-11-18 20:57:00+00:00,"Signal(ts=2025-11-18 20:57:00+00:00, action=SELL, qty=1, strategy=Momentum)",26c65d06-19fd-41cc-b8f0-3a8220e3e303,"[{'price': 267.635009765625, 'qty': 1, 'buy_id': 'dab8953e-bcef-420c-8e05-c7484cae4176', 'sell_id': '26c65d06-19fd-41cc-b8f0-3a8220e3e303', 'timestamp': 1763959268.5626104}]"
2025-11-18 20:58:00+00:00,"Signal(ts=2025-11-18 20:58:00+00:00, action=SELL, qty=2, strategy=Momentum)",7ec074cc-2356-4cf9-85fb-41d544c16156,"[{'price': 267.510009765625, 'qty': 2, 'buy_id': '0d478b12-0caa-41b3-a16b-790d11201664', 'sell_id': '7ec074cc-2356-4cf9-85fb-41d544c16156', 'timestamp': 1763959268.5626104}]"
2025-11-18 20:59:00+00:00,"Signal(ts=2025-11-18 20:59:00+00:00, action=SELL, qty=2, strategy=Momentum)",674478b2-1f49-46f8-af45-4e68e18c4eb5,"[{'price': 267.510009765625, 'qty': 1, 'buy_id': '7b94adaf-6e7b-42e0-add7-99b9394b3ef4', 'sell_id': '674478b2-1f49-46f8-af45-4e68e18c4eb5', 'timestamp': 1763959268.5626104}, {'price': 267.510009765625, 'qty': 1, 'buy_id': '79f0e34a-c7e8-45ad-8f9a-920b51ef5827', 'sell_id': '674478b2-1f49-46f8-af45-4e68e18c4eb5', 'timestamp': 1763959268.5626104}]"
2025-11-18 21:00:00+00:00,"Signal(ts=2025-11-18 21:00:00+00:00, action=SELL, qty=2, strategy=Momentum)",0eeeb28e-c491-48e2-903d-51597940392f,"[{'price': 267.42, 'qty': 2, 'buy_id': '52b4479d-6f5f-414b-894e-080ef40eb9af', 'sell_id': '0eeeb28e-c491-48e2-903d-51597940392f', 'timestamp': 1763959268.5683427}]"
2025-11-18 21:01:00+00:00,"Signal(ts=2025-11-18 21:01:00+00:00, action=SELL, qty=3, strategy=Momentum)",187e7dc0-bddb-40b6-b550-0fe5a5abd7c5,"[{'price': 267.19, 'qty': 1, 'buy_id': '52b4479d-6f5f-414b-894e-080ef40eb9af', 'sell_id': '187e7dc0-bddb-40b6-b550-0fe5a5abd7c5', 'timestamp': 1763959268.5706277}, {'price': 267.19, 'qty': 1, 'buy_id': '6b726dc9-2a4d-4c21-bde5-47dc051c7a4f', 'sell_id': '187e7dc0-bddb-40b6-b550-0fe5a5abd7c5', 'timestamp': 1763959268.5706277}, {'price': 267.19, 'qty': 1, 'buy_id': 'f1f705dc-d991-4e43-bf72-ddae36ebb319', 'sell_id': '187e7dc0-bddb-40b6-b550-0fe5a5abd7c5', 'timestamp': 1763959268.5706277}]"
2025-11-18 21:02:00+00:00,"Signal(ts=2025-11-18 21:02:00+00:00, action=SELL, qty=3, strategy=Momentum)",7c762312-faa7-4ab7-9be7-b9fd69f62235,"[{'price': 267.05, 'qty': 1, 'buy_id': 'f80d6cac-afaa-4cb2-9708-12701e1d028e', 'sell_id': '7c762312-faa7-4ab7-9be7-b9fd69f62235', 'timestamp': 1763959268.5726283}, {'price': 267.05, 'qty': 2, 'buy_id': 'ff453022-d947-46bd-88b9-5fe476a8a0c6', 'sell_id': '7c762312-faa7-4ab7-9be7-b9fd69f62235', 'timestamp': 1763959268.5726283}]"
2025-11-18 21:03:00+00:00,"Signal(ts=2025-11-18 21:03:00+00:00, action=SELL, qty=2, strategy=Momentum)",a42c0eef-be9e-4334-af9c-cf66c07e9ac0,"[{'price': 267.2, 'qty': 1, 'buy_id': 'ff453022-d947-46bd-88b9-5fe476a8a0c6', 'sell_id': 'a42c0eef-be9e-4334-af9c-cf66c07e9ac0', 'timestamp': 1763959268.5726283}, {'price': 267.2, 'qty': 1, 'buy_id': '3e8e6167-5c3f-488c-836f-6764d17c2f7c', 'sell_id': 'a42c0eef-be9e-4334-af9c-cf66c07e9ac0', 'timestamp': 1763959268.5726283}]"
2025-11-18 21:04:00+00:00,"Signal(ts=2025-11-18 21:04:00+00:00, action=SELL, qty=1, strategy=Momentum)",003d7b43-35a8-4726-a4c4-68455102a730,"[{'price': 267.44, 'qty': 1, 'buy_id': '3e8e6167-5c3f-488c-836f-6764d17c2f7c', 'sell_id': '003d7b43-35a8-4726-a4c4-68455102a730', 'timestamp': 1763959268.5787225}]"
2025-11-18 21:05:00+00:00,"Signal(ts=2025-11-18 21:05:00+00:00, action=SELL, qty=2, strategy=Momentum)",7a9c3826-c4b6-4fb1-9087-9aa5b263a35e,"[{'price': 267.35, 'qty': 2, 'buy_id': '3e8e6167-5c3f-488c-836f-6764d17c2f7c', 'sell_id': '7a9c3826-c4b6-4fb1-9087-9aa5b263a35e', 'timestamp': 1763959268.5807364}]"
2025-11-18 21:06:00+00:00,"Signal(ts=2025-11-18 21:06:00+00:00, action=SELL, qty=2, strategy=Momentum)",c10d0591-942f-482f-b6ca-c52b3f0491a4,"[{'price': 267.4, 'qty': 2, 'buy_id': '3e8e6167-5c3f-488c-836f-6764d17c2f7c', 'sell_id': 'c10d0591-942f-482f-b6ca-c52b3f0491a4', 'timestamp': 1763959268.582222}]"
2025-11-18 21:07:00+00:00,"Signal(ts=2025-11-18 21:07:00+00:00, action=SELL, qty=4, strategy=Momentum)",2de68fcf-2dd8-489c-ac29-de0f4dcdddc7,"[{'price': 267.1164, 'qty': 3, 'buy_id': '1553ddcf-2dbe-41a9-b50e-4c40c5cfbd28', 'sell_id': '2de68fcf-2dd8-489c-ac29-de0f4dcdddc7', 'timestamp': 1763959268.582222}, {'price': 267.1164, 'qty': 1, 'buy_id': 'f8912971-3863-43e1-88ff-6c34ab749289', 'sell_id': '2de68fcf-2dd8-489c-ac29-de0f4dcdddc7', 'timestamp': 1763959268.582222}]"
2025-11-18 21:08:00+00:00,"Signal(ts=2025-11-18 21:08:00+00:00, action=SELL, qty=3, strategy=Momentum)",86f11949-2174-49cd-b5dc-a3760ffb81fb,"[{'price': 267.3, 'qty': 3, 'buy_id': '804a485d-70ac-4814-9d5f-785722ca5962', 'sell_id': '86f11949-2174-49cd-b5dc-a3760ffb81fb', 'timestamp': 1763959268.582222}]"
2025-11-18 21:09:00+00:00,"Signal(ts=2025-11-18 21:09:00+00:00, action=SELL, qty=3, strategy=Momentum)",f9bb2f1e-aded-4044-9dec-f91a26929236,"[{'price': 267.3, 'qty': 2, 'buy_id': '804a485d-70ac-4814-9d5f-785722ca5962', 'sell_id': 'f9bb2f1e-aded-4044-9dec-f91a26929236', 'timestamp': 1763959268.5904732}, {'price': 267.3, 'qty': 1, 'buy_id': '4ac162fd-9421-494e-8290-a449f448beb5', 'sell_id': 'f9bb2f1e-aded-4044-9dec-f91a26929236', 'timestamp': 1763959268.5904732}]"
2025-11-18 21:10:00+00:00,"Signal(ts=2025-11-18 21:10:00+00:00, action=SELL, qty=3, strategy=Momentum)",9ed823d6-a8b0-44c3-9aff-80ff08c860f8,"[{'price': 267.32, 'qty': 3, 'buy_id': '4ac162fd-9421-494e-8290-a449f448beb5', 'sell_id': '9ed823d6-a8b0-44c3-9aff-80ff08c860f8', 'timestamp': 1763959268.592543}]"
2025-11-18 21:11:00+00:00,"Signal(ts=2025-11-18 21:11:00+00:00, action=SELL, qty=2, strategy=Momentum)",bc635cd8-dea0-438d-b651-7d2d5089f07d,"[{'price': 267.35, 'qty': 2, 'buy_id': '92fc6c2d-5a9a-4530-acaa-18dcd399239c', 'sell_id': 'bc635cd8-dea0-438d-b651-7d2d5089f07d', 'timestamp': 1763959268.592543}]"
2025-11-18 21:12:00+00:00,"Signal(ts=2025-11-18 21:12:00+00:00, action=SELL, qty=2, strategy=Momentum)",0ad7c7ae-fa3d-48ef-a197-551e7303bae6,"[{'price': 267.3, 'qty': 1, 'buy_id': '6a900e9b-eda1-4f29-aec0-678b65f9231c', 'sell_id': '0ad7c7ae-fa3d-48ef-a197-551e7303bae6', 'timestamp': 1763959268.592543}]"
2025-11-18 21:13:00+00:00,"Signal(ts=2025-11-18 21:13:00+00:00, action=SELL, qty=2, strategy=Momentum)",9f217ffa-de78-4b05-b5e8-2088a84cf4db,[]
2025-11-18 21:14:00+00:00,"Signal(ts=2025-11-18 21:14:00+00:00, action=SELL, qty=2, strategy=Momentum)",23170981-f61a-4947-8719-4d90b6aa3336,[]
2025-11-18 21:15:00+00:00,"Signal(ts=2025-11-18 21:15:00+00:00, action=SELL, qty=3, strategy=Momentum)",a6a49098-1816-41f1-9bfb-8e610c7a3c3e,[]
2025-11-18 21:16:00+00:00,"Signal(ts=2025-11-18 21:16:00+00:00, action=SELL, qty=2, strategy=Momentum)",7cc3a16a-7c7c-4765-aa37-f3bfab8719a2,[]
2025-11-18 21:17:00+00:00,"Signal(ts=2025-11-18 21:17:00+00:00, action=SELL, qty=2, strategy=Momentum)",581f2124-039b-4068-9580-2759faea1b2f,[]
2025-11-18 21:18:00+00:00,"Signal(ts=2025-11-18 21:18:00+00:00, action=SELL, qty=2, strategy=Momentum)",da7bf218-d43b-4e6f-8a83-b149555d1137,[]
2025-11-18 21:19:00+00:00,"Signal(ts=2025-11-18 21:19:00+00:00, action=SELL, qty=3, strategy=Momentum)",5c0b0de2-63dc-4b9e-97e2-a14722cc39a8,[]
2025-11-18 21:20:00+00:00,"Signal(ts=2025-11-18 21:20:00+00:00, action=SELL, qty=2, strategy=Momentum)",85a96431-9822-4f1d-a78d-a2c21b591595,[]
2025-11-18 21:21:00+00:00,"Signal(ts=2025-11-18 21:21:00+00:00, action=SELL, qty=2, strategy=Momentum)",21be2140-de77-4f98-9f63-c2262182233c,[]
2025-11-18 21:22:00+00:00,"Signal(ts=2025-11-18 21:22:00+00:00, action=SELL, qty=2, strategy=Momentum)",093591cd-af18-40f7-b5f2-749dc9cfba19,[]
2025-11-18 21:23:00+00:00,"Signal(ts=2025-11-18 21:23:00+00:00, action=SELL, qty=2, strategy=Momentum)",d3e12380-de6a-438f-adda-19d1dc15fd24,[]
2025-11-18 21:24:00+00:00,"Signal(ts=2025-11-18 21:24:00+00:00, action=SELL, qty=2, strategy=Momentum)",a5548cb6-ff33-45e9-84cb-d841d13b204c,[]
2025-11-18 21:25:00+00:00,"Signal(ts=2025-11-18 21:25:00+00:00, action=SELL, qty=1, strategy=Momentum)",c3841077-1adf-4ae1-a80b-d0a14fad7477,[]
2025-11-18 21:26:00+00:00,"Signal(ts=2025-11-18 21:26:00+00:00, action=SELL, qty=1, strategy=Momentum)",9a243d76-e45a-49b0-8e1b-906f6e9d7ffb,[]
2025-11-18 21:27:00+00:00,"Signal(ts=2025-11-18 21:27:00+00:00, action=SELL, qty=1, strategy=Momentum)",82e8e6e6-591f-4eee-97b7-4b0d678474cb,[]
2025-11-18 21:28:00+00:00,"Signal(ts=2025-11-18 21:28:00+00:00, action=SELL, qty=1, strategy=Momentum)",b2311afc-afae-449a-8045-dd6319132ce2,[]
2025-11-18 21:29:00+00:00,"Signal(ts=2025-11-18 21:29:00+00:00, action=SELL, qty=1, strategy=Momentum)",e8104149-123f-4b90-98cf-e8bc4a4e34cf,[]
2025-11-18 21:30:00+00:00,"Signal(ts=2025-11-18 21:30:00+00:00, action=HOLD, qty=0, strategy=Momentum)",,[]
2025-11-18 21:31:00+00:00,"Signal(ts=2025-11-18 21:31:00+00:00, action=HOLD, qty=0, strategy=Momentum)",,[]
2025-11-18 21:32:00+00:00,"Signal(ts=2025-11-18 21:32:00+00:00, action=HOLD, qty=0, strategy=Momentum)",,[]
2025-11-18 21:33:00+00:00,"Signal(ts=2025-11-18 21:33:00+00:00, action=HOLD, qty=0, strategy=Momentum)",,[]
2025-11-18 21:34:00+00:00,"Signal(ts=2025-11-18 21:34:00+00:00, action=HOLD, qty=0, strategy=Momentum)",,[]
2025-11-18 21:35:00+00:00,"Signal(ts=2025-11-18 21:35:00+00:00, action=SELL, qty=1, strategy=Momentum)",77c73888-2419-43bb-a2d5-68d48d2613ab,[]
2025-11-18 21:36:00+00:00,"Signal(ts=2025-11-18 21:36:00+00:00, action=HOLD, qty=0, strategy=Momentum)",,[]
2025-11-18 21:37:00+00:00,"Signal(ts=2025-11-18 21:37:00+00:00, action=HOLD, qty=0, strategy=Momentum)",,[]
2025-11-18 21:38:00+00:00,"Signal(ts=2025-11-18 21:38:00+00:00, action=HOLD, qty=0, strategy=Momentum)",,[]
2025-11-18 21:39:00+00:00,"Signal(ts=2025-11-18 21:39:00+00:00, action=HOLD, qty=0, strategy=Momentum)",,[]
2025-11-18 21:40:00+00:00,"Signal(ts=2025-11-18 21:40:00+00:00, action=HOLD, qty=0, strategy=Momentum)",,[]
2025-11-18 21:41:00+00:00,"Signal(ts=2025-11-18 21:41:00+00:00, action=SELL, qty=1, strategy=Momentum)",8a679124-b2ab-4118-9849-c6e6ce0fb25f,[]
2025-11-18 21:42:00+00:00,"Signal(ts=2025-11-18 21:42:00+00:00, action=HOLD, qty=0, strategy=Momentum)",,[]
2025-11-18 21:43:00+00:00,"Signal(ts=2025-11-18 21:43:00+00:00, action=HOLD, qty=0, strategy=Momentum)",,[]
2025-11-18 21:44:00+00:00,"Signal(ts=2025-11-18 21:44:00+00:00, action=BUY, qty=1, strategy=Momentum)",5c49edc2-6318-4b85-af78-9cc4fae831d9,"[{'price': 266.7615, 'qty': 1, 'buy_id': '5c49edc2-6318-4b85-af78-9cc4fae831d9', 'sell_id': 'a6a49098-1816-41f1-9bfb-8e610c7a3c3e', 'timestamp': 1763959268.6685865}]"
2025-11-18 21:45:00+00:00,"Signal(ts=2025-11-18 21:45:00+00:00, action=HOLD, qty=0, strategy=Momentum)",,[]
2025-11-18 21:46:00+00:00,"Signal(ts=2025-11-18 21:46:00+00:00, action=HOLD, qty=0, strategy=Momentum)",,[]
2025-11-18 21:47:00+00:00,"Signal(ts=2025-11-18 21:47:00+00:00, action=HOLD, qty=0, strategy=Momentum)",,[]
2025-11-18 21:48:00+00:00,"Signal(ts=2025-11-18 21:48:00+00:00, action=HOLD, qty=0, strategy=Momentum)",,[]
2025-11-18 21:49:00+00:00,"Signal(ts=2025-11-18 21:49:00+00:00, action=HOLD, qty=0, strategy=Momentum)",,[]
2025-11-18 21:50:00+00:00,"Signal(ts=2025-11-18 21:50:00+00:00, action=HOLD, qty=0, strategy=Momentum)",,[]
2025-11-18 21:51:00+00:00,"Signal(ts=2025-11-18 21:51:00+00:00, action=HOLD, qty=0, strategy=Momentum)",,[]
2025-11-18 21:52:00+00:00,"Signal(ts=2025-11-18 21:52:00+00:00, action=HOLD, qty=0, strategy=Momentum)",,[]
2025-11-18 21:53:00+00:00,"Signal(ts=2025-11-18 21:53:00+00:00, action=HOLD, qty=0, strategy=Momentum)",,[]
2025-11-18 21:54:00+00:00,"Signal(ts=2025-11-18 21:54:00+00:00, action=HOLD, qty=0, strategy=Momentum)",,[]
2025-11-18 21:55:00+00:00,"Signal(ts=2025-11-18 21:55:00+00:00, action=HOLD, qty=0, strategy=Momentum)",,[]
2025-11-18 21:56:00+00:00,"Signal(ts=2025-11-18 21:56:00+00:00, action=HOLD, qty=0, strategy=Momentum)",,[]
2025-11-18 21:57:00+00:00,"Signal(ts=2025-11-18 21:57:00+00:00, action=HOLD, qty=0, strategy=Momentum)",,[]
2025-11-18 21:58:00+00:00,"Signal(ts=2025-11-18 21:58:00+00:00, action=HOLD, qty=0, strategy=Momentum)",,[]
2025-11-18 21:59:00+00:00,"Signal(ts=2025-11-18 21:59:00+00:00, action=SELL, qty=1, strategy=Momentum)",f62dd74d-8272-4870-b9e3-6cee1ce792bb,[]
2025-11-18 22:00:00+00:00,"Signal(ts=2025-11-18 22:00:00+00:00, action=SELL, qty=1, strategy=Momentum)",47a4ebb1-e18f-4153-a0cf-a427a18a48e2,[]
2025-11-18 22:01:00+00:00,"Signal(ts=2025-11-18 22:01:00+00:00, action=HOLD, qty=0, strategy=Momentum)",,[]
2025-11-18 22:02:00+00:00,"Signal(ts=2025-11-18 22:02:00+00:00, action=HOLD, qty=0, strategy=Momentum)",,[]
2025-11-18 22:03:00+00:00,"Signal(ts=2025-11-18 22:03:00+00:00, action=HOLD, qty=0, strategy=Momentum)",,[]
2025-11-18 22:04:00+00:00,"Signal(ts=2025-11-18 22:04:00+00:00, action=HOLD, qty=0, strategy=Momentum)",,[]
2025-11-18 22:05:00+00:00,"Signal(ts=2025-11-18 22:05:00+00:00, action=SELL, qty=1, strategy=Momentum)",fc89a523-f587-424b-ae49-16d2d4ef3aa3,[]
2025-11-18 22:06:00+00:00,"Signal(ts=2025-11-18 22:06:00+00:00, action=SELL, qty=1, strategy=Momentum)",bc11cff1-a3a0-4bcf-a9d1-120ab90b107c,[]
2025-11-18 22:07:00+00:00,"Signal(ts=2025-11-18 22:07:00+00:00, action=SELL, qty=1, strategy=Momentum)",4421567e-d07a-42a3-9f99-3708305b38fa,[]
2025-11-18 22:08:00+00:00,"Signal(ts=2025-11-18 22:08:00+00:00, action=HOLD, qty=0, strategy=Momentum)",,[]
2025-11-18 22:09:00+00:00,"Signal(ts=2025-11-18 22:09:00+00:00, action=SELL, qty=1, strategy=Momentum)",d5124a0c-dbe2-4ca4-80eb-fe6db262eb62,[]
2025-11-18 22:11:00+00:00,"Signal(ts=2025-11-18 22:11:00+00:00, action=HOLD, qty=0, strategy=Momentum)",,[]
2025-11-18 22:12:00+00:00,"Signal(ts=2025-11-18 22:12:00+00:00, action=SELL, qty=1, strategy=Momentum)",51b84efb-1256-416f-827c-21cd6a93c093,[]
2025-11-18 22:13:00+00:00,"Signal(ts=2025-11-18 22:13:00+00:00, action=HOLD, qty=0, strategy=Momentum)",,[]
2025-11-18 22:14:00+00:00,"Signal(ts=2025-11-18 22:14:00+00:00, action=HOLD, qty=0, strategy=Momentum)",,[]
2025-11-18 22:15:00+00:00,"Signal(ts=2025-11-18 22:15:00+00:00, action=SELL, qty=1, strategy=Momentum)",3992bff6-7815-4c80-b05c-defbdb370f53,[]
2025-11-18 22:16:00+00:00,"Signal(ts=2025-11-18 22:16:00+00:00, action=SELL, qty=1, strategy=Momentum)",42bbaeaf-b51c-4626-8f5f-e5e5ceb9ca56,[]
2025-11-18 22:17:00+00:00,"Signal(ts=2025-11-18 22:17:00+00:00, action=HOLD, qty=0, strategy=Momentum)",,[]
2025-11-18 22:18:00+00:00,"Signal(ts=2025-11-18 22:18:00+00:00, action=SELL, qty=1, strategy=Momentum)",fa7d32f1-6abc-47bb-85f7-c26b94592cd8,[]
2025-11-18 22:19:00+00:00,"Signal(ts=2025-11-18 22:19:00+00:00, action=SELL, qty=1, strategy=Momentum)",b695006f-5142-4906-8d5e-653e821bde7a,[]
2025-11-18 22:20:00+00:00,"Signal(ts=2025-11-18 22:20:00+00:00, action=SELL, qty=1, strategy=Momentum)",6c8cacf2-8b07-4c26-8559-4d319c940c77,[]
2025-11-18 22:21:00+00:00,"Signal(ts=2025-11-18 22:21:00+00:00, action=SELL, qty=1, strategy=Momentum)",5a627a03-c0c4-450d-b90d-97fe0b4828dd,[]
2025-11-18 22:22:00+00:00,"Signal(ts=2025-11-18 22:22:00+00:00, action=SELL, qty=1, strategy=Momentum)",7a46dfb2-1315-4cd1-8781-43a26e4aab02,[]
2025-11-18 22:23:00+00:00,"Signal(ts=2025-11-18 22:23:00+00:00, action=SELL, qty=1, strategy=Momentum)",b56649c6-0447-45a8-9505-f0314866b8ba,[]
2025-11-18 22:24:00+00:00,"Signal(ts=2025-11-18 22:24:00+00:00, action=HOLD, qty=0, strategy=Momentum)",,[]
2025-11-18 22:25:00+00:00,"Signal(ts=2025-11-18 22:25:00+00:00, action=HOLD, qty=0, strategy=Momentum)",,[]
2025-11-18 22:26:00+00:00,"Signal(ts=2025-11-18 22:26:00+00:00, action=HOLD, qty=0, strategy=Momentum)",,[]
2025-11-18 22:27:00+00:00,"Signal(ts=2025-11-18 22:27:00+00:00, action=HOLD, qty=0, strategy=Momentum)",,[]
2025-11-18 22:28:00+00:00,"Signal(ts=2025-11-18 22:28:00+00:00, action=HOLD, qty=0, strategy=Momentum)",,[]
2025-11-18 22:29:00+00:00,"Signal(ts=2025-11-18 22:29:00+00:00, action=HOLD, qty=0, strategy=Momentum)",,[]
2025-11-18 22:30:00+00:00,"Signal(ts=2025-11-18 22:30:00+00:00, action=HOLD, qty=0, strategy=Momentum)",,[]
2025-11-18 22:31:00+00:00,"Signal(ts=2025-11-18 22:31:00+00:00, action=HOLD, qty=0, strategy=Momentum)",,[]
2025-11-18 22:32:00+00:00,"Signal(ts=2025-11-18 22:32:00+00:00, action=HOLD, qty=0, strategy=Momentum)",,[]
2025-11-18 22:33:00+00:00,"Signal(ts=2025-11-18 22:33:00+00:00, action=HOLD, qty=0, strategy=Momentum)",,[]
2025-11-18 22:34:00+00:00,"Signal(ts=2025-11-18 22:34:00+00:00, action=HOLD, qty=0, strategy=Momentum)",,[]
2025-11-18 22:35:00+00:00,"Signal(ts=2025-11-18 22:35:00+00:00, action=HOLD, qty=0, strategy=Momentum)",,[]
2025-11-18 22:36:00+00:00,"Signal(ts=2025-11-18 22:36:00+00:00, action=HOLD, qty=0, strategy=Momentum)",,[]
2025-11-18 22:37:00+00:00,"Signal(ts=2025-11-18 22:37:00+00:00, action=HOLD, qty=0, strategy=Momentum)",,[]
2025-11-18 22:38:00+00:00,"Signal(ts=2025-11-18 22:38:00+00:00, action=HOLD, qty=0, strategy=Momentum)",,[]
2025-11-18 22:39:00+00:00,"Signal(ts=2025-11-18 22:39:00+00:00, action=HOLD, qty=0, strategy=Momentum)",,[]
2025-11-18 22:40:00+00:00,"Signal(ts=2025-11-18 22:40:00+00:00, action=HOLD, qty=0, strategy=Momentum)",,[]
2025-11-18 22:41:00+00:00,"Signal(ts=2025-11-18 22:41:00+00:00, action=HOLD, qty=0, strategy=Momentum)",,[]
2025-11-18 22:42:00+00:00,"Signal(ts=2025-11-18 22:42:00+00:00, action=HOLD, qty=0, strategy=Momentum)",,[]
2025-11-18 22:43:00+00:00,"Signal(ts=2025-11-18 22:43:00+00:00, action=HOLD, qty=0, strategy=Momentum)",,[]
2025-11-18 22:44:00+00:00,"Signal(ts=2025-11-18 22:44:00+00:00, action=HOLD, qty=0, strategy=Momentum)",,[]
2025-11-18 22:45:00+00:00,"Signal(ts=2025-11-18 22:45:00+00:00, action=HOLD, qty=0, strategy=Momentum)",,[]
2025-11-18 22:46:00+00:00,"Signal(ts=2025-11-18 22:46:00+00:00, action=HOLD, qty=0, strategy=Momentum)",,[]
2025-11-18 22:47:00+00:00,"Signal(ts=2025-11-18 22:47:00+00:00, action=HOLD, qty=0, strategy=Momentum)",,[]
2025-11-18 22:48:00+00:00,"Signal(ts=2025-11-18 22:48:00+00:00, action=HOLD, qty=0, strategy=Momentum)",,[]
2025-11-18 22:49:00+00:00,"Signal(ts=2025-11-18 22:49:00+00:00, action=HOLD, qty=0, strategy=Momentum)",,[]
2025-11-18 22:50:00+00:00,"Signal(ts=2025-11-18 22:50:00+00:00, action=HOLD, qty=0, strategy=Momentum)",,[]
2025-11-18 22:51:00+00:00,"Signal(ts=2025-11-18 22:51:00+00:00, action=HOLD, qty=0, strategy=Momentum)",,[]
2025-11-18 22:52:00+00:00,"Signal(ts=2025-11-18 22:52:00+00:00, action=HOLD, qty=0, strategy=Momentum)",,[]
2025-11-18 22:53:00+00:00,"Signal(ts=2025-11-18 22:53:00+00:00, action=HOLD, qty=0, strategy=Momentum)",,[]
2025-11-18 22:54:00+00:00,"Signal(ts=2025-11-18 22:54:00+00:00, action=HOLD, qty=0, strategy=Momentum)",,[]
2025-11-18 22:55:00+00:00,"Signal(ts=2025-11-18 22:55:00+00:00, action=HOLD, qty=0, strategy=Momentum)",,[]
2025-11-18 22:56:00+00:00,"Signal(ts=2025-11-18 22:56:00+00:00, action=HOLD, qty=0, strategy=Momentum)",,[]
2025-11-18 22:57:00+00:00,"Signal(ts=2025-11-18 22:57:00+00:00, action=HOLD, qty=0, strategy=Momentum)",,[]
2025-11-18 22:58:00+00:00,"Signal(ts=2025-11-18 22:58:00+00:00, action=HOLD, qty=0, strategy=Momentum)",,[]
2025-11-18 22:59:00+00:00,"Signal(ts=2025-11-18 22:59:00+00:00, action=HOLD, qty=0, strategy=Momentum)",,[]
2025-11-18 23:00:00+00:00,"Signal(ts=2025-11-18 23:00:00+00:00, action=BUY, qty=1, strategy=Momentum)",5bc975d9-cb0f-44d4-b69c-5bff4b7e6070,"[{'price': 266.75, 'qty': 1, 'buy_id': '5bc975d9-cb0f-44d4-b69c-5bff4b7e6070', 'sell_id': '51b84efb-1256-416f-827c-21cd6a93c093', 'timestamp': 1763959268.8626862}]"
2025-11-18 23:01:00+00:00,"Signal(ts=2025-11-18 23:01:00+00:00, action=BUY, qty=1, strategy=Momentum)",b57a0ccd-51eb-4f45-b73d-d6300b36963d,"[{'price': 266.75, 'qty': 1, 'buy_id': 'b57a0ccd-51eb-4f45-b73d-d6300b36963d', 'sell_id': 'b695006f-5142-4906-8d5e-653e821bde7a', 'timestamp': 1763959268.8626862}]"
2025-11-18 23:02:00+00:00,"Signal(ts=2025-11-18 23:02:00+00:00, action=BUY, qty=1, strategy=Momentum)",578fd9c9-7cfb-4705-b3c1-a080c4d57eee,"[{'price': 266.7512, 'qty': 1, 'buy_id': '578fd9c9-7cfb-4705-b3c1-a080c4d57eee', 'sell_id': 'fc89a523-f587-424b-ae49-16d2d4ef3aa3', 'timestamp': 1763959268.8664873}]"
2025-11-18 23:03:00+00:00,"Signal(ts=2025-11-18 23:03:00+00:00, action=BUY, qty=1, strategy=Momentum)",b016622d-0627-43dd-90fd-91531f0cb01b,"[{'price': 266.76, 'qty': 1, 'buy_id': 'b016622d-0627-43dd-90fd-91531f0cb01b', 'sell_id': '5a627a03-c0c4-450d-b90d-97fe0b4828dd', 'timestamp': 1763959268.868702}]"
2025-11-18 23:04:00+00:00,"Signal(ts=2025-11-18 23:04:00+00:00, action=BUY, qty=1, strategy=Momentum)",36dc744b-ea87-4061-ba20-0a46ca2b1dbd,"[{'price': 266.7615, 'qty': 1, 'buy_id': '36dc744b-ea87-4061-ba20-0a46ca2b1dbd', 'sell_id': 'a6a49098-1816-41f1-9bfb-8e610c7a3c3e', 'timestamp': 1763959268.8710144}]"
2025-11-18 23:05:00+00:00,"Signal(ts=2025-11-18 23:05:00+00:00, action=BUY, qty=4, strategy=Momentum)",5395a264-56da-4045-9b11-201f8628378c,"[{'price': 266.7615, 'qty': 1, 'buy_id': '5395a264-56da-4045-9b11-201f8628378c', 'sell_id': 'a6a49098-1816-41f1-9bfb-8e610c7a3c3e', 'timestamp': 1763959268.8739927}, {'price': 266.7863, 'qty': 1, 'buy_id': '5395a264-56da-4045-9b11-201f8628378c', 'sell_id': 'bc11cff1-a3a0-4bcf-a9d1-120ab90b107c', 'timestamp': 1763959268.8739927}, {'price': 266.7863, 'qty': 1, 'buy_id': '5395a264-56da-4045-9b11-201f8628378c', 'sell_id': 'd5124a0c-dbe2-4ca4-80eb-fe6db262eb62', 'timestamp': 1763959268.8739927}, {'price': 266.85, 'qty': 1, 'buy_id': '5395a264-56da-4045-9b11-201f8628378c', 'sell_id': '42bbaeaf-b51c-4626-8f5f-e5e5ceb9ca56', 'timestamp': 1763959268.8739927}]"
2025-11-18 23:06:00+00:00,"Signal(ts=2025-11-18 23:06:00+00:00, action=BUY, qty=3, strategy=Momentum)",5152aff3-85fd-4002-bf38-b9ac970f6d5b,"[{'price': 266.85, 'qty': 1, 'buy_id': '5152aff3-85fd-4002-bf38-b9ac970f6d5b', 'sell_id': '7a46dfb2-1315-4cd1-8781-43a26e4aab02', 'timestamp': 1763959268.8764281}, {'price': 266.86, 'qty': 1, 'buy_id': '5152aff3-85fd-4002-bf38-b9ac970f6d5b', 'sell_id': '47a4ebb1-e18f-4153-a0cf-a427a18a48e2', 'timestamp': 1763959268.8764281}, {'price': 266.86, 'qty': 1, 'buy_id': '5152aff3-85fd-4002-bf38-b9ac970f6d5b', 'sell_id': 'fa7d32f1-6abc-47bb-85f7-c26b94592cd8', 'timestamp': 1763959268.8764281}]"
2025-11-18 23:07:00+00:00,"Signal(ts=2025-11-18 23:07:00+00:00, action=BUY, qty=4, strategy=Momentum)",bddd7b0b-74cf-4d19-8d69-945f3e0ddd75,"[{'price': 266.9, 'qty': 1, 'buy_id': 'bddd7b0b-74cf-4d19-8d69-945f3e0ddd75', 'sell_id': '4421567e-d07a-42a3-9f99-3708305b38fa', 'timestamp': 1763959268.8764281}, {'price': 266.9, 'qty': 1, 'buy_id': 'bddd7b0b-74cf-4d19-8d69-945f3e0ddd75', 'sell_id': 'b56649c6-0447-45a8-9505-f0314866b8ba', 'timestamp': 1763959268.8764281}, {'price': 266.91, 'qty': 1, 'buy_id': 'bddd7b0b-74cf-4d19-8d69-945f3e0ddd75', 'sell_id': '6c8cacf2-8b07-4c26-8559-4d319c940c77', 'timestamp': 1763959268.8764281}, {'price': 266.9725, 'qty': 1, 'buy_id': 'bddd7b0b-74cf-4d19-8d69-945f3e0ddd75', 'sell_id': '3992bff6-7815-4c80-b05c-defbdb370f53', 'timestamp': 1763959268.8764281}]"
2025-11-18 23:08:00+00:00,"Signal(ts=2025-11-18 23:08:00+00:00, action=BUY, qty=2, strategy=Momentum)",294cdd36-983e-4372-9853-f1e2b4c5f957,"[{'price': 267.0, 'qty': 2, 'buy_id': '294cdd36-983e-4372-9853-f1e2b4c5f957', 'sell_id': 'd3e12380-de6a-438f-adda-19d1dc15fd24', 'timestamp': 1763959268.8764281}]"
2025-11-18 23:09:00+00:00,"Signal(ts=2025-11-18 23:09:00+00:00, action=BUY, qty=3, strategy=Momentum)",f53de015-06b2-4c25-ad65-fee8515ea10e,"[{'price': 267.0, 'qty': 1, 'buy_id': 'f53de015-06b2-4c25-ad65-fee8515ea10e', 'sell_id': 'f62dd74d-8272-4870-b9e3-6cee1ce792bb', 'timestamp': 1763959268.8821762}, {'price': 267.0167, 'qty': 1, 'buy_id': 'f53de015-06b2-4c25-ad65-fee8515ea10e', 'sell_id': '8a679124-b2ab-4118-9849-c6e6ce0fb25f', 'timestamp': 1763959268.8821762}, {'price': 267.0475, 'qty': 1, 'buy_id': 'f53de015-06b2-4c25-ad65-fee8515ea10e', 'sell_id': 'da7bf218-d43b-4e6f-8a83-b149555d1137', 'timestamp': 1763959268.8821762}]"
2025-11-18 23:10:00+00:00,"Signal(ts=2025-11-18 23:10:00+00:00, action=BUY, qty=4, strategy=Momentum)",0fd0b32c-c223-439d-8b2a-1cf7d1262dfb,"[{'price': 267.0475, 'qty': 1, 'buy_id': '0fd0b32c-c223-439d-8b2a-1cf7d1262dfb', 'sell_id': 'da7bf218-d43b-4e6f-8a83-b149555d1137', 'timestamp': 1763959268.8844528}, {'price': 267.07, 'qty': 1, 'buy_id': '0fd0b32c-c223-439d-8b2a-1cf7d1262dfb', 'sell_id': '77c73888-2419-43bb-a2d5-68d48d2613ab', 'timestamp': 1763959268.8844528}, {'price': 267.1, 'qty': 2, 'buy_id': '0fd0b32c-c223-439d-8b2a-1cf7d1262dfb', 'sell_id': '85a96431-9822-4f1d-a78d-a2c21b591595', 'timestamp': 1763959268.8844528}]"
2025-11-18 23:11:00+00:00,"Signal(ts=2025-11-18 23:11:00+00:00, action=BUY, qty=3, strategy=Momentum)",1e1ce726-1298-4878-acec-16522869b36c,"[{'price': 267.1, 'qty': 2, 'buy_id': '1e1ce726-1298-4878-acec-16522869b36c', 'sell_id': '093591cd-af18-40f7-b5f2-749dc9cfba19', 'timestamp': 1763959268.8869228}, {'price': 267.11, 'qty': 1, 'buy_id': '1e1ce726-1298-4878-acec-16522869b36c', 'sell_id': 'b2311afc-afae-449a-8045-dd6319132ce2', 'timestamp': 1763959268.8869228}]"
2025-11-18 23:12:00+00:00,"Signal(ts=2025-11-18 23:12:00+00:00, action=BUY, qty=2, strategy=Momentum)",72722888-31d5-450a-b874-23a4bb80d865,"[{'price': 267.11, 'qty': 1, 'buy_id': '72722888-31d5-450a-b874-23a4bb80d865', 'sell_id': 'e8104149-123f-4b90-98cf-e8bc4a4e34cf', 'timestamp': 1763959268.8899996}, {'price': 267.13, 'qty': 1, 'buy_id': '72722888-31d5-450a-b874-23a4bb80d865', 'sell_id': '5c0b0de2-63dc-4b9e-97e2-a14722cc39a8', 'timestamp': 1763959268.8899996}]"
2025-11-18 23:13:00+00:00,"Signal(ts=2025-11-18 23:13:00+00:00, action=BUY, qty=3, strategy=Momentum)",e23fd147-d828-4567-b291-5dffe606380d,"[{'price': 267.13, 'qty': 2, 'buy_id': 'e23fd147-d828-4567-b291-5dffe606380d', 'sell_id': '5c0b0de2-63dc-4b9e-97e2-a14722cc39a8', 'timestamp': 1763959268.8932886}, {'price': 267.1786, 'qty': 1, 'buy_id': 'e23fd147-d828-4567-b291-5dffe606380d', 'sell_id': '7cc3a16a-7c7c-4765-aa37-f3bfab8719a2', 'timestamp': 1763959268.8932886}]"
2025-11-18 23:14:00+00:00,"Signal(ts=2025-11-18 23:14:00+00:00, action=BUY, qty=2, strategy=Momentum)",8db71719-29d8-4e65-88e7-c0e31384cf8d,"[{'price': 267.1786, 'qty': 1, 'buy_id': '8db71719-29d8-4e65-88e7-c0e31384cf8d', 'sell_id': '7cc3a16a-7c7c-4765-aa37-f3bfab8719a2', 'timestamp': 1763959268.8952954}, {'price': 267.19, 'qty': 1, 'buy_id': '8db71719-29d8-4e65-88e7-c0e31384cf8d', 'sell_id': '21be2140-de77-4f98-9f63-c2262182233c', 'timestamp': 1763959268.8952954}]"
2025-11-18 23:15:00+00:00,"Signal(ts=2025-11-18 23:15:00+00:00, action=BUY, qty=2, strategy=Momentum)",51b4c15a-7e00-4164-907a-6541a6aa102c,"[{'price': 267.19, 'qty': 1, 'buy_id': '51b4c15a-7e00-4164-907a-6541a6aa102c', 'sell_id': '21be2140-de77-4f98-9f63-c2262182233c', 'timestamp': 1763959268.896288}, {'price': 267.2, 'qty': 1, 'buy_id': '51b4c15a-7e00-4164-907a-6541a6aa102c', 'sell_id': 'a5548cb6-ff33-45e9-84cb-d841d13b204c', 'timestamp': 1763959268.896288}]"
2025-11-18 23:16:00+00:00,"Signal(ts=2025-11-18 23:16:00+00:00, action=BUY, qty=3, strategy=Momentum)",e6786583-7b32-4f99-bf5e-46c818f51c62,"[{'price': 267.2, 'qty': 1, 'buy_id': 'e6786583-7b32-4f99-bf5e-46c818f51c62', 'sell_id': 'a5548cb6-ff33-45e9-84cb-d841d13b204c', 'timestamp': 1763959268.9017832}, {'price': 267.2, 'qty': 1, 'buy_id': 'e6786583-7b32-4f99-bf5e-46c818f51c62', 'sell_id': '9a243d76-e45a-49b0-8e1b-906f6e9d7ffb', 'timestamp': 1763959268.9017832}, {'price': 267.21, 'qty': 1, 'buy_id': 'e6786583-7b32-4f99-bf5e-46c818f51c62', 'sell_id': '581f2124-039b-4068-9580-2759faea1b2f', 'timestamp': 1763959268.9017832}]"
2025-11-18 23:17:00+00:00,"Signal(ts=2025-11-18 23:17:00+00:00, action=BUY, qty=3, strategy=Momentum)",fbc638fe-9fe2-4766-990f-745da90097b0,"[{'price': 267.21, 'qty': 1, 'buy_id': 'fbc638fe-9fe2-4766-990f-745da90097b0', 'sell_id': '581f2124-039b-4068-9580-2759faea1b2f', 'timestamp': 1763959268.9067328}, {'price': 267.21, 'qty': 1, 'buy_id': 'fbc638fe-9fe2-4766-990f-745da90097b0', 'sell_id': '82e8e6e6-591f-4eee-97b7-4b0d678474cb', 'timestamp': 1763959268.9067328}, {'price': 267.24, 'qty': 1, 'buy_id': 'fbc638fe-9fe2-4766-990f-745da90097b0', 'sell_id': 'c3841077-1adf-4ae1-a80b-d0a14fad7477', 'timestamp': 1763959268.9067328}]"
2025-11-18 23:18:00+00:00,"Signal(ts=2025-11-18 23:18:00+00:00, action=BUY, qty=2, strategy=Momentum)",6b36c781-0ca9-4969-9ced-9d68da74195a,"[{'price': 267.25, 'qty': 2, 'buy_id': '6b36c781-0ca9-4969-9ced-9d68da74195a', 'sell_id': '23170981-f61a-4947-8719-4d90b6aa3336', 'timestamp': 1763959268.9110432}]"
2025-11-18 23:19:00+00:00,"Signal(ts=2025-11-18 23:19:00+00:00, action=BUY, qty=2, strategy=Momentum)",d41d5e26-5910-4c3e-8fea-23a2a91dfd80,"[{'price': 267.27, 'qty': 2, 'buy_id': 'd41d5e26-5910-4c3e-8fea-23a2a91dfd80', 'sell_id': '9f217ffa-de78-4b05-b5e8-2088a84cf4db', 'timestamp': 1763959268.9110432}]"
2025-11-18 23:20:00+00:00,"Signal(ts=2025-11-18 23:20:00+00:00, action=BUY, qty=2, strategy=Momentum)",c2bd9388-447b-49a2-83bd-a6837dd809a8,"[{'price': 267.3, 'qty': 1, 'buy_id': 'c2bd9388-447b-49a2-83bd-a6837dd809a8', 'sell_id': '0ad7c7ae-fa3d-48ef-a197-551e7303bae6', 'timestamp': 1763959268.9171789}]"
2025-11-18 23:21:00+00:00,"Signal(ts=2025-11-18 23:21:00+00:00, action=BUY, qty=3, strategy=Momentum)",7fdc9995-30c8-425d-92cf-11cb84255238,[]
2025-11-18 23:22:00+00:00,"Signal(ts=2025-11-18 23:22:00+00:00, action=BUY, qty=3, strategy=Momentum)",896018a6-bb37-440f-8aae-34eea3323d66,[]
2025-11-18 23:23:00+00:00,"Signal(ts=2025-11-18 23:23:00+00:00, action=BUY, qty=3, strategy=Momentum)",db6050d0-b383-4faf-a23a-41ab1138946e,[]
2025-11-18 23:24:00+00:00,"Signal(ts=2025-11-18 23:24:00+00:00, action=BUY, qty=4, strategy=Momentum)",5be0fb4c-31ca-45ef-a326-623d3e3c3eaa,[]
2025-11-18 23:25:00+00:00,"Signal(ts=2025-11-18 23:25:00+00:00, action=BUY, qty=4, strategy=Momentum)",d7d0d057-45bb-46c9-9bad-9d286bc468ce,[]
2025-11-18 23:26:00+00:00,"Signal(ts=2025-11-18 23:26:00+00:00, action=BUY, qty=3, strategy=Momentum)",d7c00c93-b588-402c-9881-ad6fdc3d738d,[]
2025-11-18 23:27:00+00:00,"Signal(ts=2025-11-18 23:27:00+00:00, action=BUY, qty=3, strategy=Momentum)",6f16cb64-8985-48bc-b152-a9eb91672bcf,[]
2025-11-18 23:28:00+00:00,"Signal(ts=2025-11-18 23:28:00+00:00, action=BUY, qty=2, strategy=Momentum)",42ac20a0-771d-4846-8f75-25e12820c8da,[]
2025-11-18 23:29:00+00:00,"Signal(ts=2025-11-18 23:29:00+00:00, action=BUY, qty=2, strategy=Momentum)",30453ff2-0889-4ed6-8ad7-0b21860da205,[]
2025-11-18 23:30:00+00:00,"Signal(ts=2025-11-18 23:30:00+00:00, action=BUY, qty=2, strategy=Momentum)",a7c43f16-0600-4a20-a3c1-8103d9ef3a7b,[]
2025-11-18 23:31:00+00:00,"Signal(ts=2025-11-18 23:31:00+00:00, action=BUY, qty=2, strategy=Momentum)",8595f6b6-5c34-4201-8675-12904970c329,[]
2025-11-18 23:32:00+00:00,"Signal(ts=2025-11-18 23:32:00+00:00, action=BUY, qty=2, strategy=Momentum)",7ee1ab92-507a-4e2e-8102-bdaba88c4992,[]
2025-11-18 23:33:00+00:00,"Signal(ts=2025-11-18 23:33:00+00:00, action=HOLD, qty=0, strategy=Momentum)",,[]
2025-11-18 23:34:00+00:00,"Signal(ts=2025-11-18 23:34:00+00:00, action=HOLD, qty=0, strategy=Momentum)",,[]
2025-11-18 23:35:00+00:00,"Signal(ts=2025-11-18 23:35:00+00:00, action=HOLD, qty=0, strategy=Momentum)",,[]
2025-11-18 23:36:00+00:00,"Signal(ts=2025-11-18 23:36:00+00:00, action=HOLD, qty=0, strategy=Momentum)",,[]
2025-11-18 23:37:00+00:00,"Signal(ts=2025-11-18 23:37:00+00:00, action=BUY, qty=1, strategy=Momentum)",ca474246-19ed-4bdc-9766-fd08c9101647,[]
2025-11-18 23:38:00+00:00,"Signal(ts=2025-11-18 23:38:00+00:00, action=HOLD, qty=0, strategy=Momentum)",,[]
2025-11-18 23:39:00+00:00,"Signal(ts=2025-11-18 23:39:00+00:00, action=SELL, qty=1, strategy=Momentum)",f8884d2f-ffcd-46ab-a76a-4d24f76becad,"[{'price': 267.6, 'qty': 1, 'buy_id': '5be0fb4c-31ca-45ef-a326-623d3e3c3eaa', 'sell_id': 'f8884d2f-ffcd-46ab-a76a-4d24f76becad', 'timestamp': 1763959268.9729204}]"
2025-11-18 23:40:00+00:00,"Signal(ts=2025-11-18 23:40:00+00:00, action=HOLD, qty=0, strategy=Momentum)",,[]
2025-11-18 23:41:00+00:00,"Signal(ts=2025-11-18 23:41:00+00:00, action=BUY, qty=1, strategy=Momentum)",40168c38-d049-4c11-9002-d43bf8680782,[]
2025-11-18 23:42:00+00:00,"Signal(ts=2025-11-18 23:42:00+00:00, action=HOLD, qty=0, strategy=Momentum)",,[]
2025-11-18 23:43:00+00:00,"Signal(ts=2025-11-18 23:43:00+00:00, action=HOLD, qty=0, strategy=Momentum)",,[]
2025-11-18 23:44:00+00:00,"Signal(ts=2025-11-18 23:44:00+00:00, action=BUY, qty=1, strategy=Momentum)",216c8bce-6eed-4aeb-8d0c-2a4a1a608839,[]
2025-11-18 23:45:00+00:00,"Signal(ts=2025-11-18 23:45:00+00:00, action=BUY, qty=1, strategy=Momentum)",b1aff820-cb7a-4b9a-b2e7-2ffe6e38b738,[]
2025-11-18 23:46:00+00:00,"Signal(ts=2025-11-18 23:46:00+00:00, action=HOLD, qty=0, strategy=Momentum)",,[]
2025-11-18 23:47:00+00:00,"Signal(ts=2025-11-18 23:47:00+00:00, action=HOLD, qty=0, strategy=Momentum)",,[]
2025-11-18 23:48:00+00:00,"Signal(ts=2025-11-18 23:48:00+00:00, action=HOLD, qty=0, strategy=Momentum)",,[]
2025-11-18 23:49:00+00:00,"Signal(ts=2025-11-18 23:49:00+00:00, action=HOLD, qty=0, strategy=Momentum)",,[]
2025-11-18 23:50:00+00:00,"Signal(ts=2025-11-18 23:50:00+00:00, action=HOLD, qty=0, strategy=Momentum)",,[]
2025-11-18 23:51:00+00:00,"Signal(ts=2025-11-18 23:51:00+00:00, action=HOLD, qty=0, strategy=Momentum)",,[]
2025-11-18 23:52:00+00:00,"Signal(ts=2025-11-18 23:52:00+00:00, action=SELL, qty=1, strategy=Momentum)",d946fcbf-2b96-4d31-95d2-a5a385c32835,"[{'price': 267.55, 'qty': 1, 'buy_id': '5be0fb4c-31ca-45ef-a326-623d3e3c3eaa', 'sell_id': 'd946fcbf-2b96-4d31-95d2-a5a385c32835', 'timestamp': 1763959269.0010176}]"
2025-11-18 23:53:00+00:00,"Signal(ts=2025-11-18 23:53:00+00:00, action=SELL, qty=1, strategy=Momentum)",ee13b2ca-0408-4d01-bce7-3d3fb977c9fa,"[{'price': 267.6988, 'qty': 1, 'buy_id': '5be0fb4c-31ca-45ef-a326-623d3e3c3eaa', 'sell_id': 'ee13b2ca-0408-4d01-bce7-3d3fb977c9fa', 'timestamp': 1763959269.0022144}]"
2025-11-18 23:54:00+00:00,"Signal(ts=2025-11-18 23:54:00+00:00, action=SELL, qty=1, strategy=Momentum)",6a743e68-1046-466e-95e6-9f2068aa9c68,"[{'price': 267.55, 'qty': 1, 'buy_id': '5be0fb4c-31ca-45ef-a326-623d3e3c3eaa', 'sell_id': '6a743e68-1046-466e-95e6-9f2068aa9c68', 'timestamp': 1763959269.0047572}]"
2025-11-18 23:55:00+00:00,"Signal(ts=2025-11-18 23:55:00+00:00, action=HOLD, qty=0, strategy=Momentum)",,[]
2025-11-18 23:56:00+00:00,"Signal(ts=2025-11-18 23:56:00+00:00, action=HOLD, qty=0, strategy=Momentum)",,[]
2025-11-18 23:57:00+00:00,"Signal(ts=2025-11-18 23:57:00+00:00, action=HOLD, qty=0, strategy=Momentum)",,[]
2025-11-18 23:58:00+00:00,"Signal(ts=2025-11-18 23:58:00+00:00, action=SELL, qty=1, strategy=Momentum)",340ab42d-dcca-47cb-801b-25bedaeffcf6,"[{'price': 267.65, 'qty': 1, 'buy_id': 'd7d0d057-45bb-46c9-9bad-9d286bc468ce', 'sell_id': '340ab42d-dcca-47cb-801b-25bedaeffcf6', 'timestamp': 1763959269.0119793}]"
2025-11-18 23:59:00+00:00,"Signal(ts=2025-11-18 23:59:00+00:00, action=SELL, qty=1, strategy=Momentum)",a0dfebab-19ca-4fb5-957a-3cd65abf3a99,"[{'price': 267.65, 'qty': 1, 'buy_id': 'd7d0d057-45bb-46c9-9bad-9d286bc468ce', 'sell_id': 'a0dfebab-19ca-4fb5-957a-3cd65abf3a99', 'timestamp': 1763959269.0159507}]"
2025-11-19 00:00:00+00:00,"Signal(ts=2025-11-19 00:00:00+00:00, action=SELL, qty=1, strategy=Momentum)",92de85db-bc5c-4995-85b6-dc1fb202293d,"[{'price': 267.65, 'qty': 1, 'buy_id': 'd7d0d057-45bb-46c9-9bad-9d286bc468ce', 'sell_id': '92de85db-bc5c-4995-85b6-dc1fb202293d', 'timestamp': 1763959269.0173032}]"
2025-11-19 00:01:00+00:00,"Signal(ts=2025-11-19 00:01:00+00:00, action=HOLD, qty=0, strategy=Momentum)",,[]
2025-11-19 00:02:00+00:00,"Signal(ts=2025-11-19 00:02:00+00:00, action=SELL, qty=2, strategy=Momentum)",f7d12c49-73be-4a7f-84df-00880898cc94,"[{'price': 267.01, 'qty': 1, 'buy_id': 'd7d0d057-45bb-46c9-9bad-9d286bc468ce', 'sell_id': 'f7d12c49-73be-4a7f-84df-00880898cc94', 'timestamp': 1763959269.0203185}, {'price': 267.01, 'qty': 1, 'buy_id': '8595f6b6-5c34-4201-8675-12904970c329', 'sell_id': 'f7d12c49-73be-4a7f-84df-00880898cc94', 'timestamp': 1763959269.0203185}]"
2025-11-19 00:03:00+00:00,"Signal(ts=2025-11-19 00:03:00+00:00, action=SELL, qty=2, strategy=Momentum)",b41d2d86-3527-4f05-93b5-f2961723320c,"[{'price': 267.25, 'qty': 1, 'buy_id': '8595f6b6-5c34-4201-8675-12904970c329', 'sell_id': 'b41d2d86-3527-4f05-93b5-f2961723320c', 'timestamp': 1763959269.0224488}, {'price': 267.25, 'qty': 1, 'buy_id': '7ee1ab92-507a-4e2e-8102-bdaba88c4992', 'sell_id': 'b41d2d86-3527-4f05-93b5-f2961723320c', 'timestamp': 1763959269.0224488}]"
2025-11-19 00:04:00+00:00,"Signal(ts=2025-11-19 00:04:00+00:00, action=SELL, qty=2, strategy=Momentum)",90bfa82b-e03b-4d96-8c38-44cc9be87d66,"[{'price': 267.25, 'qty': 1, 'buy_id': '7ee1ab92-507a-4e2e-8102-bdaba88c4992', 'sell_id': '90bfa82b-e03b-4d96-8c38-44cc9be87d66', 'timestamp': 1763959269.0258346}, {'price': 267.25, 'qty': 1, 'buy_id': 'ca474246-19ed-4bdc-9766-fd08c9101647', 'sell_id': '90bfa82b-e03b-4d96-8c38-44cc9be87d66', 'timestamp': 1763959269.0258346}]"
2025-11-19 00:05:00+00:00,"Signal(ts=2025-11-19 00:05:00+00:00, action=SELL, qty=3, strategy=Momentum)",5efba997-2fe3-445c-b8b1-160663c69c94,"[{'price': 267.01, 'qty': 1, 'buy_id': '40168c38-d049-4c11-9002-d43bf8680782', 'sell_id': '5efba997-2fe3-445c-b8b1-160663c69c94', 'timestamp': 1763959269.0279222}, {'price': 267.01, 'qty': 2, 'buy_id': '30453ff2-0889-4ed6-8ad7-0b21860da205', 'sell_id': '5efba997-2fe3-445c-b8b1-160663c69c94', 'timestamp': 1763959269.0279222}]"
2025-11-19 00:06:00+00:00,"Signal(ts=2025-11-19 00:06:00+00:00, action=SELL, qty=3, strategy=Momentum)",67e5a35c-1a6d-4365-a27f-f0dae45c84ca,"[{'price': 267.02, 'qty': 2, 'buy_id': 'a7c43f16-0600-4a20-a3c1-8103d9ef3a7b', 'sell_id': '67e5a35c-1a6d-4365-a27f-f0dae45c84ca', 'timestamp': 1763959269.0304723}, {'price': 267.02, 'qty': 1, 'buy_id': 'b1aff820-cb7a-4b9a-b2e7-2ffe6e38b738', 'sell_id': '67e5a35c-1a6d-4365-a27f-f0dae45c84ca', 'timestamp': 1763959269.0304723}]"
2025-11-19 00:07:00+00:00,"Signal(ts=2025-11-19 00:07:00+00:00, action=SELL, qty=2, strategy=Momentum)",d88114bc-6d4b-497d-aaa3-393e85be8883,"[{'price': 267.02, 'qty': 1, 'buy_id': '216c8bce-6eed-4aeb-8d0c-2a4a1a608839', 'sell_id': 'd88114bc-6d4b-497d-aaa3-393e85be8883', 'timestamp': 1763959269.0304723}, {'price': 267.02, 'qty': 1, 'buy_id': '896018a6-bb37-440f-8aae-34eea3323d66', 'sell_id': 'd88114bc-6d4b-497d-aaa3-393e85be8883', 'timestamp': 1763959269.0304723}]"
2025-11-19 00:08:00+00:00,"Signal(ts=2025-11-19 00:08:00+00:00, action=SELL, qty=1, strategy=Momentum)",2c351233-fa55-4667-bf7e-d47b4287cebd,"[{'price': 267.14, 'qty': 1, 'buy_id': '896018a6-bb37-440f-8aae-34eea3323d66', 'sell_id': '2c351233-fa55-4667-bf7e-d47b4287cebd', 'timestamp': 1763959269.0304723}]"
2025-11-19 00:09:00+00:00,"Signal(ts=2025-11-19 00:09:00+00:00, action=HOLD, qty=0, strategy=Momentum)",,[]
2025-11-19 00:10:00+00:00,"Signal(ts=2025-11-19 00:10:00+00:00, action=SELL, qty=3, strategy=Momentum)",8f55d07e-e746-40f9-8042-cf9815985019,"[{'price': 267.13, 'qty': 1, 'buy_id': '896018a6-bb37-440f-8aae-34eea3323d66', 'sell_id': '8f55d07e-e746-40f9-8042-cf9815985019', 'timestamp': 1763959269.0377536}, {'price': 267.13, 'qty': 2, 'buy_id': 'db6050d0-b383-4faf-a23a-41ab1138946e', 'sell_id': '8f55d07e-e746-40f9-8042-cf9815985019', 'timestamp': 1763959269.0377536}]"
2025-11-19 00:11:00+00:00,"Signal(ts=2025-11-19 00:11:00+00:00, action=SELL, qty=1, strategy=Momentum)",e709239c-f11a-487a-9e80-c90cd8644bfa,"[{'price': 267.5852, 'qty': 1, 'buy_id': 'db6050d0-b383-4faf-a23a-41ab1138946e', 'sell_id': 'e709239c-f11a-487a-9e80-c90cd8644bfa', 'timestamp': 1763959269.040861}]"
2025-11-19 00:12:00+00:00,"Signal(ts=2025-11-19 00:12:00+00:00, action=SELL, qty=1, strategy=Momentum)",f8df6178-4712-452c-adf7-db661a6cb90c,"[{'price': 267.4838, 'qty': 1, 'buy_id': 'd7c00c93-b588-402c-9881-ad6fdc3d738d', 'sell_id': 'f8df6178-4712-452c-adf7-db661a6cb90c', 'timestamp': 1763959269.0418622}]"
2025-11-19 00:13:00+00:00,"Signal(ts=2025-11-19 00:13:00+00:00, action=SELL, qty=1, strategy=Momentum)",8362f8e8-eb00-4bb1-9aae-f39affafb396,"[{'price': 267.39, 'qty': 1, 'buy_id': 'd7c00c93-b588-402c-9881-ad6fdc3d738d', 'sell_id': '8362f8e8-eb00-4bb1-9aae-f39affafb396', 'timestamp': 1763959269.0418622}]"
2025-11-19 00:14:00+00:00,"Signal(ts=2025-11-19 00:14:00+00:00, action=SELL, qty=3, strategy=Momentum)",30617a1d-bd09-48a8-b1af-ca81614abcd4,"[{'price': 267.11, 'qty': 1, 'buy_id': 'd7c00c93-b588-402c-9881-ad6fdc3d738d', 'sell_id': '30617a1d-bd09-48a8-b1af-ca81614abcd4', 'timestamp': 1763959269.048115}, {'price': 267.11, 'qty': 2, 'buy_id': '6f16cb64-8985-48bc-b152-a9eb91672bcf', 'sell_id': '30617a1d-bd09-48a8-b1af-ca81614abcd4', 'timestamp': 1763959269.048115}]"
2025-11-19 00:15:00+00:00,"Signal(ts=2025-11-19 00:15:00+00:00, action=SELL, qty=2, strategy=Momentum)",09f0f138-74d5-4de1-8b9b-174f763761dc,"[{'price': 267.16, 'qty': 1, 'buy_id': '6f16cb64-8985-48bc-b152-a9eb91672bcf', 'sell_id': '09f0f138-74d5-4de1-8b9b-174f763761dc', 'timestamp': 1763959269.0501072}, {'price': 267.16, 'qty': 1, 'buy_id': 'c2bd9388-447b-49a2-83bd-a6837dd809a8', 'sell_id': '09f0f138-74d5-4de1-8b9b-174f763761dc', 'timestamp': 1763959269.0501072}]"
2025-11-19 00:16:00+00:00,"Signal(ts=2025-11-19 00:16:00+00:00, action=SELL, qty=1, strategy=Momentum)",00f7f30c-eb5e-49bb-a378-ca6476c852c3,"[{'price': 267.18, 'qty': 1, 'buy_id': '7fdc9995-30c8-425d-92cf-11cb84255238', 'sell_id': '00f7f30c-eb5e-49bb-a378-ca6476c852c3', 'timestamp': 1763959269.052003}]"
2025-11-19 00:17:00+00:00,"Signal(ts=2025-11-19 00:17:00+00:00, action=SELL, qty=3, strategy=Momentum)",f168677e-4492-49cf-be78-877945c53fc3,"[{'price': 266.55, 'qty': 2, 'buy_id': '7fdc9995-30c8-425d-92cf-11cb84255238', 'sell_id': 'f168677e-4492-49cf-be78-877945c53fc3', 'timestamp': 1763959269.0543766}, {'price': 266.55, 'qty': 1, 'buy_id': '42ac20a0-771d-4846-8f75-25e12820c8da', 'sell_id': 'f168677e-4492-49cf-be78-877945c53fc3', 'timestamp': 1763959269.0543766}]"
2025-11-19 00:18:00+00:00,"Signal(ts=2025-11-19 00:18:00+00:00, action=SELL, qty=2, strategy=Momentum)",cec9b4ea-fd35-473b-9e3c-0f63db36925b,"[{'price': 266.9, 'qty': 1, 'buy_id': '42ac20a0-771d-4846-8f75-25e12820c8da', 'sell_id': 'cec9b4ea-fd35-473b-9e3c-0f63db36925b', 'timestamp': 1763959269.0573673}]"
2025-11-19 00:19:00+00:00,"Signal(ts=2025-11-19 00:19:00+00:00, action=SELL, qty=3, strategy=Momentum)",766abf27-5da4-4ec1-b20d-306bc5087d88,[]
2025-11-19 00:20:00+00:00,"Signal(ts=2025-11-19 00:20:00+00:00, action=SELL, qty=3, strategy=Momentum)",d682321f-ac21-4728-95e9-cc7c640c2a9d,[]
2025-11-19 00:21:00+00:00,"Signal(ts=2025-11-19 00:21:00+00:00, action=SELL, qty=3, strategy=Momentum)",00d57136-889a-4e91-b589-d8aa71a83967,[]
2025-11-19 00:22:00+00:00,"Signal(ts=2025-11-19 00:22:00+00:00, action=SELL, qty=4, strategy=Momentum)",cceeaaca-aacb-4561-b6ad-64dfab3fde84,[]
2025-11-19 00:23:00+00:00,"Signal(ts=2025-11-19 00:23:00+00:00, action=SELL, qty=2, strategy=Momentum)",d43f0b92-b817-457e-9b68-7854b2d0c2d4,[]
2025-11-19 00:24:00+00:00,"Signal(ts=2025-11-19 00:24:00+00:00, action=SELL, qty=2, strategy=Momentum)",8357eead-e4ab-4cd0-ace7-96f096025c69,[]
2025-11-19 00:25:00+00:00,"Signal(ts=2025-11-19 00:25:00+00:00, action=SELL, qty=2, strategy=Momentum)",7b69e418-4cb6-4a6e-8118-31c79642d7e2,[]
2025-11-19 00:26:00+00:00,"Signal(ts=2025-11-19 00:26:00+00:00, action=SELL, qty=3, strategy=Momentum)",989824eb-01df-4b23-ab8d-0ce853078926,[]
2025-11-19 00:27:00+00:00,"Signal(ts=2025-11-19 00:27:00+00:00, action=SELL, qty=3, strategy=Momentum)",78ef3c13-c6cb-481a-aa65-515dddd7c8ed,[]
2025-11-19 00:28:00+00:00,"Signal(ts=2025-11-19 00:28:00+00:00, action=SELL, qty=2, strategy=Momentum)",330478c7-bedd-4b75-bc76-c65dac939a01,[]
2025-11-19 00:29:00+00:00,"Signal(ts=2025-11-19 00:29:00+00:00, action=SELL, qty=3, strategy=Momentum)",aee73d62-e6c6-4dba-80bb-d4202817b03b,[]
2025-11-19 00:30:00+00:00,"Signal(ts=2025-11-19 00:30:00+00:00, action=SELL, qty=3, strategy=Momentum)",0aa4b783-79d0-4446-8382-5ec1bbdb19b3,[]
2025-11-19 00:31:00+00:00,"Signal(ts=2025-11-19 00:31:00+00:00, action=SELL, qty=1, strategy=Momentum)",37c9d682-fb85-4a1e-985a-98c81e67f7c8,[]
2025-11-19 00:32:00+00:00,"Signal(ts=2025-11-19 00:32:00+00:00, action=SELL, qty=1, strategy=Momentum)",74f76ac9-64b5-435e-99e4-2b62df613575,[]
2025-11-19 00:33:00+00:00,"Signal(ts=2025-11-19 00:33:00+00:00, action=SELL, qty=1, strategy=Momentum)",7ae29690-5e54-4650-9346-8108c245e7cc,[]
2025-11-19 00:34:00+00:00,"Signal(ts=2025-11-19 00:34:00+00:00, action=HOLD, qty=0, strategy=Momentum)",,[]
2025-11-19 00:35:00+00:00,"Signal(ts=2025-11-19 00:35:00+00:00, action=HOLD, qty=0, strategy=Momentum)",,[]
2025-11-19 00:36:00+00:00,"Signal(ts=2025-11-19 00:36:00+00:00, action=HOLD, qty=0, strategy=Momentum)",,[]
2025-11-19 00:37:00+00:00,"Signal(ts=2025-11-19 00:37:00+00:00, action=SELL, qty=1, strategy=Momentum)",a5d8e666-4d7f-4893-8458-c90850759a81,[]
2025-11-19 00:38:00+00:00,"Signal(ts=2025-11-19 00:38:00+00:00, action=SELL, qty=2, strategy=Momentum)",9ecb96ac-faf2-4153-b39c-eceb57c39b70,[]
2025-11-19 00:39:00+00:00,"Signal(ts=2025-11-19 00:39:00+00:00, action=SELL, qty=1, strategy=Momentum)",b7399a79-6a74-40ab-8c5c-27553767e3c0,[]
2025-11-19 00:40:00+00:00,"Signal(ts=2025-11-19 00:40:00+00:00, action=SELL, qty=2, strategy=Momentum)",852fec84-850f-436c-8146-112f311d4763,[]
2025-11-19 00:41:00+00:00,"Signal(ts=2025-11-19 00:41:00+00:00, action=SELL, qty=2, strategy=Momentum)",2fff239e-fd50-4104-aeed-953e6fc80d2d,[]
2025-11-19 00:42:00+00:00,"Signal(ts=2025-11-19 00:42:00+00:00, action=SELL, qty=1, strategy=Momentum)",1ec3bca2-cfeb-4c28-88b1-f69c739f9964,[]
2025-11-19 00:43:00+00:00,"Signal(ts=2025-11-19 00:43:00+00:00, action=HOLD, qty=0, strategy=Momentum)",,[]
2025-11-19 00:44:00+00:00,"Signal(ts=2025-11-19 00:44:00+00:00, action=HOLD, qty=0, strategy=Momentum)",,[]
2025-11-19 00:45:00+00:00,"Signal(ts=2025-11-19 00:45:00+00:00, action=HOLD, qty=0, strategy=Momentum)",,[]
2025-11-19 00:46:00+00:00,"Signal(ts=2025-11-19 00:46:00+00:00, action=HOLD, qty=0, strategy=Momentum)",,[]
2025-11-19 00:47:00+00:00,"Signal(ts=2025-11-19 00:47:00+00:00, action=HOLD, qty=0, strategy=Momentum)",,[]
2025-11-19 00:48:00+00:00,"Signal(ts=2025-11-19 00:48:00+00:00, action=BUY, qty=2, strategy=Momentum)",224645b5-5623-4b52-8c46-9df3bb37b799,"[{'price': 266.56, 'qty': 2, 'buy_id': '224645b5-5623-4b52-8c46-9df3bb37b799', 'sell_id': 'cceeaaca-aacb-4561-b6ad-64dfab3fde84', 'timestamp': 1763959269.1220672}]"
2025-11-19 00:49:00+00:00,"Signal(ts=2025-11-19 00:49:00+00:00, action=BUY, qty=1, strategy=Momentum)",151f4d07-dbc3-4a76-9ba2-bc7caf14c65c,"[{'price': 266.56, 'qty': 1, 'buy_id': '151f4d07-dbc3-4a76-9ba2-bc7caf14c65c', 'sell_id': 'cceeaaca-aacb-4561-b6ad-64dfab3fde84', 'timestamp': 1763959269.1229568}]"
2025-11-19 00:50:00+00:00,"Signal(ts=2025-11-19 00:50:00+00:00, action=BUY, qty=1, strategy=Momentum)",89d156ef-bd8f-4662-bb76-092f8896a027,"[{'price': 266.56, 'qty': 1, 'buy_id': '89d156ef-bd8f-4662-bb76-092f8896a027', 'sell_id': 'cceeaaca-aacb-4561-b6ad-64dfab3fde84', 'timestamp': 1763959269.127604}]"
2025-11-19 00:51:00+00:00,"Signal(ts=2025-11-19 00:51:00+00:00, action=BUY, qty=1, strategy=Momentum)",296fd172-ac17-410e-8bd8-0041805aa5f1,"[{'price': 266.65, 'qty': 1, 'buy_id': '296fd172-ac17-410e-8bd8-0041805aa5f1', 'sell_id': 'aee73d62-e6c6-4dba-80bb-d4202817b03b', 'timestamp': 1763959269.1286073}]"
2025-11-19 00:52:00+00:00,"Signal(ts=2025-11-19 00:52:00+00:00, action=BUY, qty=1, strategy=Momentum)",583f4150-fc55-4a29-adb2-09b82a0709ce,"[{'price': 266.65, 'qty': 1, 'buy_id': '583f4150-fc55-4a29-adb2-09b82a0709ce', 'sell_id': 'aee73d62-e6c6-4dba-80bb-d4202817b03b', 'timestamp': 1763959269.1301131}]"
2025-11-19 00:53:00+00:00,"Signal(ts=2025-11-19 00:53:00+00:00, action=BUY, qty=1, strategy=Momentum)",ab0f41af-28d0-4e41-821a-defd1329d7e9,"[{'price': 266.65, 'qty': 1, 'buy_id': 'ab0f41af-28d0-4e41-821a-defd1329d7e9', 'sell_id': 'aee73d62-e6c6-4dba-80bb-d4202817b03b', 'timestamp': 1763959269.1301131}]"
2025-11-19 00:54:00+00:00,"Signal(ts=2025-11-19 00:54:00+00:00, action=HOLD, qty=0, strategy=Momentum)",,[]
2025-11-19 00:55:00+00:00,"Signal(ts=2025-11-19 00:55:00+00:00, action=HOLD, qty=0, strategy=Momentum)",,[]
2025-11-19 00:56:00+00:00,"Signal(ts=2025-11-19 00:56:00+00:00, action=BUY, qty=1, strategy=Momentum)",01efe4d2-3984-4ce3-96be-007f5e4796ab,"[{'price': 266.67, 'qty': 1, 'buy_id': '01efe4d2-3984-4ce3-96be-007f5e4796ab', 'sell_id': '00d57136-889a-4e91-b589-d8aa71a83967', 'timestamp': 1763959269.1409376}]"
2025-11-19 00:57:00+00:00,"Signal(ts=2025-11-19 00:57:00+00:00, action=HOLD, qty=0, strategy=Momentum)",,[]
2025-11-19 00:58:00+00:00,"Signal(ts=2025-11-19 00:58:00+00:00, action=BUY, qty=1, strategy=Momentum)",715b827e-bb9f-429b-9279-ee29875f78ee,"[{'price': 266.67, 'qty': 1, 'buy_id': '715b827e-bb9f-429b-9279-ee29875f78ee', 'sell_id': '00d57136-889a-4e91-b589-d8aa71a83967', 'timestamp': 1763959269.1419227}]"
2025-11-19 00:59:00+00:00,"Signal(ts=2025-11-19 00:59:00+00:00, action=HOLD, qty=0, strategy=Momentum)",,[]
