timestamp,datetime,component,tick_id,processing_latency_ms,decision_latency_ms,symbol
1762652953.033325,2025-11-08 19:49:13,DEMO,1,0.0059604644775390625,1.2660026550292969,AAPL
1762652953.034747,2025-11-08 19:49:13,DEMO,2,0.0011920928955078125,1.280069351196289,SPY
1762652953.035867,2025-11-08 19:49:13,DEMO,3,0.00095367431640625,1.0089874267578125,MSFT
1762653206.575944,2025-11-08 19:53:26,ORDERBOOK,1,11.495828628540039,11.597156524658203,SPY
1762653206.5884821,2025-11-08 19:53:26,ORDERBOOK,2,12.450218200683594,12.501001358032227,AAPL
1762653206.6011982,2025-11-08 19:53:26,ORDERBOOK,3,12.69984245300293,12.727975845336914,MSFT
1762653206.613875,2025-11-08 19:53:26,ORDERBOOK,4,12.67385482788086,12.69984245300293,SPY
1762653206.626506,2025-11-08 19:53:26,ORDERBOOK,5,12.664794921875,12.686729431152344,AAPL
1762653206.639152,2025-11-08 19:53:26,ORDERBOOK,6,12.64190673828125,12.665987014770508,MSFT
1762653206.6511638,2025-11-08 19:53:26,ORDERBOOK,7,11.99793815612793,12.015819549560547,SPY
1762653206.663867,2025-11-08 19:53:26,ORDERBOOK,8,12.736082077026367,12.754201889038086,AAPL
1762653206.676647,2025-11-08 19:53:26,ORDERBOOK,9,12.806177139282227,12.871980667114258,MSFT
1762653206.689292,2025-11-08 19:53:26,ORDERBOOK,10,12.68625259399414,12.708187103271484,SPY
1762653206.701967,2025-11-08 19:53:26,ORDERBOOK,11,12.686967849731445,12.707948684692383,AAPL
1762653206.7147021,2025-11-08 19:53:26,ORDERBOOK,12,12.717008590698242,12.733936309814453,MSFT
1762653206.7270389,2025-11-08 19:53:26,ORDERBOOK,13,12.447118759155273,12.469053268432617,SPY
1762653206.73991,2025-11-08 19:53:26,ORDERBOOK,14,12.73202896118164,12.786149978637695,AAPL
1762653206.751936,2025-11-08 19:53:26,ORDERBOOK,15,12.148380279541016,12.164115905761719,MSFT
1762653206.764661,2025-11-08 19:53:26,ORDERBOOK,16,12.681007385253906,12.70294189453125,SPY
1762653206.776875,2025-11-08 19:53:26,ORDERBOOK,17,12.234210968017578,12.295961380004883,AAPL
1762653206.7898219,2025-11-08 19:53:26,ORDERBOOK,18,12.762069702148438,12.78996467590332,MSFT
1762653206.801984,2025-11-08 19:53:26,ORDERBOOK,19,12.226104736328125,12.257099151611328,SPY
1762653206.814803,2025-11-08 19:53:26,ORDERBOOK,20,12.88294792175293,12.910842895507812,AAPL
1762653206.826724,2025-11-08 19:53:26,ORDERBOOK,21,12.000083923339844,12.028217315673828,MSFT
1762653206.839657,2025-11-08 19:53:26,ORDERBOOK,22,12.723922729492188,12.749671936035156,SPY
1762653206.852332,2025-11-08 19:53:26,ORDERBOOK,23,12.699127197265625,12.727975845336914,AAPL
1762653206.8647199,2025-11-08 19:53:26,ORDERBOOK,24,12.453794479370117,12.480974197387695,MSFT
1762653206.8769841,2025-11-08 19:53:26,ORDERBOOK,25,12.298107147216797,12.349843978881836,SPY
1762653206.889813,2025-11-08 19:53:26,ORDERBOOK,26,12.860298156738281,12.909173965454102,AAPL
1762653206.902384,2025-11-08 19:53:26,ORDERBOOK,27,12.73798942565918,12.763023376464844,MSFT
1762653206.915095,2025-11-08 19:53:26,ORDERBOOK,28,12.707233428955078,12.73798942565918,SPY
1762653206.926799,2025-11-08 19:53:26,ORDERBOOK,29,11.751890182495117,11.805057525634766,AAPL
1762653206.939414,2025-11-08 19:53:26,ORDERBOOK,30,12.727737426757812,12.762784957885742,MSFT
1762653206.951993,2025-11-08 19:53:26,ORDERBOOK,31,12.675046920776367,12.710094451904297,SPY
1762653206.9638999,2025-11-08 19:53:26,ORDERBOOK,32,11.921882629394531,11.952877044677734,AAPL
1762653206.976803,2025-11-08 19:53:26,ORDERBOOK,33,12.930631637573242,13.010740280151367,MSFT
1762653206.9892962,2025-11-08 19:53:26,ORDERBOOK,34,11.789083480834961,11.834144592285156,SPY
1762653207.00179,2025-11-08 19:53:27,ORDERBOOK,35,12.585878372192383,12.643814086914062,AAPL
1762653207.014716,2025-11-08 19:53:27,ORDERBOOK,36,12.916803359985352,12.959003448486328,MSFT
1762653207.02625,2025-11-08 19:53:27,ORDERBOOK,37,11.610746383666992,11.644840240478516,SPY
1762653207.039567,2025-11-08 19:53:27,ORDERBOOK,38,12.880086898803711,12.919187545776367,AAPL
1762653207.051857,2025-11-08 19:53:27,ORDERBOOK,39,12.391328811645508,12.445926666259766,MSFT
1762653207.064976,2025-11-08 19:53:27,ORDERBOOK,40,12.845039367675781,12.881040573120117,SPY
1762653207.0778491,2025-11-08 19:53:27,ORDERBOOK,41,12.830018997192383,12.896060943603516,AAPL
1762653207.090519,2025-11-08 19:53:27,ORDERBOOK,42,12.867927551269531,12.907981872558594,MSFT
1762653207.103373,2025-11-08 19:53:27,ORDERBOOK,43,12.946844100952148,12.994050979614258,SPY
1762653207.116118,2025-11-08 19:53:27,ORDERBOOK,44,12.688875198364258,12.71200180053711,AAPL
1762653207.126733,2025-11-08 19:53:27,ORDERBOOK,45,10.598182678222656,10.659217834472656,MSFT
1762653207.13944,2025-11-08 19:53:27,ORDERBOOK,46,12.656211853027344,12.677192687988281,SPY
1762653207.152158,2025-11-08 19:53:27,ORDERBOOK,47,12.675762176513672,12.69674301147461,AAPL
1762653207.164974,2025-11-08 19:53:27,ORDERBOOK,48,12.653827667236328,12.668848037719727,MSFT
1762653207.175605,2025-11-08 19:53:27,ORDERBOOK,49,10.671138763427734,10.690927505493164,SPY
1762653207.188263,2025-11-08 19:53:27,ORDERBOOK,50,12.65573501586914,12.705802917480469,AAPL
1762653207.200976,2025-11-08 19:53:27,ORDERBOOK,51,12.701034545898438,12.72130012512207,MSFT
1762653207.213771,2025-11-08 19:53:27,ORDERBOOK,52,12.685060501098633,12.704849243164062,SPY
1762653207.226275,2025-11-08 19:53:27,ORDERBOOK,53,12.58707046508789,12.612104415893555,AAPL
1762653207.239146,2025-11-08 19:53:27,ORDERBOOK,54,12.769937515258789,12.79306411743164,MSFT
1762653207.2519171,2025-11-08 19:53:27,ORDERBOOK,55,12.820959091186523,12.849807739257812,SPY
1762653207.2638268,2025-11-08 19:53:27,ORDERBOOK,56,11.974096298217773,11.99793815612793,AAPL
1762653207.276702,2025-11-08 19:53:27,ORDERBOOK,57,12.92109489440918,12.951135635375977,MSFT
1762653207.289369,2025-11-08 19:53:27,ORDERBOOK,58,12.656211853027344,12.677192687988281,SPY
1762653207.300878,2025-11-08 19:53:27,ORDERBOOK,59,11.528968811035156,11.553049087524414,AAPL
1762653207.3137379,2025-11-08 19:53:27,ORDERBOOK,60,12.79306411743164,12.820959091186523,MSFT
1762653207.326685,2025-11-08 19:53:27,ORDERBOOK,61,12.894868850708008,12.920856475830078,SPY
1762653207.339056,2025-11-08 19:53:27,ORDERBOOK,62,12.332916259765625,12.362003326416016,AAPL
1762653207.351982,2025-11-08 19:53:27,ORDERBOOK,63,12.807846069335938,12.849807739257812,MSFT
1762653207.3648472,2025-11-08 19:53:27,ORDERBOOK,64,12.72892951965332,12.755870819091797,SPY
1762653207.376937,2025-11-08 19:53:27,ORDERBOOK,65,12.001991271972656,12.036800384521484,AAPL
1762653207.389798,2025-11-08 19:53:27,ORDERBOOK,66,12.920141220092773,12.957096099853516,MSFT
1762653207.402572,2025-11-08 19:53:27,ORDERBOOK,67,12.740850448608398,12.776851654052734,SPY
1762653207.4151099,2025-11-08 19:53:27,ORDERBOOK,68,12.558221817016602,12.665271759033203,AAPL
1762653207.427867,2025-11-08 19:53:27,ORDERBOOK,69,12.671947479248047,12.730121612548828,MSFT
1762653207.441016,2025-11-08 19:53:27,ORDERBOOK,70,12.90583610534668,12.938976287841797,SPY
1762653207.4519129,2025-11-08 19:53:27,ORDERBOOK,71,10.968685150146484,11.021852493286133,AAPL
1762653207.465012,2025-11-08 19:53:27,ORDERBOOK,72,12.700080871582031,12.790918350219727,MSFT
1762653207.477192,2025-11-08 19:53:27,ORDERBOOK,73,12.317895889282227,12.351036071777344,SPY
1762653207.4897358,2025-11-08 19:53:27,ORDERBOOK,74,12.58397102355957,12.604951858520508,AAPL
1762653207.5024881,2025-11-08 19:53:27,ORDERBOOK,75,12.798070907592773,12.817859649658203,MSFT
1762653207.5134778,2025-11-08 19:53:27,ORDERBOOK,76,11.049032211303711,11.068105697631836,SPY
1762653207.52612,2025-11-08 19:53:27,ORDERBOOK,77,12.681007385253906,12.705802917480469,AAPL
1762653207.538208,2025-11-08 19:53:27,ORDERBOOK,78,12.151956558227539,12.17508316040039,MSFT
1762653207.550663,2025-11-08 19:53:27,NEWS_STRATEGY,1,12.62521743774414,12.644290924072266,AAPL
1762653207.550669,2025-11-08 19:53:27,PRICE_STRATEGY,1,12.633085250854492,12.646913528442383,AAPL
1762653207.550816,2025-11-08 19:53:27,ORDERBOOK,79,12.634992599487305,12.668848037719727,SPY
1762653207.563512,2025-11-08 19:53:27,ORDERBOOK,80,12.724876403808594,12.75324821472168,AAPL
1762653207.5634718,2025-11-08 19:53:27,PRICE_STRATEGY,2,12.748956680297852,12.76707649230957,AAPL
1762653207.563753,2025-11-08 19:53:27,NEWS_STRATEGY,2,13.046026229858398,13.05699348449707,AAPL
1762653207.5763469,2025-11-08 19:53:27,ORDERBOOK,81,12.668132781982422,12.711286544799805,MSFT
1762653207.576302,2025-11-08 19:53:27,PRICE_STRATEGY,3,12.534856796264648,12.541055679321289,AAPL
1762653207.576425,2025-11-08 19:53:27,NEWS_STRATEGY,3,12.656927108764648,12.663841247558594,AAPL
1762653207.589043,2025-11-08 19:53:27,ORDERBOOK,82,12.678146362304688,12.701988220214844,SPY
1762653207.58916,2025-11-08 19:53:27,NEWS_STRATEGY,4,12.672185897827148,12.679100036621094,AAPL
1762653207.5891578,2025-11-08 19:53:27,PRICE_STRATEGY,4,12.67099380493164,12.677192687988281,AAPL
1762653207.601793,2025-11-08 19:53:27,PRICE_STRATEGY,5,12.657880783081055,12.66789436340332,AAPL
1762653207.60182,2025-11-08 19:53:27,ORDERBOOK,83,12.74418830871582,12.768030166625977,AAPL
1762653207.602284,2025-11-08 19:53:27,NEWS_STRATEGY,5,13.14687728881836,13.157844543457031,AAPL
1762653207.6148639,2025-11-08 19:53:27,NEWS_STRATEGY,6,12.516260147094727,12.530326843261719,AAPL
1762653207.614858,2025-11-08 19:53:27,PRICE_STRATEGY,6,12.516260147094727,12.524127960205078,AAPL
1762653207.615011,2025-11-08 19:53:27,ORDERBOOK,84,12.897968292236328,12.923002243041992,MSFT
1762653207.627564,2025-11-08 19:53:27,PRICE_STRATEGY,7,12.682914733886719,12.691020965576172,AAPL
1762653207.6275682,2025-11-08 19:53:27,NEWS_STRATEGY,7,12.682914733886719,12.695074081420898,AAPL
1762653207.6278012,2025-11-08 19:53:27,ORDERBOOK,85,12.794971466064453,12.856006622314453,SPY
1762653207.640351,2025-11-08 19:53:27,PRICE_STRATEGY,8,12.703895568847656,12.712955474853516,AAPL
1762653207.640424,2025-11-08 19:53:27,ORDERBOOK,86,12.636899948120117,12.698888778686523,AAPL
1762653207.6405199,2025-11-08 19:53:27,NEWS_STRATEGY,8,12.871026992797852,12.88294792175293,AAPL
1762653207.653114,2025-11-08 19:53:27,ORDERBOOK,87,12.6800537109375,12.704133987426758,MSFT
1762653207.6530812,2025-11-08 19:53:27,PRICE_STRATEGY,9,12.58087158203125,12.588977813720703,AAPL
1762653207.6532311,2025-11-08 19:53:27,NEWS_STRATEGY,9,12.730121612548828,12.739181518554688,AAPL
1762653207.6659148,2025-11-08 19:53:27,ORDERBOOK,88,12.734174728393555,12.787103652954102,SPY
1762653207.6660259,2025-11-08 19:53:27,NEWS_STRATEGY,10,12.814760208129883,12.826919555664062,AAPL
1762653207.666094,2025-11-08 19:53:27,PRICE_STRATEGY,10,12.666940689086914,12.894868850708008,AAPL
1762653207.678495,2025-11-08 19:53:27,ORDERBOOK,89,12.512922286987305,12.58993148803711,AAPL
1762653207.678688,2025-11-08 19:53:27,PRICE_STRATEGY,11,12.340307235717773,12.686014175415039,AAPL
1762653207.678833,2025-11-08 19:53:27,NEWS_STRATEGY,11,12.818098068237305,12.83121109008789,AAPL
1762653207.691535,2025-11-08 19:53:27,ORDERBOOK,90,12.914180755615234,12.955188751220703,MSFT
1762653207.691726,2025-11-08 19:53:27,NEWS_STRATEGY,12,12.813806533813477,12.830018997192383,AAPL
1762653207.691829,2025-11-08 19:53:27,PRICE_STRATEGY,12,12.805938720703125,12.930870056152344,AAPL
1762653207.7033348,2025-11-08 19:53:27,ORDERBOOK,91,11.801719665527344,11.842012405395508,SPY
1762653207.704614,2025-11-08 19:53:27,PRICE_STRATEGY,13,12.65096664428711,12.768983840942383,AAPL
1762653207.704534,2025-11-08 19:53:27,NEWS_STRATEGY,13,12.675762176513672,12.688875198364258,AAPL
1762653207.7161531,2025-11-08 19:53:27,ORDERBOOK,92,12.737035751342773,12.770891189575195,AAPL
1762653207.7171772,2025-11-08 19:53:27,NEWS_STRATEGY,14,12.655019760131836,12.666940689086914,AAPL
1762653207.717351,2025-11-08 19:53:27,PRICE_STRATEGY,14,12.668132781982422,12.840986251831055,AAPL
1762653207.726795,2025-11-08 19:53:27,ORDERBOOK,93,10.576725006103516,10.640859603881836,MSFT
1762653207.728375,2025-11-08 19:53:27,PRICE_STRATEGY,15,11.075019836425781,11.248111724853516,AAPL
1762653207.728222,2025-11-08 19:53:27,NEWS_STRATEGY,15,11.078119277954102,11.092901229858398,AAPL
1762653207.739696,2025-11-08 19:53:27,ORDERBOOK,94,12.804746627807617,12.845039367675781,SPY
1762653207.7409449,2025-11-08 19:53:27,NEWS_STRATEGY,16,12.658119201660156,12.67099380493164,AAPL
1762653207.7410839,2025-11-08 19:53:27,PRICE_STRATEGY,16,12.658119201660156,12.81118392944336,AAPL
1762653207.751859,2025-11-08 19:53:27,ORDERBOOK,95,12.048006057739258,12.079000473022461,AAPL
1762653207.751789,2025-11-08 19:53:27,NEWS_STRATEGY,17,10.862112045288086,10.88404655456543,AAPL
1762653207.7520099,2025-11-08 19:53:27,PRICE_STRATEGY,17,10.860919952392578,11.10696792602539,AAPL
1762653207.7642272,2025-11-08 19:53:27,NEWS_STRATEGY,18,12.32290267944336,12.336015701293945,AAPL
1762653207.764386,2025-11-08 19:53:27,PRICE_STRATEGY,18,12.331008911132812,12.495040893554688,AAPL
1762653207.7650182,2025-11-08 19:53:27,ORDERBOOK,96,12.674093246459961,12.70604133605957,MSFT
1762653207.776743,2025-11-08 19:53:27,NEWS_STRATEGY,19,12.36104965209961,12.367010116577148,AAPL
1762653207.777101,2025-11-08 19:53:27,PRICE_STRATEGY,19,12.377262115478516,12.725114822387695,AAPL
1762653207.777618,2025-11-08 19:53:27,ORDERBOOK,97,12.632608413696289,12.663602828979492,SPY
1762653207.789726,2025-11-08 19:53:27,ORDERBOOK,98,12.057781219482422,12.099742889404297,AAPL
1762653207.7898052,2025-11-08 19:53:27,PRICE_STRATEGY,20,12.76397705078125,12.923002243041992,AAPL
1762653207.7899442,2025-11-08 19:53:27,NEWS_STRATEGY,20,13.048887252807617,13.062000274658203,AAPL
1762653207.801857,2025-11-08 19:53:27,ORDERBOOK,99,12.061834335327148,12.108087539672852,MSFT
1762653207.802696,2025-11-08 19:53:27,NEWS_STRATEGY,21,12.665271759033203,12.680292129516602,AAPL
1762653207.802888,2025-11-08 19:53:27,PRICE_STRATEGY,21,12.690305709838867,12.87221908569336,AAPL
1762653207.813838,2025-11-08 19:53:27,PRICE_STRATEGY,22,10.977029800415039,11.062145233154297,AAPL
1762653207.813767,2025-11-08 19:53:27,NEWS_STRATEGY,22,10.979175567626953,10.991096496582031,AAPL
1762653207.814556,2025-11-08 19:53:27,ORDERBOOK,100,12.65716552734375,12.691974639892578,SPY
1762653207.825944,2025-11-08 19:53:27,ORDERBOOK,101,11.412858963012695,11.445999145507812,AAPL
1762653207.826459,2025-11-08 19:53:27,NEWS_STRATEGY,23,12.701272964477539,12.720108032226562,AAPL
1762653207.826625,2025-11-08 19:53:27,PRICE_STRATEGY,23,12.691020965576172,12.887001037597656,AAPL
1762653207.838795,2025-11-08 19:53:27,ORDERBOOK,102,12.692928314208984,12.737035751342773,MSFT
1762653207.839116,2025-11-08 19:53:27,NEWS_STRATEGY,24,12.562036514282227,12.635946273803711,AAPL
1762653207.839263,2025-11-08 19:53:27,PRICE_STRATEGY,24,12.607097625732422,12.782812118530273,AAPL
1762653207.851727,2025-11-08 19:53:27,ORDERBOOK,103,12.792110443115234,12.843132019042969,SPY
1762653207.8520582,2025-11-08 19:53:27,PRICE_STRATEGY,25,12.883901596069336,12.985944747924805,AAPL
1762653207.852003,2025-11-08 19:53:27,NEWS_STRATEGY,25,12.91799545288086,12.929916381835938,AAPL
1762653207.864794,2025-11-08 19:53:27,PRICE_STRATEGY,26,12.636899948120117,12.830018997192383,AAPL
1762653207.864667,2025-11-08 19:53:27,NEWS_STRATEGY,26,12.681007385253906,12.701988220214844,AAPL
1762653207.864691,2025-11-08 19:53:27,ORDERBOOK,104,12.841939926147461,12.887001037597656,AAPL
1762653207.876865,2025-11-08 19:53:27,PRICE_STRATEGY,27,11.867284774780273,11.96908950805664,AAPL
1762653207.876839,2025-11-08 19:53:27,ORDERBOOK,105,11.995077133178711,12.03608512878418,MSFT
1762653207.877131,2025-11-08 19:53:27,NEWS_STRATEGY,27,12.222051620483398,12.23301887512207,AAPL
1762653207.8888488,2025-11-08 19:53:27,NEWS_STRATEGY,28,11.609077453613281,11.613845825195312,AAPL
1762653207.8889658,2025-11-08 19:53:27,PRICE_STRATEGY,28,11.613130569458008,11.731147766113281,AAPL
1762653207.8889,2025-11-08 19:53:27,ORDERBOOK,106,11.948108673095703,11.9781494140625,SPY
1762653207.9014668,2025-11-08 19:53:27,ORDERBOOK,107,12.289762496948242,12.363672256469727,AAPL
1762653207.901741,2025-11-08 19:53:27,NEWS_STRATEGY,29,12.742996215820312,12.751102447509766,AAPL
1762653207.901846,2025-11-08 19:53:27,PRICE_STRATEGY,29,12.736797332763672,12.85696029663086,AAPL
1762653207.9142542,2025-11-08 19:53:27,PRICE_STRATEGY,30,12.495279312133789,12.655258178710938,AAPL
1762653207.914096,2025-11-08 19:53:27,NEWS_STRATEGY,30,12.475252151489258,12.497186660766602,AAPL
1762653207.91463,2025-11-08 19:53:27,ORDERBOOK,108,13.081073760986328,13.126134872436523,MSFT
1762653207.9271,2025-11-08 19:53:27,NEWS_STRATEGY,31,12.76540756225586,12.778282165527344,AAPL
1762653207.927289,2025-11-08 19:53:27,ORDERBOOK,109,12.727975845336914,12.752056121826172,SPY
1762653207.92726,2025-11-08 19:53:27,PRICE_STRATEGY,31,12.807369232177734,12.938261032104492,AAPL
1762653207.9400032,2025-11-08 19:53:27,PRICE_STRATEGY,32,12.756109237670898,12.858152389526367,AAPL
1762653207.939966,2025-11-08 19:53:27,ORDERBOOK,110,12.693166732788086,12.729883193969727,AAPL
1762653207.9402251,2025-11-08 19:53:27,NEWS_STRATEGY,32,13.06915283203125,13.080120086669922,AAPL
1762653207.9518368,2025-11-08 19:53:27,ORDERBOOK,111,11.787176132202148,11.829853057861328,MSFT
1762653207.9519591,2025-11-08 19:53:27,PRICE_STRATEGY,33,11.65318489074707,11.851072311401367,AAPL
1762653207.9522161,2025-11-08 19:53:27,NEWS_STRATEGY,33,12.090206146240234,12.105941772460938,AAPL
1762653207.964857,2025-11-08 19:53:27,ORDERBOOK,112,12.847185134887695,12.891054153442383,SPY
1762653207.965127,2025-11-08 19:53:27,PRICE_STRATEGY,34,12.850284576416016,12.959003448486328,AAPL
1762653207.9650738,2025-11-08 19:53:27,NEWS_STRATEGY,34,12.890338897705078,12.905120849609375,AAPL
1762653207.9769201,2025-11-08 19:53:27,NEWS_STRATEGY,35,11.902093887329102,11.91091537475586,AAPL
1762653207.976942,2025-11-08 19:53:27,PRICE_STRATEGY,35,11.736869812011719,11.934041976928711,AAPL
1762653207.9769468,2025-11-08 19:53:27,ORDERBOOK,113,11.905908584594727,12.053966522216797,AAPL
1762653207.9891121,2025-11-08 19:53:27,PRICE_STRATEGY,36,12.06207275390625,12.26806640625,AAPL
1762653207.988974,2025-11-08 19:53:27,ORDERBOOK,114,12.158870697021484,12.204885482788086,MSFT
1762653207.989293,2025-11-08 19:53:27,NEWS_STRATEGY,36,12.434005737304688,12.44807243347168,AAPL
1762653208.001676,2025-11-08 19:53:28,ORDERBOOK,115,12.510299682617188,12.547016143798828,SPY
1762653208.001951,2025-11-08 19:53:28,NEWS_STRATEGY,37,12.717008590698242,12.72273063659668,AAPL
1762653208.001717,2025-11-08 19:53:28,PRICE_STRATEGY,37,12.357950210571289,12.488842010498047,AAPL
1762653208.0146072,2025-11-08 19:53:28,ORDERBOOK,116,12.785911560058594,12.830018997192383,AAPL
1762653208.014965,2025-11-08 19:53:28,PRICE_STRATEGY,38,12.770652770996094,12.878656387329102,AAPL
1762653208.014873,2025-11-08 19:53:28,NEWS_STRATEGY,38,12.772798538208008,12.78376579284668,AAPL
1762653208.026348,2025-11-08 19:53:28,ORDERBOOK,117,11.631965637207031,11.664867401123047,MSFT
1762653208.027605,2025-11-08 19:53:28,NEWS_STRATEGY,39,12.677192687988281,12.692928314208984,AAPL
1762653208.027749,2025-11-08 19:53:28,PRICE_STRATEGY,39,12.675046920776367,12.835979461669922,AAPL
1762653208.038625,2025-11-08 19:53:28,ORDERBOOK,118,12.170791625976562,12.212991714477539,SPY
1762653208.0403059,2025-11-08 19:53:28,NEWS_STRATEGY,40,12.668848037719727,12.682914733886719,AAPL
1762653208.0404081,2025-11-08 19:53:28,PRICE_STRATEGY,40,12.674093246459961,12.785911560058594,AAPL
1762653208.051477,2025-11-08 19:53:28,ORDERBOOK,119,12.73798942565918,12.768030166625977,AAPL
1762653208.051708,2025-11-08 19:53:28,NEWS_STRATEGY,41,11.37995719909668,11.401891708374023,AAPL
1762653208.051755,2025-11-08 19:53:28,PRICE_STRATEGY,41,11.348962783813477,11.448860168457031,AAPL
1762653208.064466,2025-11-08 19:53:28,ORDERBOOK,120,12.871026992797852,12.919902801513672,MSFT
1762653208.064838,2025-11-08 19:53:28,PRICE_STRATEGY,42,13.074874877929688,13.196945190429688,AAPL
1762653208.064757,2025-11-08 19:53:28,NEWS_STRATEGY,42,13.092756271362305,13.11492919921875,AAPL
1762653208.076792,2025-11-08 19:53:28,NEWS_STRATEGY,43,12.070894241333008,12.093782424926758,AAPL
1762653208.076869,2025-11-08 19:53:28,PRICE_STRATEGY,43,12.032032012939453,12.17198371887207,AAPL
1762653208.077193,2025-11-08 19:53:28,ORDERBOOK,121,12.66789436340332,12.69674301147461,SPY
1762653208.089705,2025-11-08 19:53:28,NEWS_STRATEGY,44,12.737035751342773,12.757062911987305,AAPL
1762653208.089856,2025-11-08 19:53:28,PRICE_STRATEGY,44,12.737035751342773,12.907981872558594,AAPL
1762653208.090086,2025-11-08 19:53:28,ORDERBOOK,122,12.86625862121582,12.913227081298828,AAPL
1762653208.101263,2025-11-08 19:53:28,NEWS_STRATEGY,45,11.384010314941406,11.400222778320312,AAPL
1762653208.101451,2025-11-08 19:53:28,PRICE_STRATEGY,45,11.384010314941406,11.58595085144043,AAPL
1762653208.101769,2025-11-08 19:53:28,ORDERBOOK,123,11.739015579223633,11.773824691772461,MSFT
1762653208.1140978,2025-11-08 19:53:28,NEWS_STRATEGY,46,12.640714645385742,12.660980224609375,AAPL
1762653208.1143339,2025-11-08 19:53:28,PRICE_STRATEGY,46,12.639999389648438,12.896537780761719,AAPL
1762653208.114652,2025-11-08 19:53:28,ORDERBOOK,124,12.730121612548828,12.817144393920898,SPY
1762653208.126967,2025-11-08 19:53:28,NEWS_STRATEGY,47,12.705802917480469,12.719869613647461,AAPL
1762653208.12705,2025-11-08 19:53:28,PRICE_STRATEGY,47,12.677907943725586,12.802839279174805,AAPL
1762653208.1272151,2025-11-08 19:53:28,ORDERBOOK,125,12.58993148803711,12.615203857421875,AAPL
1762653208.139891,2025-11-08 19:53:28,ORDERBOOK,126,12.712955474853516,12.758970260620117,MSFT
1762653208.139828,2025-11-08 19:53:28,NEWS_STRATEGY,48,12.805700302124023,12.825727462768555,AAPL
1762653208.139938,2025-11-08 19:53:28,PRICE_STRATEGY,48,12.805700302124023,12.935876846313477,AAPL
1762653208.152461,2025-11-08 19:53:28,ORDERBOOK,127,12.434959411621094,12.465953826904297,SPY
1762653208.152544,2025-11-08 19:53:28,PRICE_STRATEGY,49,12.304067611694336,12.440919876098633,AAPL
1762653208.152791,2025-11-08 19:53:28,NEWS_STRATEGY,49,12.679100036621094,12.690067291259766,AAPL
1762653208.165168,2025-11-08 19:53:28,NEWS_STRATEGY,50,12.248039245605469,12.262105941772461,AAPL
1762653208.165338,2025-11-08 19:53:28,PRICE_STRATEGY,50,12.26496696472168,12.430906295776367,AAPL
1762653208.165524,2025-11-08 19:53:28,ORDERBOOK,128,12.852907180786133,12.884855270385742,AAPL
1762653208.17811,2025-11-08 19:53:28,NEWS_STRATEGY,51,12.757062911987305,12.770891189575195,AAPL
1762653208.178355,2025-11-08 19:53:28,PRICE_STRATEGY,51,12.782812118530273,13.015031814575195,AAPL
1762653208.178571,2025-11-08 19:53:28,ORDERBOOK,129,13.015031814575195,13.041973114013672,MSFT
1762653208.191242,2025-11-08 19:53:28,NEWS_STRATEGY,52,12.876033782958984,12.904882431030273,AAPL
1762653208.191411,2025-11-08 19:53:28,PRICE_STRATEGY,52,12.845993041992188,13.074159622192383,AAPL
1762653208.191714,2025-11-08 19:53:28,ORDERBOOK,130,13.159990310668945,13.187170028686523,SPY
1762653208.204396,2025-11-08 19:53:28,PRICE_STRATEGY,53,12.740850448608398,12.860774993896484,AAPL
1762653208.20434,2025-11-08 19:53:28,ORDERBOOK,131,12.598991394042969,12.63570785522461,AAPL
1762653208.20448,2025-11-08 19:53:28,NEWS_STRATEGY,53,12.925863265991211,12.945890426635742,AAPL
1762653208.217134,2025-11-08 19:53:28,PRICE_STRATEGY,54,12.597084045410156,12.707233428955078,AAPL
1762653208.217072,2025-11-08 19:53:28,ORDERBOOK,132,12.69674301147461,12.727975845336914,MSFT
1762653208.217193,2025-11-08 19:53:28,NEWS_STRATEGY,54,12.757062911987305,12.766122817993164,AAPL
1762653208.2286348,2025-11-08 19:53:28,ORDERBOOK,133,11.493921279907227,11.542081832885742,SPY
1762653208.228639,2025-11-08 19:53:28,PRICE_STRATEGY,55,11.333703994750977,11.472702026367188,AAPL
1762653208.2288268,2025-11-08 19:53:28,NEWS_STRATEGY,55,11.645793914794922,11.661052703857422,AAPL
1762653208.241578,2025-11-08 19:53:28,NEWS_STRATEGY,56,12.633085250854492,12.649059295654297,AAPL
1762653208.2417111,2025-11-08 19:53:28,PRICE_STRATEGY,56,12.633085250854492,12.783288955688477,AAPL
1762653208.241626,2025-11-08 19:53:28,ORDERBOOK,134,12.933969497680664,12.977123260498047,AAPL
1762653208.253859,2025-11-08 19:53:28,ORDERBOOK,135,12.202978134155273,12.252092361450195,MSFT
1762653208.2539022,2025-11-08 19:53:28,PRICE_STRATEGY,57,12.228012084960938,12.371063232421875,AAPL
1762653208.254194,2025-11-08 19:53:28,NEWS_STRATEGY,57,12.645959854125977,12.660980224609375,AAPL
1762653208.2668722,2025-11-08 19:53:28,ORDERBOOK,136,12.799263000488281,12.839078903198242,SPY
1762653208.26723,2025-11-08 19:53:28,PRICE_STRATEGY,58,12.823820114135742,12.93492317199707,AAPL
1762653208.267097,2025-11-08 19:53:28,NEWS_STRATEGY,58,12.816905975341797,12.830972671508789,AAPL
1762653208.279348,2025-11-08 19:53:28,NEWS_STRATEGY,59,12.275934219360352,12.292861938476562,AAPL
1762653208.2794619,2025-11-08 19:53:28,PRICE_STRATEGY,59,12.273788452148438,12.407064437866211,AAPL
1762653208.2794518,2025-11-08 19:53:28,ORDERBOOK,137,12.46786117553711,12.514114379882812,AAPL
1762653208.292386,2025-11-08 19:53:28,ORDERBOOK,138,12.632131576538086,12.682914733886719,MSFT
1762653208.292321,2025-11-08 19:53:28,NEWS_STRATEGY,60,12.726783752441406,12.740850448608398,AAPL
1762653208.292424,2025-11-08 19:53:28,PRICE_STRATEGY,60,12.726783752441406,12.843608856201172,AAPL
1762653208.303573,2025-11-08 19:53:28,ORDERBOOK,139,11.012077331542969,11.06405258178711,SPY
1762653208.303572,2025-11-08 19:53:28,PRICE_STRATEGY,61,11.033058166503906,11.145830154418945,AAPL
1762653208.303761,2025-11-08 19:53:28,NEWS_STRATEGY,61,11.322021484375,11.336088180541992,AAPL
1762653208.31644,2025-11-08 19:53:28,ORDERBOOK,140,12.79306411743164,12.83407211303711,AAPL
1762653208.316704,2025-11-08 19:53:28,NEWS_STRATEGY,62,12.887001037597656,12.897014617919922,AAPL
1762653208.316891,2025-11-08 19:53:28,PRICE_STRATEGY,62,12.814044952392578,13.082265853881836,AAPL
1762653208.326895,2025-11-08 19:53:28,ORDERBOOK,141,10.378837585449219,10.426044464111328,MSFT
1762653208.3295581,2025-11-08 19:53:28,NEWS_STRATEGY,63,12.708902359008789,12.722969055175781,AAPL
1762653208.329694,2025-11-08 19:53:28,PRICE_STRATEGY,63,12.708902359008789,12.857913970947266,AAPL
1762653208.339763,2025-11-08 19:53:28,ORDERBOOK,142,12.809038162231445,12.851953506469727,SPY
1762653208.3423228,2025-11-08 19:53:28,NEWS_STRATEGY,64,12.624025344848633,12.635946273803711,AAPL
1762653208.342449,2025-11-08 19:53:28,PRICE_STRATEGY,64,12.62807846069336,12.761116027832031,AAPL
1762653208.351805,2025-11-08 19:53:28,ORDERBOOK,143,11.961936950683594,12.00103759765625,AAPL
1762653208.35496,2025-11-08 19:53:28,NEWS_STRATEGY,65,12.643814086914062,12.660026550292969,AAPL
1762653208.3550851,2025-11-08 19:53:28,PRICE_STRATEGY,65,12.626886367797852,12.785911560058594,AAPL
1762653208.364634,2025-11-08 19:53:28,ORDERBOOK,144,12.78376579284668,12.820959091186523,MSFT
1762653208.36774,2025-11-08 19:53:28,NEWS_STRATEGY,66,12.701988220214844,12.728214263916016,AAPL
1762653208.367929,2025-11-08 19:53:28,PRICE_STRATEGY,66,12.703180313110352,12.919187545776367,AAPL
1762653208.3764899,2025-11-08 19:53:28,ORDERBOOK,145,11.724710464477539,11.768817901611328,SPY
1762653208.380359,2025-11-08 19:53:28,NEWS_STRATEGY,67,12.663125991821289,12.678146362304688,AAPL
1762653208.3804889,2025-11-08 19:53:28,PRICE_STRATEGY,67,12.655019760131836,12.809991836547852,AAPL
1762653208.387131,2025-11-08 19:53:28,ORDERBOOK,146,10.505914688110352,10.550975799560547,AAPL
1762653208.39329,2025-11-08 19:53:28,PRICE_STRATEGY,68,12.720108032226562,12.887001037597656,AAPL
1762653208.393192,2025-11-08 19:53:28,NEWS_STRATEGY,68,12.763023376464844,12.78829574584961,AAPL
1762653208.3998342,2025-11-08 19:53:28,ORDERBOOK,147,12.713193893432617,12.74418830871582,MSFT
1762653208.4059021,2025-11-08 19:53:28,NEWS_STRATEGY,69,12.684822082519531,12.69984245300293,AAPL
1762653208.406044,2025-11-08 19:53:28,PRICE_STRATEGY,69,12.674808502197266,12.841939926147461,AAPL
1762653208.411857,2025-11-08 19:53:28,ORDERBOOK,148,11.947154998779297,11.985301971435547,SPY
1762653208.421578,2025-11-08 19:53:28,PRICE_STRATEGY,70,13.899803161621094,15.625953674316406,AAPL
1762653208.419968,2025-11-08 19:53:28,NEWS_STRATEGY,70,13.99993896484375,14.015913009643555,AAPL
1762653208.4258292,2025-11-08 19:53:28,ORDERBOOK,149,13.426065444946289,13.466119766235352,AAPL
1762653208.4327528,2025-11-08 19:53:28,NEWS_STRATEGY,71,13.29183578491211,13.30709457397461,AAPL
1762653208.4329002,2025-11-08 19:53:28,PRICE_STRATEGY,71,13.273000717163086,13.453960418701172,AAPL
1762653208.4385438,2025-11-08 19:53:28,ORDERBOOK,150,12.845993041992188,12.890100479125977,MSFT
1762653208.444921,2025-11-08 19:53:28,PRICE_STRATEGY,72,12.225866317749023,12.41302490234375,AAPL
1762653208.445194,2025-11-08 19:53:28,NEWS_STRATEGY,72,12.67385482788086,12.685775756835938,AAPL
1762653208.454221,2025-11-08 19:53:28,ORDERBOOK,151,12.71510124206543,12.747049331665039,SPY
1762653208.456388,2025-11-08 19:53:28,NEWS_STRATEGY,73,11.528253555297852,11.53707504272461,AAPL
1762653208.456456,2025-11-08 19:53:28,PRICE_STRATEGY,73,11.505126953125,11.605024337768555,AAPL
1762653208.466903,2025-11-08 19:53:28,ORDERBOOK,152,12.647867202758789,12.67099380493164,AAPL
1762653208.4691021,2025-11-08 19:53:28,NEWS_STRATEGY,74,12.64190673828125,12.652873992919922,AAPL
1762653208.469174,2025-11-08 19:53:28,PRICE_STRATEGY,74,12.630939483642578,12.723922729492188,AAPL
1762653208.478736,2025-11-08 19:53:28,ORDERBOOK,153,11.762857437133789,11.78288459777832,MSFT
1762653208.4817228,2025-11-08 19:53:28,NEWS_STRATEGY,75,12.59922981262207,12.607336044311523,AAPL
1762653208.481803,2025-11-08 19:53:28,PRICE_STRATEGY,75,12.593269348144531,12.687206268310547,AAPL
1762653208.491434,2025-11-08 19:53:28,ORDERBOOK,154,12.656927108764648,12.677907943725586,SPY
1762653208.494345,2025-11-08 19:53:28,NEWS_STRATEGY,76,12.613296508789062,12.620210647583008,AAPL
1762653208.494424,2025-11-08 19:53:28,PRICE_STRATEGY,76,12.594223022460938,12.699365615844727,AAPL
1762653208.502313,2025-11-08 19:53:28,ORDERBOOK,155,10.796785354614258,10.86282730102539,AAPL
1762653208.5069408,2025-11-08 19:53:28,NEWS_STRATEGY,77,12.598991394042969,12.605905532836914,AAPL
1762653208.506968,2025-11-08 19:53:28,PRICE_STRATEGY,77,12.583255767822266,12.633085250854492,AAPL
1762653208.5149162,2025-11-08 19:53:28,ORDERBOOK,156,12.613773345947266,12.631893157958984,MSFT
1762653208.51951,2025-11-08 19:53:28,NEWS_STRATEGY,78,12.589216232299805,12.59613037109375,AAPL
1762653208.5195782,2025-11-08 19:53:28,PRICE_STRATEGY,78,12.58707046508789,12.664079666137695,AAPL
1762653208.526737,2025-11-08 19:53:28,ORDERBOOK,157,11.79814338684082,11.823892593383789,SPY
1762653208.532144,2025-11-08 19:53:28,NEWS_STRATEGY,79,12.61281967163086,12.619972229003906,AAPL
1762653208.532206,2025-11-08 19:53:28,PRICE_STRATEGY,79,12.623786926269531,12.681961059570312,AAPL
1762653208.5393941,2025-11-08 19:53:28,ORDERBOOK,158,12.639045715332031,12.655973434448242,AAPL
1762653208.5447521,2025-11-08 19:53:28,NEWS_STRATEGY,80,12.599945068359375,12.607097625732422,AAPL
1762653208.544807,2025-11-08 19:53:28,PRICE_STRATEGY,80,12.599945068359375,12.661933898925781,AAPL
1762653208.551761,2025-11-08 19:53:28,ORDERBOOK,159,12.320756912231445,12.341737747192383,MSFT
1762653208.5574179,2025-11-08 19:53:28,NEWS_STRATEGY,81,12.614250183105469,12.62211799621582,AAPL
1762653208.5574641,2025-11-08 19:53:28,PRICE_STRATEGY,81,12.60519027709961,12.668132781982422,AAPL
1762653208.564369,2025-11-08 19:53:28,ORDERBOOK,160,12.62521743774414,12.646913528442383,SPY
1762653208.56964,2025-11-08 19:53:28,NEWS_STRATEGY,82,12.143850326538086,12.152910232543945,AAPL
1762653208.5697,2025-11-08 19:53:28,PRICE_STRATEGY,82,12.139081954956055,12.212991714477539,AAPL
1762653208.57664,2025-11-08 19:53:28,ORDERBOOK,161,12.23301887512207,12.253999710083008,AAPL
1762653208.582201,2025-11-08 19:53:28,PRICE_STRATEGY,83,12.494087219238281,12.578010559082031,AAPL
1762653208.582117,2025-11-08 19:53:28,NEWS_STRATEGY,83,12.481927871704102,12.494087219238281,AAPL
1762653208.589275,2025-11-08 19:53:28,ORDERBOOK,162,12.63117790222168,12.652158737182617,MSFT
1762653208.59496,2025-11-08 19:53:28,NEWS_STRATEGY,84,12.61281967163086,12.620925903320312,AAPL
1762653208.59504,2025-11-08 19:53:28,PRICE_STRATEGY,84,12.61281967163086,12.700796127319336,AAPL
1762653208.601656,2025-11-08 19:53:28,ORDERBOOK,163,12.360334396362305,12.379169464111328,SPY
1762653208.607632,2025-11-08 19:53:28,NEWS_STRATEGY,85,12.611865997314453,12.620210647583008,AAPL
1762653208.607706,2025-11-08 19:53:28,PRICE_STRATEGY,85,12.610912322998047,12.693166732788086,AAPL
1762653208.614347,2025-11-08 19:53:28,ORDERBOOK,164,12.644052505493164,12.665033340454102,AAPL
1762653208.620281,2025-11-08 19:53:28,NEWS_STRATEGY,86,12.601137161254883,12.608051300048828,AAPL
1762653208.620342,2025-11-08 19:53:28,PRICE_STRATEGY,86,12.601137161254883,12.668848037719727,AAPL
1762653208.6267068,2025-11-08 19:53:28,ORDERBOOK,165,12.315034866333008,12.336969375610352,MSFT
1762653208.632919,2025-11-08 19:53:28,NEWS_STRATEGY,87,12.612104415893555,12.6190185546875,AAPL
1762653208.6329541,2025-11-08 19:53:28,PRICE_STRATEGY,87,12.593746185302734,12.65406608581543,AAPL
1762653208.639316,2025-11-08 19:53:28,ORDERBOOK,166,12.63427734375,12.653112411499023,SPY
1762653208.6456,2025-11-08 19:53:28,NEWS_STRATEGY,88,12.660980224609375,12.66789436340332,AAPL
1762653208.645643,2025-11-08 19:53:28,PRICE_STRATEGY,88,12.642860412597656,12.711048126220703,AAPL
1762653208.651681,2025-11-08 19:53:28,ORDERBOOK,167,12.334823608398438,12.358903884887695,AAPL
1762653208.658208,2025-11-08 19:53:28,NEWS_STRATEGY,89,12.623071670532227,12.629985809326172,AAPL
1762653208.658253,2025-11-08 19:53:28,PRICE_STRATEGY,89,12.611150741577148,12.675046920776367,AAPL
1762653208.6643462,2025-11-08 19:53:28,ORDERBOOK,168,12.63284683227539,12.653112411499023,MSFT
1762653208.6708648,2025-11-08 19:53:28,NEWS_STRATEGY,90,12.629985809326172,12.638330459594727,AAPL
1762653208.670938,2025-11-08 19:53:28,PRICE_STRATEGY,90,12.629985809326172,12.712240219116211,AAPL
1762653208.67679,2025-11-08 19:53:28,ORDERBOOK,169,12.40396499633789,12.43281364440918,SPY
1762653208.6817439,2025-11-08 19:53:28,NEWS_STRATEGY,91,10.867834091186523,10.877132415771484,AAPL
1762653208.681809,2025-11-08 19:53:28,PRICE_STRATEGY,91,10.867834091186523,10.941743850708008,AAPL
1762653208.688687,2025-11-08 19:53:28,ORDERBOOK,170,11.847972869873047,11.870145797729492,AAPL
1762653208.694361,2025-11-08 19:53:28,NEWS_STRATEGY,92,12.617826461791992,12.626886367797852,AAPL
1762653208.6944351,2025-11-08 19:53:28,PRICE_STRATEGY,92,12.609720230102539,12.700796127319336,AAPL
1762653208.7000089,2025-11-08 19:53:28,ORDERBOOK,171,11.275053024291992,11.293888092041016,MSFT
1762653208.707052,2025-11-08 19:53:28,NEWS_STRATEGY,93,12.619972229003906,12.629032135009766,AAPL
1762653208.7071,2025-11-08 19:53:28,PRICE_STRATEGY,93,12.612104415893555,12.67695426940918,AAPL
1762653208.712671,2025-11-08 19:53:28,ORDERBOOK,172,12.633085250854492,12.65406608581543,SPY
1762653208.7184079,2025-11-08 19:53:28,PRICE_STRATEGY,94,11.215925216674805,11.304855346679688,AAPL
1762653208.71838,2025-11-08 19:53:28,NEWS_STRATEGY,94,11.263847351074219,11.27481460571289,AAPL
1762653208.724113,2025-11-08 19:53:28,ORDERBOOK,173,11.366844177246094,11.4288330078125,AAPL
1762653208.73096,2025-11-08 19:53:28,NEWS_STRATEGY,95,12.629032135009766,12.638330459594727,AAPL
1762653208.731016,2025-11-08 19:53:28,PRICE_STRATEGY,95,12.632131576538086,12.694120407104492,AAPL
1762653208.7367418,2025-11-08 19:53:28,ORDERBOOK,174,12.631893157958984,12.653112411499023,MSFT
1762653208.743319,2025-11-08 19:53:28,NEWS_STRATEGY,96,12.307882308959961,12.314081192016602,AAPL
1762653208.743293,2025-11-08 19:53:28,PRICE_STRATEGY,96,12.244939804077148,12.289047241210938,AAPL
1762653208.749481,2025-11-08 19:53:28,ORDERBOOK,175,12.639999389648438,12.69388198852539,SPY
1762653208.75597,2025-11-08 19:53:28,NEWS_STRATEGY,97,12.676000595092773,12.685060501098633,AAPL
1762653208.756046,2025-11-08 19:53:28,PRICE_STRATEGY,97,12.672901153564453,12.760162353515625,AAPL
1762653208.7622101,2025-11-08 19:53:28,ORDERBOOK,176,12.660980224609375,12.686014175415039,AAPL
1762653208.768577,2025-11-08 19:53:28,PRICE_STRATEGY,98,12.460947036743164,12.605905532836914,AAPL
1762653208.7686021,2025-11-08 19:53:28,NEWS_STRATEGY,98,12.622833251953125,12.630939483642578,AAPL
1762653208.774965,2025-11-08 19:53:28,ORDERBOOK,177,12.663125991821289,12.691020965576172,MSFT
1762653208.781176,2025-11-08 19:53:28,NEWS_STRATEGY,99,12.646198272705078,12.655019760131836,AAPL
1762653208.781246,2025-11-08 19:53:28,PRICE_STRATEGY,99,12.639045715332031,12.724876403808594,AAPL
1762653208.787682,2025-11-08 19:53:28,ORDERBOOK,178,12.681245803833008,12.70914077758789,SPY
1762653208.793268,2025-11-08 19:53:28,NEWS_STRATEGY,100,12.068033218383789,12.077808380126953,AAPL
1762653208.7935019,2025-11-08 19:53:28,PRICE_STRATEGY,100,12.0849609375,12.311935424804688,AAPL
1762653208.8003788,2025-11-08 19:53:28,ORDERBOOK,179,12.649059295654297,12.674093246459961,AAPL
1762653208.8062239,2025-11-08 19:53:28,PRICE_STRATEGY,101,12.70294189453125,12.810945510864258,AAPL
1762653208.80613,2025-11-08 19:53:28,NEWS_STRATEGY,101,12.703895568847656,12.715816497802734,AAPL
1762653208.81246,2025-11-08 19:53:28,ORDERBOOK,180,11.971712112426758,12.038946151733398,MSFT
1762653208.8181398,2025-11-08 19:53:28,NEWS_STRATEGY,102,11.926889419555664,11.960029602050781,AAPL
1762653208.8182862,2025-11-08 19:53:28,PRICE_STRATEGY,102,11.946916580200195,12.106895446777344,AAPL
1762653208.8252292,2025-11-08 19:53:28,ORDERBOOK,181,12.729644775390625,12.763738632202148,SPY
1762653208.8307872,2025-11-08 19:53:28,NEWS_STRATEGY,103,12.65573501586914,12.668848037719727,AAPL
1762653208.830886,2025-11-08 19:53:28,PRICE_STRATEGY,103,12.651920318603516,12.767791748046875,AAPL
1762653208.836851,2025-11-08 19:53:28,ORDERBOOK,182,11.558055877685547,11.595964431762695,AAPL
1762653208.843679,2025-11-08 19:53:28,PRICE_STRATEGY,104,12.598037719726562,12.833833694458008,AAPL
1762653208.843443,2025-11-08 19:53:28,NEWS_STRATEGY,104,12.578964233398438,12.598991394042969,AAPL
1762653208.849686,2025-11-08 19:53:28,ORDERBOOK,183,12.732982635498047,12.778997421264648,MSFT
1762653208.856394,2025-11-08 19:53:28,NEWS_STRATEGY,105,12.7410888671875,12.758016586303711,AAPL
1762653208.856569,2025-11-08 19:53:28,PRICE_STRATEGY,105,12.7410888671875,12.93325424194336,AAPL
1762653208.862539,2025-11-08 19:53:28,ORDERBOOK,184,12.748241424560547,12.77923583984375,SPY
1762653208.868354,2025-11-08 19:53:28,NEWS_STRATEGY,106,11.830806732177734,11.854887008666992,AAPL
1762653208.8685231,2025-11-08 19:53:28,PRICE_STRATEGY,106,11.858940124511719,12.024879455566406,AAPL
1762653208.875303,2025-11-08 19:53:28,ORDERBOOK,185,12.70604133605957,12.740850448608398,AAPL
1762653208.8790379,2025-11-08 19:53:28,NEWS_STRATEGY,107,10.59103012084961,10.60795783996582,AAPL
1762653208.8792052,2025-11-08 19:53:28,PRICE_STRATEGY,107,10.581016540527344,10.775089263916016,AAPL
1762653208.88819,2025-11-08 19:53:28,ORDERBOOK,186,12.769937515258789,12.81285285949707,MSFT
1762653208.891753,2025-11-08 19:53:28,NEWS_STRATEGY,108,12.624025344848633,12.634992599487305,AAPL
1762653208.89187,2025-11-08 19:53:28,PRICE_STRATEGY,108,12.619972229003906,12.750864028930664,AAPL
1762653208.90113,2025-11-08 19:53:28,ORDERBOOK,187,12.809991836547852,12.855052947998047,SPY
1762653208.9031758,2025-11-08 19:53:28,NEWS_STRATEGY,109,11.378049850463867,11.395931243896484,AAPL
1762653208.903391,2025-11-08 19:53:28,PRICE_STRATEGY,109,11.374950408935547,11.609792709350586,AAPL
1762653208.913922,2025-11-08 19:53:28,ORDERBOOK,188,12.706756591796875,12.742996215820312,AAPL
1762653208.915987,2025-11-08 19:53:28,NEWS_STRATEGY,110,12.662172317504883,12.681007385253906,AAPL
1762653208.916214,2025-11-08 19:53:28,PRICE_STRATEGY,110,12.729167938232422,12.904167175292969,AAPL
1762653208.9267762,2025-11-08 19:53:28,ORDERBOOK,189,12.709856033325195,12.779951095581055,MSFT
1762653208.928742,2025-11-08 19:53:28,NEWS_STRATEGY,111,12.67099380493164,12.68911361694336,AAPL
1762653208.9289012,2025-11-08 19:53:28,PRICE_STRATEGY,111,12.716054916381836,12.848138809204102,AAPL
1762653208.939712,2025-11-08 19:53:28,ORDERBOOK,190,12.861967086791992,12.89820671081543,SPY
1762653208.939862,2025-11-08 19:53:28,NEWS_STRATEGY,112,11.052131652832031,11.06882095336914,AAPL
1762653208.9399822,2025-11-08 19:53:28,PRICE_STRATEGY,112,11.052131652832031,11.188983917236328,AAPL
1762653208.951709,2025-11-08 19:53:28,NEWS_STRATEGY,113,11.850118637084961,11.855840682983398,AAPL
1762653208.951825,2025-11-08 19:53:28,PRICE_STRATEGY,113,11.86513900756836,11.97195053100586,AAPL
1762653208.952378,2025-11-08 19:53:28,ORDERBOOK,191,12.650012969970703,12.676239013671875,AAPL
1762653208.964755,2025-11-08 19:53:28,NEWS_STRATEGY,114,12.804746627807617,12.823820114135742,AAPL
1762653208.964968,2025-11-08 19:53:28,PRICE_STRATEGY,114,12.801885604858398,13.036727905273438,AAPL
1762653208.965235,2025-11-08 19:53:28,ORDERBOOK,192,12.809991836547852,12.84480094909668,MSFT
1762653208.976798,2025-11-08 19:53:28,PRICE_STRATEGY,115,11.805057525634766,11.92784309387207,AAPL
1762653208.9766972,2025-11-08 19:53:28,NEWS_STRATEGY,115,11.812925338745117,11.82699203491211,AAPL
1762653208.9779289,2025-11-08 19:53:28,ORDERBOOK,193,12.640953063964844,12.66789436340332,SPY
1762653208.98969,2025-11-08 19:53:28,NEWS_STRATEGY,116,12.876033782958984,12.892007827758789,AAPL
1762653208.989849,2025-11-08 19:53:28,PRICE_STRATEGY,116,12.874841690063477,13.051033020019531,AAPL
1762653208.99068,2025-11-08 19:53:28,ORDERBOOK,194,12.725830078125,12.75491714477539,AAPL
1762653209.0015821,2025-11-08 19:53:29,ORDERBOOK,195,10.947942733764648,10.992050170898438,MSFT
1762653209.001844,2025-11-08 19:53:29,NEWS_STRATEGY,117,12.14909553527832,12.163877487182617,AAPL
1762653209.002055,2025-11-08 19:53:29,PRICE_STRATEGY,117,12.15219497680664,12.375116348266602,AAPL
1762653209.014512,2025-11-08 19:53:29,ORDERBOOK,196,12.792110443115234,12.835264205932617,SPY
1762653209.014775,2025-11-08 19:53:29,NEWS_STRATEGY,118,12.948036193847656,12.959003448486328,AAPL
1762653209.0149848,2025-11-08 19:53:29,PRICE_STRATEGY,118,12.944936752319336,13.169050216674805,AAPL
1762653209.026774,2025-11-08 19:53:29,ORDERBOOK,197,12.110233306884766,12.142181396484375,AAPL
1762653209.027253,2025-11-08 19:53:29,NEWS_STRATEGY,119,12.48621940612793,12.498855590820312,AAPL
1762653209.0274408,2025-11-08 19:53:29,PRICE_STRATEGY,119,12.48621940612793,12.688159942626953,AAPL
1762653209.040021,2025-11-08 19:53:29,PRICE_STRATEGY,120,12.594223022460938,12.792110443115234,AAPL
1762653209.039972,2025-11-08 19:53:29,NEWS_STRATEGY,120,12.724161148071289,12.7410888671875,AAPL
1762653209.039964,2025-11-08 19:53:29,ORDERBOOK,198,12.94398307800293,13.042211532592773,MSFT
1762653209.051723,2025-11-08 19:53:29,ORDERBOOK,199,11.873006820678711,11.913776397705078,SPY
1762653209.0526989,2025-11-08 19:53:29,NEWS_STRATEGY,121,12.71510124206543,12.728214263916016,AAPL
1762653209.0527732,2025-11-08 19:53:29,PRICE_STRATEGY,121,12.655019760131836,12.803077697753906,AAPL
1762653209.064528,2025-11-08 19:53:29,ORDERBOOK,200,12.720108032226562,12.762069702148438,AAPL
1762653209.065537,2025-11-08 19:53:29,NEWS_STRATEGY,122,12.685060501098633,12.697219848632812,AAPL
1762653209.0656881,2025-11-08 19:53:29,PRICE_STRATEGY,122,12.639999389648438,12.847185134887695,AAPL
1762653209.076919,2025-11-08 19:53:29,ORDERBOOK,201,12.283802032470703,12.380838394165039,MSFT
1762653209.07699,2025-11-08 19:53:29,PRICE_STRATEGY,123,11.28697395324707,11.471748352050781,AAPL
1762653209.077227,2025-11-08 19:53:29,NEWS_STRATEGY,123,11.699914932250977,11.708974838256836,AAPL
1762653209.089982,2025-11-08 19:53:29,ORDERBOOK,202,12.831926345825195,12.914896011352539,SPY
1762653209.090115,2025-11-08 19:53:29,NEWS_STRATEGY,124,12.867212295532227,12.876033782958984,AAPL
1762653209.090037,2025-11-08 19:53:29,PRICE_STRATEGY,124,12.646913528442383,12.798070907592773,AAPL
1762653209.1018739,2025-11-08 19:53:29,ORDERBOOK,203,11.833906173706055,11.886835098266602,AAPL
1762653209.102776,2025-11-08 19:53:29,NEWS_STRATEGY,125,12.638330459594727,12.65096664428711,AAPL
1762653209.102936,2025-11-08 19:53:29,PRICE_STRATEGY,125,12.635231018066406,12.812137603759766,AAPL
1762653209.1148102,2025-11-08 19:53:29,ORDERBOOK,204,12.907028198242188,12.93802261352539,MSFT
1762653209.1156201,2025-11-08 19:53:29,NEWS_STRATEGY,126,12.862920761108398,12.87698745727539,AAPL
1762653209.115712,2025-11-08 19:53:29,PRICE_STRATEGY,126,12.820005416870117,12.969017028808594,AAPL
1762653209.12676,2025-11-08 19:53:29,ORDERBOOK,205,11.967897415161133,12.045621871948242,SPY
1762653209.128227,2025-11-08 19:53:29,NEWS_STRATEGY,127,12.632131576538086,12.643098831176758,AAPL
1762653209.12834,2025-11-08 19:53:29,PRICE_STRATEGY,127,12.650012969970703,12.757062911987305,AAPL
1762653209.139466,2025-11-08 19:53:29,ORDERBOOK,206,12.652158737182617,12.706995010375977,AAPL
1762653209.139436,2025-11-08 19:53:29,NEWS_STRATEGY,128,11.181116104125977,11.192083358764648,AAPL
1762653209.139508,2025-11-08 19:53:29,PRICE_STRATEGY,128,11.158943176269531,11.262893676757812,AAPL
1762653209.15171,2025-11-08 19:53:29,ORDERBOOK,207,12.178182601928711,12.223005294799805,MSFT
1762653209.1522229,2025-11-08 19:53:29,NEWS_STRATEGY,129,12.608051300048828,12.616872787475586,AAPL
1762653209.1523159,2025-11-08 19:53:29,PRICE_STRATEGY,129,12.60685920715332,12.70914077758789,AAPL
1762653209.1644568,2025-11-08 19:53:29,ORDERBOOK,208,12.66622543334961,12.691974639892578,SPY
1762653209.164869,2025-11-08 19:53:29,NEWS_STRATEGY,130,12.597084045410156,12.604236602783203,AAPL
1762653209.1649358,2025-11-08 19:53:29,PRICE_STRATEGY,130,12.586116790771484,12.67099380493164,AAPL
1762653209.176045,2025-11-08 19:53:29,ORDERBOOK,209,11.533021926879883,11.553049087524414,AAPL
1762653209.176018,2025-11-08 19:53:29,NEWS_STRATEGY,131,11.165857315063477,11.176824569702148,AAPL
1762653209.176137,2025-11-08 19:53:29,PRICE_STRATEGY,131,11.11292839050293,11.294841766357422,AAPL
1762653209.188898,2025-11-08 19:53:29,ORDERBOOK,210,12.692928314208984,12.719154357910156,MSFT
1762653209.189006,2025-11-08 19:53:29,NEWS_STRATEGY,132,12.640953063964844,12.649059295654297,AAPL
1762653209.189109,2025-11-08 19:53:29,PRICE_STRATEGY,132,12.63284683227539,12.750864028930664,AAPL
1762653209.2012842,2025-11-08 19:53:29,NEWS_STRATEGY,133,12.288093566894531,12.296199798583984,AAPL
1762653209.2013671,2025-11-08 19:53:29,PRICE_STRATEGY,133,12.267112731933594,12.380361557006836,AAPL
1762653209.2013361,2025-11-08 19:53:29,ORDERBOOK,211,12.3748779296875,12.419939041137695,SPY
1762653209.21411,2025-11-08 19:53:29,ORDERBOOK,212,12.681961059570312,12.706756591796875,AAPL
1762653209.214229,2025-11-08 19:53:29,PRICE_STRATEGY,134,12.594938278198242,12.75491714477539,AAPL
1762653209.2142441,2025-11-08 19:53:29,NEWS_STRATEGY,134,12.761831283569336,12.77017593383789,AAPL
1762653209.2269518,2025-11-08 19:53:29,PRICE_STRATEGY,135,12.613296508789062,12.726068496704102,AAPL
1762653209.226926,2025-11-08 19:53:29,NEWS_STRATEGY,135,12.68911361694336,12.699127197265625,AAPL
1762653209.226996,2025-11-08 19:53:29,ORDERBOOK,213,12.807846069335938,12.836933135986328,MSFT
1762653209.239752,2025-11-08 19:53:29,ORDERBOOK,214,12.452125549316406,12.476921081542969,SPY
1762653209.239717,2025-11-08 19:53:29,NEWS_STRATEGY,136,12.678146362304688,12.691020965576172,AAPL
1762653209.23982,2025-11-08 19:53:29,PRICE_STRATEGY,136,12.671947479248047,12.79306411743164,AAPL
1762653209.252494,2025-11-08 19:53:29,ORDERBOOK,215,12.666702270507812,12.691974639892578,AAPL
1762653209.252613,2025-11-08 19:53:29,NEWS_STRATEGY,137,12.691974639892578,12.699127197265625,AAPL
1762653209.2527208,2025-11-08 19:53:29,PRICE_STRATEGY,137,12.691974639892578,12.806177139282227,AAPL
1762653209.265172,2025-11-08 19:53:29,NEWS_STRATEGY,138,12.567996978759766,12.577056884765625,AAPL
1762653209.265213,2025-11-08 19:53:29,ORDERBOOK,216,12.675046920776367,12.697696685791016,MSFT
1762653209.2652538,2025-11-08 19:53:29,PRICE_STRATEGY,138,12.567996978759766,12.658119201660156,AAPL
1762653209.276665,2025-11-08 19:53:29,NEWS_STRATEGY,139,11.39211654663086,11.399984359741211,AAPL
1762653209.276696,2025-11-08 19:53:29,ORDERBOOK,217,11.347770690917969,11.37089729309082,SPY
1762653209.27676,2025-11-08 19:53:29,PRICE_STRATEGY,139,11.392831802368164,11.495113372802734,AAPL
1762653209.287334,2025-11-08 19:53:29,PRICE_STRATEGY,140,10.436773300170898,10.528802871704102,AAPL
1762653209.287286,2025-11-08 19:53:29,ORDERBOOK,218,10.518074035644531,10.542154312133789,AAPL
1762653209.287413,2025-11-08 19:53:29,NEWS_STRATEGY,140,10.600805282592773,10.607719421386719,AAPL
1762653209.2999911,2025-11-08 19:53:29,ORDERBOOK,219,12.634038925170898,12.656927108764648,MSFT
1762653209.2999759,2025-11-08 19:53:29,NEWS_STRATEGY,141,12.557744979858398,12.567758560180664,AAPL
1762653209.300055,2025-11-08 19:53:29,PRICE_STRATEGY,141,12.556791305541992,12.645721435546875,AAPL
1762653209.3126972,2025-11-08 19:53:29,NEWS_STRATEGY,142,12.640953063964844,12.65096664428711,AAPL
1762653209.312757,2025-11-08 19:53:29,PRICE_STRATEGY,142,12.639999389648438,12.711048126220703,AAPL
1762653209.3128068,2025-11-08 19:53:29,ORDERBOOK,220,12.64500617980957,12.703180313110352,SPY
1762653209.325529,2025-11-08 19:53:29,ORDERBOOK,221,12.65573501586914,12.681961059570312,AAPL
1762653209.325548,2025-11-08 19:53:29,PRICE_STRATEGY,143,12.686967849731445,12.758970260620117,AAPL
1762653209.325609,2025-11-08 19:53:29,NEWS_STRATEGY,143,12.811899185180664,12.820005416870117,AAPL
1762653209.335972,2025-11-08 19:53:29,ORDERBOOK,222,10.423898696899414,10.473012924194336,MSFT
1762653209.338181,2025-11-08 19:53:29,NEWS_STRATEGY,144,12.483835220336914,12.491941452026367,AAPL
1762653209.3382452,2025-11-08 19:53:29,PRICE_STRATEGY,144,12.480974197387695,12.55488395690918,AAPL
1762653209.3486211,2025-11-08 19:53:29,ORDERBOOK,223,12.632131576538086,12.655019760131836,SPY
1762653209.348768,2025-11-08 19:53:29,NEWS_STRATEGY,145,10.561943054199219,10.568857192993164,AAPL
1762653209.348822,2025-11-08 19:53:29,PRICE_STRATEGY,145,10.560035705566406,10.623931884765625,AAPL
1762653209.3613691,2025-11-08 19:53:29,ORDERBOOK,224,12.686729431152344,12.716054916381836,AAPL
1762653209.3614452,2025-11-08 19:53:29,PRICE_STRATEGY,146,12.546777725219727,12.681961059570312,AAPL
1762653209.3615758,2025-11-08 19:53:29,NEWS_STRATEGY,146,12.802839279174805,12.81285285949707,AAPL
1762653209.374153,2025-11-08 19:53:29,ORDERBOOK,225,12.665033340454102,12.69078254699707,MSFT
1762653209.374271,2025-11-08 19:53:29,NEWS_STRATEGY,147,12.67099380493164,12.677907943725586,AAPL
1762653209.374327,2025-11-08 19:53:29,PRICE_STRATEGY,147,12.668848037719727,12.733936309814453,AAPL
1762653209.386971,2025-11-08 19:53:29,ORDERBOOK,226,12.709856033325195,12.784004211425781,SPY
1762653209.3871229,2025-11-08 19:53:29,NEWS_STRATEGY,148,12.84480094909668,12.855768203735352,AAPL
1762653209.387027,2025-11-08 19:53:29,PRICE_STRATEGY,148,12.613773345947266,12.759685516357422,AAPL
1762653209.3997598,2025-11-08 19:53:29,PRICE_STRATEGY,149,12.526988983154297,12.608051300048828,AAPL
1762653209.39974,2025-11-08 19:53:29,NEWS_STRATEGY,149,12.577056884765625,12.58707046508789,AAPL
1762653209.399725,2025-11-08 19:53:29,ORDERBOOK,227,12.681961059570312,12.710094451904297,AAPL
1762653209.411849,2025-11-08 19:53:29,ORDERBOOK,228,12.026071548461914,12.07590103149414,MSFT
1762653209.412499,2025-11-08 19:53:29,NEWS_STRATEGY,150,12.604951858520508,12.614011764526367,AAPL
1762653209.4125829,2025-11-08 19:53:29,PRICE_STRATEGY,150,12.603998184204102,12.696266174316406,AAPL
1762653209.424615,2025-11-08 19:53:29,ORDERBOOK,229,12.704133987426758,12.736082077026367,SPY
1762653209.425239,2025-11-08 19:53:29,NEWS_STRATEGY,151,12.668132781982422,12.677192687988281,AAPL
1762653209.425292,2025-11-08 19:53:29,PRICE_STRATEGY,151,12.639999389648438,12.730121612548828,AAPL
1762653209.437323,2025-11-08 19:53:29,NEWS_STRATEGY,152,12.114286422729492,12.129068374633789,AAPL
1762653209.437502,2025-11-08 19:53:29,ORDERBOOK,230,12.695789337158203,12.84480094909668,AAPL
1762653209.437472,2025-11-08 19:53:29,PRICE_STRATEGY,152,12.112140655517578,12.27712631225586,AAPL
1762653209.448565,2025-11-08 19:53:29,ORDERBOOK,231,10.965108871459961,10.994911193847656,MSFT
1762653209.448608,2025-11-08 19:53:29,PRICE_STRATEGY,153,10.801076889038086,10.905981063842773,AAPL
1762653209.448707,2025-11-08 19:53:29,NEWS_STRATEGY,153,10.99085807800293,11.00611686706543,AAPL
1762653209.460209,2025-11-08 19:53:29,PRICE_STRATEGY,154,11.422872543334961,11.544942855834961,AAPL
1762653209.460161,2025-11-08 19:53:29,ORDERBOOK,232,11.559009552001953,11.582136154174805,SPY
1762653209.460323,2025-11-08 19:53:29,NEWS_STRATEGY,154,11.652946472167969,11.660099029541016,AAPL
1762653209.4730082,2025-11-08 19:53:29,ORDERBOOK,233,12.768030166625977,12.80832290649414,AAPL
1762653209.4732091,2025-11-08 19:53:29,NEWS_STRATEGY,155,12.816190719604492,12.827157974243164,AAPL
1762653209.4733171,2025-11-08 19:53:29,PRICE_STRATEGY,155,12.816190719604492,12.93635368347168,AAPL
1762653209.485823,2025-11-08 19:53:29,NEWS_STRATEGY,156,12.644052505493164,12.662172317504883,AAPL
1762653209.485964,2025-11-08 19:53:29,PRICE_STRATEGY,156,12.644052505493164,12.803077697753906,AAPL
1762653209.486104,2025-11-08 19:53:29,ORDERBOOK,234,13.000965118408203,13.027191162109375,MSFT
1762653209.4987679,2025-11-08 19:53:29,NEWS_STRATEGY,157,12.799978256225586,12.820959091186523,AAPL
1762653209.498914,2025-11-08 19:53:29,PRICE_STRATEGY,157,12.799978256225586,12.968063354492188,AAPL
1762653209.498847,2025-11-08 19:53:29,ORDERBOOK,235,12.78376579284668,12.824773788452148,SPY
1762653209.511392,2025-11-08 19:53:29,ORDERBOOK,236,12.288093566894531,12.32004165649414,AAPL
1762653209.511363,2025-11-08 19:53:29,PRICE_STRATEGY,158,12.299060821533203,12.401342391967773,AAPL
1762653209.5115168,2025-11-08 19:53:29,NEWS_STRATEGY,158,12.542247772216797,12.555122375488281,AAPL
1762653209.5241961,2025-11-08 19:53:29,ORDERBOOK,237,12.768030166625977,12.819766998291016,MSFT
1762653209.5242949,2025-11-08 19:53:29,PRICE_STRATEGY,159,12.643098831176758,12.82501220703125,AAPL
1762653209.524416,2025-11-08 19:53:29,NEWS_STRATEGY,159,12.942075729370117,12.948989868164062,AAPL
1762653209.535091,2025-11-08 19:53:29,NEWS_STRATEGY,160,10.74671745300293,10.755777359008789,AAPL
1762653209.5353012,2025-11-08 19:53:29,PRICE_STRATEGY,160,10.75887680053711,10.96487045288086,AAPL
1762653209.5351639,2025-11-08 19:53:29,ORDERBOOK,238,10.86282730102539,10.90097427368164,SPY
1762653209.548162,2025-11-08 19:53:29,PRICE_STRATEGY,161,12.722969055175781,12.881755828857422,AAPL
1762653209.548079,2025-11-08 19:53:29,ORDERBOOK,239,12.827157974243164,12.870311737060547,AAPL
1762653209.548251,2025-11-08 19:53:29,NEWS_STRATEGY,161,12.95781135559082,12.970924377441406,AAPL
1762653209.5609212,2025-11-08 19:53:29,NEWS_STRATEGY,162,12.70294189453125,12.725114822387695,AAPL
1762653209.560962,2025-11-08 19:53:29,ORDERBOOK,240,12.807369232177734,12.847185134887695,MSFT
1762653209.5610769,2025-11-08 19:53:29,PRICE_STRATEGY,162,12.691974639892578,12.881994247436523,AAPL
1762653209.573906,2025-11-08 19:53:29,ORDERBOOK,241,12.815237045288086,12.853145599365234,SPY
1762653209.574112,2025-11-08 19:53:29,NEWS_STRATEGY,163,12.765884399414062,12.781620025634766,AAPL
1762653209.5742478,2025-11-08 19:53:29,PRICE_STRATEGY,163,12.765884399414062,12.91966438293457,AAPL
1762653209.586835,2025-11-08 19:53:29,ORDERBOOK,242,12.844085693359375,12.871026992797852,AAPL
1762653209.586977,2025-11-08 19:53:29,PRICE_STRATEGY,164,12.747049331665039,12.915849685668945,AAPL
1762653209.586812,2025-11-08 19:53:29,NEWS_STRATEGY,164,12.72892951965332,12.751102447509766,AAPL
1762653209.60014,2025-11-08 19:53:29,ORDERBOOK,243,12.765884399414062,12.811899185180664,MSFT
1762653209.600375,2025-11-08 19:53:29,PRICE_STRATEGY,165,12.794971466064453,12.877941131591797,AAPL
1762653209.600342,2025-11-08 19:53:29,NEWS_STRATEGY,165,12.830972671508789,12.843847274780273,AAPL
1762653209.612968,2025-11-08 19:53:29,NEWS_STRATEGY,166,12.682914733886719,12.694120407104492,AAPL
1762653209.6130319,2025-11-08 19:53:29,ORDERBOOK,244,12.815237045288086,12.858152389526367,SPY
1762653209.61315,2025-11-08 19:53:29,PRICE_STRATEGY,166,12.68911361694336,12.87388801574707,AAPL
1762653209.625953,2025-11-08 19:53:29,ORDERBOOK,245,12.626886367797852,12.652158737182617,AAPL
1762653209.6260102,2025-11-08 19:53:29,PRICE_STRATEGY,167,12.735128402709961,12.816190719604492,AAPL
1762653209.6259809,2025-11-08 19:53:29,NEWS_STRATEGY,167,12.768030166625977,12.787103652954102,AAPL
1762653209.636937,2025-11-08 19:53:29,ORDERBOOK,246,10.691165924072266,10.734796524047852,MSFT
1762653209.6370099,2025-11-08 19:53:29,PRICE_STRATEGY,168,10.730981826782227,10.879039764404297,AAPL
1762653209.637429,2025-11-08 19:53:29,NEWS_STRATEGY,168,11.282205581665039,11.297941207885742,AAPL
1762653209.650029,2025-11-08 19:53:29,ORDERBOOK,247,12.76397705078125,12.79592514038086,SPY
1762653209.650079,2025-11-08 19:53:29,PRICE_STRATEGY,169,12.507915496826172,12.614011764526367,AAPL
1762653209.65019,2025-11-08 19:53:29,NEWS_STRATEGY,169,12.714147567749023,12.72726058959961,AAPL
1762653209.6614232,2025-11-08 19:53:29,NEWS_STRATEGY,170,11.220932006835938,11.240005493164062,AAPL
1762653209.661576,2025-11-08 19:53:29,PRICE_STRATEGY,170,11.236906051635742,11.39378547668457,AAPL
1762653209.6627378,2025-11-08 19:53:29,ORDERBOOK,248,12.64500617980957,12.666940689086914,AAPL
1762653209.6742332,2025-11-08 19:53:29,NEWS_STRATEGY,171,12.675046920776367,12.686014175415039,AAPL
1762653209.674319,2025-11-08 19:53:29,PRICE_STRATEGY,171,12.675046920776367,12.77303695678711,AAPL
1762653209.675392,2025-11-08 19:53:29,ORDERBOOK,249,12.602806091308594,12.622833251953125,MSFT
1762653209.68645,2025-11-08 19:53:29,NEWS_STRATEGY,172,12.122869491577148,12.132883071899414,AAPL
1762653209.686523,2025-11-08 19:53:29,PRICE_STRATEGY,172,12.122869491577148,12.206077575683594,AAPL
1762653209.687982,2025-11-08 19:53:29,ORDERBOOK,250,12.610673904418945,12.629032135009766,SPY
1762653209.6986492,2025-11-08 19:53:29,NEWS_STRATEGY,173,12.147188186645508,12.156009674072266,AAPL
1762653209.698719,2025-11-08 19:53:29,PRICE_STRATEGY,173,12.136220932006836,12.226104736328125,AAPL
1762653209.700774,2025-11-08 19:53:29,ORDERBOOK,251,12.75491714477539,12.774229049682617,AAPL
1762653209.711332,2025-11-08 19:53:29,NEWS_STRATEGY,174,12.605905532836914,12.617826461791992,AAPL
1762653209.7114098,2025-11-08 19:53:29,PRICE_STRATEGY,174,12.614965438842773,12.69674301147461,AAPL
1762653209.711898,2025-11-08 19:53:29,ORDERBOOK,252,11.281967163085938,11.300086975097656,MSFT
1762653209.723614,2025-11-08 19:53:29,ORDERBOOK,253,11.682987213134766,11.702775955200195,SPY
1762653209.724011,2025-11-08 19:53:29,NEWS_STRATEGY,175,12.56704330444336,12.577056884765625,AAPL
1762653209.7240698,2025-11-08 19:53:29,PRICE_STRATEGY,175,12.57014274597168,12.635231018066406,AAPL
1762653209.736303,2025-11-08 19:53:29,ORDERBOOK,254,12.616872787475586,12.632131576538086,AAPL
1762653209.736704,2025-11-08 19:53:29,PRICE_STRATEGY,176,12.572765350341797,12.6190185546875,AAPL
1762653209.7366662,2025-11-08 19:53:29,NEWS_STRATEGY,176,12.572765350341797,12.579917907714844,AAPL
1762653209.749068,2025-11-08 19:53:29,PRICE_STRATEGY,177,12.312889099121094,12.389898300170898,AAPL
1762653209.749015,2025-11-08 19:53:29,ORDERBOOK,255,12.641191482543945,12.665033340454102,MSFT
1762653209.749092,2025-11-08 19:53:29,NEWS_STRATEGY,177,12.407779693603516,12.413978576660156,AAPL
1762653209.761701,2025-11-08 19:53:29,ORDERBOOK,256,12.667179107666016,12.691259384155273,SPY
1762653209.761837,2025-11-08 19:53:29,PRICE_STRATEGY,178,12.597799301147461,12.661933898925781,AAPL
1762653209.761791,2025-11-08 19:53:29,NEWS_STRATEGY,178,12.605905532836914,12.614727020263672,AAPL
1762653209.77441,2025-11-08 19:53:29,ORDERBOOK,257,12.701034545898438,12.726068496704102,AAPL
1762653209.774457,2025-11-08 19:53:29,NEWS_STRATEGY,179,12.629032135009766,12.636184692382812,AAPL
1762653209.774556,2025-11-08 19:53:29,PRICE_STRATEGY,179,12.629985809326172,12.735128402709961,AAPL
1762653209.786607,2025-11-08 19:53:29,ORDERBOOK,258,12.201309204101562,12.243270874023438,MSFT
1762653209.786767,2025-11-08 19:53:29,NEWS_STRATEGY,180,12.33363151550293,12.33983039855957,AAPL
1762653209.786922,2025-11-08 19:53:29,PRICE_STRATEGY,180,12.342691421508789,12.494802474975586,AAPL
1762653209.799098,2025-11-08 19:53:29,ORDERBOOK,259,12.439966201782227,12.459993362426758,SPY
1762653209.79909,2025-11-08 19:53:29,NEWS_STRATEGY,181,12.319087982177734,12.3291015625,AAPL
1762653209.799181,2025-11-08 19:53:29,PRICE_STRATEGY,181,12.304306030273438,12.420177459716797,AAPL
1762653209.810004,2025-11-08 19:53:29,NEWS_STRATEGY,182,10.774850845336914,10.77890396118164,AAPL
1762653209.810112,2025-11-08 19:53:29,PRICE_STRATEGY,182,10.777711868286133,10.886907577514648,AAPL
1762653209.81006,2025-11-08 19:53:29,ORDERBOOK,260,10.86115837097168,10.902166366577148,AAPL
1762653209.822836,2025-11-08 19:53:29,NEWS_STRATEGY,183,12.658834457397461,12.67099380493164,AAPL
1762653209.822915,2025-11-08 19:53:29,ORDERBOOK,261,12.768983840942383,12.835979461669922,MSFT
1762653209.8229399,2025-11-08 19:53:29,PRICE_STRATEGY,183,12.65406608581543,12.774229049682617,AAPL
1762653209.835642,2025-11-08 19:53:29,ORDERBOOK,262,12.671947479248047,12.68911361694336,SPY
1762653209.835729,2025-11-08 19:53:29,NEWS_STRATEGY,184,12.824773788452148,12.833833694458008,AAPL
1762653209.835712,2025-11-08 19:53:29,PRICE_STRATEGY,184,12.703895568847656,12.816905975341797,AAPL
1762653209.848434,2025-11-08 19:53:29,ORDERBOOK,263,12.765884399414062,12.804031372070312,AAPL
1762653209.8485272,2025-11-08 19:53:29,PRICE_STRATEGY,185,12.610197067260742,12.771129608154297,AAPL
1762653209.848393,2025-11-08 19:53:29,NEWS_STRATEGY,185,12.621164321899414,12.636899948120117,AAPL
1762653209.86143,2025-11-08 19:53:29,PRICE_STRATEGY,186,12.77303695678711,12.923002243041992,AAPL
1762653209.861323,2025-11-08 19:53:29,NEWS_STRATEGY,186,12.794971466064453,12.81595230102539,AAPL
1762653209.8616052,2025-11-08 19:53:29,ORDERBOOK,264,12.802839279174805,12.831926345825195,MSFT
1762653209.87403,2025-11-08 19:53:29,NEWS_STRATEGY,187,12.759923934936523,12.774944305419922,AAPL
1762653209.874153,2025-11-08 19:53:29,PRICE_STRATEGY,187,12.758731842041016,12.89987564086914,AAPL
1762653209.87412,2025-11-08 19:53:29,ORDERBOOK,265,12.489080429077148,12.53199577331543,SPY
1762653209.88707,2025-11-08 19:53:29,ORDERBOOK,266,12.827873229980469,12.886762619018555,AAPL
1762653209.887212,2025-11-08 19:53:29,PRICE_STRATEGY,188,12.682914733886719,12.883901596069336,AAPL
1762653209.887213,2025-11-08 19:53:29,NEWS_STRATEGY,188,12.87388801574707,12.884855270385742,AAPL
1762653209.8998542,2025-11-08 19:53:29,PRICE_STRATEGY,189,12.65096664428711,12.733936309814453,AAPL
1762653209.899819,2025-11-08 19:53:29,ORDERBOOK,267,12.745141983032227,12.773990631103516,MSFT
1762653209.900016,2025-11-08 19:53:29,NEWS_STRATEGY,189,12.888908386230469,12.896060943603516,AAPL
1762653209.911413,2025-11-08 19:53:29,NEWS_STRATEGY,190,11.467218399047852,11.481046676635742,AAPL
1762653209.91148,2025-11-08 19:53:29,ORDERBOOK,268,11.578798294067383,11.622905731201172,SPY
1762653209.911542,2025-11-08 19:53:29,PRICE_STRATEGY,190,11.467933654785156,11.60883903503418,AAPL
1762653209.924384,2025-11-08 19:53:29,NEWS_STRATEGY,191,12.63117790222168,12.645959854125977,AAPL
1762653209.924451,2025-11-08 19:53:29,ORDERBOOK,269,12.814760208129883,12.852907180786133,AAPL
1762653209.924504,2025-11-08 19:53:29,PRICE_STRATEGY,191,12.62807846069336,12.766122817993164,AAPL
1762653209.93747,2025-11-08 19:53:29,PRICE_STRATEGY,192,12.656927108764648,12.823820114135742,AAPL
1762653209.9373848,2025-11-08 19:53:29,ORDERBOOK,270,12.829780578613281,12.868881225585938,MSFT
1762653209.937587,2025-11-08 19:53:29,NEWS_STRATEGY,192,12.928962707519531,12.941837310791016,AAPL
1762653209.9503849,2025-11-08 19:53:29,NEWS_STRATEGY,193,12.794256210327148,12.798309326171875,AAPL
1762653209.950326,2025-11-08 19:53:29,ORDERBOOK,271,12.83407211303711,12.861013412475586,SPY
1762653209.950499,2025-11-08 19:53:29,PRICE_STRATEGY,193,12.776374816894531,12.912273406982422,AAPL
1762653209.962621,2025-11-08 19:53:29,NEWS_STRATEGY,194,12.21776008605957,12.237071990966797,AAPL
1762653209.962843,2025-11-08 19:53:29,PRICE_STRATEGY,194,12.21776008605957,12.459039688110352,AAPL
1762653209.9630988,2025-11-08 19:53:29,ORDERBOOK,272,12.810945510864258,12.838125228881836,AAPL
1762653209.975704,2025-11-08 19:53:29,NEWS_STRATEGY,195,12.795209884643555,12.812137603759766,AAPL
1762653209.975788,2025-11-08 19:53:29,PRICE_STRATEGY,195,12.764930725097656,12.896060943603516,AAPL
1762653209.97575,2025-11-08 19:53:29,ORDERBOOK,273,12.632131576538086,12.661218643188477,MSFT
1762653209.988352,2025-11-08 19:53:29,ORDERBOOK,274,12.520074844360352,12.573003768920898,SPY
1762653209.988543,2025-11-08 19:53:29,PRICE_STRATEGY,196,12.421131134033203,12.672901153564453,AAPL
1762653209.988588,2025-11-08 19:53:29,NEWS_STRATEGY,196,12.704849243164062,12.717008590698242,AAPL
1762653210.0011299,2025-11-08 19:53:30,ORDERBOOK,275,12.661933898925781,12.686014175415039,AAPL
1762653210.001357,2025-11-08 19:53:30,PRICE_STRATEGY,197,12.6190185546875,12.711048126220703,AAPL
1762653210.001276,2025-11-08 19:53:30,NEWS_STRATEGY,197,12.621879577636719,12.62974739074707,AAPL
1762653210.013816,2025-11-08 19:53:30,ORDERBOOK,276,12.663125991821289,12.686014175415039,MSFT
1762653210.014078,2025-11-08 19:53:30,PRICE_STRATEGY,198,12.732744216918945,12.824773788452148,AAPL
1762653210.014017,2025-11-08 19:53:30,NEWS_STRATEGY,198,12.753725051879883,12.762784957885742,AAPL
1762653210.026102,2025-11-08 19:53:30,ORDERBOOK,277,12.182950973510742,12.215852737426758,SPY
1762653210.026783,2025-11-08 19:53:30,PRICE_STRATEGY,199,12.603282928466797,12.725114822387695,AAPL
1762653210.026677,2025-11-08 19:53:30,NEWS_STRATEGY,199,12.607097625732422,12.6190185546875,AAPL
1762653210.038112,2025-11-08 19:53:30,NEWS_STRATEGY,200,11.446952819824219,11.461973190307617,AAPL
1762653210.038145,2025-11-08 19:53:30,ORDERBOOK,278,11.982202529907227,12.007951736450195,AAPL
1762653210.038259,2025-11-08 19:53:30,PRICE_STRATEGY,200,11.446952819824219,11.60883903503418,AAPL
1762653210.0510762,2025-11-08 19:53:30,NEWS_STRATEGY,201,12.772798538208008,12.786865234375,AAPL
1762653210.051111,2025-11-08 19:53:30,ORDERBOOK,279,12.877941131591797,12.907028198242188,MSFT
1762653210.0511491,2025-11-08 19:53:30,PRICE_STRATEGY,201,12.762784957885742,12.859821319580078,AAPL
1762653210.063916,2025-11-08 19:53:30,PRICE_STRATEGY,202,12.543916702270508,12.651920318603516,AAPL
1762653210.063851,2025-11-08 19:53:30,ORDERBOOK,280,12.711048126220703,12.73798942565918,SPY
1762653210.0640042,2025-11-08 19:53:30,NEWS_STRATEGY,202,12.731790542602539,12.739896774291992,AAPL
1762653210.0767412,2025-11-08 19:53:30,NEWS_STRATEGY,203,12.757062911987305,12.763261795043945,AAPL
1762653210.0766761,2025-11-08 19:53:30,ORDERBOOK,281,12.742042541503906,12.770891189575195,AAPL
1762653210.076769,2025-11-08 19:53:30,PRICE_STRATEGY,203,12.638092041015625,12.789011001586914,AAPL
1762653210.089399,2025-11-08 19:53:30,ORDERBOOK,282,12.735128402709961,12.771129608154297,MSFT
1762653210.089615,2025-11-08 19:53:30,NEWS_STRATEGY,204,12.897014617919922,12.909889221191406,AAPL
1762653210.0896919,2025-11-08 19:53:30,PRICE_STRATEGY,204,12.885808944702148,12.987136840820312,AAPL
1762653210.101791,2025-11-08 19:53:30,ORDERBOOK,283,12.265920639038086,12.305974960327148,SPY
1762653210.102093,2025-11-08 19:53:30,NEWS_STRATEGY,205,12.497186660766602,12.516021728515625,AAPL
1762653210.1022038,2025-11-08 19:53:30,PRICE_STRATEGY,205,12.471914291381836,12.626171112060547,AAPL
1762653210.114536,2025-11-08 19:53:30,NEWS_STRATEGY,206,12.593984603881836,12.602806091308594,AAPL
1762653210.114608,2025-11-08 19:53:30,PRICE_STRATEGY,206,12.592792510986328,12.675046920776367,AAPL
1762653210.114601,2025-11-08 19:53:30,ORDERBOOK,284,12.722969055175781,12.759923934936523,AAPL
1762653210.1267579,2025-11-08 19:53:30,ORDERBOOK,285,12.028932571411133,12.056112289428711,MSFT
1762653210.127553,2025-11-08 19:53:30,NEWS_STRATEGY,207,12.686014175415039,12.701034545898438,AAPL
1762653210.127754,2025-11-08 19:53:30,PRICE_STRATEGY,207,12.719869613647461,12.902975082397461,AAPL
1762653210.13955,2025-11-08 19:53:30,ORDERBOOK,286,12.726783752441406,12.76087760925293,SPY
1762653210.140247,2025-11-08 19:53:30,NEWS_STRATEGY,208,12.619972229003906,12.633085250854492,AAPL
1762653210.140349,2025-11-08 19:53:30,PRICE_STRATEGY,208,12.613058090209961,12.737035751342773,AAPL
1762653210.151781,2025-11-08 19:53:30,ORDERBOOK,287,12.192964553833008,12.21919059753418,AAPL
1762653210.152852,2025-11-08 19:53:30,NEWS_STRATEGY,209,12.598037719726562,12.60685920715332,AAPL
1762653210.152918,2025-11-08 19:53:30,PRICE_STRATEGY,209,12.598037719726562,12.672901153564453,AAPL
1762653210.163262,2025-11-08 19:53:30,ORDERBOOK,288,11.407136917114258,11.43503189086914,MSFT
1762653210.163233,2025-11-08 19:53:30,NEWS_STRATEGY,210,10.384798049926758,10.396003723144531,AAPL
1762653210.163349,2025-11-08 19:53:30,PRICE_STRATEGY,210,10.384798049926758,10.510921478271484,AAPL
1762653210.175693,2025-11-08 19:53:30,PRICE_STRATEGY,211,12.178182601928711,12.30311393737793,AAPL
1762653210.175607,2025-11-08 19:53:30,ORDERBOOK,289,12.081146240234375,12.109041213989258,SPY
1762653210.175759,2025-11-08 19:53:30,NEWS_STRATEGY,211,12.35818862915039,12.37034797668457,AAPL
1762653210.1869068,2025-11-08 19:53:30,NEWS_STRATEGY,212,11.195898056030273,11.202096939086914,AAPL
1762653210.187016,2025-11-08 19:53:30,ORDERBOOK,290,11.349916458129883,11.398792266845703,AAPL
1762653210.187101,2025-11-08 19:53:30,PRICE_STRATEGY,212,11.222124099731445,11.394023895263672,AAPL
1762653210.1997938,2025-11-08 19:53:30,PRICE_STRATEGY,213,12.710094451904297,12.82191276550293,AAPL
1762653210.1997309,2025-11-08 19:53:30,ORDERBOOK,291,12.674808502197266,12.697935104370117,MSFT
1762653210.199889,2025-11-08 19:53:30,NEWS_STRATEGY,213,12.907028198242188,12.916088104248047,AAPL
1762653210.211257,2025-11-08 19:53:30,NEWS_STRATEGY,214,11.384963989257812,11.401176452636719,AAPL
1762653210.211474,2025-11-08 19:53:30,PRICE_STRATEGY,214,11.385917663574219,11.61813735961914,AAPL
1762653210.2114072,2025-11-08 19:53:30,ORDERBOOK,292,11.497974395751953,11.620759963989258,SPY
1762653210.224097,2025-11-08 19:53:30,NEWS_STRATEGY,215,12.643098831176758,12.649059295654297,AAPL
1762653210.224206,2025-11-08 19:53:30,PRICE_STRATEGY,215,12.655973434448242,12.758016586303711,AAPL
1762653210.224285,2025-11-08 19:53:30,ORDERBOOK,293,12.706995010375977,12.724876403808594,AAPL
1762653210.236487,2025-11-08 19:53:30,ORDERBOOK,294,12.144088745117188,12.167930603027344,MSFT
1762653210.2367842,2025-11-08 19:53:30,NEWS_STRATEGY,216,12.593984603881836,12.602090835571289,AAPL
1762653210.236932,2025-11-08 19:53:30,PRICE_STRATEGY,216,12.592077255249023,12.749195098876953,AAPL
1762653210.2484941,2025-11-08 19:53:30,ORDERBOOK,295,11.873006820678711,11.899948120117188,SPY
1762653210.2494662,2025-11-08 19:53:30,NEWS_STRATEGY,217,12.600183486938477,12.608051300048828,AAPL
1762653210.249541,2025-11-08 19:53:30,PRICE_STRATEGY,217,12.58993148803711,12.68315315246582,AAPL
1762653210.261222,2025-11-08 19:53:30,NEWS_STRATEGY,218,11.755943298339844,11.764287948608398,AAPL
1762653210.261321,2025-11-08 19:53:30,ORDERBOOK,296,12.753963470458984,12.77780532836914,AAPL
1762653210.261387,2025-11-08 19:53:30,PRICE_STRATEGY,218,11.755943298339844,11.928081512451172,AAPL
1762653210.274027,2025-11-08 19:53:30,NEWS_STRATEGY,219,12.637853622436523,12.644767761230469,AAPL
1762653210.2741241,2025-11-08 19:53:30,PRICE_STRATEGY,219,12.627840042114258,12.741804122924805,AAPL
1762653210.2741902,2025-11-08 19:53:30,ORDERBOOK,297,12.655258178710938,12.673139572143555,MSFT
1762653210.285227,2025-11-08 19:53:30,ORDERBOOK,298,11.048078536987305,11.070966720581055,SPY
1762653210.2852979,2025-11-08 19:53:30,PRICE_STRATEGY,220,11.095046997070312,11.208295822143555,AAPL
1762653210.2853708,2025-11-08 19:53:30,NEWS_STRATEGY,220,11.272907257080078,11.282205581665039,AAPL
1762653210.2981372,2025-11-08 19:53:30,NEWS_STRATEGY,221,12.747049331665039,12.765884399414062,AAPL
1762653210.298193,2025-11-08 19:53:30,ORDERBOOK,299,12.897014617919922,12.929677963256836,AAPL
1762653210.29829,2025-11-08 19:53:30,PRICE_STRATEGY,221,12.748003005981445,12.920141220092773,AAPL
1762653210.310991,2025-11-08 19:53:30,ORDERBOOK,300,12.489080429077148,12.511014938354492,MSFT
1762653210.310962,2025-11-08 19:53:30,NEWS_STRATEGY,222,12.677907943725586,12.68911361694336,AAPL
1762653210.311059,2025-11-08 19:53:30,PRICE_STRATEGY,222,12.660026550292969,12.784957885742188,AAPL
1762653210.323752,2025-11-08 19:53:30,ORDERBOOK,301,12.679100036621094,12.713909149169922,SPY
1762653210.323852,2025-11-08 19:53:30,PRICE_STRATEGY,223,12.726068496704102,12.87698745727539,AAPL
1762653210.3237162,2025-11-08 19:53:30,NEWS_STRATEGY,223,12.727022171020508,12.7410888671875,AAPL
1762653210.336608,2025-11-08 19:53:30,NEWS_STRATEGY,224,12.764930725097656,12.777090072631836,AAPL
1762653210.336899,2025-11-08 19:53:30,PRICE_STRATEGY,224,12.764930725097656,13.067007064819336,AAPL
1762653210.3370738,2025-11-08 19:53:30,ORDERBOOK,302,13.021230697631836,13.045310974121094,AAPL
1762653210.349419,2025-11-08 19:53:30,NEWS_STRATEGY,225,12.701749801635742,12.710809707641602,AAPL
1762653210.349526,2025-11-08 19:53:30,PRICE_STRATEGY,225,12.701749801635742,12.817859649658203,AAPL
1762653210.349617,2025-11-08 19:53:30,ORDERBOOK,303,12.608051300048828,12.626171112060547,MSFT
1762653210.3601449,2025-11-08 19:53:30,ORDERBOOK,304,10.483026504516602,10.505914688110352,SPY
1762653210.360341,2025-11-08 19:53:30,NEWS_STRATEGY,226,10.863065719604492,10.869979858398438,AAPL
1762653210.360491,2025-11-08 19:53:30,PRICE_STRATEGY,226,10.889053344726562,11.012077331542969,AAPL
1762653210.373059,2025-11-08 19:53:30,ORDERBOOK,305,12.823104858398438,12.869119644165039,AAPL
1762653210.3733299,2025-11-08 19:53:30,NEWS_STRATEGY,227,12.923002243041992,12.938976287841797,AAPL
1762653210.373473,2025-11-08 19:53:30,PRICE_STRATEGY,227,12.921810150146484,13.082027435302734,AAPL
1762653210.385345,2025-11-08 19:53:30,PRICE_STRATEGY,228,11.900901794433594,12.074947357177734,AAPL
1762653210.3852181,2025-11-08 19:53:30,ORDERBOOK,306,12.01319694519043,12.052059173583984,MSFT
1762653210.3855941,2025-11-08 19:53:30,NEWS_STRATEGY,228,12.309074401855469,12.324094772338867,AAPL
1762653210.3960278,2025-11-08 19:53:30,ORDERBOOK,307,10.668754577636719,10.711669921875,SPY
1762653210.396257,2025-11-08 19:53:30,NEWS_STRATEGY,229,10.647773742675781,10.661840438842773,AAPL
1762653210.396384,2025-11-08 19:53:30,PRICE_STRATEGY,229,10.645866394042969,10.789871215820312,AAPL
1762653210.408855,2025-11-08 19:53:30,ORDERBOOK,308,12.786149978637695,12.823104858398438,AAPL
1762653210.409065,2025-11-08 19:53:30,NEWS_STRATEGY,230,12.795209884643555,12.80832290649414,AAPL
1762653210.40922,2025-11-08 19:53:30,PRICE_STRATEGY,230,12.836217880249023,12.965202331542969,AAPL
1762653210.421111,2025-11-08 19:53:30,ORDERBOOK,309,12.125015258789062,12.19797134399414,MSFT
1762653210.421738,2025-11-08 19:53:30,NEWS_STRATEGY,231,12.647867202758789,12.660980224609375,AAPL
1762653210.4218361,2025-11-08 19:53:30,PRICE_STRATEGY,231,12.636184692382812,12.758016586303711,AAPL
1762653210.434012,2025-11-08 19:53:30,ORDERBOOK,310,12.73202896118164,12.762069702148438,SPY
1762653210.4343581,2025-11-08 19:53:30,NEWS_STRATEGY,232,12.598037719726562,12.60995864868164,AAPL
1762653210.43445,2025-11-08 19:53:30,PRICE_STRATEGY,232,12.591123580932617,12.70294189453125,AAPL
1762653210.4467971,2025-11-08 19:53:30,ORDERBOOK,311,12.698173522949219,12.731075286865234,AAPL
1762653210.447094,2025-11-08 19:53:30,PRICE_STRATEGY,233,12.624979019165039,12.718915939331055,AAPL
1762653210.447017,2025-11-08 19:53:30,NEWS_STRATEGY,233,12.629032135009766,12.641668319702148,AAPL
1762653210.459639,2025-11-08 19:53:30,ORDERBOOK,312,12.756824493408203,12.794733047485352,MSFT
1762653210.459792,2025-11-08 19:53:30,NEWS_STRATEGY,234,12.798786163330078,12.81285285949707,AAPL
1762653210.459873,2025-11-08 19:53:30,PRICE_STRATEGY,234,12.798786163330078,12.894868850708008,AAPL
1762653210.471856,2025-11-08 19:53:30,ORDERBOOK,313,12.176036834716797,12.208938598632812,SPY
1762653210.471924,2025-11-08 19:53:30,PRICE_STRATEGY,235,12.070178985595703,12.181997299194336,AAPL
1762653210.472064,2025-11-08 19:53:30,NEWS_STRATEGY,235,12.311935424804688,12.321949005126953,AAPL
1762653210.483915,2025-11-08 19:53:30,ORDERBOOK,314,11.94000244140625,11.962175369262695,AAPL
1762653210.484674,2025-11-08 19:53:30,NEWS_STRATEGY,236,12.592792510986328,12.616872787475586,AAPL
1762653210.484742,2025-11-08 19:53:30,PRICE_STRATEGY,236,12.584924697875977,12.685060501098633,AAPL
1762653210.4958022,2025-11-08 19:53:30,NEWS_STRATEGY,237,11.121988296508789,11.133909225463867,AAPL
1762653210.495915,2025-11-08 19:53:30,PRICE_STRATEGY,237,11.111021041870117,11.247873306274414,AAPL
1762653210.4962869,2025-11-08 19:53:30,ORDERBOOK,315,12.547016143798828,12.564897537231445,MSFT
1762653210.508502,2025-11-08 19:53:30,ORDERBOOK,316,12.241363525390625,12.260198593139648,SPY
1762653210.508495,2025-11-08 19:53:30,NEWS_STRATEGY,238,12.670278549194336,12.678146362304688,AAPL
1762653210.5086179,2025-11-08 19:53:30,PRICE_STRATEGY,238,12.65716552734375,12.8021240234375,AAPL
1762653210.521087,2025-11-08 19:53:30,NEWS_STRATEGY,239,12.466907501220703,12.475967407226562,AAPL
1762653210.5211709,2025-11-08 19:53:30,PRICE_STRATEGY,239,12.466907501220703,12.560844421386719,AAPL
1762653210.521132,2025-11-08 19:53:30,ORDERBOOK,317,12.552022933959961,12.58397102355957,AAPL
1762653210.533909,2025-11-08 19:53:30,ORDERBOOK,318,12.675285339355469,12.701988220214844,MSFT
1762653210.5340421,2025-11-08 19:53:30,NEWS_STRATEGY,240,12.727975845336914,12.735128402709961,AAPL
1762653210.53411,2025-11-08 19:53:30,PRICE_STRATEGY,240,12.727975845336914,12.802839279174805,AAPL
1762653210.545968,2025-11-08 19:53:30,NEWS_STRATEGY,241,11.9171142578125,11.929035186767578,AAPL
1762653210.546087,2025-11-08 19:53:30,PRICE_STRATEGY,241,11.9171142578125,12.047052383422852,AAPL
1762653210.546561,2025-11-08 19:53:30,ORDERBOOK,319,12.602090835571289,12.619972229003906,SPY
1762653210.5587761,2025-11-08 19:53:30,NEWS_STRATEGY,242,12.708187103271484,12.720108032226562,AAPL
1762653210.558948,2025-11-08 19:53:30,PRICE_STRATEGY,242,12.701272964477539,12.89224624633789,AAPL
1762653210.559235,2025-11-08 19:53:30,ORDERBOOK,320,12.663841247558594,12.690067291259766,AAPL
1762653210.571546,2025-11-08 19:53:30,NEWS_STRATEGY,243,12.698888778686523,12.71510124206543,AAPL
1762653210.5716631,2025-11-08 19:53:30,PRICE_STRATEGY,243,12.696027755737305,12.830018997192383,AAPL
1762653210.571845,2025-11-08 19:53:30,ORDERBOOK,321,12.55178451538086,12.581110000610352,MSFT
1762653210.5832179,2025-11-08 19:53:30,ORDERBOOK,322,11.390924453735352,11.417865753173828,SPY
1762653210.5842419,2025-11-08 19:53:30,NEWS_STRATEGY,244,12.6190185546875,12.629985809326172,AAPL
1762653210.5842922,2025-11-08 19:53:30,PRICE_STRATEGY,244,12.608766555786133,12.679815292358398,AAPL
1762653210.596111,2025-11-08 19:53:30,ORDERBOOK,323,12.797832489013672,12.85409927368164,AAPL
1762653210.596957,2025-11-08 19:53:30,PRICE_STRATEGY,245,12.613296508789062,12.734174728393555,AAPL
1762653210.596863,2025-11-08 19:53:30,NEWS_STRATEGY,245,12.624263763427734,12.639045715332031,AAPL
1762653210.608945,2025-11-08 19:53:30,ORDERBOOK,324,12.717962265014648,12.780904769897461,MSFT
1762653210.6090639,2025-11-08 19:53:30,PRICE_STRATEGY,246,12.170076370239258,12.22991943359375,AAPL
1762653210.6090071,2025-11-08 19:53:30,NEWS_STRATEGY,246,12.163162231445312,12.173175811767578,AAPL
1762653210.62168,2025-11-08 19:53:30,PRICE_STRATEGY,247,12.624025344848633,12.702226638793945,AAPL
1762653210.621664,2025-11-08 19:53:30,ORDERBOOK,325,12.729883193969727,12.764930725097656,SPY
1762653210.621807,2025-11-08 19:53:30,NEWS_STRATEGY,247,12.818098068237305,12.829065322875977,AAPL
1762653210.634505,2025-11-08 19:53:30,ORDERBOOK,326,12.769937515258789,12.800931930541992,AAPL
1762653210.634718,2025-11-08 19:53:30,NEWS_STRATEGY,248,12.878894805908203,12.887954711914062,AAPL
1762653210.634773,2025-11-08 19:53:30,PRICE_STRATEGY,248,12.857913970947266,12.941837310791016,AAPL
1762653210.6466281,2025-11-08 19:53:30,ORDERBOOK,327,12.03775405883789,12.073040008544922,MSFT
1762653210.647446,2025-11-08 19:53:30,NEWS_STRATEGY,249,12.63880729675293,12.654781341552734,AAPL
1762653210.647556,2025-11-08 19:53:30,PRICE_STRATEGY,249,12.637853622436523,12.764930725097656,AAPL
1762653210.659199,2025-11-08 19:53:30,NEWS_STRATEGY,250,11.78598403930664,11.797904968261719,AAPL
1762653210.6592379,2025-11-08 19:53:30,ORDERBOOK,328,12.48788833618164,12.519121170043945,SPY
1762653210.6592908,2025-11-08 19:53:30,PRICE_STRATEGY,250,11.775016784667969,11.890172958374023,AAPL
1762653210.671983,2025-11-08 19:53:30,ORDERBOOK,329,12.678146362304688,12.711286544799805,AAPL
1762653210.672223,2025-11-08 19:53:30,NEWS_STRATEGY,251,12.809991836547852,12.819051742553711,AAPL
1762653210.672332,2025-11-08 19:53:30,PRICE_STRATEGY,251,12.819051742553711,12.928009033203125,AAPL
1762653210.6831858,2025-11-08 19:53:30,ORDERBOOK,330,11.076927185058594,11.10982894897461,MSFT
1762653210.68487,2025-11-08 19:53:30,NEWS_STRATEGY,252,12.64500617980957,12.658119201660156,AAPL
1762653210.68495,2025-11-08 19:53:30,PRICE_STRATEGY,252,12.624979019165039,12.737035751342773,AAPL
1762653210.6956859,2025-11-08 19:53:30,ORDERBOOK,331,12.443780899047852,12.501001358032227,SPY
1762653210.69613,2025-11-08 19:53:30,PRICE_STRATEGY,253,11.159181594848633,11.300086975097656,AAPL
1762653210.695947,2025-11-08 19:53:30,NEWS_STRATEGY,253,11.108160018920898,11.118173599243164,AAPL
1762653210.707167,2025-11-08 19:53:30,ORDERBOOK,332,11.322736740112305,11.365890502929688,AAPL
1762653210.708618,2025-11-08 19:53:30,NEWS_STRATEGY,254,12.61591911315918,12.624979019165039,AAPL
1762653210.708674,2025-11-08 19:53:30,PRICE_STRATEGY,254,12.601852416992188,12.681961059570312,AAPL
1762653210.7184908,2025-11-08 19:53:30,ORDERBOOK,333,11.25335693359375,11.294364929199219,MSFT
1762653210.720748,2025-11-08 19:53:30,NEWS_STRATEGY,255,12.135028839111328,12.151002883911133,AAPL
1762653210.72084,2025-11-08 19:53:30,PRICE_STRATEGY,255,12.106895446777344,12.241125106811523,AAPL
1762653210.7315059,2025-11-08 19:53:30,ORDERBOOK,334,12.852191925048828,12.895345687866211,SPY
1762653210.7335382,2025-11-08 19:53:30,NEWS_STRATEGY,256,12.722969055175781,12.732982635498047,AAPL
1762653210.7336268,2025-11-08 19:53:30,PRICE_STRATEGY,256,12.723922729492188,12.822151184082031,AAPL
1762653210.743371,2025-11-08 19:53:30,ORDERBOOK,335,11.851072311401367,11.878013610839844,AAPL
1762653210.745043,2025-11-08 19:53:30,NEWS_STRATEGY,257,11.543750762939453,11.552810668945312,AAPL
1762653210.74513,2025-11-08 19:53:30,PRICE_STRATEGY,257,11.538028717041016,11.639833450317383,AAPL
1762653210.7561579,2025-11-08 19:53:30,NEWS_STRATEGY,258,11.069059371948242,11.081933975219727,AAPL
1762653210.7561972,2025-11-08 19:53:30,ORDERBOOK,336,12.766122817993164,12.796163558959961,MSFT
1762653210.7562702,2025-11-08 19:53:30,PRICE_STRATEGY,258,11.052846908569336,11.193990707397461,AAPL
1762653210.768971,2025-11-08 19:53:30,ORDERBOOK,337,12.806892395019531,12.846946716308594,SPY
1762653210.76914,2025-11-08 19:53:30,PRICE_STRATEGY,259,12.705087661743164,12.948989868164062,AAPL
1762653210.7691462,2025-11-08 19:53:30,NEWS_STRATEGY,259,12.945175170898438,12.957096099853516,AAPL
1762653210.7818549,2025-11-08 19:53:30,PRICE_STRATEGY,260,12.61591911315918,12.749910354614258,AAPL
1762653210.781774,2025-11-08 19:53:30,ORDERBOOK,338,12.731790542602539,12.764930725097656,AAPL
1762653210.7819269,2025-11-08 19:53:30,NEWS_STRATEGY,260,12.811899185180664,12.822151184082031,AAPL
1762653210.7936032,2025-11-08 19:53:30,NEWS_STRATEGY,261,11.584043502807617,11.599063873291016,AAPL
1762653210.793708,2025-11-08 19:53:30,PRICE_STRATEGY,261,11.603832244873047,11.70492172241211,AAPL
1762653210.794431,2025-11-08 19:53:30,ORDERBOOK,339,12.65096664428711,12.681961059570312,MSFT
1762653210.806632,2025-11-08 19:53:30,NEWS_STRATEGY,262,12.878894805908203,12.929201126098633,AAPL
1762653210.8067899,2025-11-08 19:53:30,PRICE_STRATEGY,262,12.881040573120117,13.086080551147461,AAPL
1762653210.8071191,2025-11-08 19:53:30,ORDERBOOK,340,12.69388198852539,12.724876403808594,SPY
1762653210.8186162,2025-11-08 19:53:30,NEWS_STRATEGY,263,11.979103088378906,11.990070343017578,AAPL
1762653210.8187351,2025-11-08 19:53:30,PRICE_STRATEGY,263,11.980056762695312,12.110233306884766,AAPL
1762653210.819839,2025-11-08 19:53:30,ORDERBOOK,341,12.657880783081055,12.730836868286133,AAPL
1762653210.831582,2025-11-08 19:53:30,NEWS_STRATEGY,264,12.82501220703125,12.845993041992188,AAPL
1762653210.831763,2025-11-08 19:53:30,PRICE_STRATEGY,264,12.800931930541992,13.02790641784668,AAPL
1762653210.832543,2025-11-08 19:53:30,ORDERBOOK,342,12.636899948120117,12.664794921875,MSFT
1762653210.843492,2025-11-08 19:53:30,ORDERBOOK,343,10.804891586303711,10.859012603759766,SPY
1762653210.844411,2025-11-08 19:53:30,NEWS_STRATEGY,265,12.673139572143555,12.68911361694336,AAPL
1762653210.844553,2025-11-08 19:53:30,PRICE_STRATEGY,265,12.673139572143555,12.829303741455078,AAPL
1762653210.856284,2025-11-08 19:53:30,ORDERBOOK,344,12.75491714477539,12.791872024536133,AAPL
1762653210.857106,2025-11-08 19:53:30,NEWS_STRATEGY,266,12.653112411499023,12.666940689086914,AAPL
1762653210.857249,2025-11-08 19:53:30,PRICE_STRATEGY,266,12.669086456298828,12.809991836547852,AAPL
1762653210.868375,2025-11-08 19:53:30,NEWS_STRATEGY,267,11.260747909545898,11.271953582763672,AAPL
1762653210.8685682,2025-11-08 19:53:30,PRICE_STRATEGY,267,11.27767562866211,11.464834213256836,AAPL
1762653210.86898,2025-11-08 19:53:30,ORDERBOOK,345,12.639045715332031,12.665033340454102,MSFT
1762653210.8795378,2025-11-08 19:53:30,ORDERBOOK,346,10.567903518676758,10.608911514282227,SPY
1762653210.879612,2025-11-08 19:53:30,PRICE_STRATEGY,268,11.03830337524414,11.167287826538086,AAPL
1762653210.8796642,2025-11-08 19:53:30,NEWS_STRATEGY,268,11.207342147827148,11.219263076782227,AAPL
1762653210.892321,2025-11-08 19:53:30,ORDERBOOK,347,12.730121612548828,12.758016586303711,AAPL
1762653210.892401,2025-11-08 19:53:30,PRICE_STRATEGY,269,12.620925903320312,12.752056121826172,AAPL
1762653210.892575,2025-11-08 19:53:30,NEWS_STRATEGY,269,12.915849685668945,12.926816940307617,AAPL
1762653210.905258,2025-11-08 19:53:30,PRICE_STRATEGY,270,12.557029724121094,12.6800537109375,AAPL
1762653210.905184,2025-11-08 19:53:30,ORDERBOOK,348,12.766122817993164,12.792825698852539,MSFT
1762653210.905312,2025-11-08 19:53:30,NEWS_STRATEGY,270,12.723922729492188,12.733936309814453,AAPL
1762653210.91796,2025-11-08 19:53:30,ORDERBOOK,349,12.715816497802734,12.747764587402344,SPY
1762653210.9181418,2025-11-08 19:53:30,NEWS_STRATEGY,271,12.758970260620117,12.768030166625977,AAPL
1762653210.9183161,2025-11-08 19:53:30,PRICE_STRATEGY,271,12.763023376464844,12.943029403686523,AAPL
1762653210.930828,2025-11-08 19:53:30,ORDERBOOK,350,12.772083282470703,12.814044952392578,AAPL
1762653210.930774,2025-11-08 19:53:30,NEWS_STRATEGY,272,12.639999389648438,12.653827667236328,AAPL
1762653210.9309251,2025-11-08 19:53:30,PRICE_STRATEGY,272,12.639999389648438,12.804031372070312,AAPL
1762653210.9435189,2025-11-08 19:53:30,ORDERBOOK,351,12.34579086303711,12.379884719848633,MSFT
1762653210.943717,2025-11-08 19:53:30,NEWS_STRATEGY,273,12.727022171020508,12.736082077026367,AAPL
1762653210.943806,2025-11-08 19:53:30,PRICE_STRATEGY,273,12.726068496704102,12.824773788452148,AAPL
1762653210.9563699,2025-11-08 19:53:30,ORDERBOOK,352,12.867927551269531,12.927055358886719,SPY
1762653210.9567978,2025-11-08 19:53:30,PRICE_STRATEGY,274,12.799978256225586,12.953996658325195,AAPL
1762653210.95666,2025-11-08 19:53:30,NEWS_STRATEGY,274,12.804031372070312,12.817859649658203,AAPL
1762653210.969344,2025-11-08 19:53:30,PRICE_STRATEGY,275,12.625932693481445,12.733936309814453,AAPL
1762653210.9693089,2025-11-08 19:53:30,ORDERBOOK,353,12.783288955688477,12.829065322875977,AAPL
1762653210.969557,2025-11-08 19:53:30,NEWS_STRATEGY,275,12.93492317199707,12.946844100952148,AAPL
1762653210.982228,2025-11-08 19:53:30,ORDERBOOK,354,12.779951095581055,12.814760208129883,MSFT
1762653210.982375,2025-11-08 19:53:30,NEWS_STRATEGY,276,12.672901153564453,12.68315315246582,AAPL
1762653210.982522,2025-11-08 19:53:30,PRICE_STRATEGY,276,12.67695426940918,12.829065322875977,AAPL
1762653210.995324,2025-11-08 19:53:30,ORDERBOOK,355,12.863874435424805,13.085126876831055,SPY
1762653210.99507,2025-11-08 19:53:30,NEWS_STRATEGY,277,12.704849243164062,12.718677520751953,AAPL
1762653210.995533,2025-11-08 19:53:30,PRICE_STRATEGY,277,12.70604133605957,13.180732727050781,AAPL
1762653211.0080671,2025-11-08 19:53:31,NEWS_STRATEGY,278,12.763023376464844,12.773990631103516,AAPL
1762653211.008186,2025-11-08 19:53:31,PRICE_STRATEGY,278,12.766838073730469,12.892007827758789,AAPL
1762653211.0081248,2025-11-08 19:53:31,ORDERBOOK,356,12.565135955810547,12.601852416992188,AAPL
1762653211.018986,2025-11-08 19:53:31,ORDERBOOK,357,10.762929916381836,10.804891586303711,MSFT
1762653211.019232,2025-11-08 19:53:31,NEWS_STRATEGY,279,10.952949523925781,10.962963104248047,AAPL
1762653211.019357,2025-11-08 19:53:31,PRICE_STRATEGY,279,10.952949523925781,11.087894439697266,AAPL
1762653211.0297868,2025-11-08 19:53:31,NEWS_STRATEGY,280,10.54525375366211,10.557174682617188,AAPL
1762653211.029956,2025-11-08 19:53:31,PRICE_STRATEGY,280,10.540962219238281,10.724067687988281,AAPL
1762653211.030207,2025-11-08 19:53:31,ORDERBOOK,358,11.147022247314453,11.174917221069336,SPY
1762653211.0426319,2025-11-08 19:53:31,NEWS_STRATEGY,281,12.704849243164062,12.71677017211914,AAPL
1762653211.0427022,2025-11-08 19:53:31,ORDERBOOK,359,12.543916702270508,12.623071670532227,AAPL
1762653211.04276,2025-11-08 19:53:31,PRICE_STRATEGY,281,12.69674301147461,12.843847274780273,AAPL
1762653211.054357,2025-11-08 19:53:31,NEWS_STRATEGY,282,11.487960815429688,11.494874954223633,AAPL
1762653211.0544991,2025-11-08 19:53:31,PRICE_STRATEGY,282,11.507987976074219,11.636972427368164,AAPL
1762653211.054427,2025-11-08 19:53:31,ORDERBOOK,360,11.626958847045898,11.65628433227539,MSFT
1762653211.067328,2025-11-08 19:53:31,NEWS_STRATEGY,283,12.743234634399414,12.75014877319336,AAPL
1762653211.0675762,2025-11-08 19:53:31,ORDERBOOK,361,12.810945510864258,12.861967086791992,SPY
1762653211.067494,2025-11-08 19:53:31,PRICE_STRATEGY,283,12.757062911987305,12.91513442993164,AAPL
1762653211.080149,2025-11-08 19:53:31,NEWS_STRATEGY,284,12.744903564453125,12.763023376464844,AAPL
1762653211.080369,2025-11-08 19:53:31,PRICE_STRATEGY,284,12.744903564453125,12.983083724975586,AAPL
1762653211.080514,2025-11-08 19:53:31,ORDERBOOK,362,12.893915176391602,12.920141220092773,AAPL
1762653211.093149,2025-11-08 19:53:31,ORDERBOOK,363,12.65406608581543,12.684106826782227,MSFT
1762653211.0933518,2025-11-08 19:53:31,NEWS_STRATEGY,285,13.0157470703125,13.025760650634766,AAPL
1762653211.0932841,2025-11-08 19:53:31,PRICE_STRATEGY,285,12.747764587402344,12.956857681274414,AAPL
1762653211.106024,2025-11-08 19:53:31,NEWS_STRATEGY,286,12.621641159057617,12.630701065063477,AAPL
1762653211.106238,2025-11-08 19:53:31,PRICE_STRATEGY,286,12.67099380493164,12.843608856201172,AAPL
1762653211.106143,2025-11-08 19:53:31,ORDERBOOK,364,12.835025787353516,12.90583610534668,SPY
1762653211.1184242,2025-11-08 19:53:31,NEWS_STRATEGY,287,12.090921401977539,12.107133865356445,AAPL
1762653211.1185951,2025-11-08 19:53:31,PRICE_STRATEGY,287,12.090921401977539,12.278079986572266,AAPL
1762653211.1185,2025-11-08 19:53:31,ORDERBOOK,365,12.227058410644531,12.26806640625,AAPL
1762653211.130659,2025-11-08 19:53:31,PRICE_STRATEGY,288,11.875152587890625,12.085914611816406,AAPL
1762653211.130471,2025-11-08 19:53:31,NEWS_STRATEGY,288,11.87896728515625,11.897087097167969,AAPL
1762653211.131558,2025-11-08 19:53:31,ORDERBOOK,366,12.732982635498047,12.762308120727539,MSFT
1762653211.142949,2025-11-08 19:53:31,ORDERBOOK,367,11.487245559692383,11.518239974975586,SPY
1762653211.143285,2025-11-08 19:53:31,NEWS_STRATEGY,289,12.678861618041992,12.691974639892578,AAPL
1762653211.143402,2025-11-08 19:53:31,PRICE_STRATEGY,289,12.635946273803711,12.809038162231445,AAPL
1762653211.155382,2025-11-08 19:53:31,ORDERBOOK,368,12.345075607299805,12.386083602905273,AAPL
1762653211.1557472,2025-11-08 19:53:31,PRICE_STRATEGY,290,12.352228164672852,12.489080429077148,AAPL
1762653211.155615,2025-11-08 19:53:31,NEWS_STRATEGY,290,12.347936630249023,12.356996536254883,AAPL
1762653742.039419,2025-11-08 20:02:22,ORDERBOOK,1,12.788057327270508,12.819051742553711,SPY
1762653742.0508192,2025-11-08 20:02:22,ORDERBOOK,2,11.507034301757812,11.532068252563477,AAPL
1762653742.063554,2025-11-08 20:02:22,ORDERBOOK,3,12.830018997192383,12.85099983215332,MSFT
1762653742.076212,2025-11-08 20:02:22,ORDERBOOK,4,12.679815292358398,12.70294189453125,SPY
1762653742.088222,2025-11-08 20:02:22,ORDERBOOK,5,12.098073959350586,12.119054794311523,AAPL
1762653742.0998678,2025-11-08 20:02:22,ORDERBOOK,6,11.707305908203125,11.7340087890625,MSFT
1762653742.112753,2025-11-08 20:02:22,ORDERBOOK,7,12.773990631103516,12.795209884643555,SPY
1762653742.1240199,2025-11-08 20:02:22,ORDERBOOK,8,11.339902877807617,11.360883712768555,AAPL
1762653742.1367,2025-11-08 20:02:22,ORDERBOOK,9,12.749910354614258,12.769937515258789,MSFT
1762653742.149141,2025-11-08 20:02:22,ORDERBOOK,10,12.507915496826172,12.52889633178711,SPY
1762653742.1619132,2025-11-08 20:02:22,ORDERBOOK,11,12.844085693359375,12.869119644165039,AAPL
1762653742.1745331,2025-11-08 20:02:22,ORDERBOOK,12,12.752056121826172,12.774229049682617,MSFT
1762653742.187264,2025-11-08 20:02:22,ORDERBOOK,13,12.809991836547852,12.83407211303711,SPY
1762653742.199981,2025-11-08 20:02:22,ORDERBOOK,14,12.6800537109375,12.70914077758789,AAPL
1762653742.2128708,2025-11-08 20:02:22,ORDERBOOK,15,12.902021408081055,12.933969497680664,MSFT
1762653742.225514,2025-11-08 20:02:22,ORDERBOOK,16,12.82811164855957,12.85696029663086,SPY
1762653742.238369,2025-11-08 20:02:22,ORDERBOOK,17,12.949943542480469,12.987852096557617,AAPL
1762653742.251224,2025-11-08 20:02:22,ORDERBOOK,18,12.923240661621094,12.994050979614258,MSFT
1762653742.264215,2025-11-08 20:02:22,ORDERBOOK,19,13.095855712890625,13.173103332519531,SPY
1762653742.27598,2025-11-08 20:02:22,ORDERBOOK,20,11.966943740844727,11.993169784545898,AAPL
1762653742.2887092,2025-11-08 20:02:22,ORDERBOOK,21,12.659072875976562,12.68315315246582,MSFT
1762653742.301419,2025-11-08 20:02:22,ORDERBOOK,22,12.663125991821289,12.697219848632812,SPY
1762653742.313442,2025-11-08 20:02:22,ORDERBOOK,23,12.087106704711914,12.104988098144531,AAPL
1762653742.326077,2025-11-08 20:02:22,ORDERBOOK,24,12.66789436340332,12.686729431152344,MSFT
1762653742.3387,2025-11-08 20:02:22,ORDERBOOK,25,12.681007385253906,12.701034545898438,SPY
1762653742.3513238,2025-11-08 20:02:22,ORDERBOOK,26,12.691020965576172,12.705802917480469,AAPL
1762653742.363959,2025-11-08 20:02:22,ORDERBOOK,27,12.675762176513672,12.691974639892578,MSFT
1762653742.3753269,2025-11-08 20:02:22,ORDERBOOK,28,11.375904083251953,11.4288330078125,SPY
1762653742.388028,2025-11-08 20:02:22,ORDERBOOK,29,12.766122817993164,12.789011001586914,AAPL
1762653742.400952,2025-11-08 20:02:22,ORDERBOOK,30,12.949705123901367,12.987852096557617,MSFT
1762653742.4135401,2025-11-08 20:02:22,ORDERBOOK,31,12.645244598388672,12.66622543334961,SPY
1762653742.426077,2025-11-08 20:02:22,ORDERBOOK,32,12.578010559082031,12.604951858520508,AAPL
1762653742.4389682,2025-11-08 20:02:22,ORDERBOOK,33,12.696981430053711,12.712955474853516,MSFT
1762653742.450731,2025-11-08 20:02:22,ORDERBOOK,34,11.719942092895508,11.74616813659668,SPY
1762653742.463506,2025-11-08 20:02:22,ORDERBOOK,35,12.685060501098633,12.712955474853516,AAPL
1762653742.476212,2025-11-08 20:02:22,ORDERBOOK,36,12.668132781982422,12.695074081420898,MSFT
1762653742.488628,2025-11-08 20:02:22,ORDERBOOK,37,12.455940246582031,12.490987777709961,SPY
1762653742.501299,2025-11-08 20:02:22,ORDERBOOK,38,12.739896774291992,12.785911560058594,AAPL
1762653742.513974,2025-11-08 20:02:22,ORDERBOOK,39,12.745857238769531,12.783050537109375,MSFT
1762653742.526617,2025-11-08 20:02:22,ORDERBOOK,40,12.69984245300293,12.771129608154297,SPY
1762653742.541114,2025-11-08 20:02:22,ORDERBOOK,41,14.64080810546875,14.671087265014648,AAPL
1762653742.551324,2025-11-08 20:02:22,ORDERBOOK,42,11.8560791015625,11.961936950683594,MSFT
1762653742.564102,2025-11-08 20:02:22,ORDERBOOK,43,12.778043746948242,12.815237045288086,SPY
1762653742.5760388,2025-11-08 20:02:22,ORDERBOOK,44,12.02392578125,12.053966522216797,AAPL
1762653742.588896,2025-11-08 20:02:22,ORDERBOOK,45,12.725114822387695,12.763023376464844,MSFT
1762653742.60159,2025-11-08 20:02:22,ORDERBOOK,46,12.688875198364258,12.745857238769531,SPY
1762653742.61442,2025-11-08 20:02:22,ORDERBOOK,47,12.810230255126953,12.844085693359375,AAPL
1762653742.625663,2025-11-08 20:02:22,ORDERBOOK,48,11.33418083190918,11.369943618774414,MSFT
1762653742.638558,2025-11-08 20:02:22,ORDERBOOK,49,12.796163558959961,12.843132019042969,SPY
1762653742.651722,2025-11-08 20:02:22,ORDERBOOK,50,12.726068496704102,12.76087760925293,AAPL
1762653742.6646242,2025-11-08 20:02:22,ORDERBOOK,51,12.965202331542969,12.99905776977539,MSFT
1762653742.677567,2025-11-08 20:02:22,ORDERBOOK,52,12.823104858398438,12.93182373046875,SPY
1762653742.6902442,2025-11-08 20:02:22,ORDERBOOK,53,12.774944305419922,12.831926345825195,AAPL
1762653742.7007492,2025-11-08 20:02:22,ORDERBOOK,54,10.574102401733398,10.658025741577148,MSFT
1762653742.713418,2025-11-08 20:02:22,ORDERBOOK,55,12.753963470458984,12.792825698852539,SPY
1762653742.725714,2025-11-08 20:02:22,ORDERBOOK,56,12.357950210571289,12.40992546081543,AAPL
1762653742.738474,2025-11-08 20:02:22,ORDERBOOK,57,12.756109237670898,12.79902458190918,MSFT
1762653742.7509382,2025-11-08 20:02:22,ORDERBOOK,58,12.488842010498047,12.598037719726562,SPY
1762653742.7637289,2025-11-08 20:02:22,ORDERBOOK,59,13.031005859375,13.066768646240234,AAPL
1762653742.776405,2025-11-08 20:02:22,ORDERBOOK,60,12.810945510864258,12.900829315185547,MSFT
1762653742.789292,2025-11-08 20:02:22,ORDERBOOK,61,12.753963470458984,12.79592514038086,SPY
1762653742.802389,2025-11-08 20:02:22,ORDERBOOK,62,12.825727462768555,12.869834899902344,AAPL
1762653742.815118,2025-11-08 20:02:22,ORDERBOOK,63,12.751102447509766,12.785196304321289,MSFT
1762653742.827714,2025-11-08 20:02:22,ORDERBOOK,64,12.666940689086914,12.692928314208984,SPY
1762653742.838658,2025-11-08 20:02:22,ORDERBOOK,65,10.946989059448242,10.981082916259766,AAPL
1762653742.850797,2025-11-08 20:02:22,ORDERBOOK,66,12.189149856567383,12.238025665283203,MSFT
1762653742.863841,2025-11-08 20:02:22,ORDERBOOK,67,12.832880020141602,12.879133224487305,SPY
1762653742.876131,2025-11-08 20:02:22,ORDERBOOK,68,12.156963348388672,12.243986129760742,AAPL
1762653742.8888981,2025-11-08 20:02:22,ORDERBOOK,69,12.847900390625,12.883901596069336,MSFT
1762653742.901215,2025-11-08 20:02:22,ORDERBOOK,70,12.359380722045898,12.457132339477539,SPY
1762653742.913493,2025-11-08 20:02:22,ORDERBOOK,71,12.301921844482422,12.34579086303711,AAPL
1762653742.926511,2025-11-08 20:02:22,ORDERBOOK,72,12.889862060546875,12.940168380737305,MSFT
1762653742.939355,2025-11-08 20:02:22,ORDERBOOK,73,12.828826904296875,12.872934341430664,SPY
1762653742.950711,2025-11-08 20:02:22,ORDERBOOK,74,11.26408576965332,11.310100555419922,AAPL
1762653742.96348,2025-11-08 20:02:22,ORDERBOOK,75,12.759923934936523,12.79902458190918,MSFT
1762653742.9769,2025-11-08 20:02:22,ORDERBOOK,76,13.285160064697266,13.349056243896484,SPY
1762653742.988117,2025-11-08 20:02:22,ORDERBOOK,77,11.449813842773438,11.482954025268555,AAPL
1762653742.9881291,2025-11-08 20:02:22,NEWS_STRATEGY,1,11.656045913696289,11.682271957397461,AAPL
1762653743.000809,2025-11-08 20:02:23,NEWS_STRATEGY,2,12.454032897949219,12.482166290283203,AAPL
1762653743.0009642,2025-11-08 20:02:23,ORDERBOOK,78,12.639045715332031,12.740135192871094,MSFT
1762653743.013969,2025-11-08 20:02:23,NEWS_STRATEGY,3,12.819766998291016,12.840986251831055,AAPL
1762653743.0139892,2025-11-08 20:02:23,PRICE_STRATEGY,1,12.827157974243164,12.855052947998047,AAPL
1762653743.0144022,2025-11-08 20:02:23,ORDERBOOK,79,12.953996658325195,13.014078140258789,SPY
1762653743.025795,2025-11-08 20:02:23,ORDERBOOK,80,11.49606704711914,11.538982391357422,AAPL
1762653743.025738,2025-11-08 20:02:23,NEWS_STRATEGY,4,11.561870574951172,11.58285140991211,AAPL
1762653743.026109,2025-11-08 20:02:23,PRICE_STRATEGY,2,11.939048767089844,11.954069137573242,AAPL
1762653743.038826,2025-11-08 20:02:23,ORDERBOOK,81,12.825965881347656,12.869834899902344,MSFT
1762653743.038796,2025-11-08 20:02:23,NEWS_STRATEGY,5,12.58707046508789,12.605905532836914,AAPL
1762653743.039074,2025-11-08 20:02:23,PRICE_STRATEGY,3,12.876033782958984,12.88294792175293,AAPL
1762653743.0517828,2025-11-08 20:02:23,ORDERBOOK,82,12.824773788452148,12.866735458374023,SPY
1762653743.051769,2025-11-08 20:02:23,PRICE_STRATEGY,4,12.602090835571289,12.60995864868164,AAPL
1762653743.05175,2025-11-08 20:02:23,NEWS_STRATEGY,6,12.556076049804688,12.59303092956543,AAPL
1762653743.064658,2025-11-08 20:02:23,ORDERBOOK,83,12.831926345825195,12.937068939208984,AAPL
1762653743.064946,2025-11-08 20:02:23,NEWS_STRATEGY,7,13.077974319458008,13.100862503051758,AAPL
1762653743.0649369,2025-11-08 20:02:23,PRICE_STRATEGY,5,13.079643249511719,13.089895248413086,AAPL
1762653743.076538,2025-11-08 20:02:23,ORDERBOOK,84,11.785268783569336,11.826276779174805,MSFT
1762653743.0775318,2025-11-08 20:02:23,NEWS_STRATEGY,8,12.64810562133789,12.665271759033203,AAPL
1762653743.0775628,2025-11-08 20:02:23,PRICE_STRATEGY,6,12.68315315246582,12.694120407104492,AAPL
1762653743.089492,2025-11-08 20:02:23,ORDERBOOK,85,12.832164764404297,12.874126434326172,SPY
1762653743.0894442,2025-11-08 20:02:23,NEWS_STRATEGY,9,11.816978454589844,11.837959289550781,AAPL
1762653743.089801,2025-11-08 20:02:23,PRICE_STRATEGY,7,12.182950973510742,12.195825576782227,AAPL
1762653743.102314,2025-11-08 20:02:23,ORDERBOOK,86,12.655258178710938,12.716054916381836,AAPL
1762653743.1026409,2025-11-08 20:02:23,PRICE_STRATEGY,8,12.850046157836914,12.862920761108398,AAPL
1762653743.102647,2025-11-08 20:02:23,NEWS_STRATEGY,10,12.850046157836914,12.868881225585938,AAPL
1762653743.115267,2025-11-08 20:02:23,ORDERBOOK,87,12.797117233276367,12.846946716308594,MSFT
1762653743.115468,2025-11-08 20:02:23,NEWS_STRATEGY,11,12.812137603759766,12.82191276550293,AAPL
1762653743.115475,2025-11-08 20:02:23,PRICE_STRATEGY,9,12.82191276550293,12.828826904296875,AAPL
1762653743.127288,2025-11-08 20:02:23,ORDERBOOK,88,11.918783187866211,11.963844299316406,SPY
1762653743.127264,2025-11-08 20:02:23,NEWS_STRATEGY,12,11.816978454589844,11.842727661132812,AAPL
1762653743.127637,2025-11-08 20:02:23,PRICE_STRATEGY,10,12.058734893798828,12.21466064453125,AAPL
1762653743.140185,2025-11-08 20:02:23,ORDERBOOK,89,12.798070907592773,12.835264205932617,AAPL
1762653743.140519,2025-11-08 20:02:23,NEWS_STRATEGY,13,12.891054153442383,12.91513442993164,AAPL
1762653743.140768,2025-11-08 20:02:23,PRICE_STRATEGY,11,12.879133224487305,13.142108917236328,AAPL
1762653743.153182,2025-11-08 20:02:23,ORDERBOOK,90,12.830972671508789,12.878894805908203,MSFT
1762653743.153151,2025-11-08 20:02:23,NEWS_STRATEGY,14,12.69221305847168,12.716054916381836,AAPL
1762653743.153674,2025-11-08 20:02:23,PRICE_STRATEGY,12,13.066291809082031,13.24009895324707,AAPL
1762653743.1661282,2025-11-08 20:02:23,ORDERBOOK,91,12.723922729492188,12.75324821472168,SPY
1762653743.1661131,2025-11-08 20:02:23,NEWS_STRATEGY,15,12.62211799621582,12.632131576538086,AAPL
1762653743.166238,2025-11-08 20:02:23,PRICE_STRATEGY,13,12.62211799621582,12.757062911987305,AAPL
1762653743.177369,2025-11-08 20:02:23,NEWS_STRATEGY,16,11.116981506347656,11.16800308227539,AAPL
1762653743.177566,2025-11-08 20:02:23,PRICE_STRATEGY,14,11.126041412353516,11.365890502929688,AAPL
1762653743.179028,2025-11-08 20:02:23,ORDERBOOK,92,12.615203857421875,12.639999389648438,AAPL
1762653743.190221,2025-11-08 20:02:23,NEWS_STRATEGY,17,12.711048126220703,12.724161148071289,AAPL
1762653743.190311,2025-11-08 20:02:23,ORDERBOOK,93,11.278152465820312,11.305093765258789,MSFT
1762653743.1904168,2025-11-08 20:02:23,PRICE_STRATEGY,15,12.755155563354492,12.919187545776367,AAPL
1762653743.200612,2025-11-08 20:02:23,NEWS_STRATEGY,18,10.226011276245117,10.239124298095703,AAPL
1762653743.2007658,2025-11-08 20:02:23,PRICE_STRATEGY,16,10.226011276245117,10.392904281616211,AAPL
1762653743.2032561,2025-11-08 20:02:23,ORDERBOOK,94,12.70914077758789,12.778997421264648,SPY
1762653743.2134578,2025-11-08 20:02:23,NEWS_STRATEGY,19,12.727022171020508,12.743234634399414,AAPL
1762653743.2136278,2025-11-08 20:02:23,PRICE_STRATEGY,17,12.73202896118164,12.914180755615234,AAPL
1762653743.216105,2025-11-08 20:02:23,ORDERBOOK,95,12.746095657348633,12.78996467590332,AAPL
1762653743.225487,2025-11-08 20:02:23,NEWS_STRATEGY,20,11.88206672668457,11.892080307006836,AAPL
1762653743.225631,2025-11-08 20:02:23,PRICE_STRATEGY,18,11.871099472045898,12.035846710205078,AAPL
1762653743.228896,2025-11-08 20:02:23,ORDERBOOK,96,12.730121612548828,12.761116027832031,MSFT
1762653743.238278,2025-11-08 20:02:23,NEWS_STRATEGY,21,12.71510124206543,12.730121612548828,AAPL
1762653743.2384288,2025-11-08 20:02:23,PRICE_STRATEGY,19,12.71510124206543,12.880325317382812,AAPL
1762653743.241653,2025-11-08 20:02:23,ORDERBOOK,97,12.730836868286133,12.771844863891602,SPY
1762653743.25123,2025-11-08 20:02:23,NEWS_STRATEGY,22,12.683868408203125,12.698650360107422,AAPL
1762653743.251328,2025-11-08 20:02:23,PRICE_STRATEGY,20,12.683868408203125,12.796878814697266,AAPL
1762653743.25193,2025-11-08 20:02:23,ORDERBOOK,98,10.315179824829102,10.348081588745117,AAPL
1762653743.264158,2025-11-08 20:02:23,NEWS_STRATEGY,23,12.795209884643555,12.819051742553711,AAPL
1762653743.264203,2025-11-08 20:02:23,ORDERBOOK,99,12.183189392089844,12.226104736328125,MSFT
1762653743.2643452,2025-11-08 20:02:23,PRICE_STRATEGY,21,12.795209884643555,13.007164001464844,AAPL
1762653743.275688,2025-11-08 20:02:23,ORDERBOOK,100,11.306047439575195,11.34181022644043,SPY
1762653743.2771788,2025-11-08 20:02:23,NEWS_STRATEGY,24,12.717247009277344,12.732267379760742,AAPL
1762653743.2773561,2025-11-08 20:02:23,PRICE_STRATEGY,22,12.726068496704102,12.908220291137695,AAPL
1762653743.288506,2025-11-08 20:02:23,ORDERBOOK,101,12.799978256225586,12.846231460571289,AAPL
1762653743.289972,2025-11-08 20:02:23,NEWS_STRATEGY,25,12.647867202758789,12.665748596191406,AAPL
1762653743.2901042,2025-11-08 20:02:23,PRICE_STRATEGY,23,12.697696685791016,12.796878814697266,AAPL
1762653743.300691,2025-11-08 20:02:23,ORDERBOOK,102,12.064933776855469,12.115955352783203,MSFT
1762653743.3025322,2025-11-08 20:02:23,NEWS_STRATEGY,26,12.518882751464844,12.539863586425781,AAPL
1762653743.302659,2025-11-08 20:02:23,PRICE_STRATEGY,24,12.538671493530273,12.691974639892578,AAPL
1762653743.313594,2025-11-08 20:02:23,ORDERBOOK,103,12.759923934936523,12.804985046386719,SPY
1762653743.315264,2025-11-08 20:02:23,NEWS_STRATEGY,27,12.684822082519531,12.698650360107422,AAPL
1762653743.31531,2025-11-08 20:02:23,PRICE_STRATEGY,25,12.643814086914062,12.744903564453125,AAPL
1762653743.3256269,2025-11-08 20:02:23,NEWS_STRATEGY,28,10.384798049926758,10.404109954833984,AAPL
1762653743.325863,2025-11-08 20:02:23,PRICE_STRATEGY,26,10.426044464111328,10.638952255249023,AAPL
1762653743.326338,2025-11-08 20:02:23,ORDERBOOK,104,12.62211799621582,12.686014175415039,AAPL
1762653743.3386781,2025-11-08 20:02:23,ORDERBOOK,105,12.304067611694336,12.341976165771484,MSFT
1762653743.338753,2025-11-08 20:02:23,PRICE_STRATEGY,27,12.778043746948242,12.907981872558594,AAPL
1762653743.3386471,2025-11-08 20:02:23,NEWS_STRATEGY,29,12.778043746948242,12.8021240234375,AAPL
1762653743.350722,2025-11-08 20:02:23,ORDERBOOK,106,11.932134628295898,11.972188949584961,SPY
1762653743.350851,2025-11-08 20:02:23,PRICE_STRATEGY,28,11.893987655639648,12.017965316772461,AAPL
1762653743.350707,2025-11-08 20:02:23,NEWS_STRATEGY,30,11.852025985717773,11.874198913574219,AAPL
1762653743.363888,2025-11-08 20:02:23,ORDERBOOK,107,12.990236282348633,13.032197952270508,AAPL
1762653743.363821,2025-11-08 20:02:23,NEWS_STRATEGY,31,12.771844863891602,12.796878814697266,AAPL
1762653743.364217,2025-11-08 20:02:23,PRICE_STRATEGY,29,13.015031814575195,13.195991516113281,AAPL
1762653743.376611,2025-11-08 20:02:23,NEWS_STRATEGY,32,12.603998184204102,12.6190185546875,AAPL
1762653743.376676,2025-11-08 20:02:23,ORDERBOOK,108,12.755155563354492,12.785911560058594,MSFT
1762653743.376998,2025-11-08 20:02:23,PRICE_STRATEGY,30,12.866020202636719,13.00501823425293,AAPL
1762653743.3895628,2025-11-08 20:02:23,NEWS_STRATEGY,33,12.629032135009766,12.65096664428711,AAPL
1762653743.389697,2025-11-08 20:02:23,ORDERBOOK,109,12.89820671081543,12.935876846313477,SPY
1762653743.389798,2025-11-08 20:02:23,PRICE_STRATEGY,31,12.694120407104492,12.887001037597656,AAPL
1762653743.400822,2025-11-08 20:02:23,ORDERBOOK,110,10.908842086791992,10.953903198242188,AAPL
1762653743.402328,2025-11-08 20:02:23,NEWS_STRATEGY,34,12.684106826782227,12.717247009277344,AAPL
1762653743.402428,2025-11-08 20:02:23,PRICE_STRATEGY,32,12.687206268310547,12.817144393920898,AAPL
1762653743.4138722,2025-11-08 20:02:23,ORDERBOOK,111,12.976884841918945,13.015985488891602,MSFT
1762653743.414442,2025-11-08 20:02:23,NEWS_STRATEGY,35,12.052059173583984,12.069940567016602,AAPL
1762653743.414559,2025-11-08 20:02:23,PRICE_STRATEGY,33,12.045145034790039,12.187957763671875,AAPL
1762653743.4258618,2025-11-08 20:02:23,ORDERBOOK,112,11.950969696044922,12.034893035888672,SPY
1762653743.4257898,2025-11-08 20:02:23,NEWS_STRATEGY,36,11.387825012207031,11.403799057006836,AAPL
1762653743.426204,2025-11-08 20:02:23,PRICE_STRATEGY,34,11.724710464477539,11.818885803222656,AAPL
1762653743.438902,2025-11-08 20:02:23,ORDERBOOK,113,12.883901596069336,12.932777404785156,AAPL
1762653743.439328,2025-11-08 20:02:23,PRICE_STRATEGY,35,13.087987899780273,13.207674026489258,AAPL
1762653743.4391801,2025-11-08 20:02:23,NEWS_STRATEGY,37,13.043880462646484,13.059854507446289,AAPL
1762653743.450751,2025-11-08 20:02:23,ORDERBOOK,114,11.710882186889648,11.791706085205078,MSFT
1762653743.451016,2025-11-08 20:02:23,NEWS_STRATEGY,38,11.707305908203125,11.722326278686523,AAPL
1762653743.451113,2025-11-08 20:02:23,PRICE_STRATEGY,36,11.687278747558594,11.820077896118164,AAPL
1762653743.463569,2025-11-08 20:02:23,ORDERBOOK,115,12.774944305419922,12.809991836547852,SPY
1762653743.463899,2025-11-08 20:02:23,PRICE_STRATEGY,37,12.805938720703125,12.887001037597656,AAPL
1762653743.4638348,2025-11-08 20:02:23,NEWS_STRATEGY,39,12.809991836547852,12.822151184082031,AAPL
1762653743.475751,2025-11-08 20:02:23,PRICE_STRATEGY,38,11.851072311401367,11.94310188293457,AAPL
1762653743.475683,2025-11-08 20:02:23,NEWS_STRATEGY,40,11.844158172607422,11.873006820678711,AAPL
1762653743.475748,2025-11-08 20:02:23,ORDERBOOK,116,12.007951736450195,12.059926986694336,AAPL
1762653743.488811,2025-11-08 20:02:23,ORDERBOOK,117,12.885093688964844,12.939929962158203,MSFT
1762653743.489005,2025-11-08 20:02:23,NEWS_STRATEGY,41,12.917041778564453,12.941837310791016,AAPL
1762653743.489135,2025-11-08 20:02:23,PRICE_STRATEGY,39,12.971162796020508,13.075113296508789,AAPL
1762653743.500319,2025-11-08 20:02:23,ORDERBOOK,118,11.41810417175293,11.487007141113281,SPY
1762653743.500565,2025-11-08 20:02:23,NEWS_STRATEGY,42,11.493206024169922,11.501073837280273,AAPL
1762653743.500721,2025-11-08 20:02:23,PRICE_STRATEGY,40,11.537313461303711,11.65628433227539,AAPL
1762653743.5132039,2025-11-08 20:02:23,ORDERBOOK,119,12.780189514160156,12.819051742553711,AAPL
1762653743.513474,2025-11-08 20:02:23,NEWS_STRATEGY,43,12.748956680297852,12.763738632202148,AAPL
1762653743.513612,2025-11-08 20:02:23,PRICE_STRATEGY,41,12.742757797241211,12.90273666381836,AAPL
1762653743.525465,2025-11-08 20:02:23,NEWS_STRATEGY,44,11.981010437011719,12.028932571411133,AAPL
1762653743.5256152,2025-11-08 20:02:23,PRICE_STRATEGY,42,11.981010437011719,12.18104362487793,AAPL
1762653743.525808,2025-11-08 20:02:23,ORDERBOOK,120,12.493133544921875,12.52603530883789,MSFT
1762653743.538458,2025-11-08 20:02:23,ORDERBOOK,121,12.649297714233398,12.691259384155273,SPY
1762653743.5384,2025-11-08 20:02:23,NEWS_STRATEGY,45,12.764930725097656,12.788057327270508,AAPL
1762653743.538851,2025-11-08 20:02:23,PRICE_STRATEGY,43,12.986183166503906,13.239145278930664,AAPL
1762653743.551239,2025-11-08 20:02:23,NEWS_STRATEGY,46,12.636184692382812,12.659311294555664,AAPL
1762653743.5513442,2025-11-08 20:02:23,PRICE_STRATEGY,44,12.6190185546875,12.766361236572266,AAPL
1762653743.551666,2025-11-08 20:02:23,ORDERBOOK,122,13.143062591552734,13.178825378417969,AAPL
1762653743.564337,2025-11-08 20:02:23,PRICE_STRATEGY,45,12.753009796142578,12.849092483520508,AAPL
1762653743.564265,2025-11-08 20:02:23,NEWS_STRATEGY,47,12.758970260620117,12.775897979736328,AAPL
1762653743.5646,2025-11-08 20:02:23,ORDERBOOK,123,12.810945510864258,12.900114059448242,MSFT
1762653743.576302,2025-11-08 20:02:23,ORDERBOOK,124,11.804819107055664,11.834144592285156,SPY
1762653743.5763352,2025-11-08 20:02:23,PRICE_STRATEGY,46,11.889934539794922,11.96599006652832,AAPL
1762653743.576288,2025-11-08 20:02:23,NEWS_STRATEGY,48,11.904716491699219,11.918783187866211,AAPL
1762653743.58933,2025-11-08 20:02:23,ORDERBOOK,125,12.576103210449219,12.61281967163086,AAPL
1762653743.589325,2025-11-08 20:02:23,NEWS_STRATEGY,49,12.83407211303711,12.857198715209961,AAPL
1762653743.5898,2025-11-08 20:02:23,PRICE_STRATEGY,47,13.23699951171875,13.332128524780273,AAPL
1762653743.602375,2025-11-08 20:02:23,ORDERBOOK,126,12.850046157836914,12.896060943603516,MSFT
1762653743.602908,2025-11-08 20:02:23,NEWS_STRATEGY,50,13.206958770751953,13.234138488769531,AAPL
1762653743.603063,2025-11-08 20:02:23,PRICE_STRATEGY,48,13.183832168579102,13.390064239501953,AAPL
1762653743.6155388,2025-11-08 20:02:23,NEWS_STRATEGY,51,12.722969055175781,12.731790542602539,AAPL
1762653743.615595,2025-11-08 20:02:23,ORDERBOOK,127,12.979984283447266,13.012886047363281,SPY
1762653743.6156192,2025-11-08 20:02:23,PRICE_STRATEGY,49,12.713909149169922,12.810945510864258,AAPL
1762653743.628288,2025-11-08 20:02:23,NEWS_STRATEGY,52,12.759923934936523,12.77780532836914,AAPL
1762653743.628362,2025-11-08 20:02:23,ORDERBOOK,128,12.727022171020508,12.764930725097656,AAPL
1762653743.62873,2025-11-08 20:02:23,PRICE_STRATEGY,50,13.092041015625,13.218879699707031,AAPL
1762653743.640865,2025-11-08 20:02:23,NEWS_STRATEGY,53,12.156009674072266,12.223958969116211,AAPL
1762653743.640981,2025-11-08 20:02:23,PRICE_STRATEGY,51,12.226104736328125,12.341022491455078,AAPL
1762653743.6412108,2025-11-08 20:02:23,ORDERBOOK,129,12.715816497802734,12.752056121826172,MSFT
1762653743.652928,2025-11-08 20:02:23,NEWS_STRATEGY,54,11.94906234741211,11.970043182373047,AAPL
1762653743.653038,2025-11-08 20:02:23,PRICE_STRATEGY,52,11.924982070922852,12.079238891601562,AAPL
1762653743.653884,2025-11-08 20:02:23,ORDERBOOK,130,12.6800537109375,12.710094451904297,SPY
1762653743.665822,2025-11-08 20:02:23,NEWS_STRATEGY,55,12.768030166625977,12.785911560058594,AAPL
1762653743.665959,2025-11-08 20:02:23,PRICE_STRATEGY,53,12.751102447509766,12.922048568725586,AAPL
1762653743.666604,2025-11-08 20:02:23,ORDERBOOK,131,12.701749801635742,12.733936309814453,AAPL
1762653743.678859,2025-11-08 20:02:23,PRICE_STRATEGY,54,12.83121109008789,12.983083724975586,AAPL
1762653743.678783,2025-11-08 20:02:23,ORDERBOOK,132,12.094974517822266,12.13383674621582,MSFT
1762653743.67873,2025-11-08 20:02:23,NEWS_STRATEGY,56,12.83121109008789,12.85409927368164,AAPL
1762653743.691675,2025-11-08 20:02:23,ORDERBOOK,133,12.758016586303711,12.79306411743164,SPY
1762653743.6919522,2025-11-08 20:02:23,NEWS_STRATEGY,57,12.871026992797852,12.885093688964844,AAPL
1762653743.691989,2025-11-08 20:02:23,PRICE_STRATEGY,55,12.830018997192383,12.923002243041992,AAPL
1762653743.702388,2025-11-08 20:02:23,NEWS_STRATEGY,58,10.50710678100586,10.522842407226562,AAPL
1762653743.702493,2025-11-08 20:02:23,PRICE_STRATEGY,56,10.50710678100586,10.62774658203125,AAPL
1762653743.7024488,2025-11-08 20:02:23,ORDERBOOK,134,10.640859603881836,10.690927505493164,AAPL
1762653743.71548,2025-11-08 20:02:23,PRICE_STRATEGY,57,12.660980224609375,12.762308120727539,AAPL
1762653743.7154298,2025-11-08 20:02:23,ORDERBOOK,135,12.809991836547852,12.857198715209961,MSFT
1762653743.715372,2025-11-08 20:02:23,NEWS_STRATEGY,59,12.633085250854492,12.653112411499023,AAPL
1762653743.728272,2025-11-08 20:02:23,NEWS_STRATEGY,60,12.640953063964844,12.659072875976562,AAPL
1762653743.7283258,2025-11-08 20:02:23,ORDERBOOK,136,12.809991836547852,12.851238250732422,SPY
1762653743.728609,2025-11-08 20:02:23,PRICE_STRATEGY,58,12.88604736328125,12.996912002563477,AAPL
1762653743.741169,2025-11-08 20:02:23,NEWS_STRATEGY,61,12.670040130615234,12.692928314208984,AAPL
1762653743.741258,2025-11-08 20:02:23,ORDERBOOK,137,12.804985046386719,12.87698745727539,AAPL
1762653743.7416031,2025-11-08 20:02:23,PRICE_STRATEGY,59,12.929677963256836,13.125896453857422,AAPL
1762653743.75406,2025-11-08 20:02:23,PRICE_STRATEGY,60,12.540102005004883,12.667179107666016,AAPL
1762653743.7539752,2025-11-08 20:02:23,ORDERBOOK,138,12.669086456298828,12.701988220214844,MSFT
1762653743.7539499,2025-11-08 20:02:23,NEWS_STRATEGY,62,12.539148330688477,12.556076049804688,AAPL
1762653743.767107,2025-11-08 20:02:23,PRICE_STRATEGY,61,12.839078903198242,12.986183166503906,AAPL
1762653743.766986,2025-11-08 20:02:23,ORDERBOOK,139,12.731075286865234,12.768983840942383,SPY
1762653743.7669241,2025-11-08 20:02:23,NEWS_STRATEGY,63,12.785196304321289,12.8021240234375,AAPL
1762653743.7798898,2025-11-08 20:02:23,ORDERBOOK,140,12.82191276550293,12.8631591796875,AAPL
1762653743.78015,2025-11-08 20:02:23,NEWS_STRATEGY,64,12.88604736328125,12.904882431030273,AAPL
1762653743.780284,2025-11-08 20:02:23,PRICE_STRATEGY,62,12.88604736328125,13.04006576538086,AAPL
1762653743.792657,2025-11-08 20:02:23,ORDERBOOK,141,12.658834457397461,12.677907943725586,MSFT
1762653743.79264,2025-11-08 20:02:23,NEWS_STRATEGY,65,12.508869171142578,12.525796890258789,AAPL
1762653743.7926972,2025-11-08 20:02:23,PRICE_STRATEGY,63,12.505769729614258,12.584924697875977,AAPL
1762653743.8055098,2025-11-08 20:02:23,NEWS_STRATEGY,66,12.733221054077148,12.75324821472168,AAPL
1762653743.805666,2025-11-08 20:02:23,PRICE_STRATEGY,64,12.733221054077148,12.909173965454102,AAPL
1762653743.8059509,2025-11-08 20:02:23,ORDERBOOK,142,12.939929962158203,12.980937957763672,SPY
1762653743.8173609,2025-11-08 20:02:23,NEWS_STRATEGY,67,11.65008544921875,11.666297912597656,AAPL
1762653743.8174798,2025-11-08 20:02:23,PRICE_STRATEGY,65,11.691093444824219,11.78598403930664,AAPL
1762653743.8185651,2025-11-08 20:02:23,ORDERBOOK,143,12.665033340454102,12.701034545898438,AAPL
1762653743.830367,2025-11-08 20:02:23,NEWS_STRATEGY,68,12.745857238769531,12.761831283569336,AAPL
1762653743.8305678,2025-11-08 20:02:23,PRICE_STRATEGY,66,12.744903564453125,12.963056564331055,AAPL
1762653743.830911,2025-11-08 20:02:23,ORDERBOOK,144,12.232065200805664,12.284040451049805,MSFT
1762653743.842346,2025-11-08 20:02:23,NEWS_STRATEGY,69,11.841058731079102,11.862039566040039,AAPL
1762653743.8424928,2025-11-08 20:02:23,PRICE_STRATEGY,67,11.843204498291016,12.006282806396484,AAPL
1762653743.843661,2025-11-08 20:02:23,ORDERBOOK,145,12.681007385253906,12.712955474853516,SPY
1762653743.8553212,2025-11-08 20:02:23,NEWS_STRATEGY,70,12.794971466064453,12.81881332397461,AAPL
1762653743.855561,2025-11-08 20:02:23,PRICE_STRATEGY,68,12.794971466064453,13.059139251708984,AAPL
1762653743.856408,2025-11-08 20:02:23,ORDERBOOK,146,12.666702270507812,12.704849243164062,AAPL
1762653743.86742,2025-11-08 20:02:23,NEWS_STRATEGY,71,11.929988861083984,11.958122253417969,AAPL
1762653743.867485,2025-11-08 20:02:23,ORDERBOOK,147,11.074066162109375,11.130809783935547,MSFT
1762653743.868107,2025-11-08 20:02:23,PRICE_STRATEGY,69,12.475967407226562,12.645959854125977,AAPL
1762653743.880468,2025-11-08 20:02:23,ORDERBOOK,148,12.83407211303711,12.872934341430664,SPY
1762653743.880416,2025-11-08 20:02:23,NEWS_STRATEGY,72,12.457132339477539,12.475013732910156,AAPL
1762653743.880832,2025-11-08 20:02:23,PRICE_STRATEGY,70,12.738227844238281,12.891054153442383,AAPL
1762653743.893387,2025-11-08 20:02:23,ORDERBOOK,149,12.763023376464844,12.842893600463867,AAPL
1762653743.8935401,2025-11-08 20:02:23,NEWS_STRATEGY,73,12.723922729492188,12.735843658447266,AAPL
1762653743.893655,2025-11-08 20:02:23,PRICE_STRATEGY,71,12.725830078125,12.850761413574219,AAPL
1762653743.9061508,2025-11-08 20:02:23,NEWS_STRATEGY,74,12.572765350341797,12.598037719726562,AAPL
1762653743.906307,2025-11-08 20:02:23,ORDERBOOK,150,12.856721878051758,12.893915176391602,MSFT
1762653743.9063911,2025-11-08 20:02:23,PRICE_STRATEGY,72,12.629985809326172,12.836694717407227,AAPL
1762653743.918401,2025-11-08 20:02:23,ORDERBOOK,151,11.79194450378418,11.8408203125,SPY
1762653743.918936,2025-11-08 20:02:23,NEWS_STRATEGY,75,12.67099380493164,12.684106826782227,AAPL
1762653743.9191082,2025-11-08 20:02:23,PRICE_STRATEGY,73,12.678861618041992,12.855052947998047,AAPL
1762653743.931382,2025-11-08 20:02:23,ORDERBOOK,152,12.784719467163086,12.822866439819336,AAPL
1762653743.931778,2025-11-08 20:02:23,NEWS_STRATEGY,76,12.826681137084961,12.841939926147461,AAPL
1762653743.931893,2025-11-08 20:02:23,PRICE_STRATEGY,74,12.767791748046875,12.955904006958008,AAPL
1762653743.944224,2025-11-08 20:02:23,PRICE_STRATEGY,75,12.398958206176758,12.538909912109375,AAPL
1762653743.9441779,2025-11-08 20:02:23,ORDERBOOK,153,12.586832046508789,12.633800506591797,MSFT
1762653743.9441159,2025-11-08 20:02:23,NEWS_STRATEGY,77,12.399911880493164,12.42971420288086,AAPL
1762653743.957302,2025-11-08 20:02:23,ORDERBOOK,154,12.877941131591797,12.918949127197266,SPY
1762653743.957248,2025-11-08 20:02:23,NEWS_STRATEGY,78,12.636184692382812,12.661218643188477,AAPL
1762653743.957591,2025-11-08 20:02:23,PRICE_STRATEGY,76,12.910127639770508,13.005256652832031,AAPL
1762653743.968875,2025-11-08 20:02:23,ORDERBOOK,155,11.361122131347656,11.482954025268555,AAPL
1762653743.9696739,2025-11-08 20:02:23,NEWS_STRATEGY,79,12.14909553527832,12.165069580078125,AAPL
1762653743.969882,2025-11-08 20:02:23,PRICE_STRATEGY,77,12.21609115600586,12.372016906738281,AAPL
1762653743.981875,2025-11-08 20:02:23,ORDERBOOK,156,12.853145599365234,12.893915176391602,MSFT
1762653743.982341,2025-11-08 20:02:23,NEWS_STRATEGY,80,12.630224227905273,12.641191482543945,AAPL
1762653743.9824588,2025-11-08 20:02:23,PRICE_STRATEGY,78,12.64810562133789,12.759208679199219,AAPL
1762653743.9939241,2025-11-08 20:02:23,NEWS_STRATEGY,81,11.552810668945312,11.571884155273438,AAPL
1762653743.994111,2025-11-08 20:02:23,PRICE_STRATEGY,79,11.462926864624023,11.759757995605469,AAPL
1762653743.994677,2025-11-08 20:02:23,ORDERBOOK,157,12.688875198364258,12.732982635498047,SPY
1762653744.0062761,2025-11-08 20:02:24,ORDERBOOK,158,11.611700057983398,11.64698600769043,AAPL
1762653744.0068932,2025-11-08 20:02:24,NEWS_STRATEGY,82,12.675762176513672,12.691020965576172,AAPL
1762653744.006985,2025-11-08 20:02:24,PRICE_STRATEGY,80,12.674093246459961,12.782812118530273,AAPL
1762653744.0193348,2025-11-08 20:02:24,ORDERBOOK,159,12.910127639770508,12.953042984008789,MSFT
1762653744.019243,2025-11-08 20:02:24,NEWS_STRATEGY,83,12.337923049926758,12.360811233520508,AAPL
1762653744.0195332,2025-11-08 20:02:24,PRICE_STRATEGY,81,12.337923049926758,12.65096664428711,AAPL
1762653744.032059,2025-11-08 20:02:24,ORDERBOOK,160,12.744903564453125,12.800931930541992,SPY
1762653744.032353,2025-11-08 20:02:24,NEWS_STRATEGY,84,12.63284683227539,12.64500617980957,AAPL
1762653744.0324538,2025-11-08 20:02:24,PRICE_STRATEGY,82,12.639999389648438,12.747049331665039,AAPL
1762653744.044131,2025-11-08 20:02:24,ORDERBOOK,161,12.017011642456055,12.051105499267578,AAPL
1762653744.044699,2025-11-08 20:02:24,PRICE_STRATEGY,83,12.246131896972656,12.335062026977539,AAPL
1762653744.044661,2025-11-08 20:02:24,NEWS_STRATEGY,85,12.282133102416992,12.295961380004883,AAPL
1762653744.056917,2025-11-08 20:02:24,ORDERBOOK,162,12.758731842041016,12.793779373168945,MSFT
1762653744.057394,2025-11-08 20:02:24,NEWS_STRATEGY,86,12.637853622436523,12.651920318603516,AAPL
1762653744.057502,2025-11-08 20:02:24,PRICE_STRATEGY,84,12.669801712036133,12.759685516357422,AAPL
1762653744.069837,2025-11-08 20:02:24,ORDERBOOK,163,12.838125228881836,12.887954711914062,SPY
1762653744.0702488,2025-11-08 20:02:24,PRICE_STRATEGY,85,12.804031372070312,12.893915176391602,AAPL
1762653744.0701618,2025-11-08 20:02:24,NEWS_STRATEGY,87,12.79306411743164,12.806892395019531,AAPL
1762653744.082804,2025-11-08 20:02:24,ORDERBOOK,164,12.789011001586914,12.832880020141602,AAPL
1762653744.0830028,2025-11-08 20:02:24,PRICE_STRATEGY,86,12.710809707641602,12.783050537109375,AAPL
1762653744.082956,2025-11-08 20:02:24,NEWS_STRATEGY,88,12.719869613647461,12.732982635498047,AAPL
1762653744.095616,2025-11-08 20:02:24,ORDERBOOK,165,12.749910354614258,12.785911560058594,MSFT
1762653744.095888,2025-11-08 20:02:24,PRICE_STRATEGY,87,12.834787368774414,12.896060943603516,AAPL
1762653744.0958562,2025-11-08 20:02:24,NEWS_STRATEGY,89,12.846946716308594,12.861967086791992,AAPL
1762653744.108404,2025-11-08 20:02:24,NEWS_STRATEGY,90,12.557029724121094,12.56704330444336,AAPL
1762653744.1084402,2025-11-08 20:02:24,ORDERBOOK,166,12.685775756835938,12.713909149169922,SPY
1762653744.108602,2025-11-08 20:02:24,PRICE_STRATEGY,88,12.70604133605957,12.765169143676758,AAPL
1762653744.118918,2025-11-08 20:02:24,PRICE_STRATEGY,89,10.246753692626953,10.331153869628906,AAPL
1762653744.1188428,2025-11-08 20:02:24,NEWS_STRATEGY,91,10.246753692626953,10.256052017211914,AAPL
1762653744.119188,2025-11-08 20:02:24,ORDERBOOK,167,10.699033737182617,10.721921920776367,AAPL
1762653744.131616,2025-11-08 20:02:24,PRICE_STRATEGY,90,12.644052505493164,12.713909149169922,AAPL
1762653744.131541,2025-11-08 20:02:24,NEWS_STRATEGY,92,12.630939483642578,12.639999389648438,AAPL
1762653744.131902,2025-11-08 20:02:24,ORDERBOOK,168,12.614011764526367,12.644052505493164,MSFT
1762653744.1423821,2025-11-08 20:02:24,PRICE_STRATEGY,91,10.67495346069336,10.780811309814453,AAPL
1762653744.142289,2025-11-08 20:02:24,NEWS_STRATEGY,93,10.664939880371094,10.687828063964844,AAPL
1762653744.144503,2025-11-08 20:02:24,ORDERBOOK,169,12.624025344848633,12.652873992919922,SPY
1762653744.1551092,2025-11-08 20:02:24,NEWS_STRATEGY,94,12.65406608581543,12.66622543334961,AAPL
1762653744.155194,2025-11-08 20:02:24,PRICE_STRATEGY,92,12.657880783081055,12.75014877319336,AAPL
1762653744.157161,2025-11-08 20:02:24,ORDERBOOK,170,12.629985809326172,12.65096664428711,AAPL
1762653744.167278,2025-11-08 20:02:24,NEWS_STRATEGY,95,12.076854705810547,12.09115982055664,AAPL
1762653744.1673589,2025-11-08 20:02:24,PRICE_STRATEGY,93,12.105226516723633,12.172937393188477,AAPL
1762653744.169806,2025-11-08 20:02:24,ORDERBOOK,171,12.664794921875,12.691974639892578,MSFT
1762653744.180133,2025-11-08 20:02:24,NEWS_STRATEGY,96,12.73488998413086,12.755870819091797,AAPL
1762653744.180259,2025-11-08 20:02:24,PRICE_STRATEGY,94,12.762784957885742,12.88294792175293,AAPL
1762653744.180201,2025-11-08 20:02:24,ORDERBOOK,172,10.371923446655273,10.409832000732422,SPY
1762653744.1930912,2025-11-08 20:02:24,ORDERBOOK,173,12.7410888671875,12.784957885742188,AAPL
1762653744.193148,2025-11-08 20:02:24,NEWS_STRATEGY,97,12.634038925170898,12.646198272705078,AAPL
1762653744.193244,2025-11-08 20:02:24,PRICE_STRATEGY,95,12.678146362304688,12.742757797241211,AAPL
1762653744.205848,2025-11-08 20:02:24,PRICE_STRATEGY,96,12.664079666137695,12.729167938232422,AAPL
1762653744.205911,2025-11-08 20:02:24,ORDERBOOK,174,12.800931930541992,12.879133224487305,MSFT
1762653744.205816,2025-11-08 20:02:24,NEWS_STRATEGY,98,12.677192687988281,12.695074081420898,AAPL
1762653744.217358,2025-11-08 20:02:24,PRICE_STRATEGY,97,11.43026351928711,11.47007942199707,AAPL
1762653744.217292,2025-11-08 20:02:24,NEWS_STRATEGY,99,11.388301849365234,11.404037475585938,AAPL
1762653744.218703,2025-11-08 20:02:24,ORDERBOOK,175,12.648820877075195,12.685060501098633,SPY
1762653744.22806,2025-11-08 20:02:24,NEWS_STRATEGY,100,10.640144348144531,10.654211044311523,AAPL
1762653744.228162,2025-11-08 20:02:24,PRICE_STRATEGY,98,10.644197463989258,10.756969451904297,AAPL
1762653744.2314298,2025-11-08 20:02:24,ORDERBOOK,176,12.73202896118164,12.766122817993164,AAPL
1762653744.240774,2025-11-08 20:02:24,NEWS_STRATEGY,101,12.634038925170898,12.650251388549805,AAPL
1762653744.240884,2025-11-08 20:02:24,PRICE_STRATEGY,99,12.64810562133789,12.758970260620117,AAPL
1762653744.2442381,2025-11-08 20:02:24,ORDERBOOK,177,12.70914077758789,12.749910354614258,MSFT
1762653744.253773,2025-11-08 20:02:24,PRICE_STRATEGY,100,12.764930725097656,12.884140014648438,AAPL
1762653744.253675,2025-11-08 20:02:24,NEWS_STRATEGY,102,12.764930725097656,12.784957885742188,AAPL
1762653744.257029,2025-11-08 20:02:24,ORDERBOOK,178,12.708902359008789,12.747049331665039,SPY
1762653744.266633,2025-11-08 20:02:24,NEWS_STRATEGY,103,12.79306411743164,12.810945510864258,AAPL
1762653744.266797,2025-11-08 20:02:24,PRICE_STRATEGY,101,12.803077697753906,12.974023818969727,AAPL
1762653744.2673311,2025-11-08 20:02:24,ORDERBOOK,179,10.258913040161133,10.300874710083008,AAPL
1762653744.279553,2025-11-08 20:02:24,NEWS_STRATEGY,104,12.766122817993164,12.781858444213867,AAPL
1762653744.279628,2025-11-08 20:02:24,ORDERBOOK,180,12.235164642333984,12.282133102416992,MSFT
1762653744.279715,2025-11-08 20:02:24,PRICE_STRATEGY,102,12.76397705078125,12.946128845214844,AAPL
1762653744.292331,2025-11-08 20:02:24,NEWS_STRATEGY,105,12.475967407226562,12.489080429077148,AAPL
1762653744.292453,2025-11-08 20:02:24,PRICE_STRATEGY,103,12.475967407226562,12.610197067260742,AAPL
1762653744.2929049,2025-11-08 20:02:24,ORDERBOOK,181,13.163089752197266,13.194084167480469,SPY
1762653744.3054101,2025-11-08 20:02:24,ORDERBOOK,182,12.552976608276367,12.58993148803711,AAPL
1762653744.30573,2025-11-08 20:02:24,PRICE_STRATEGY,104,12.94708251953125,13.093948364257812,AAPL
1762653744.305612,2025-11-08 20:02:24,NEWS_STRATEGY,106,12.95614242553711,12.974023818969727,AAPL
1762653744.318163,2025-11-08 20:02:24,ORDERBOOK,183,12.722969055175781,12.761831283569336,MSFT
1762653744.3186262,2025-11-08 20:02:24,PRICE_STRATEGY,105,12.688875198364258,12.840032577514648,AAPL
1762653744.318509,2025-11-08 20:02:24,NEWS_STRATEGY,107,12.708902359008789,12.722015380859375,AAPL
1762653744.331093,2025-11-08 20:02:24,ORDERBOOK,184,12.87388801574707,12.924909591674805,SPY
1762653744.331476,2025-11-08 20:02:24,PRICE_STRATEGY,106,12.765884399414062,12.910842895507812,AAPL
1762653744.331331,2025-11-08 20:02:24,NEWS_STRATEGY,108,12.74871826171875,12.763738632202148,AAPL
1762653744.3437681,2025-11-08 20:02:24,NEWS_STRATEGY,109,12.491941452026367,12.512922286987305,AAPL
1762653744.3441129,2025-11-08 20:02:24,PRICE_STRATEGY,107,12.540817260742188,12.85696029663086,AAPL
1762653744.344161,2025-11-08 20:02:24,ORDERBOOK,185,13.008832931518555,13.04173469543457,AAPL
1762653744.3567832,2025-11-08 20:02:24,ORDERBOOK,186,12.665271759033203,12.708187103271484,MSFT
1762653744.3567412,2025-11-08 20:02:24,NEWS_STRATEGY,110,12.782096862792969,12.800931930541992,AAPL
1762653744.3568482,2025-11-08 20:02:24,PRICE_STRATEGY,108,12.78996467590332,12.907981872558594,AAPL
1762653744.369869,2025-11-08 20:02:24,ORDERBOOK,187,12.933015823364258,12.986898422241211,SPY
1762653744.370084,2025-11-08 20:02:24,NEWS_STRATEGY,111,12.973785400390625,12.987852096557617,AAPL
1762653744.370204,2025-11-08 20:02:24,PRICE_STRATEGY,109,12.989044189453125,13.108968734741211,AAPL
1762653744.382737,2025-11-08 20:02:24,NEWS_STRATEGY,112,12.633800506591797,12.642860412597656,AAPL
1762653744.382921,2025-11-08 20:02:24,ORDERBOOK,188,12.848854064941406,12.994050979614258,AAPL
1762653744.383262,2025-11-08 20:02:24,PRICE_STRATEGY,110,13.002872467041016,13.16690444946289,AAPL
1762653744.395751,2025-11-08 20:02:24,ORDERBOOK,189,12.806177139282227,12.883901596069336,MSFT
1762653744.395981,2025-11-08 20:02:24,NEWS_STRATEGY,113,12.737035751342773,12.749910354614258,AAPL
1762653744.396179,2025-11-08 20:02:24,PRICE_STRATEGY,111,12.772083282470703,12.947797775268555,AAPL
1762653744.4082072,2025-11-08 20:02:24,NEWS_STRATEGY,114,12.206792831420898,12.223005294799805,AAPL
1762653744.4084322,2025-11-08 20:02:24,PRICE_STRATEGY,112,12.196779251098633,12.447834014892578,AAPL
1762653744.4086452,2025-11-08 20:02:24,ORDERBOOK,190,12.79592514038086,12.82191276550293,SPY
1762653744.4197361,2025-11-08 20:02:24,NEWS_STRATEGY,115,11.275053024291992,11.291980743408203,AAPL
1762653744.419903,2025-11-08 20:02:24,PRICE_STRATEGY,113,11.275053024291992,11.45792007446289,AAPL
1762653744.42138,2025-11-08 20:02:24,ORDERBOOK,191,12.638092041015625,12.659072875976562,AAPL
1762653744.432672,2025-11-08 20:02:24,ORDERBOOK,192,11.295080184936523,11.331796646118164,MSFT
1762653744.4326348,2025-11-08 20:02:24,NEWS_STRATEGY,116,12.76397705078125,12.782096862792969,AAPL
1762653744.432857,2025-11-08 20:02:24,PRICE_STRATEGY,114,12.76397705078125,13.004064559936523,AAPL
1762653744.4454389,2025-11-08 20:02:24,NEWS_STRATEGY,117,12.64500617980957,12.661933898925781,AAPL
1762653744.445463,2025-11-08 20:02:24,ORDERBOOK,193,12.73798942565918,12.769937515258789,SPY
1762653744.4456499,2025-11-08 20:02:24,PRICE_STRATEGY,115,12.711048126220703,12.872934341430664,AAPL
1762653744.4583879,2025-11-08 20:02:24,ORDERBOOK,194,12.696027755737305,12.727022171020508,AAPL
1762653744.458435,2025-11-08 20:02:24,PRICE_STRATEGY,116,12.748003005981445,12.850761413574219,AAPL
1762653744.458349,2025-11-08 20:02:24,NEWS_STRATEGY,118,12.74871826171875,12.764930725097656,AAPL
1762653744.471307,2025-11-08 20:02:24,NEWS_STRATEGY,119,12.774229049682617,12.792110443115234,AAPL
1762653744.471502,2025-11-08 20:02:24,PRICE_STRATEGY,117,12.782096862792969,12.987136840820312,AAPL
1762653744.4716291,2025-11-08 20:02:24,ORDERBOOK,195,12.834787368774414,12.871742248535156,MSFT
1762653744.4840698,2025-11-08 20:02:24,ORDERBOOK,196,12.484073638916016,12.52126693725586,SPY
1762653744.4842849,2025-11-08 20:02:24,NEWS_STRATEGY,120,12.847900390625,12.866020202636719,AAPL
1762653744.484452,2025-11-08 20:02:24,PRICE_STRATEGY,118,12.847900390625,13.032913208007812,AAPL
1762653744.497024,2025-11-08 20:02:24,NEWS_STRATEGY,121,12.765884399414062,12.784957885742188,AAPL
1762653744.497098,2025-11-08 20:02:24,ORDERBOOK,197,12.94088363647461,12.98666000366211,AAPL
1762653744.4972968,2025-11-08 20:02:24,PRICE_STRATEGY,119,12.910842895507812,13.059854507446289,AAPL
1762653744.509015,2025-11-08 20:02:24,ORDERBOOK,198,11.965274810791016,12.001991271972656,MSFT
1762653744.509008,2025-11-08 20:02:24,NEWS_STRATEGY,122,11.866092681884766,11.895895004272461,AAPL
1762653744.509331,2025-11-08 20:02:24,PRICE_STRATEGY,120,12.118816375732422,12.218713760375977,AAPL
1762653744.521864,2025-11-08 20:02:24,ORDERBOOK,199,12.704133987426758,12.759923934936523,SPY
1762653744.521971,2025-11-08 20:02:24,NEWS_STRATEGY,123,12.721776962280273,12.732982635498047,AAPL
1762653744.522031,2025-11-08 20:02:24,PRICE_STRATEGY,121,12.723922729492188,12.79306411743164,AAPL
1762653744.534603,2025-11-08 20:02:24,ORDERBOOK,200,12.701988220214844,12.73202896118164,AAPL
1762653744.534703,2025-11-08 20:02:24,NEWS_STRATEGY,124,12.721061706542969,12.730121612548828,AAPL
1762653744.534809,2025-11-08 20:02:24,PRICE_STRATEGY,122,12.716054916381836,12.835025787353516,AAPL
1762653744.544885,2025-11-08 20:02:24,ORDERBOOK,201,10.302066802978516,10.329008102416992,MSFT
1762653744.5473018,2025-11-08 20:02:24,NEWS_STRATEGY,125,12.594938278198242,12.603044509887695,AAPL
1762653744.547387,2025-11-08 20:02:24,PRICE_STRATEGY,123,12.595891952514648,12.688159942626953,AAPL
1762653744.5575838,2025-11-08 20:02:24,ORDERBOOK,202,12.665987014770508,12.68911361694336,SPY
1762653744.559948,2025-11-08 20:02:24,NEWS_STRATEGY,126,12.602090835571289,12.612104415893555,AAPL
1762653744.560048,2025-11-08 20:02:24,PRICE_STRATEGY,124,12.60519027709961,12.712240219116211,AAPL
1762653744.5688262,2025-11-08 20:02:24,ORDERBOOK,203,11.193275451660156,11.213064193725586,AAPL
1762653744.572614,2025-11-08 20:02:24,NEWS_STRATEGY,127,12.595891952514648,12.603998184204102,AAPL
1762653744.572694,2025-11-08 20:02:24,PRICE_STRATEGY,125,12.597799301147461,12.685060501098633,AAPL
1762653744.581123,2025-11-08 20:02:24,ORDERBOOK,204,12.254953384399414,12.276172637939453,MSFT
1762653744.585252,2025-11-08 20:02:24,NEWS_STRATEGY,128,12.607097625732422,12.616157531738281,AAPL
1762653744.585349,2025-11-08 20:02:24,PRICE_STRATEGY,126,12.609004974365234,12.713193893432617,AAPL
1762653744.592274,2025-11-08 20:02:24,ORDERBOOK,205,11.101245880126953,11.12508773803711,SPY
1762653744.597855,2025-11-08 20:02:24,NEWS_STRATEGY,129,12.502670288085938,12.537717819213867,AAPL
1762653744.597975,2025-11-08 20:02:24,PRICE_STRATEGY,127,12.485742568969727,12.657880783081055,AAPL
1762653744.604952,2025-11-08 20:02:24,ORDERBOOK,206,12.654304504394531,12.675285339355469,AAPL
1762653744.610531,2025-11-08 20:02:24,NEWS_STRATEGY,130,12.640953063964844,12.665033340454102,AAPL
1762653744.6106791,2025-11-08 20:02:24,PRICE_STRATEGY,128,12.640953063964844,12.814044952392578,AAPL
1762653744.6166139,2025-11-08 20:02:24,ORDERBOOK,207,11.604070663452148,11.627197265625,MSFT
1762653744.6231549,2025-11-08 20:02:24,NEWS_STRATEGY,131,12.635946273803711,12.647867202758789,AAPL
1762653744.623298,2025-11-08 20:02:24,PRICE_STRATEGY,129,12.635946273803711,12.790918350219727,AAPL
1762653744.629406,2025-11-08 20:02:24,ORDERBOOK,208,12.645959854125977,12.666940689086914,SPY
1762653744.635831,2025-11-08 20:02:24,NEWS_STRATEGY,132,12.636899948120117,12.647867202758789,AAPL
1762653744.635938,2025-11-08 20:02:24,PRICE_STRATEGY,130,12.640953063964844,12.75491714477539,AAPL
1762653744.641603,2025-11-08 20:02:24,ORDERBOOK,209,12.161016464233398,12.186050415039062,AAPL
1762653744.648289,2025-11-08 20:02:24,NEWS_STRATEGY,133,12.346267700195312,12.357234954833984,AAPL
1762653744.648405,2025-11-08 20:02:24,PRICE_STRATEGY,131,12.382268905639648,12.473106384277344,AAPL
1762653744.6542988,2025-11-08 20:02:24,ORDERBOOK,210,12.639999389648438,12.65716552734375,MSFT
1762653744.661027,2025-11-08 20:02:24,NEWS_STRATEGY,134,12.638092041015625,12.650012969970703,AAPL
1762653744.661133,2025-11-08 20:02:24,PRICE_STRATEGY,132,12.639999389648438,12.756109237670898,AAPL
1762653744.666207,2025-11-08 20:02:24,ORDERBOOK,211,11.890888214111328,11.930704116821289,SPY
1762653744.6739268,2025-11-08 20:02:24,NEWS_STRATEGY,135,12.785911560058594,12.796878814697266,AAPL
1762653744.674041,2025-11-08 20:02:24,PRICE_STRATEGY,133,12.786865234375,12.911081314086914,AAPL
1762653744.6789608,2025-11-08 20:02:24,ORDERBOOK,212,12.733221054077148,12.767314910888672,AAPL
1762653744.685175,2025-11-08 20:02:24,NEWS_STRATEGY,136,11.254072189331055,11.27004623413086,AAPL
1762653744.6853068,2025-11-08 20:02:24,PRICE_STRATEGY,134,11.256933212280273,11.403083801269531,AAPL
1762653744.691332,2025-11-08 20:02:24,ORDERBOOK,213,12.358903884887695,12.38703727722168,MSFT
1762653744.697962,2025-11-08 20:02:24,NEWS_STRATEGY,137,12.706995010375977,12.719869613647461,AAPL
1762653744.698119,2025-11-08 20:02:24,PRICE_STRATEGY,135,12.706995010375977,12.877941131591797,AAPL
1762653744.703358,2025-11-08 20:02:24,ORDERBOOK,214,12.212991714477539,12.23897933959961,SPY
1762653744.71068,2025-11-08 20:02:24,NEWS_STRATEGY,138,12.549877166748047,12.602806091308594,AAPL
1762653744.710813,2025-11-08 20:02:24,PRICE_STRATEGY,136,12.54892349243164,12.736082077026367,AAPL
1762653744.71606,2025-11-08 20:02:24,ORDERBOOK,215,12.661933898925781,12.691020965576172,AAPL
1762653744.7230191,2025-11-08 20:02:24,NEWS_STRATEGY,139,12.289047241210938,12.308120727539062,AAPL
1762653744.7231722,2025-11-08 20:02:24,PRICE_STRATEGY,137,12.289047241210938,12.461185455322266,AAPL
1762653744.7288709,2025-11-08 20:02:24,ORDERBOOK,216,12.747049331665039,12.784242630004883,MSFT
1762653744.7358289,2025-11-08 20:02:24,NEWS_STRATEGY,140,12.651920318603516,12.661933898925781,AAPL
1762653744.735936,2025-11-08 20:02:24,PRICE_STRATEGY,138,12.68911361694336,12.768030166625977,AAPL
1762653744.741581,2025-11-08 20:02:24,ORDERBOOK,217,12.649059295654297,12.674093246459961,SPY
1762653744.7485912,2025-11-08 20:02:24,NEWS_STRATEGY,141,12.66622543334961,12.678146362304688,AAPL
1762653744.748729,2025-11-08 20:02:24,PRICE_STRATEGY,139,12.652158737182617,12.815237045288086,AAPL
1762653744.754247,2025-11-08 20:02:24,ORDERBOOK,218,12.639999389648438,12.666940689086914,AAPL
1762653744.7613661,2025-11-08 20:02:24,NEWS_STRATEGY,142,12.620925903320312,12.631893157958984,AAPL
1762653744.7614489,2025-11-08 20:02:24,PRICE_STRATEGY,140,12.647151947021484,12.713909149169922,AAPL
1762653744.766925,2025-11-08 20:02:24,ORDERBOOK,219,12.598037719726562,12.617111206054688,MSFT
1762653744.772541,2025-11-08 20:02:24,PRICE_STRATEGY,141,11.057138442993164,11.124849319458008,AAPL
1762653744.7724779,2025-11-08 20:02:24,NEWS_STRATEGY,143,11.043071746826172,11.060953140258789,AAPL
1762653744.77917,2025-11-08 20:02:24,ORDERBOOK,220,12.214899063110352,12.269020080566406,SPY
1762653744.785202,2025-11-08 20:02:24,NEWS_STRATEGY,144,12.640953063964844,12.651920318603516,AAPL
1762653744.785252,2025-11-08 20:02:24,PRICE_STRATEGY,142,12.646913528442383,12.703895568847656,AAPL
1762653744.791798,2025-11-08 20:02:24,ORDERBOOK,221,12.62211799621582,12.639999389648438,AAPL
1762653744.7966259,2025-11-08 20:02:24,NEWS_STRATEGY,145,11.37995719909668,11.387825012207031,AAPL
1762653744.796663,2025-11-08 20:02:24,PRICE_STRATEGY,143,11.360883712768555,11.425018310546875,AAPL
1762653744.80294,2025-11-08 20:02:24,ORDERBOOK,222,11.105775833129883,11.125802993774414,MSFT
1762653744.808235,2025-11-08 20:02:24,NEWS_STRATEGY,146,11.579036712646484,11.587142944335938,AAPL
1762653744.8082979,2025-11-08 20:02:24,PRICE_STRATEGY,144,11.581182479858398,11.651039123535156,AAPL
1762653744.8150048,2025-11-08 20:02:24,ORDERBOOK,223,12.024164199829102,12.043952941894531,SPY
1762653744.8185139,2025-11-08 20:02:24,NEWS_STRATEGY,147,10.287761688232422,10.296821594238281,AAPL
1762653744.8185852,2025-11-08 20:02:24,PRICE_STRATEGY,145,10.299921035766602,10.368824005126953,AAPL
1762653744.827762,2025-11-08 20:02:24,ORDERBOOK,224,12.63117790222168,12.650012969970703,AAPL
1762653744.831137,2025-11-08 20:02:24,NEWS_STRATEGY,148,12.578964233398438,12.584924697875977,AAPL
1762653744.831182,2025-11-08 20:02:24,PRICE_STRATEGY,146,12.590169906616211,12.629985809326172,AAPL
1762653744.8404999,2025-11-08 20:02:24,ORDERBOOK,225,12.69984245300293,12.719869613647461,MSFT
1762653744.8422341,2025-11-08 20:02:24,NEWS_STRATEGY,149,11.094093322753906,11.107206344604492,AAPL
1762653744.84228,2025-11-08 20:02:24,PRICE_STRATEGY,147,11.069059371948242,11.152982711791992,AAPL
1762653744.851813,2025-11-08 20:02:24,ORDERBOOK,226,11.267662048339844,11.29603385925293,SPY
1762653744.8548381,2025-11-08 20:02:24,NEWS_STRATEGY,150,12.594938278198242,12.603998184204102,AAPL
1762653744.854923,2025-11-08 20:02:24,PRICE_STRATEGY,148,12.61591911315918,12.690067291259766,AAPL
1762653744.8645692,2025-11-08 20:02:24,ORDERBOOK,227,12.677907943725586,12.70294189453125,AAPL
1762653744.867477,2025-11-08 20:02:24,NEWS_STRATEGY,151,12.610912322998047,12.619972229003906,AAPL
1762653744.867567,2025-11-08 20:02:24,PRICE_STRATEGY,149,12.610912322998047,12.70914077758789,AAPL
1762653744.8769002,2025-11-08 20:02:24,ORDERBOOK,228,12.289047241210938,12.318849563598633,MSFT
1762653744.880079,2025-11-08 20:02:24,NEWS_STRATEGY,152,12.592077255249023,12.602090835571289,AAPL
1762653744.88015,2025-11-08 20:02:24,PRICE_STRATEGY,150,12.60995864868164,12.672901153564453,AAPL
1762653744.889586,2025-11-08 20:02:24,ORDERBOOK,229,12.657880783081055,12.683868408203125,SPY
1762653744.892682,2025-11-08 20:02:24,NEWS_STRATEGY,153,12.60995864868164,12.616872787475586,AAPL
1762653744.892788,2025-11-08 20:02:24,PRICE_STRATEGY,151,12.614965438842773,12.722015380859375,AAPL
1762653744.902409,2025-11-08 20:02:24,ORDERBOOK,230,12.778043746948242,12.816905975341797,AAPL
1762653744.905354,2025-11-08 20:02:24,NEWS_STRATEGY,154,12.638092041015625,12.651920318603516,AAPL
1762653744.9054248,2025-11-08 20:02:24,PRICE_STRATEGY,152,12.644052505493164,12.723207473754883,AAPL
1762653744.913242,2025-11-08 20:02:24,ORDERBOOK,231,10.751008987426758,10.79416275024414,MSFT
1762653744.917265,2025-11-08 20:02:24,NEWS_STRATEGY,155,11.931180953979492,11.944055557250977,AAPL
1762653744.91736,2025-11-08 20:02:24,PRICE_STRATEGY,153,11.939048767089844,12.0391845703125,AAPL
1762653744.924535,2025-11-08 20:02:24,ORDERBOOK,232,11.240959167480469,11.271953582763672,SPY
1762653744.92992,2025-11-08 20:02:24,NEWS_STRATEGY,156,12.636899948120117,12.64810562133789,AAPL
1762653744.930016,2025-11-08 20:02:24,PRICE_STRATEGY,154,12.643098831176758,12.743949890136719,AAPL
1762653744.937291,2025-11-08 20:02:24,ORDERBOOK,233,12.698173522949219,12.727975845336914,AAPL
1762653744.9428842,2025-11-08 20:02:24,PRICE_STRATEGY,155,12.625932693481445,12.813091278076172,AAPL
1762653744.9427571,2025-11-08 20:02:24,NEWS_STRATEGY,157,12.653112411499023,12.686014175415039,AAPL
1762653744.950033,2025-11-08 20:02:24,ORDERBOOK,234,12.653112411499023,12.689828872680664,MSFT
1762653744.955499,2025-11-08 20:02:24,NEWS_STRATEGY,158,12.74418830871582,12.760162353515625,AAPL
1762653744.9556532,2025-11-08 20:02:24,PRICE_STRATEGY,156,12.742280960083008,12.914180755615234,AAPL
1762653744.9629471,2025-11-08 20:02:24,ORDERBOOK,235,12.764930725097656,12.806892395019531,SPY
1762653744.968331,2025-11-08 20:02:24,NEWS_STRATEGY,159,12.686967849731445,12.70604133605957,AAPL
1762653744.968498,2025-11-08 20:02:24,PRICE_STRATEGY,157,12.723207473754883,12.874126434326172,AAPL
1762653744.9755661,2025-11-08 20:02:24,ORDERBOOK,236,12.578964233398438,12.631893157958984,AAPL
1762653744.9812422,2025-11-08 20:02:24,PRICE_STRATEGY,158,12.579202651977539,12.705087661743164,AAPL
1762653744.9811919,2025-11-08 20:02:24,NEWS_STRATEGY,160,12.639999389648438,12.65406608581543,AAPL
1762653744.988495,2025-11-08 20:02:24,ORDERBOOK,237,12.793302536010742,12.83407211303711,MSFT
1762653744.993964,2025-11-08 20:02:24,NEWS_STRATEGY,161,12.766122817993164,12.782096862792969,AAPL
1762653744.9940858,2025-11-08 20:02:24,PRICE_STRATEGY,159,12.724161148071289,12.904167175292969,AAPL
1762653745.001427,2025-11-08 20:02:25,ORDERBOOK,238,12.773275375366211,12.806892395019531,SPY
1762653745.00685,2025-11-08 20:02:25,NEWS_STRATEGY,162,12.759208679199219,12.789011001586914,AAPL
1762653745.007037,2025-11-08 20:02:25,PRICE_STRATEGY,160,12.759208679199219,12.976884841918945,AAPL
1762653745.0144498,2025-11-08 20:02:25,ORDERBOOK,239,12.773990631103516,12.810230255126953,AAPL
1762653745.0190349,2025-11-08 20:02:25,NEWS_STRATEGY,163,12.011051177978516,12.033939361572266,AAPL
1762653745.019309,2025-11-08 20:02:25,PRICE_STRATEGY,161,12.008905410766602,12.306928634643555,AAPL
1762653745.0271392,2025-11-08 20:02:25,ORDERBOOK,240,12.610673904418945,12.637853622436523,MSFT
1762653745.0336409,2025-11-08 20:02:25,NEWS_STRATEGY,164,14.344930648803711,14.35708999633789,AAPL
1762653745.033907,2025-11-08 20:02:25,PRICE_STRATEGY,162,14.443159103393555,14.622926712036133,AAPL
1762653745.0404868,2025-11-08 20:02:25,ORDERBOOK,241,13.3209228515625,13.361930847167969,SPY
1762653745.044836,2025-11-08 20:02:25,NEWS_STRATEGY,165,12.054920196533203,12.073993682861328,AAPL
1762653745.044974,2025-11-08 20:02:25,PRICE_STRATEGY,163,12.044906616210938,12.130022048950195,AAPL
1762653745.0530171,2025-11-08 20:02:25,ORDERBOOK,242,12.437820434570312,12.479782104492188,AAPL
1762653745.058204,2025-11-08 20:02:25,NEWS_STRATEGY,166,13.292074203491211,13.349056243896484,AAPL
1762653745.058495,2025-11-08 20:02:25,PRICE_STRATEGY,164,13.542890548706055,13.63992691040039,AAPL
1762653745.0651038,2025-11-08 20:02:25,ORDERBOOK,243,11.914968490600586,11.954069137573242,MSFT
1762653745.069343,2025-11-08 20:02:25,PRICE_STRATEGY,165,10.612010955810547,10.755777359008789,AAPL
1762653745.069213,2025-11-08 20:02:25,NEWS_STRATEGY,167,10.601997375488281,10.62464714050293,AAPL
1762653745.076596,2025-11-08 20:02:25,ORDERBOOK,244,11.476993560791016,11.549234390258789,SPY
1762653745.081868,2025-11-08 20:02:25,NEWS_STRATEGY,168,12.601137161254883,12.609004974365234,AAPL
1762653745.081941,2025-11-08 20:02:25,PRICE_STRATEGY,166,12.620925903320312,12.682914733886719,AAPL
1762653745.089278,2025-11-08 20:02:25,ORDERBOOK,245,12.639045715332031,12.655973434448242,AAPL
1762653745.093478,2025-11-08 20:02:25,NEWS_STRATEGY,169,11.584043502807617,11.593103408813477,AAPL
1762653745.093537,2025-11-08 20:02:25,PRICE_STRATEGY,167,11.584043502807617,11.651992797851562,AAPL
1762653745.100309,2025-11-08 20:02:25,ORDERBOOK,246,10.998010635375977,11.017799377441406,MSFT
1762653745.10615,2025-11-08 20:02:25,NEWS_STRATEGY,170,12.610673904418945,12.6190185546875,AAPL
1762653745.106206,2025-11-08 20:02:25,PRICE_STRATEGY,168,12.614727020263672,12.674808502197266,AAPL
1762653745.112941,2025-11-08 20:02:25,ORDERBOOK,247,12.627840042114258,12.64500617980957,SPY
1762653745.117232,2025-11-08 20:02:25,NEWS_STRATEGY,171,11.030912399291992,11.044025421142578,AAPL
1762653745.1173198,2025-11-08 20:02:25,PRICE_STRATEGY,169,11.045694351196289,11.130809783935547,AAPL
1762653745.125653,2025-11-08 20:02:25,ORDERBOOK,248,12.6800537109375,12.714147567749023,AAPL
1762653745.127574,2025-11-08 20:02:25,NEWS_STRATEGY,172,10.373115539550781,10.380029678344727,AAPL
1762653745.127635,2025-11-08 20:02:25,PRICE_STRATEGY,170,10.380983352661133,10.440826416015625,AAPL
1762653745.138077,2025-11-08 20:02:25,NEWS_STRATEGY,173,10.455131530761719,10.464191436767578,AAPL
1762653745.138125,2025-11-08 20:02:25,PRICE_STRATEGY,171,10.452985763549805,10.512113571166992,AAPL
1762653745.138367,2025-11-08 20:02:25,ORDERBOOK,249,12.582063674926758,12.599945068359375,MSFT
1762653745.1505642,2025-11-08 20:02:25,NEWS_STRATEGY,174,12.437105178833008,12.445211410522461,AAPL
1762653745.150614,2025-11-08 20:02:25,ORDERBOOK,250,12.234926223754883,12.279033660888672,SPY
1762653745.150771,2025-11-08 20:02:25,PRICE_STRATEGY,172,12.616395950317383,12.652158737182617,AAPL
1762653745.163347,2025-11-08 20:02:25,ORDERBOOK,251,12.655019760131836,12.674093246459961,AAPL
1762653745.163327,2025-11-08 20:02:25,NEWS_STRATEGY,175,12.532949447631836,12.539863586425781,AAPL
1762653745.163475,2025-11-08 20:02:25,PRICE_STRATEGY,173,12.634754180908203,12.68768310546875,AAPL
1762653745.174974,2025-11-08 20:02:25,NEWS_STRATEGY,176,11.547088623046875,11.55400276184082,AAPL
1762653745.175016,2025-11-08 20:02:25,ORDERBOOK,252,11.63172721862793,11.654853820800781,MSFT
1762653745.1752162,2025-11-08 20:02:25,PRICE_STRATEGY,174,11.732101440429688,11.7950439453125,AAPL
1762653745.187766,2025-11-08 20:02:25,NEWS_STRATEGY,177,12.559890747070312,12.569904327392578,AAPL
1762653745.187832,2025-11-08 20:02:25,ORDERBOOK,253,12.696027755737305,12.755870819091797,SPY
1762653745.1878452,2025-11-08 20:02:25,PRICE_STRATEGY,175,12.559890747070312,12.650012969970703,AAPL
1762653745.201002,2025-11-08 20:02:25,NEWS_STRATEGY,178,13.113021850585938,13.126850128173828,AAPL
1762653745.2020469,2025-11-08 20:02:25,ORDERBOOK,254,14.17684555053711,14.214038848876953,AAPL
1762653745.202386,2025-11-08 20:02:25,PRICE_STRATEGY,176,14.412879943847656,14.510631561279297,AAPL
1762653745.215023,2025-11-08 20:02:25,ORDERBOOK,255,14.071941375732422,14.09602165222168,MSFT
1762653745.2151968,2025-11-08 20:02:25,NEWS_STRATEGY,179,13.098001480102539,13.104915618896484,AAPL
1762653745.2152882,2025-11-08 20:02:25,PRICE_STRATEGY,177,13.108015060424805,13.195037841796875,AAPL
1762653745.228679,2025-11-08 20:02:25,NEWS_STRATEGY,180,13.470888137817383,13.478994369506836,AAPL
1762653745.228714,2025-11-08 20:02:25,ORDERBOOK,256,13.564825057983398,13.59701156616211,SPY
1762653745.2287931,2025-11-08 20:02:25,PRICE_STRATEGY,178,13.498067855834961,13.592004776000977,AAPL
1762653745.2404249,2025-11-08 20:02:25,ORDERBOOK,257,12.560844421386719,12.585878372192383,AAPL
1762653745.2405581,2025-11-08 20:02:25,NEWS_STRATEGY,181,12.620210647583008,12.629985809326172,AAPL
1762653745.2406368,2025-11-08 20:02:25,PRICE_STRATEGY,179,12.617111206054688,12.708902359008789,AAPL
1762653745.251852,2025-11-08 20:02:25,ORDERBOOK,258,11.337995529174805,11.362075805664062,MSFT
1762653745.2526531,2025-11-08 20:02:25,NEWS_STRATEGY,182,12.067079544067383,12.076854705810547,AAPL
1762653745.252751,2025-11-08 20:02:25,PRICE_STRATEGY,180,12.076854705810547,12.17508316040039,AAPL
1762653745.264322,2025-11-08 20:02:25,NEWS_STRATEGY,183,11.674165725708008,11.683940887451172,AAPL
1762653745.2643359,2025-11-08 20:02:25,ORDERBOOK,259,12.424945831298828,12.445211410522461,SPY
1762653745.264551,2025-11-08 20:02:25,PRICE_STRATEGY,181,11.790990829467773,11.91401481628418,AAPL
1762653745.277062,2025-11-08 20:02:25,NEWS_STRATEGY,184,12.626171112060547,12.636184692382812,AAPL
1762653745.2771468,2025-11-08 20:02:25,PRICE_STRATEGY,182,12.626171112060547,12.722253799438477,AAPL
1762653745.277081,2025-11-08 20:02:25,ORDERBOOK,260,12.697935104370117,12.721061706542969,AAPL
1762653745.289322,2025-11-08 20:02:25,ORDERBOOK,261,12.163162231445312,12.185096740722656,MSFT
1762653745.289286,2025-11-08 20:02:25,NEWS_STRATEGY,185,12.19320297241211,12.204170227050781,AAPL
1762653745.289423,2025-11-08 20:02:25,PRICE_STRATEGY,183,12.202978134155273,12.341022491455078,AAPL
1762653745.302068,2025-11-08 20:02:25,ORDERBOOK,262,12.686967849731445,12.710094451904297,SPY
1762653745.302185,2025-11-08 20:02:25,NEWS_STRATEGY,186,12.680768966674805,12.689828872680664,AAPL
1762653745.3022668,2025-11-08 20:02:25,PRICE_STRATEGY,184,12.686967849731445,12.77303695678711,AAPL
1762653745.315881,2025-11-08 20:02:25,ORDERBOOK,263,13.653993606567383,13.785839080810547,AAPL
1762653745.317322,2025-11-08 20:02:25,PRICE_STRATEGY,185,14.966011047363281,15.12002944946289,AAPL
1762653745.316354,2025-11-08 20:02:25,NEWS_STRATEGY,187,14.138936996459961,14.150857925415039,AAPL
1762653745.327788,2025-11-08 20:02:25,ORDERBOOK,264,11.627197265625,11.64698600769043,MSFT
1762653745.329896,2025-11-08 20:02:25,NEWS_STRATEGY,188,12.618064880371094,12.626886367797852,AAPL
1762653745.329952,2025-11-08 20:02:25,PRICE_STRATEGY,186,12.613058090209961,12.684106826782227,AAPL
1762653745.340462,2025-11-08 20:02:25,ORDERBOOK,265,12.627124786376953,12.647151947021484,SPY
1762653745.3421922,2025-11-08 20:02:25,NEWS_STRATEGY,189,12.27879524230957,12.286901473999023,AAPL
1762653745.342253,2025-11-08 20:02:25,PRICE_STRATEGY,187,12.28189468383789,12.34889030456543,AAPL
1762653745.352415,2025-11-08 20:02:25,ORDERBOOK,266,11.953115463256836,11.98887825012207,AAPL
1762653745.354827,2025-11-08 20:02:25,NEWS_STRATEGY,190,12.60995864868164,12.616872787475586,AAPL
1762653745.35492,2025-11-08 20:02:25,PRICE_STRATEGY,188,12.62211799621582,12.709856033325195,AAPL
1762653745.3643641,2025-11-08 20:02:25,ORDERBOOK,267,11.899948120117188,11.926889419555664,MSFT
1762653745.367454,2025-11-08 20:02:25,NEWS_STRATEGY,191,12.639999389648438,12.650012969970703,AAPL
1762653745.3675678,2025-11-08 20:02:25,PRICE_STRATEGY,189,12.639045715332031,12.765169143676758,AAPL
1762653745.377064,2025-11-08 20:02:25,ORDERBOOK,268,12.62211799621582,12.640953063964844,SPY
1762653745.380034,2025-11-08 20:02:25,NEWS_STRATEGY,192,12.576818466186523,12.583017349243164,AAPL
1762653745.380117,2025-11-08 20:02:25,PRICE_STRATEGY,190,12.594938278198242,12.665987014770508,AAPL
1762653745.389699,2025-11-08 20:02:25,ORDERBOOK,269,12.637138366699219,12.655019760131836,AAPL
1762653745.392641,2025-11-08 20:02:25,NEWS_STRATEGY,193,12.595891952514648,12.603998184204102,AAPL
1762653745.39273,2025-11-08 20:02:25,PRICE_STRATEGY,191,12.599706649780273,12.692928314208984,AAPL
1762653745.400567,2025-11-08 20:02:25,ORDERBOOK,270,10.847806930541992,10.865926742553711,MSFT
1762653745.40486,2025-11-08 20:02:25,NEWS_STRATEGY,194,12.195825576782227,12.203693389892578,AAPL
1762653745.40495,2025-11-08 20:02:25,PRICE_STRATEGY,192,12.198925018310547,12.293815612792969,AAPL
1762653745.412784,2025-11-08 20:02:25,ORDERBOOK,271,12.191057205200195,12.230157852172852,SPY
1762653745.417546,2025-11-08 20:02:25,NEWS_STRATEGY,195,12.65406608581543,12.662887573242188,AAPL
1762653745.4176261,2025-11-08 20:02:25,PRICE_STRATEGY,193,12.656211853027344,12.743234634399414,AAPL
1762653745.425463,2025-11-08 20:02:25,ORDERBOOK,272,12.669801712036133,12.692928314208984,AAPL
1762653745.430169,2025-11-08 20:02:25,NEWS_STRATEGY,196,12.606143951416016,12.615203857421875,AAPL
1762653745.4302862,2025-11-08 20:02:25,PRICE_STRATEGY,194,12.633085250854492,12.731075286865234,AAPL
1762653745.437087,2025-11-08 20:02:25,ORDERBOOK,273,11.579275131225586,11.605978012084961,MSFT
1762653745.442292,2025-11-08 20:02:25,NEWS_STRATEGY,197,12.099027633666992,12.108802795410156,AAPL
1762653745.442537,2025-11-08 20:02:25,PRICE_STRATEGY,195,12.166976928710938,12.354850769042969,AAPL
1762653745.449874,2025-11-08 20:02:25,ORDERBOOK,274,12.671947479248047,12.698888778686523,SPY
1762653745.4550111,2025-11-08 20:02:25,NEWS_STRATEGY,198,12.664079666137695,12.675046920776367,AAPL
1762653745.4551208,2025-11-08 20:02:25,PRICE_STRATEGY,196,12.659072875976562,12.784957885742188,AAPL
1762653745.460619,2025-11-08 20:02:25,ORDERBOOK,275,10.66899299621582,10.696887969970703,AAPL
1762653745.4677608,2025-11-08 20:02:25,NEWS_STRATEGY,199,12.685775756835938,12.704133987426758,AAPL
1762653745.467834,2025-11-08 20:02:25,PRICE_STRATEGY,197,12.65096664428711,12.778043746948242,AAPL
1762653745.473351,2025-11-08 20:02:25,ORDERBOOK,276,12.689828872680664,12.717723846435547,MSFT
1762653745.480635,2025-11-08 20:02:25,PRICE_STRATEGY,198,12.69388198852539,12.804985046386719,AAPL
1762653745.4805682,2025-11-08 20:02:25,NEWS_STRATEGY,200,12.716054916381836,12.73798942565918,AAPL
1762653745.486123,2025-11-08 20:02:25,ORDERBOOK,277,12.733221054077148,12.759923934936523,SPY
1762653745.493182,2025-11-08 20:02:25,PRICE_STRATEGY,199,12.427806854248047,12.598991394042969,AAPL
1762653745.493105,2025-11-08 20:02:25,NEWS_STRATEGY,201,12.46190071105957,12.520074844360352,AAPL
1762653745.4989161,2025-11-08 20:02:25,ORDERBOOK,278,12.71510124206543,12.738943099975586,AAPL
1762653745.5060139,2025-11-08 20:02:25,NEWS_STRATEGY,202,12.732744216918945,12.744903564453125,AAPL
1762653745.506109,2025-11-08 20:02:25,PRICE_STRATEGY,200,12.739896774291992,12.839794158935547,AAPL
1762653745.5109398,2025-11-08 20:02:25,ORDERBOOK,279,12.066841125488281,12.087106704711914,MSFT
1762653745.516799,2025-11-08 20:02:25,NEWS_STRATEGY,203,10.706901550292969,10.713815689086914,AAPL
1762653745.516963,2025-11-08 20:02:25,PRICE_STRATEGY,201,10.771751403808594,10.89787483215332,AAPL
1762653745.523306,2025-11-08 20:02:25,ORDERBOOK,280,12.24660873413086,12.279748916625977,SPY
1762653745.529452,2025-11-08 20:02:25,NEWS_STRATEGY,204,12.671947479248047,12.692928314208984,AAPL
1762653745.529589,2025-11-08 20:02:25,PRICE_STRATEGY,202,12.671947479248047,12.830972671508789,AAPL
1762653745.5361412,2025-11-08 20:02:25,ORDERBOOK,281,12.737035751342773,12.765884399414062,AAPL
1762653745.542251,2025-11-08 20:02:25,NEWS_STRATEGY,205,12.753963470458984,12.785911560058594,AAPL
1762653745.5424268,2025-11-08 20:02:25,PRICE_STRATEGY,203,12.742042541503906,12.964248657226562,AAPL
1762653745.548874,2025-11-08 20:02:25,ORDERBOOK,282,12.765169143676758,12.799978256225586,MSFT
1762653745.555115,2025-11-08 20:02:25,NEWS_STRATEGY,206,12.750864028930664,12.772798538208008,AAPL
1762653745.555295,2025-11-08 20:02:25,PRICE_STRATEGY,204,12.749671936035156,12.952804565429688,AAPL
1762653745.560935,2025-11-08 20:02:25,ORDERBOOK,283,12.008905410766602,12.050151824951172,SPY
1762653745.567559,2025-11-08 20:02:25,PRICE_STRATEGY,205,12.053966522216797,12.359142303466797,AAPL
1762653745.567271,2025-11-08 20:02:25,NEWS_STRATEGY,207,12.05897331237793,12.072086334228516,AAPL
1762653745.573766,2025-11-08 20:02:25,ORDERBOOK,284,12.73202896118164,12.78996467590332,AAPL
1762653745.577822,2025-11-08 20:02:25,NEWS_STRATEGY,208,10.416269302368164,10.42795181274414,AAPL
1762653745.577947,2025-11-08 20:02:25,PRICE_STRATEGY,206,10.36691665649414,10.554075241088867,AAPL
1762653745.586025,2025-11-08 20:02:25,ORDERBOOK,285,12.215137481689453,12.253999710083008,MSFT
1762653745.5906088,2025-11-08 20:02:25,NEWS_STRATEGY,209,12.73488998413086,12.747049331665039,AAPL
1762653745.590722,2025-11-08 20:02:25,PRICE_STRATEGY,207,12.689828872680664,12.858867645263672,AAPL
1762653745.598332,2025-11-08 20:02:25,ORDERBOOK,286,12.214183807373047,12.24517822265625,SPY
1762653745.6026912,2025-11-08 20:02:25,NEWS_STRATEGY,210,12.169837951660156,12.188911437988281,AAPL
1762653745.602834,2025-11-08 20:02:25,PRICE_STRATEGY,208,12.164831161499023,12.332677841186523,AAPL
1762653745.6113448,2025-11-08 20:02:25,ORDERBOOK,287,12.841939926147461,12.876033782958984,AAPL
1762653745.6154518,2025-11-08 20:02:25,NEWS_STRATEGY,211,12.714147567749023,12.728214263916016,AAPL
1762653745.615531,2025-11-08 20:02:25,PRICE_STRATEGY,209,12.671947479248047,12.808084487915039,AAPL
1762653745.6222742,2025-11-08 20:02:25,ORDERBOOK,288,10.855913162231445,10.896921157836914,MSFT
1762653745.6281369,2025-11-08 20:02:25,NEWS_STRATEGY,212,12.710809707641602,12.726783752441406,AAPL
1762653745.628296,2025-11-08 20:02:25,PRICE_STRATEGY,210,12.708902359008789,12.885808944702148,AAPL
1762653745.634971,2025-11-08 20:02:25,ORDERBOOK,289,12.534141540527344,12.636184692382812,SPY
1762653745.639287,2025-11-08 20:02:25,NEWS_STRATEGY,213,11.077880859375,11.091947555541992,AAPL
1762653745.639429,2025-11-08 20:02:25,PRICE_STRATEGY,211,11.078834533691406,11.233091354370117,AAPL
1762653745.647902,2025-11-08 20:02:25,ORDERBOOK,290,12.81285285949707,12.86768913269043,AAPL
1762653745.652215,2025-11-08 20:02:25,PRICE_STRATEGY,212,12.670040130615234,12.800931930541992,AAPL
1762653745.6521091,2025-11-08 20:02:25,NEWS_STRATEGY,214,12.6800537109375,12.696027755737305,AAPL
1762653745.660745,2025-11-08 20:02:25,ORDERBOOK,291,12.804031372070312,12.842893600463867,MSFT
1762653745.6648672,2025-11-08 20:02:25,NEWS_STRATEGY,215,12.680768966674805,12.698888778686523,AAPL
1762653745.665039,2025-11-08 20:02:25,PRICE_STRATEGY,213,12.679815292358398,12.866973876953125,AAPL
1762653745.673648,2025-11-08 20:02:25,ORDERBOOK,292,12.738704681396484,12.766838073730469,SPY
1762653745.675531,2025-11-08 20:02:25,NEWS_STRATEGY,216,10.621070861816406,10.632038116455078,AAPL
1762653745.675669,2025-11-08 20:02:25,PRICE_STRATEGY,214,10.649919509887695,10.770082473754883,AAPL
1762653745.6860301,2025-11-08 20:02:25,ORDERBOOK,293,12.333154678344727,12.372970581054688,AAPL
1762653745.6881568,2025-11-08 20:02:25,NEWS_STRATEGY,217,12.614011764526367,12.630224227905273,AAPL
1762653745.688309,2025-11-08 20:02:25,PRICE_STRATEGY,215,12.634992599487305,12.783050537109375,AAPL
1762653745.698988,2025-11-08 20:02:25,ORDERBOOK,294,12.824058532714844,12.896060943603516,MSFT
1762653745.700901,2025-11-08 20:02:25,NEWS_STRATEGY,218,12.713193893432617,12.762069702148438,AAPL
1762653745.701083,2025-11-08 20:02:25,PRICE_STRATEGY,216,12.721061706542969,12.946128845214844,AAPL
1762653745.7113311,2025-11-08 20:02:25,ORDERBOOK,295,12.194156646728516,12.240171432495117,SPY
1762653745.713632,2025-11-08 20:02:25,NEWS_STRATEGY,219,12.629985809326172,12.640953063964844,AAPL
1762653745.713804,2025-11-08 20:02:25,PRICE_STRATEGY,217,12.63880729675293,12.811899185180664,AAPL
1762653745.724191,2025-11-08 20:02:25,ORDERBOOK,296,12.742757797241211,12.772798538208008,AAPL
1762653745.7256188,2025-11-08 20:02:25,NEWS_STRATEGY,220,11.991024017333984,12.00103759765625,AAPL
1762653745.725745,2025-11-08 20:02:25,PRICE_STRATEGY,218,11.998176574707031,12.127161026000977,AAPL
1762653745.7358909,2025-11-08 20:02:25,NEWS_STRATEGY,221,10.259866714477539,10.272741317749023,AAPL
1762653745.7360508,2025-11-08 20:02:25,PRICE_STRATEGY,219,10.266780853271484,10.432720184326172,AAPL
1762653745.736185,2025-11-08 20:02:25,ORDERBOOK,297,11.943817138671875,11.970043182373047,MSFT
1762653745.748876,2025-11-08 20:02:25,PRICE_STRATEGY,220,12.743949890136719,12.849807739257812,AAPL
1762653745.7487848,2025-11-08 20:02:25,NEWS_STRATEGY,222,12.73798942565918,12.758016586303711,AAPL
1762653745.748828,2025-11-08 20:02:25,ORDERBOOK,298,12.67385482788086,12.71200180053711,SPY
1762653745.7617228,2025-11-08 20:02:25,ORDERBOOK,299,12.752294540405273,12.794256210327148,AAPL
1762653745.762017,2025-11-08 20:02:25,PRICE_STRATEGY,221,12.669086456298828,12.814998626708984,AAPL
1762653745.7618911,2025-11-08 20:02:25,NEWS_STRATEGY,223,12.675046920776367,12.68911361694336,AAPL
1762653745.7744908,2025-11-08 20:02:25,NEWS_STRATEGY,224,12.582063674926758,12.598037719726562,AAPL
1762653745.774566,2025-11-08 20:02:25,ORDERBOOK,300,12.789011001586914,12.82811164855957,MSFT
1762653745.774648,2025-11-08 20:02:25,PRICE_STRATEGY,222,12.611865997314453,12.756109237670898,AAPL
1762653745.78746,2025-11-08 20:02:25,ORDERBOOK,301,12.749671936035156,12.787818908691406,SPY
1762653745.787453,2025-11-08 20:02:25,NEWS_STRATEGY,225,12.662649154663086,12.692928314208984,AAPL
1762653745.7877278,2025-11-08 20:02:25,PRICE_STRATEGY,223,12.853860855102539,12.969970703125,AAPL
1762653745.8003259,2025-11-08 20:02:25,ORDERBOOK,302,12.765169143676758,12.807369232177734,AAPL
1762653745.800598,2025-11-08 20:02:25,NEWS_STRATEGY,226,12.926101684570312,12.944936752319336,AAPL
1762653745.8008478,2025-11-08 20:02:25,PRICE_STRATEGY,224,12.955904006958008,13.196229934692383,AAPL
1762653745.812705,2025-11-08 20:02:25,ORDERBOOK,303,12.248992919921875,12.297868728637695,MSFT
1762653745.812621,2025-11-08 20:02:25,NEWS_STRATEGY,227,11.93690299987793,11.95383071899414,AAPL
1762653745.813038,2025-11-08 20:02:25,PRICE_STRATEGY,225,12.223005294799805,12.370824813842773,AAPL
1762653745.825579,2025-11-08 20:02:25,ORDERBOOK,304,12.753725051879883,12.78376579284668,SPY
1762653745.825786,2025-11-08 20:02:25,NEWS_STRATEGY,228,12.791156768798828,12.804031372070312,AAPL
1762653745.8259141,2025-11-08 20:02:25,PRICE_STRATEGY,226,12.77303695678711,12.931108474731445,AAPL
1762653745.838461,2025-11-08 20:02:25,ORDERBOOK,305,12.814998626708984,12.849807739257812,AAPL
1762653745.838746,2025-11-08 20:02:25,NEWS_STRATEGY,229,12.743949890136719,12.760162353515625,AAPL
1762653745.83894,2025-11-08 20:02:25,PRICE_STRATEGY,227,12.748956680297852,12.953996658325195,AAPL
1762653745.8506722,2025-11-08 20:02:25,NEWS_STRATEGY,230,11.902093887329102,11.930227279663086,AAPL
1762653745.850715,2025-11-08 20:02:25,ORDERBOOK,306,12.066125869750977,12.122154235839844,MSFT
1762653745.851006,2025-11-08 20:02:25,PRICE_STRATEGY,228,12.167215347290039,12.26496696472168,AAPL
1762653745.863658,2025-11-08 20:02:25,ORDERBOOK,307,12.839794158935547,12.881994247436523,SPY
1762653745.86401,2025-11-08 20:02:25,NEWS_STRATEGY,231,12.994050979614258,13.009071350097656,AAPL
1762653745.864084,2025-11-08 20:02:25,PRICE_STRATEGY,229,12.951135635375977,13.083934783935547,AAPL
1762653745.876447,2025-11-08 20:02:25,ORDERBOOK,308,12.642145156860352,12.685060501098633,AAPL
1762653745.87654,2025-11-08 20:02:25,PRICE_STRATEGY,230,12.321233749389648,12.517213821411133,AAPL
1762653745.876367,2025-11-08 20:02:25,NEWS_STRATEGY,232,12.321233749389648,12.344121932983398,AAPL
1762653745.889399,2025-11-08 20:02:25,PRICE_STRATEGY,231,12.762784957885742,12.88604736328125,AAPL
1762653745.889308,2025-11-08 20:02:25,NEWS_STRATEGY,233,12.772083282470703,12.794017791748047,AAPL
1762653745.889647,2025-11-08 20:02:25,ORDERBOOK,309,12.748956680297852,12.820005416870117,MSFT
1762653745.9022698,2025-11-08 20:02:25,NEWS_STRATEGY,234,12.853860855102539,12.869834899902344,AAPL
1762653745.9023712,2025-11-08 20:02:25,PRICE_STRATEGY,232,12.807846069335938,12.968778610229492,AAPL
1762653745.902741,2025-11-08 20:02:25,ORDERBOOK,310,12.984991073608398,13.077020645141602,SPY
1762653745.915227,2025-11-08 20:02:25,NEWS_STRATEGY,235,12.778043746948242,12.78996467590332,AAPL
1762653745.915346,2025-11-08 20:02:25,PRICE_STRATEGY,233,12.778043746948242,12.907981872558594,AAPL
1762653745.915286,2025-11-08 20:02:25,ORDERBOOK,311,12.635946273803711,12.679100036621094,AAPL
1762653745.9258492,2025-11-08 20:02:25,ORDERBOOK,312,10.404109954833984,10.509014129638672,MSFT
1762653745.926168,2025-11-08 20:02:25,NEWS_STRATEGY,236,10.63394546508789,10.670900344848633,AAPL
1762653745.926337,2025-11-08 20:02:25,PRICE_STRATEGY,234,10.667085647583008,10.84280014038086,AAPL
1762653745.938741,2025-11-08 20:02:25,ORDERBOOK,313,12.8631591796875,12.911081314086914,SPY
1762653745.939059,2025-11-08 20:02:25,NEWS_STRATEGY,237,12.805938720703125,12.825250625610352,AAPL
1762653745.939189,2025-11-08 20:02:25,PRICE_STRATEGY,235,12.76397705078125,12.955904006958008,AAPL
1762653745.949739,2025-11-08 20:02:25,NEWS_STRATEGY,238,10.702133178710938,10.718107223510742,AAPL
1762653745.949888,2025-11-08 20:02:25,PRICE_STRATEGY,236,10.702133178710938,10.866880416870117,AAPL
1762653745.950617,2025-11-08 20:02:25,ORDERBOOK,314,11.770963668823242,11.80410385131836,AAPL
1762653745.961747,2025-11-08 20:02:25,ORDERBOOK,315,11.111021041870117,11.168718338012695,MSFT
1762653745.9626062,2025-11-08 20:02:25,NEWS_STRATEGY,239,12.680292129516602,12.697219848632812,AAPL
1762653745.962775,2025-11-08 20:02:25,PRICE_STRATEGY,237,12.670040130615234,12.865066528320312,AAPL
1762653745.974729,2025-11-08 20:02:25,ORDERBOOK,316,12.786865234375,12.827873229980469,SPY
1762653745.9750102,2025-11-08 20:02:25,NEWS_STRATEGY,240,12.40229606628418,12.420177459716797,AAPL
1762653745.9752362,2025-11-08 20:02:25,PRICE_STRATEGY,238,12.391328811645508,12.645244598388672,AAPL
1762653745.986826,2025-11-08 20:02:25,ORDERBOOK,317,11.95216178894043,11.990070343017578,AAPL
1762653745.989008,2025-11-08 20:02:25,NEWS_STRATEGY,241,13.923168182373047,13.938188552856445,AAPL
1762653745.9891179,2025-11-08 20:02:25,PRICE_STRATEGY,239,13.926267623901367,14.046907424926758,AAPL
1762653745.999647,2025-11-08 20:02:25,ORDERBOOK,318,12.727737426757812,12.762784957885742,MSFT
1762653746.0003421,2025-11-08 20:02:26,NEWS_STRATEGY,242,12.600898742675781,12.614011764526367,AAPL
1762653746.000442,2025-11-08 20:02:26,PRICE_STRATEGY,240,12.6190185546875,12.714147567749023,AAPL
1762653746.011206,2025-11-08 20:02:26,PRICE_STRATEGY,241,10.634899139404297,10.840892791748047,AAPL
1762653746.0110579,2025-11-08 20:02:26,NEWS_STRATEGY,243,10.664939880371094,10.69188117980957,AAPL
1762653746.012375,2025-11-08 20:02:26,ORDERBOOK,319,12.660980224609375,12.692928314208984,SPY
1762653746.0238662,2025-11-08 20:02:26,NEWS_STRATEGY,244,12.53199577331543,12.558221817016602,AAPL
1762653746.023983,2025-11-08 20:02:26,PRICE_STRATEGY,242,12.52603530883789,12.677192687988281,AAPL
1762653746.025138,2025-11-08 20:02:26,ORDERBOOK,320,12.691974639892578,12.726783752441406,AAPL
1762653746.0360289,2025-11-08 20:02:26,ORDERBOOK,321,10.872125625610352,10.920047760009766,MSFT
1762653746.036737,2025-11-08 20:02:26,NEWS_STRATEGY,245,12.637853622436523,12.658834457397461,AAPL
1762653746.03685,2025-11-08 20:02:26,PRICE_STRATEGY,243,12.643098831176758,12.772083282470703,AAPL
1762653746.048727,2025-11-08 20:02:26,NEWS_STRATEGY,246,11.893987655639648,11.909723281860352,AAPL
1762653746.0488162,2025-11-08 20:02:26,PRICE_STRATEGY,244,11.893987655639648,11.99793815612793,AAPL
1762653746.049071,2025-11-08 20:02:26,ORDERBOOK,322,12.913703918457031,12.942075729370117,SPY
1762653746.060103,2025-11-08 20:02:26,NEWS_STRATEGY,247,11.154890060424805,11.222124099731445,AAPL
1762653746.060208,2025-11-08 20:02:26,PRICE_STRATEGY,245,11.154890060424805,11.327981948852539,AAPL
1762653746.061789,2025-11-08 20:02:26,ORDERBOOK,323,12.666940689086914,12.704849243164062,AAPL
1762653746.073129,2025-11-08 20:02:26,NEWS_STRATEGY,248,12.78376579284668,12.811660766601562,AAPL
1762653746.073173,2025-11-08 20:02:26,ORDERBOOK,324,11.348962783813477,11.39211654663086,MSFT
1762653746.0737212,2025-11-08 20:02:26,PRICE_STRATEGY,246,13.212919235229492,13.40174674987793,AAPL
1762653746.0849102,2025-11-08 20:02:26,ORDERBOOK,325,11.465072631835938,11.532068252563477,SPY
1762653746.085541,2025-11-08 20:02:26,NEWS_STRATEGY,249,12.011051177978516,12.03298568725586,AAPL
1762653746.085726,2025-11-08 20:02:26,PRICE_STRATEGY,247,12.071847915649414,12.218952178955078,AAPL
1762653746.097787,2025-11-08 20:02:26,ORDERBOOK,326,12.741804122924805,12.771129608154297,AAPL
1762653746.098166,2025-11-08 20:02:26,NEWS_STRATEGY,250,12.594938278198242,12.611865997314453,AAPL
1762653746.098238,2025-11-08 20:02:26,PRICE_STRATEGY,248,12.592792510986328,12.684822082519531,AAPL
1762653746.108873,2025-11-08 20:02:26,NEWS_STRATEGY,251,10.70404052734375,10.715007781982422,AAPL
1762653746.108952,2025-11-08 20:02:26,PRICE_STRATEGY,249,10.719060897827148,10.795116424560547,AAPL
1762653746.110495,2025-11-08 20:02:26,ORDERBOOK,327,12.64500617980957,12.661933898925781,MSFT
1762653746.120342,2025-11-08 20:02:26,NEWS_STRATEGY,252,11.372089385986328,11.381864547729492,AAPL
1762653746.120422,2025-11-08 20:02:26,PRICE_STRATEGY,250,11.37089729309082,11.461973190307617,AAPL
1762653746.123094,2025-11-08 20:02:26,ORDERBOOK,328,12.608051300048828,12.623786926269531,SPY
1762653746.133215,2025-11-08 20:02:26,NEWS_STRATEGY,253,12.692928314208984,12.705087661743164,AAPL
1762653746.1333451,2025-11-08 20:02:26,PRICE_STRATEGY,251,12.692928314208984,12.835025787353516,AAPL
1762653746.135563,2025-11-08 20:02:26,ORDERBOOK,329,12.490034103393555,12.51983642578125,AAPL
1762653746.145899,2025-11-08 20:02:26,NEWS_STRATEGY,254,12.613058090209961,12.618780136108398,AAPL
1762653746.145971,2025-11-08 20:02:26,PRICE_STRATEGY,252,12.613058090209961,12.69078254699707,AAPL
1762653746.1481888,2025-11-08 20:02:26,ORDERBOOK,330,12.582063674926758,12.593984603881836,MSFT
1762653746.158615,2025-11-08 20:02:26,NEWS_STRATEGY,255,12.652873992919922,12.666940689086914,AAPL
1762653746.158656,2025-11-08 20:02:26,ORDERBOOK,331,10.452985763549805,10.481834411621094,SPY
1762653746.1589031,2025-11-08 20:02:26,PRICE_STRATEGY,253,12.869119644165039,12.953996658325195,AAPL
1762653746.171405,2025-11-08 20:02:26,NEWS_STRATEGY,256,12.593984603881836,12.606143951416016,AAPL
1762653746.171475,2025-11-08 20:02:26,PRICE_STRATEGY,254,12.59613037109375,12.674808502197266,AAPL
1762653746.171495,2025-11-08 20:02:26,ORDERBOOK,332,12.718915939331055,12.78996467590332,AAPL
1762653746.181762,2025-11-08 20:02:26,ORDERBOOK,333,10.239124298095703,10.257959365844727,MSFT
1762653746.184329,2025-11-08 20:02:26,NEWS_STRATEGY,257,12.659072875976562,12.670040130615234,AAPL
1762653746.184455,2025-11-08 20:02:26,PRICE_STRATEGY,255,12.662172317504883,12.797117233276367,AAPL
1762653746.192332,2025-11-08 20:02:26,ORDERBOOK,334,10.509729385375977,10.545969009399414,SPY
1762653746.196983,2025-11-08 20:02:26,NEWS_STRATEGY,258,12.660980224609375,12.671947479248047,AAPL
1762653746.197141,2025-11-08 20:02:26,PRICE_STRATEGY,256,12.677907943725586,12.830972671508789,AAPL
1762653746.203705,2025-11-08 20:02:26,ORDERBOOK,335,11.324167251586914,11.357307434082031,AAPL
1762653746.209003,2025-11-08 20:02:26,PRICE_STRATEGY,257,11.944770812988281,12.029886245727539,AAPL
1762653746.2089448,2025-11-08 20:02:26,NEWS_STRATEGY,259,11.956930160522461,11.970996856689453,AAPL
1762653746.2163908,2025-11-08 20:02:26,ORDERBOOK,336,12.666702270507812,12.69674301147461,MSFT
1762653746.2215948,2025-11-08 20:02:26,NEWS_STRATEGY,260,12.633085250854492,12.644052505493164,AAPL
1762653746.221666,2025-11-08 20:02:26,PRICE_STRATEGY,258,12.635946273803711,12.714862823486328,AAPL
1762653746.227982,2025-11-08 20:02:26,ORDERBOOK,337,11.49296760559082,11.518001556396484,SPY
1762653746.2339041,2025-11-08 20:02:26,NEWS_STRATEGY,261,12.261152267456055,12.274026870727539,AAPL
1762653746.234072,2025-11-08 20:02:26,PRICE_STRATEGY,259,12.258052825927734,12.44211196899414,AAPL
1762653746.2406,2025-11-08 20:02:26,ORDERBOOK,338,12.552976608276367,12.580156326293945,AAPL
1762653746.246656,2025-11-08 20:02:26,NEWS_STRATEGY,262,12.652158737182617,12.666940689086914,AAPL
1762653746.246779,2025-11-08 20:02:26,PRICE_STRATEGY,260,12.663841247558594,12.789011001586914,AAPL
1762653746.253057,2025-11-08 20:02:26,ORDERBOOK,339,12.380838394165039,12.410879135131836,MSFT
1762653746.259416,2025-11-08 20:02:26,NEWS_STRATEGY,263,12.627124786376953,12.637138366699219,AAPL
1762653746.2594938,2025-11-08 20:02:26,PRICE_STRATEGY,261,12.62974739074707,12.71510124206543,AAPL
1762653746.26411,2025-11-08 20:02:26,ORDERBOOK,340,11.023998260498047,11.052131652832031,SPY
1762653746.2721221,2025-11-08 20:02:26,NEWS_STRATEGY,264,12.65406608581543,12.667179107666016,AAPL
1762653746.2722728,2025-11-08 20:02:26,PRICE_STRATEGY,262,12.669801712036133,12.817144393920898,AAPL
1762653746.275599,2025-11-08 20:02:26,ORDERBOOK,341,11.451005935668945,11.481046676635742,AAPL
1762653746.284842,2025-11-08 20:02:26,NEWS_STRATEGY,265,12.668848037719727,12.676715850830078,AAPL
1762653746.285033,2025-11-08 20:02:26,PRICE_STRATEGY,263,12.720823287963867,12.86768913269043,AAPL
1762653746.2882318,2025-11-08 20:02:26,ORDERBOOK,342,12.633085250854492,12.660026550292969,MSFT
1762653746.297645,2025-11-08 20:02:26,NEWS_STRATEGY,266,12.697935104370117,12.713909149169922,AAPL
1762653746.297786,2025-11-08 20:02:26,PRICE_STRATEGY,264,12.698888778686523,12.855052947998047,AAPL
1762653746.3009632,2025-11-08 20:02:26,ORDERBOOK,343,12.652873992919922,12.683868408203125,SPY
1762653746.3089962,2025-11-08 20:02:26,PRICE_STRATEGY,265,11.132955551147461,11.248111724853516,AAPL
1762653746.3089101,2025-11-08 20:02:26,NEWS_STRATEGY,267,11.143207550048828,11.161088943481445,AAPL
1762653746.3136508,2025-11-08 20:02:26,ORDERBOOK,344,12.69388198852539,12.728691101074219,AAPL
1762653746.320148,2025-11-08 20:02:26,NEWS_STRATEGY,268,11.165142059326172,11.178970336914062,AAPL
1762653746.320286,2025-11-08 20:02:26,PRICE_STRATEGY,266,11.171102523803711,11.317014694213867,AAPL
1762653746.325856,2025-11-08 20:02:26,ORDERBOOK,345,12.109041213989258,12.140035629272461,MSFT
1762653746.331684,2025-11-08 20:02:26,NEWS_STRATEGY,269,11.400938034057617,11.414051055908203,AAPL
1762653746.3325381,2025-11-08 20:02:26,PRICE_STRATEGY,267,11.388778686523438,12.262821197509766,AAPL
1762653746.339694,2025-11-08 20:02:26,ORDERBOOK,346,13.764142990112305,13.789176940917969,SPY
1762653746.344424,2025-11-08 20:02:26,NEWS_STRATEGY,270,11.217117309570312,11.230945587158203,AAPL
1762653746.345072,2025-11-08 20:02:26,PRICE_STRATEGY,268,11.754035949707031,11.878252029418945,AAPL
1762653746.3521569,2025-11-08 20:02:26,ORDERBOOK,347,13.051748275756836,13.072729110717773,AAPL
1762653746.357238,2025-11-08 20:02:26,NEWS_STRATEGY,271,12.453079223632812,12.462139129638672,AAPL
1762653746.357313,2025-11-08 20:02:26,PRICE_STRATEGY,269,12.453079223632812,12.537002563476562,AAPL
1762653746.36494,2025-11-08 20:02:26,ORDERBOOK,348,12.835979461669922,12.856006622314453,MSFT
1762653746.3699222,2025-11-08 20:02:26,NEWS_STRATEGY,272,12.615203857421875,12.62211799621582,AAPL
1762653746.370002,2025-11-08 20:02:26,PRICE_STRATEGY,270,12.640953063964844,12.70294189453125,AAPL
1762653746.3770728,2025-11-08 20:02:26,ORDERBOOK,349,12.17794418334961,12.201070785522461,SPY
1762653746.382565,2025-11-08 20:02:26,NEWS_STRATEGY,273,12.597084045410156,12.604236602783203,AAPL
1762653746.382636,2025-11-08 20:02:26,PRICE_STRATEGY,271,12.616157531738281,12.675046920776367,AAPL
1762653746.389636,2025-11-08 20:02:26,ORDERBOOK,350,12.513160705566406,12.53509521484375,AAPL
1762653746.394113,2025-11-08 20:02:26,NEWS_STRATEGY,274,11.540889739990234,11.54780387878418,AAPL
1762653746.394211,2025-11-08 20:02:26,PRICE_STRATEGY,272,11.55400276184082,11.64698600769043,AAPL
1762653746.401817,2025-11-08 20:02:26,ORDERBOOK,351,12.125968933105469,12.143135070800781,MSFT
1762653746.4067562,2025-11-08 20:02:26,NEWS_STRATEGY,275,12.610912322998047,12.6190185546875,AAPL
1762653746.4068391,2025-11-08 20:02:26,PRICE_STRATEGY,273,12.62807846069336,12.703180313110352,AAPL
1762653746.4145489,2025-11-08 20:02:26,ORDERBOOK,352,12.632131576538086,12.668848037719727,SPY
1762653746.419256,2025-11-08 20:02:26,NEWS_STRATEGY,276,12.490034103393555,12.497901916503906,AAPL
1762653746.4193568,2025-11-08 20:02:26,PRICE_STRATEGY,274,12.503862380981445,12.598752975463867,AAPL
1762653746.425591,2025-11-08 20:02:26,ORDERBOOK,353,11.00611686706543,11.027097702026367,AAPL
1762653746.430906,2025-11-08 20:02:26,NEWS_STRATEGY,277,11.615991592407227,11.62409782409668,AAPL
1762653746.4309912,2025-11-08 20:02:26,PRICE_STRATEGY,275,11.631965637207031,11.708974838256836,AAPL
1762653746.437292,2025-11-08 20:02:26,ORDERBOOK,354,11.706113815307617,11.728048324584961,MSFT
1762653746.442225,2025-11-08 20:02:26,NEWS_STRATEGY,278,11.262178421020508,11.27314567565918,AAPL
1762653746.442366,2025-11-08 20:02:26,PRICE_STRATEGY,276,11.255025863647461,11.414051055908203,AAPL
1762653746.449263,2025-11-08 20:02:26,ORDERBOOK,355,11.950254440307617,11.971235275268555,SPY
1762653746.454866,2025-11-08 20:02:26,NEWS_STRATEGY,279,12.663841247558594,12.67385482788086,AAPL
1762653746.454964,2025-11-08 20:02:26,PRICE_STRATEGY,277,12.654781341552734,12.770891189575195,AAPL
1762653746.462039,2025-11-08 20:02:26,ORDERBOOK,356,12.639999389648438,12.664079666137695,AAPL
1762653746.46685,2025-11-08 20:02:26,NEWS_STRATEGY,280,11.950969696044922,11.961936950683594,AAPL
1762653746.467051,2025-11-08 20:02:26,PRICE_STRATEGY,278,12.005090713500977,12.162923812866211,AAPL
1762653746.474865,2025-11-08 20:02:26,ORDERBOOK,357,12.70294189453125,12.760162353515625,MSFT
1762653746.4795039,2025-11-08 20:02:26,NEWS_STRATEGY,281,12.613296508789062,12.623071670532227,AAPL
1762653746.479624,2025-11-08 20:02:26,PRICE_STRATEGY,279,12.632131576538086,12.743949890136719,AAPL
1762653746.487621,2025-11-08 20:02:26,ORDERBOOK,358,12.66932487487793,12.701272964477539,SPY
1762653746.4922361,2025-11-08 20:02:26,NEWS_STRATEGY,282,12.665033340454102,12.676000595092773,AAPL
1762653746.4923809,2025-11-08 20:02:26,PRICE_STRATEGY,280,12.663841247558594,12.82191276550293,AAPL
1762653746.4994822,2025-11-08 20:02:26,ORDERBOOK,359,11.792898178100586,11.822223663330078,AAPL
1762653746.505044,2025-11-08 20:02:26,NEWS_STRATEGY,283,12.710094451904297,12.723922729492188,AAPL
1762653746.505195,2025-11-08 20:02:26,PRICE_STRATEGY,281,12.710094451904297,12.875080108642578,AAPL
1762653746.512214,2025-11-08 20:02:26,ORDERBOOK,360,12.675046920776367,12.697935104370117,MSFT
1762653746.5180101,2025-11-08 20:02:26,NEWS_STRATEGY,284,12.811899185180664,12.869834899902344,AAPL
1762653746.518079,2025-11-08 20:02:26,PRICE_STRATEGY,282,12.764930725097656,12.94088363647461,AAPL
1762653746.5251358,2025-11-08 20:02:26,ORDERBOOK,361,12.647867202758789,12.714862823486328,SPY
1762653746.530453,2025-11-08 20:02:26,NEWS_STRATEGY,285,12.30621337890625,12.321233749389648,AAPL
1762653746.530602,2025-11-08 20:02:26,PRICE_STRATEGY,283,12.262344360351562,12.469053268432617,AAPL
1762653746.5359821,2025-11-08 20:02:26,ORDERBOOK,362,10.785102844238281,10.828018188476562,AAPL
1762653746.543249,2025-11-08 20:02:26,NEWS_STRATEGY,286,12.716054916381836,12.726783752441406,AAPL
1762653746.5433338,2025-11-08 20:02:26,PRICE_STRATEGY,284,12.681007385253906,12.810945510864258,AAPL
1762653746.548779,2025-11-08 20:02:26,ORDERBOOK,363,12.685060501098633,12.730836868286133,MSFT
1762653746.556291,2025-11-08 20:02:26,PRICE_STRATEGY,285,12.768030166625977,12.952089309692383,AAPL
1762653746.5561779,2025-11-08 20:02:26,NEWS_STRATEGY,287,12.822151184082031,12.838125228881836,AAPL
1762653746.5608451,2025-11-08 20:02:26,ORDERBOOK,364,11.961936950683594,12.017965316772461,SPY
1762653746.5668008,2025-11-08 20:02:26,NEWS_STRATEGY,288,10.586261749267578,10.596036911010742,AAPL
1762653746.5668921,2025-11-08 20:02:26,PRICE_STRATEGY,286,10.572195053100586,10.688066482543945,AAPL
1762653746.573781,2025-11-08 20:02:26,ORDERBOOK,365,12.771129608154297,12.801170349121094,AAPL
1762653746.5796359,2025-11-08 20:02:26,NEWS_STRATEGY,289,12.663125991821289,12.67695426940918,AAPL
1762653746.579744,2025-11-08 20:02:26,PRICE_STRATEGY,287,12.659072875976562,12.784957885742188,AAPL
1762653746.5859368,2025-11-08 20:02:26,ORDERBOOK,366,11.880874633789062,12.084007263183594,MSFT
1762653746.5922382,2025-11-08 20:02:26,NEWS_STRATEGY,290,12.546062469482422,12.556076049804688,AAPL
1762653746.592335,2025-11-08 20:02:26,PRICE_STRATEGY,288,12.559175491333008,12.653112411499023,AAPL
1762653746.598779,2025-11-08 20:02:26,ORDERBOOK,367,12.72892951965332,12.758016586303711,SPY
1762653746.604929,2025-11-08 20:02:26,NEWS_STRATEGY,291,12.67099380493164,12.685775756835938,AAPL
1762653746.6050649,2025-11-08 20:02:26,PRICE_STRATEGY,289,12.67385482788086,12.821674346923828,AAPL
1762653746.61067,2025-11-08 20:02:26,ORDERBOOK,368,11.723041534423828,11.831045150756836,AAPL
1762653746.617871,2025-11-08 20:02:26,NEWS_STRATEGY,292,12.758970260620117,12.776851654052734,AAPL
1762653746.618007,2025-11-08 20:02:26,PRICE_STRATEGY,290,12.755870819091797,12.911796569824219,AAPL
1762653746.623113,2025-11-08 20:02:26,ORDERBOOK,369,12.470006942749023,12.504816055297852,MSFT
1762653746.6300611,2025-11-08 20:02:26,NEWS_STRATEGY,293,12.022972106933594,12.033939361572266,AAPL
1762653746.630155,2025-11-08 20:02:26,PRICE_STRATEGY,291,12.022972106933594,12.126922607421875,AAPL
1762653746.634014,2025-11-08 20:02:26,ORDERBOOK,370,10.88094711303711,10.947942733764648,SPY
1762653746.643101,2025-11-08 20:02:26,NEWS_STRATEGY,294,12.797832489013672,12.82811164855957,AAPL
1762653746.643321,2025-11-08 20:02:26,PRICE_STRATEGY,292,12.797832489013672,13.049125671386719,AAPL
1762653746.646723,2025-11-08 20:02:26,ORDERBOOK,371,12.660980224609375,12.695074081420898,AAPL
1762653746.656041,2025-11-08 20:02:26,NEWS_STRATEGY,295,12.809991836547852,12.829065322875977,AAPL
1762653746.656189,2025-11-08 20:02:26,PRICE_STRATEGY,293,12.767791748046875,12.978076934814453,AAPL
1762653746.659394,2025-11-08 20:02:26,ORDERBOOK,372,12.557029724121094,12.598037719726562,MSFT
1762653746.66894,2025-11-08 20:02:26,NEWS_STRATEGY,296,12.775897979736328,12.79902458190918,AAPL
1762653746.6690838,2025-11-08 20:02:26,PRICE_STRATEGY,294,12.76707649230957,12.944221496582031,AAPL
1762653746.67212,2025-11-08 20:02:26,ORDERBOOK,373,12.707710266113281,12.742757797241211,SPY
1762653746.6819499,2025-11-08 20:02:26,PRICE_STRATEGY,295,12.748003005981445,12.910842895507812,AAPL
1762653746.681799,2025-11-08 20:02:26,NEWS_STRATEGY,297,12.748003005981445,12.76087760925293,AAPL
1762653746.683579,2025-11-08 20:02:26,ORDERBOOK,374,11.390924453735352,11.428117752075195,AAPL
1762653746.6946912,2025-11-08 20:02:26,NEWS_STRATEGY,298,12.747049331665039,12.76707649230957,AAPL
1762653746.694732,2025-11-08 20:02:26,ORDERBOOK,375,11.176109313964844,11.218070983886719,MSFT
1762653746.69518,2025-11-08 20:02:26,PRICE_STRATEGY,296,13.064861297607422,13.256072998046875,AAPL
1762653746.707699,2025-11-08 20:02:26,ORDERBOOK,376,12.789011001586914,12.827873229980469,SPY
1762653746.7078872,2025-11-08 20:02:26,NEWS_STRATEGY,299,12.799978256225586,12.809991836547852,AAPL
1762653746.708021,2025-11-08 20:02:26,PRICE_STRATEGY,297,12.806892395019531,12.94398307800293,AAPL
1762653746.7205,2025-11-08 20:02:26,ORDERBOOK,377,12.752056121826172,12.794017791748047,AAPL
1762653746.720762,2025-11-08 20:02:26,NEWS_STRATEGY,300,12.784719467163086,12.799978256225586,AAPL
1762653746.720914,2025-11-08 20:02:26,PRICE_STRATEGY,298,12.773752212524414,12.951850891113281,AAPL
1762653746.733386,2025-11-08 20:02:26,NEWS_STRATEGY,301,12.660980224609375,12.679100036621094,AAPL
1762653746.733451,2025-11-08 20:02:26,ORDERBOOK,378,12.821197509765625,12.864112854003906,MSFT
1762653746.733532,2025-11-08 20:02:26,PRICE_STRATEGY,299,12.660980224609375,12.826204299926758,AAPL
1762653746.743969,2025-11-08 20:02:26,NEWS_STRATEGY,302,10.385990142822266,10.405778884887695,AAPL
1762653746.744189,2025-11-08 20:02:26,PRICE_STRATEGY,300,10.373830795288086,10.626077651977539,AAPL
1762653746.7464561,2025-11-08 20:02:26,ORDERBOOK,379,12.660026550292969,12.688875198364258,SPY
1762653746.7561522,2025-11-08 20:02:26,NEWS_STRATEGY,303,12.059211730957031,12.075185775756836,AAPL
1762653746.756317,2025-11-08 20:02:26,PRICE_STRATEGY,301,12.059211730957031,12.241125106811523,AAPL
1762653746.759107,2025-11-08 20:02:26,ORDERBOOK,380,12.658119201660156,12.687206268310547,AAPL
1762653746.769044,2025-11-08 20:02:26,NEWS_STRATEGY,304,12.768983840942383,12.791633605957031,AAPL
1762653746.769195,2025-11-08 20:02:26,PRICE_STRATEGY,302,12.805700302124023,12.943744659423828,AAPL
1762653746.7718809,2025-11-08 20:02:26,ORDERBOOK,381,12.658119201660156,12.691020965576172,MSFT
1762653746.782068,2025-11-08 20:02:26,NEWS_STRATEGY,305,12.824773788452148,12.883901596069336,AAPL
1762653746.7821472,2025-11-08 20:02:26,PRICE_STRATEGY,303,12.810945510864258,12.96687126159668,AAPL
1762653746.783968,2025-11-08 20:02:26,ORDERBOOK,382,12.07590103149414,12.111902236938477,SPY
1762653746.7940202,2025-11-08 20:02:26,NEWS_STRATEGY,306,11.82413101196289,11.842966079711914,AAPL
1762653746.794226,2025-11-08 20:02:26,PRICE_STRATEGY,304,11.884927749633789,12.048959732055664,AAPL
1762653746.796582,2025-11-08 20:02:26,ORDERBOOK,383,12.650012969970703,12.684106826782227,AAPL
1762653746.807022,2025-11-08 20:02:26,NEWS_STRATEGY,307,12.83884048461914,12.856006622314453,AAPL
1762653746.8071501,2025-11-08 20:02:26,PRICE_STRATEGY,305,12.848138809204102,12.984037399291992,AAPL
1762653746.8089511,2025-11-08 20:02:26,ORDERBOOK,384,12.376070022583008,12.428045272827148,MSFT
1762653746.819646,2025-11-08 20:02:26,ORDERBOOK,385,10.720014572143555,10.754823684692383,SPY
1762653746.8196008,2025-11-08 20:02:26,NEWS_STRATEGY,308,12.439250946044922,12.455224990844727,AAPL
1762653746.819707,2025-11-08 20:02:26,PRICE_STRATEGY,306,12.438058853149414,12.562274932861328,AAPL
1762653746.832453,2025-11-08 20:02:26,NEWS_STRATEGY,309,12.747764587402344,12.765884399414062,AAPL
1762653746.832543,2025-11-08 20:02:26,PRICE_STRATEGY,307,12.74871826171875,12.855768203735352,AAPL
1762653746.832818,2025-11-08 20:02:26,ORDERBOOK,386,12.953042984008789,12.981176376342773,AAPL
1762653746.845396,2025-11-08 20:02:26,NEWS_STRATEGY,310,12.764930725097656,12.78066635131836,AAPL
1762653746.845429,2025-11-08 20:02:26,ORDERBOOK,387,12.513875961303711,12.5579833984375,MSFT
1762653746.8454862,2025-11-08 20:02:26,PRICE_STRATEGY,308,12.73655891418457,12.869834899902344,AAPL
1762653746.858366,2025-11-08 20:02:26,NEWS_STRATEGY,311,12.764930725097656,12.782812118530273,AAPL
1762653746.858469,2025-11-08 20:02:26,PRICE_STRATEGY,309,12.768983840942383,12.887001037597656,AAPL
1762653746.858725,2025-11-08 20:02:26,ORDERBOOK,388,12.927055358886719,12.967348098754883,SPY
1762653746.871348,2025-11-08 20:02:26,ORDERBOOK,389,12.653112411499023,12.701034545898438,AAPL
1762653746.8712902,2025-11-08 20:02:26,NEWS_STRATEGY,312,12.737035751342773,12.755870819091797,AAPL
1762653746.871747,2025-11-08 20:02:26,PRICE_STRATEGY,310,13.072729110717773,13.212919235229492,AAPL
1762653746.884314,2025-11-08 20:02:26,ORDERBOOK,390,12.785911560058594,12.824058532714844,MSFT
1762653746.884512,2025-11-08 20:02:26,NEWS_STRATEGY,313,12.797117233276367,12.810945510864258,AAPL
1762653746.884703,2025-11-08 20:02:26,PRICE_STRATEGY,311,12.841939926147461,13.004064559936523,AAPL
1762653746.897229,2025-11-08 20:02:26,NEWS_STRATEGY,314,12.742757797241211,12.758970260620117,AAPL
1762653746.897248,2025-11-08 20:02:26,ORDERBOOK,391,12.841939926147461,12.891769409179688,SPY
1762653746.897718,2025-11-08 20:02:26,PRICE_STRATEGY,312,13.058900833129883,13.247966766357422,AAPL
1762653746.910209,2025-11-08 20:02:26,ORDERBOOK,392,12.785196304321289,12.83717155456543,AAPL
1762653746.9103959,2025-11-08 20:02:26,NEWS_STRATEGY,315,12.746095657348633,12.762308120727539,AAPL
1762653746.9105349,2025-11-08 20:02:26,PRICE_STRATEGY,313,12.719869613647461,12.90130615234375,AAPL
1762653746.922605,2025-11-08 20:02:26,ORDERBOOK,393,12.345075607299805,12.38703727722168,MSFT
1762653746.9225512,2025-11-08 20:02:26,NEWS_STRATEGY,316,12.18414306640625,12.201070785522461,AAPL
1762653746.923008,2025-11-08 20:02:26,PRICE_STRATEGY,314,12.485980987548828,12.659072875976562,AAPL
1762653746.935265,2025-11-08 20:02:26,ORDERBOOK,394,12.504100799560547,12.584924697875977,SPY
1762653746.935565,2025-11-08 20:02:26,NEWS_STRATEGY,317,12.643814086914062,12.666940689086914,AAPL
1762653746.935796,2025-11-08 20:02:26,PRICE_STRATEGY,315,12.629032135009766,12.89820671081543,AAPL
1762653746.948216,2025-11-08 20:02:26,ORDERBOOK,395,12.839078903198242,12.890100479125977,AAPL
1762653746.948503,2025-11-08 20:02:26,NEWS_STRATEGY,318,12.877941131591797,12.90583610534668,AAPL
1762653746.94876,2025-11-08 20:02:26,PRICE_STRATEGY,316,12.877941131591797,13.161897659301758,AAPL
1762653746.9590101,2025-11-08 20:02:26,ORDERBOOK,396,10.64300537109375,10.689020156860352,MSFT
1762653746.959316,2025-11-08 20:02:26,NEWS_STRATEGY,319,10.76197624206543,10.773897171020508,AAPL
1762653746.959423,2025-11-08 20:02:26,PRICE_STRATEGY,317,10.768890380859375,10.918855667114258,AAPL
1762653746.971282,2025-11-08 20:02:26,NEWS_STRATEGY,320,11.95073127746582,11.991024017333984,AAPL
1762653746.971413,2025-11-08 20:02:26,ORDERBOOK,397,12.204170227050781,12.274026870727539,SPY
1762653746.971963,2025-11-08 20:02:26,PRICE_STRATEGY,318,12.472867965698242,12.672901153564453,AAPL
1762653746.98411,2025-11-08 20:02:26,ORDERBOOK,398,12.431859970092773,12.470006942749023,AAPL
1762653746.984669,2025-11-08 20:02:26,NEWS_STRATEGY,321,12.776851654052734,12.797117233276367,AAPL
1762653746.985077,2025-11-08 20:02:26,PRICE_STRATEGY,319,12.894868850708008,13.203859329223633,AAPL
1762653746.997163,2025-11-08 20:02:26,ORDERBOOK,399,12.841939926147461,12.897014617919922,MSFT
1762653746.997458,2025-11-08 20:02:26,NEWS_STRATEGY,322,12.781143188476562,12.804269790649414,AAPL
1762653746.997637,2025-11-08 20:02:26,PRICE_STRATEGY,320,12.787103652954102,12.9852294921875,AAPL
1762653747.0089228,2025-11-08 20:02:27,ORDERBOOK,400,11.645078659057617,11.671066284179688,SPY
1762653747.010156,2025-11-08 20:02:27,NEWS_STRATEGY,323,12.601137161254883,12.611150741577148,AAPL
1762653747.010271,2025-11-08 20:02:27,PRICE_STRATEGY,321,12.610197067260742,12.726068496704102,AAPL
1762653747.020362,2025-11-08 20:02:27,ORDERBOOK,401,11.272907257080078,11.327028274536133,AAPL
1762653747.022672,2025-11-08 20:02:27,NEWS_STRATEGY,324,12.46023178100586,12.470245361328125,AAPL
1762653747.0227299,2025-11-08 20:02:27,PRICE_STRATEGY,322,12.46023178100586,12.527942657470703,AAPL
1762653747.033071,2025-11-08 20:02:27,ORDERBOOK,402,12.664079666137695,12.686014175415039,MSFT
1762653747.034882,2025-11-08 20:02:27,NEWS_STRATEGY,325,12.157917022705078,12.16578483581543,AAPL
1762653747.034938,2025-11-08 20:02:27,PRICE_STRATEGY,323,12.157917022705078,12.221813201904297,AAPL
1762653747.045791,2025-11-08 20:02:27,ORDERBOOK,403,12.65096664428711,12.67099380493164,SPY
1762653747.0457559,2025-11-08 20:02:27,NEWS_STRATEGY,326,10.846376419067383,10.856389999389648,AAPL
1762653747.045845,2025-11-08 20:02:27,PRICE_STRATEGY,324,10.863304138183594,10.94508171081543,AAPL
1762653747.059788,2025-11-08 20:02:27,NEWS_STRATEGY,327,13.869762420654297,13.883829116821289,AAPL
1762653747.060435,2025-11-08 20:02:27,ORDERBOOK,404,14.395713806152344,14.43791389465332,AAPL
1762653747.0602639,2025-11-08 20:02:27,PRICE_STRATEGY,325,14.285802841186523,14.358758926391602,AAPL
1762653747.072223,2025-11-08 20:02:27,PRICE_STRATEGY,326,13.18502426147461,13.287067413330078,AAPL
1762653747.072236,2025-11-08 20:02:27,NEWS_STRATEGY,328,13.289928436279297,13.30113410949707,AAPL
1762653747.0741389,2025-11-08 20:02:27,ORDERBOOK,405,13.817071914672852,13.84115219116211,MSFT
1762653747.084244,2025-11-08 20:02:27,NEWS_STRATEGY,329,12.462139129638672,12.474775314331055,AAPL
1762653747.08443,2025-11-08 20:02:27,PRICE_STRATEGY,327,12.58397102355957,12.660980224609375,AAPL
1762653747.086061,2025-11-08 20:02:27,ORDERBOOK,406,12.60519027709961,12.62521743774414,SPY
1762653747.0970728,2025-11-08 20:02:27,NEWS_STRATEGY,330,12.656927108764648,12.665033340454102,AAPL
1762653747.097142,2025-11-08 20:02:27,PRICE_STRATEGY,328,12.665033340454102,12.733936309814453,AAPL
1762653747.0986922,2025-11-08 20:02:27,ORDERBOOK,407,12.591838836669922,12.609004974365234,AAPL
1762653747.1088939,2025-11-08 20:02:27,NEWS_STRATEGY,331,11.752843856811523,11.76595687866211,AAPL
1762653747.108972,2025-11-08 20:02:27,PRICE_STRATEGY,329,11.761188507080078,11.844158172607422,AAPL
1762653747.1110709,2025-11-08 20:02:27,ORDERBOOK,408,12.382984161376953,12.403011322021484,MSFT
1762653747.121665,2025-11-08 20:02:27,NEWS_STRATEGY,332,12.678146362304688,12.686014175415039,AAPL
1762653747.12174,2025-11-08 20:02:27,PRICE_STRATEGY,330,12.682914733886719,12.76087760925293,AAPL
1762653747.121809,2025-11-08 20:02:27,ORDERBOOK,409,10.696887969970703,10.72072982788086,SPY
1762653747.134358,2025-11-08 20:02:27,NEWS_STRATEGY,333,12.663125991821289,12.67099380493164,AAPL
1762653747.134469,2025-11-08 20:02:27,ORDERBOOK,410,12.699127197265625,12.71200180053711,AAPL
1762653747.134448,2025-11-08 20:02:27,PRICE_STRATEGY,331,12.67099380493164,12.761116027832031,AAPL
1762653747.14716,2025-11-08 20:02:27,NEWS_STRATEGY,334,12.660980224609375,12.67385482788086,AAPL
1762653747.147232,2025-11-08 20:02:27,PRICE_STRATEGY,332,12.66789436340332,12.746810913085938,AAPL
1762653747.147289,2025-11-08 20:02:27,ORDERBOOK,411,12.629985809326172,12.646198272705078,MSFT
1762653747.1599731,2025-11-08 20:02:27,PRICE_STRATEGY,333,12.692928314208984,12.781143188476562,AAPL
1762653747.159905,2025-11-08 20:02:27,NEWS_STRATEGY,335,12.701034545898438,12.712955474853516,AAPL
1762653747.160083,2025-11-08 20:02:27,ORDERBOOK,412,12.764930725097656,12.792825698852539,SPY
1762653747.172666,2025-11-08 20:02:27,PRICE_STRATEGY,334,12.660980224609375,12.71510124206543,AAPL
1762653747.1726358,2025-11-08 20:02:27,NEWS_STRATEGY,336,12.67385482788086,12.684822082519531,AAPL
1762653747.172839,2025-11-08 20:02:27,ORDERBOOK,413,12.644052505493164,12.666940689086914,AAPL
1762653747.183954,2025-11-08 20:02:27,ORDERBOOK,414,11.137008666992188,11.153936386108398,MSFT
1762653747.1839428,2025-11-08 20:02:27,NEWS_STRATEGY,337,11.216878890991211,11.233806610107422,AAPL
1762653747.184269,2025-11-08 20:02:27,PRICE_STRATEGY,335,11.499881744384766,11.560916900634766,AAPL
1762653747.194401,2025-11-08 20:02:27,NEWS_STRATEGY,338,10.203838348388672,10.214805603027344,AAPL
1762653747.194479,2025-11-08 20:02:27,PRICE_STRATEGY,336,10.203838348388672,10.293960571289062,AAPL
1762653747.196723,2025-11-08 20:02:27,ORDERBOOK,415,12.618064880371094,12.644052505493164,SPY
1762653747.207434,2025-11-08 20:02:27,ORDERBOOK,416,10.718822479248047,10.748863220214844,AAPL
1762653747.207513,2025-11-08 20:02:27,PRICE_STRATEGY,337,12.93492317199707,13.036012649536133,AAPL
1762653747.207392,2025-11-08 20:02:27,NEWS_STRATEGY,339,12.902975082397461,12.916088104248047,AAPL
1762653747.218503,2025-11-08 20:02:27,NEWS_STRATEGY,340,11.178016662597656,11.19375228881836,AAPL
1762653747.2186,2025-11-08 20:02:27,PRICE_STRATEGY,338,11.174917221069336,11.289834976196289,AAPL
1762653747.219797,2025-11-08 20:02:27,ORDERBOOK,417,12.558221817016602,12.589216232299805,MSFT
1762653747.231452,2025-11-08 20:02:27,NEWS_STRATEGY,341,12.745141983032227,12.763261795043945,AAPL
1762653747.231595,2025-11-08 20:02:27,PRICE_STRATEGY,339,12.747049331665039,12.906074523925781,AAPL
1762653747.232485,2025-11-08 20:02:27,ORDERBOOK,418,12.630939483642578,12.660026550292969,SPY
1762653747.242359,2025-11-08 20:02:27,NEWS_STRATEGY,342,10.713815689086914,10.736942291259766,AAPL
1762653747.24248,2025-11-08 20:02:27,PRICE_STRATEGY,340,10.719060897827148,10.85805892944336,AAPL
1762653747.244472,2025-11-08 20:02:27,ORDERBOOK,419,11.945247650146484,11.98434829711914,AAPL
1762653747.2553961,2025-11-08 20:02:27,NEWS_STRATEGY,343,12.830972671508789,12.85099983215332,AAPL
1762653747.2555351,2025-11-08 20:02:27,PRICE_STRATEGY,341,12.832164764404297,12.990951538085938,AAPL
1762653747.257313,2025-11-08 20:02:27,ORDERBOOK,420,12.765169143676758,12.80522346496582,MSFT
1762653747.2684171,2025-11-08 20:02:27,NEWS_STRATEGY,344,12.797832489013672,12.830018997192383,AAPL
1762653747.268617,2025-11-08 20:02:27,PRICE_STRATEGY,342,12.83717155456543,13.029813766479492,AAPL
1762653747.270061,2025-11-08 20:02:27,ORDERBOOK,421,12.696027755737305,12.736082077026367,SPY
1762653747.280426,2025-11-08 20:02:27,NEWS_STRATEGY,345,11.691093444824219,11.704206466674805,AAPL
1762653747.2805061,2025-11-08 20:02:27,PRICE_STRATEGY,343,11.698246002197266,11.78431510925293,AAPL
1762653747.282727,2025-11-08 20:02:27,ORDERBOOK,422,12.627840042114258,12.648820877075195,AAPL
1762653747.293186,2025-11-08 20:02:27,NEWS_STRATEGY,346,12.636899948120117,12.649059295654297,AAPL
1762653747.2932632,2025-11-08 20:02:27,PRICE_STRATEGY,344,12.638092041015625,12.726068496704102,AAPL
1762653747.294771,2025-11-08 20:02:27,ORDERBOOK,423,12.03608512878418,12.06517219543457,MSFT
1762653747.305737,2025-11-08 20:02:27,ORDERBOOK,424,10.948657989501953,10.96963882446289,SPY
1762653747.3059058,2025-11-08 20:02:27,NEWS_STRATEGY,347,12.585163116455078,12.593269348144531,AAPL
1762653747.305984,2025-11-08 20:02:27,PRICE_STRATEGY,345,12.603282928466797,12.672185897827148,AAPL
1762653747.317276,2025-11-08 20:02:27,ORDERBOOK,425,11.51585578918457,11.535882949829102,AAPL
1762653747.317253,2025-11-08 20:02:27,NEWS_STRATEGY,348,11.34634017944336,11.356115341186523,AAPL
1762653747.317481,2025-11-08 20:02:27,PRICE_STRATEGY,346,11.518239974975586,11.584997177124023,AAPL
1762653747.3300228,2025-11-08 20:02:27,NEWS_STRATEGY,349,12.639999389648438,12.646913528442383,AAPL
1762653747.330097,2025-11-08 20:02:27,PRICE_STRATEGY,347,12.663125991821289,12.72130012512207,AAPL
1762653747.330076,2025-11-08 20:02:27,ORDERBOOK,426,12.737035751342773,12.755870819091797,MSFT
1762653747.342282,2025-11-08 20:02:27,NEWS_STRATEGY,350,12.209177017211914,12.223005294799805,AAPL
1762653747.342307,2025-11-08 20:02:27,ORDERBOOK,427,12.270212173461914,12.294292449951172,SPY
1762653747.342537,2025-11-08 20:02:27,PRICE_STRATEGY,348,12.421131134033203,12.479066848754883,AAPL
1762653747.3550699,2025-11-08 20:02:27,PRICE_STRATEGY,349,12.532949447631836,12.584924697875977,AAPL
1762653747.355038,2025-11-08 20:02:27,NEWS_STRATEGY,351,12.546062469482422,12.552976608276367,AAPL
1762653747.3550458,2025-11-08 20:02:27,ORDERBOOK,428,12.647151947021484,12.669086456298828,AAPL
1762653747.3673222,2025-11-08 20:02:27,ORDERBOOK,429,12.198209762573242,12.252092361450195,MSFT
1762653747.367769,2025-11-08 20:02:27,NEWS_STRATEGY,352,12.603998184204102,12.611150741577148,AAPL
1762653747.367808,2025-11-08 20:02:27,PRICE_STRATEGY,350,12.605905532836914,12.652158737182617,AAPL
1762653747.379988,2025-11-08 20:02:27,ORDERBOOK,430,12.65096664428711,12.670040130615234,SPY
1762653747.3804219,2025-11-08 20:02:27,NEWS_STRATEGY,353,12.578725814819336,12.58707046508789,AAPL
1762653747.380501,2025-11-08 20:02:27,PRICE_STRATEGY,351,12.599945068359375,12.665987014770508,AAPL
1762653747.392846,2025-11-08 20:02:27,PRICE_STRATEGY,352,12.366056442260742,12.435197830200195,AAPL
1762653747.392813,2025-11-08 20:02:27,ORDERBOOK,431,12.758016586303711,12.778043746948242,AAPL
1762653747.392787,2025-11-08 20:02:27,NEWS_STRATEGY,354,12.362241744995117,12.373924255371094,AAPL
1762653747.405487,2025-11-08 20:02:27,ORDERBOOK,432,12.678861618041992,12.695074081420898,MSFT
1762653747.405476,2025-11-08 20:02:27,NEWS_STRATEGY,355,12.533187866210938,12.54415512084961,AAPL
1762653747.405587,2025-11-08 20:02:27,PRICE_STRATEGY,353,12.542963027954102,12.655019760131836,AAPL
1762653747.418289,2025-11-08 20:02:27,ORDERBOOK,433,12.711286544799805,12.726068496704102,SPY
1762653747.418415,2025-11-08 20:02:27,NEWS_STRATEGY,356,12.757301330566406,12.766361236572266,AAPL
1762653747.418516,2025-11-08 20:02:27,PRICE_STRATEGY,354,12.757301330566406,12.867212295532227,AAPL
1762653747.430995,2025-11-08 20:02:27,NEWS_STRATEGY,357,12.590885162353516,12.599945068359375,AAPL
1762653747.431029,2025-11-08 20:02:27,ORDERBOOK,434,12.694120407104492,12.717247009277344,AAPL
1762653747.431175,2025-11-08 20:02:27,PRICE_STRATEGY,355,12.719869613647461,12.779712677001953,AAPL
1762653747.4437802,2025-11-08 20:02:27,PRICE_STRATEGY,356,12.627124786376953,12.670278549194336,AAPL
1762653747.443766,2025-11-08 20:02:27,NEWS_STRATEGY,358,12.64500617980957,12.65406608581543,AAPL
1762653747.4438,2025-11-08 20:02:27,ORDERBOOK,435,12.724876403808594,12.758970260620117,MSFT
1762653747.456671,2025-11-08 20:02:27,ORDERBOOK,436,12.786865234375,12.809991836547852,SPY
1762653747.4565818,2025-11-08 20:02:27,NEWS_STRATEGY,359,12.642145156860352,12.65406608581543,AAPL
1762653747.456821,2025-11-08 20:02:27,PRICE_STRATEGY,357,12.820959091186523,12.892961502075195,AAPL
1762653747.467325,2025-11-08 20:02:27,NEWS_STRATEGY,360,10.584115982055664,10.599136352539062,AAPL
1762653747.467374,2025-11-08 20:02:27,ORDERBOOK,437,10.699033737182617,10.73312759399414,AAPL
1762653747.4676878,2025-11-08 20:02:27,PRICE_STRATEGY,358,10.894298553466797,10.96200942993164,AAPL
1762653747.485541,2025-11-08 20:02:27,ORDERBOOK,438,17.74311065673828,18.04518699645996,MSFT
1762653747.486157,2025-11-08 20:02:27,NEWS_STRATEGY,361,18.476009368896484,18.503904342651367,AAPL
1762653747.486281,2025-11-08 20:02:27,PRICE_STRATEGY,359,18.509864807128906,18.62788200378418,AAPL
1762653747.496119,2025-11-08 20:02:27,ORDERBOOK,439,12.725830078125,12.762784957885742,SPY
1762653747.5003781,2025-11-08 20:02:27,NEWS_STRATEGY,362,14.631986618041992,14.647960662841797,AAPL
1762653747.500832,2025-11-08 20:02:27,PRICE_STRATEGY,360,14.966011047363281,15.101909637451172,AAPL
1762653747.508321,2025-11-08 20:02:27,ORDERBOOK,440,12.265920639038086,12.309074401855469,AAPL
1762653747.5143092,2025-11-08 20:02:27,NEWS_STRATEGY,363,14.832019805908203,14.846324920654297,AAPL
1762653747.514556,2025-11-08 20:02:27,PRICE_STRATEGY,361,14.879226684570312,15.092134475708008,AAPL
1762653747.521198,2025-11-08 20:02:27,ORDERBOOK,441,12.719154357910156,12.742280960083008,MSFT
1762653747.5281448,2025-11-08 20:02:27,NEWS_STRATEGY,364,13.487100601196289,13.50092887878418,AAPL
1762653747.5285492,2025-11-08 20:02:27,PRICE_STRATEGY,362,13.808012008666992,13.905048370361328,AAPL
1762653747.5339332,2025-11-08 20:02:27,ORDERBOOK,442,12.664794921875,12.700796127319336,SPY
1762653747.5383658,2025-11-08 20:02:27,NEWS_STRATEGY,365,12.603998184204102,12.61281967163086,AAPL
1762653747.538469,2025-11-08 20:02:27,PRICE_STRATEGY,363,12.629985809326172,12.716054916381836,AAPL
1762653747.545252,2025-11-08 20:02:27,ORDERBOOK,443,11.20901107788086,11.273860931396484,AAPL
1762653747.550517,2025-11-08 20:02:27,NEWS_STRATEGY,366,12.105941772460938,12.113809585571289,AAPL
1762653747.550587,2025-11-08 20:02:27,PRICE_STRATEGY,364,12.105941772460938,12.18414306640625,AAPL
1762653747.5579672,2025-11-08 20:02:27,ORDERBOOK,444,12.619733810424805,12.639999389648438,MSFT
1762653747.563158,2025-11-08 20:02:27,NEWS_STRATEGY,367,12.605905532836914,12.613773345947266,AAPL
1762653747.563227,2025-11-08 20:02:27,PRICE_STRATEGY,365,12.608051300048828,12.684106826782227,AAPL
1762653747.5695739,2025-11-08 20:02:27,ORDERBOOK,445,11.568784713745117,11.588096618652344,SPY
1762653747.575787,2025-11-08 20:02:27,NEWS_STRATEGY,368,12.582778930664062,12.607812881469727,AAPL
1762653747.575888,2025-11-08 20:02:27,PRICE_STRATEGY,366,12.633085250854492,12.70914077758789,AAPL
1762653747.582243,2025-11-08 20:02:27,ORDERBOOK,446,12.6190185546875,12.634992599487305,AAPL
1762653747.586252,2025-11-08 20:02:27,NEWS_STRATEGY,369,10.418176651000977,10.427236557006836,AAPL
1762653747.5863402,2025-11-08 20:02:27,PRICE_STRATEGY,367,10.424137115478516,10.514259338378906,AAPL
1762653747.594923,2025-11-08 20:02:27,ORDERBOOK,447,12.664794921875,12.688875198364258,MSFT
1762653747.5988941,2025-11-08 20:02:27,NEWS_STRATEGY,370,12.583732604980469,12.591123580932617,AAPL
1762653747.598978,2025-11-08 20:02:27,PRICE_STRATEGY,368,12.603998184204102,12.675046920776367,AAPL
1762653747.6065018,2025-11-08 20:02:27,ORDERBOOK,448,11.548042297363281,11.562824249267578,SPY
1762653747.611265,2025-11-08 20:02:27,NEWS_STRATEGY,371,12.376070022583008,12.382984161376953,AAPL
1762653747.611328,2025-11-08 20:02:27,PRICE_STRATEGY,369,12.377023696899414,12.445926666259766,AAPL
1762653747.617255,2025-11-08 20:02:27,ORDERBOOK,449,10.727882385253906,10.762929916381836,AAPL
1762653747.622625,2025-11-08 20:02:27,NEWS_STRATEGY,372,11.324167251586914,11.332035064697266,AAPL
1762653747.6227179,2025-11-08 20:02:27,PRICE_STRATEGY,370,11.335134506225586,11.424064636230469,AAPL
1762653747.6290271,2025-11-08 20:02:27,ORDERBOOK,450,11.70206069946289,11.725902557373047,MSFT
1762653747.6339352,2025-11-08 20:02:27,NEWS_STRATEGY,373,11.242866516113281,11.252880096435547,AAPL
1762653747.634101,2025-11-08 20:02:27,PRICE_STRATEGY,371,11.352777481079102,11.418819427490234,AAPL
1762653747.6395361,2025-11-08 20:02:27,ORDERBOOK,451,10.45083999633789,10.498046875,SPY
1762653747.6466959,2025-11-08 20:02:27,PRICE_STRATEGY,372,12.6190185546875,12.681007385253906,AAPL
1762653747.646636,2025-11-08 20:02:27,NEWS_STRATEGY,374,12.611150741577148,12.620210647583008,AAPL
1762653747.652215,2025-11-08 20:02:27,ORDERBOOK,452,12.640714645385742,12.679815292358398,AAPL
1762653747.6583412,2025-11-08 20:02:27,NEWS_STRATEGY,375,11.65914535522461,11.668205261230469,AAPL
1762653747.658418,2025-11-08 20:02:27,PRICE_STRATEGY,373,11.680364608764648,11.745214462280273,AAPL
1762653747.664853,2025-11-08 20:02:27,ORDERBOOK,453,12.647867202758789,12.66789436340332,MSFT
1762653747.668952,2025-11-08 20:02:27,NEWS_STRATEGY,376,10.588884353637695,10.598897933959961,AAPL
1762653747.669035,2025-11-08 20:02:27,PRICE_STRATEGY,374,10.598897933959961,10.680913925170898,AAPL
1762653747.6775072,2025-11-08 20:02:27,ORDERBOOK,454,12.623310089111328,12.643098831176758,SPY
1762653747.6815832,2025-11-08 20:02:27,NEWS_STRATEGY,377,12.58707046508789,12.594223022460938,AAPL
1762653747.681648,2025-11-08 20:02:27,PRICE_STRATEGY,375,12.604236602783203,12.658119201660156,AAPL
1762653747.690182,2025-11-08 20:02:27,ORDERBOOK,455,12.637138366699219,12.660026550292969,AAPL
1762653747.694207,2025-11-08 20:02:27,NEWS_STRATEGY,378,12.621879577636719,12.63284683227539,AAPL
1762653747.6942878,2025-11-08 20:02:27,PRICE_STRATEGY,376,12.624979019165039,12.713909149169922,AAPL
1762653747.7005901,2025-11-08 20:02:27,ORDERBOOK,456,10.380983352661133,10.404109954833984,MSFT
1762653747.7068748,2025-11-08 20:02:27,NEWS_STRATEGY,379,12.612104415893555,12.620925903320312,AAPL
1762653747.706903,2025-11-08 20:02:27,PRICE_STRATEGY,377,12.612104415893555,12.686014175415039,AAPL
1762653747.713151,2025-11-08 20:02:27,ORDERBOOK,457,12.624025344848633,12.650012969970703,SPY
1762653747.7195039,2025-11-08 20:02:27,NEWS_STRATEGY,380,12.627363204956055,12.637138366699219,AAPL
1762653747.7195678,2025-11-08 20:02:27,PRICE_STRATEGY,378,12.629032135009766,12.701272964477539,AAPL
1762653747.725805,2025-11-08 20:02:27,ORDERBOOK,458,12.63117790222168,12.656211853027344,AAPL
1762653747.73453,2025-11-08 20:02:27,PRICE_STRATEGY,379,14.07623291015625,14.986991882324219,AAPL
1762653747.735955,2025-11-08 20:02:27,NEWS_STRATEGY,381,15.031099319458008,16.412973403930664,AAPL
1762653747.7390358,2025-11-08 20:02:27,ORDERBOOK,459,13.188838958740234,13.226985931396484,MSFT
1762653747.745664,2025-11-08 20:02:27,NEWS_STRATEGY,382,11.113882064819336,11.124849319458008,AAPL
1762653747.7476249,2025-11-08 20:02:27,PRICE_STRATEGY,380,11.11292839050293,13.084888458251953,AAPL
1762653747.749451,2025-11-08 20:02:27,ORDERBOOK,460,10.583162307739258,10.601997375488281,SPY
1762653747.759922,2025-11-08 20:02:27,NEWS_STRATEGY,383,13.700008392333984,13.713836669921875,AAPL
1762653747.76049,2025-11-08 20:02:27,PRICE_STRATEGY,381,13.946056365966797,14.281034469604492,AAPL
1762653747.760703,2025-11-08 20:02:27,ORDERBOOK,461,10.421991348266602,10.4827880859375,AAPL
1762653747.7723799,2025-11-08 20:02:27,ORDERBOOK,462,11.409997940063477,11.771917343139648,MSFT
1762653747.774372,2025-11-08 20:02:27,NEWS_STRATEGY,384,13.882875442504883,13.908147811889648,AAPL
1762653747.775449,2025-11-08 20:02:27,PRICE_STRATEGY,382,14.230966567993164,14.985084533691406,AAPL
1762653747.7831411,2025-11-08 20:02:27,ORDERBOOK,463,10.258913040161133,10.284185409545898,SPY
1762653747.78434,2025-11-08 20:02:27,NEWS_STRATEGY,385,10.847091674804688,10.854959487915039,AAPL
1762653747.78503,2025-11-08 20:02:27,PRICE_STRATEGY,383,11.12818717956543,11.543989181518555,AAPL
1762653747.794615,2025-11-08 20:02:27,ORDERBOOK,464,11.354207992553711,11.375188827514648,AAPL
1762653747.796843,2025-11-08 20:02:27,NEWS_STRATEGY,386,12.579202651977539,12.586116790771484,AAPL
1762653747.7969458,2025-11-08 20:02:27,PRICE_STRATEGY,384,12.604951858520508,12.687921524047852,AAPL
1762653747.806875,2025-11-08 20:02:27,ORDERBOOK,465,12.125968933105469,12.148857116699219,MSFT
1762653747.8095071,2025-11-08 20:02:27,NEWS_STRATEGY,387,12.630224227905273,12.639045715332031,AAPL
1762653747.809577,2025-11-08 20:02:27,PRICE_STRATEGY,385,12.630224227905273,12.710094451904297,AAPL
1762653747.819634,2025-11-08 20:02:27,ORDERBOOK,466,12.67099380493164,12.693166732788086,SPY
1762653747.822183,2025-11-08 20:02:27,PRICE_STRATEGY,386,12.592077255249023,12.644290924072266,AAPL
1762653747.8221161,2025-11-08 20:02:27,NEWS_STRATEGY,388,12.569904327392578,12.577056884765625,AAPL
1762653747.8322828,2025-11-08 20:02:27,ORDERBOOK,467,12.617111206054688,12.633085250854492,AAPL
1762653747.8338728,2025-11-08 20:02:27,NEWS_STRATEGY,389,11.742353439331055,11.753320693969727,AAPL
1762653747.833952,2025-11-08 20:02:27,PRICE_STRATEGY,387,11.753320693969727,11.83319091796875,AAPL
1762653747.844178,2025-11-08 20:02:27,PRICE_STRATEGY,388,10.266780853271484,10.326862335205078,AAPL
1762653747.844125,2025-11-08 20:02:27,NEWS_STRATEGY,390,10.266780853271484,10.27369499206543,AAPL
1762653747.844147,2025-11-08 20:02:27,ORDERBOOK,468,11.850118637084961,11.871099472045898,MSFT
1762653747.856819,2025-11-08 20:02:27,ORDERBOOK,469,12.504816055297852,12.521982192993164,SPY
1762653747.856962,2025-11-08 20:02:27,PRICE_STRATEGY,389,12.730121612548828,12.781143188476562,AAPL
1762653747.856929,2025-11-08 20:02:27,NEWS_STRATEGY,391,12.742996215820312,12.748241424560547,AAPL
1762653747.8691862,2025-11-08 20:02:27,ORDERBOOK,470,12.35198974609375,12.372016906738281,AAPL
1762653747.869354,2025-11-08 20:02:27,PRICE_STRATEGY,390,12.387752532958984,12.441873550415039,AAPL
1762653747.869299,2025-11-08 20:02:27,NEWS_STRATEGY,392,12.381792068481445,12.386798858642578,AAPL
1762653747.8796659,2025-11-08 20:02:27,NEWS_STRATEGY,393,10.353803634643555,10.359764099121094,AAPL
1762653747.879733,2025-11-08 20:02:27,PRICE_STRATEGY,391,10.353803634643555,10.426759719848633,AAPL
1762653747.881831,2025-11-08 20:02:27,ORDERBOOK,471,12.598037719726562,12.610912322998047,MSFT
1762653747.892274,2025-11-08 20:02:27,NEWS_STRATEGY,394,12.610197067260742,12.617111206054688,AAPL
1762653747.89234,2025-11-08 20:02:27,PRICE_STRATEGY,392,12.610197067260742,12.68315315246582,AAPL
1762653747.894441,2025-11-08 20:02:27,ORDERBOOK,472,12.620925903320312,12.63880729675293,SPY
1762653747.904948,2025-11-08 20:02:27,NEWS_STRATEGY,395,12.626886367797852,12.635946273803711,AAPL
1762653747.905038,2025-11-08 20:02:27,PRICE_STRATEGY,393,12.639999389648438,12.726068496704102,AAPL
1762653747.907161,2025-11-08 20:02:27,ORDERBOOK,473,12.696027755737305,12.707948684692383,AAPL
1762653747.917574,2025-11-08 20:02:27,NEWS_STRATEGY,396,12.610197067260742,12.616395950317383,AAPL
1762653747.917631,2025-11-08 20:02:27,PRICE_STRATEGY,394,12.62807846069336,12.673139572143555,AAPL
1762653747.919635,2025-11-08 20:02:27,ORDERBOOK,474,12.594223022460938,12.60995864868164,MSFT
1762653747.9303,2025-11-08 20:02:27,NEWS_STRATEGY,397,12.69078254699707,12.700080871582031,AAPL
1762653747.930357,2025-11-08 20:02:27,PRICE_STRATEGY,395,12.69078254699707,12.758016586303711,AAPL
1762653747.932249,2025-11-08 20:02:27,ORDERBOOK,475,12.592792510986328,12.609004974365234,SPY
1762653747.942355,2025-11-08 20:02:27,PRICE_STRATEGY,396,11.973142623901367,12.059926986694336,AAPL
1762653747.942305,2025-11-08 20:02:27,NEWS_STRATEGY,398,12.002944946289062,12.009859085083008,AAPL
1762653747.94489,2025-11-08 20:02:27,ORDERBOOK,476,12.644052505493164,12.668132781982422,AAPL
1762653747.953213,2025-11-08 20:02:27,NEWS_STRATEGY,399,10.874748229980469,10.885953903198242,AAPL
1762653747.9533381,2025-11-08 20:02:27,PRICE_STRATEGY,397,10.891914367675781,11.009931564331055,AAPL
1762653747.957637,2025-11-08 20:02:27,ORDERBOOK,477,12.737035751342773,12.751102447509766,MSFT
1762653747.965895,2025-11-08 20:02:27,NEWS_STRATEGY,400,12.637138366699219,12.64810562133789,AAPL
1762653747.966005,2025-11-08 20:02:27,PRICE_STRATEGY,398,12.639045715332031,12.758970260620117,AAPL
1762653747.97013,2025-11-08 20:02:27,ORDERBOOK,478,12.645959854125977,12.668132781982422,SPY
1762653747.9786801,2025-11-08 20:02:27,NEWS_STRATEGY,401,12.692928314208984,12.709856033325195,AAPL
1762653747.978833,2025-11-08 20:02:27,PRICE_STRATEGY,399,12.713909149169922,12.862920761108398,AAPL
1762653747.982744,2025-11-08 20:02:27,ORDERBOOK,479,12.60685920715332,12.623071670532227,AAPL
1762653747.991335,2025-11-08 20:02:27,NEWS_STRATEGY,402,12.620210647583008,12.627124786376953,AAPL
1762653747.991468,2025-11-08 20:02:27,PRICE_STRATEGY,400,12.646198272705078,12.760162353515625,AAPL
1762653747.995478,2025-11-08 20:02:27,ORDERBOOK,480,12.742042541503906,12.774944305419922,MSFT
1762653748.0040598,2025-11-08 20:02:28,NEWS_STRATEGY,403,12.691020965576172,12.705087661743164,AAPL
1762653748.004201,2025-11-08 20:02:28,PRICE_STRATEGY,401,12.709856033325195,12.845993041992188,AAPL
1762653748.008167,2025-11-08 20:02:28,ORDERBOOK,481,12.644290924072266,12.668132781982422,SPY
1762653748.016743,2025-11-08 20:02:28,NEWS_STRATEGY,404,12.636184692382812,12.649059295654297,AAPL
1762653748.016858,2025-11-08 20:02:28,PRICE_STRATEGY,402,12.655019760131836,12.764215469360352,AAPL
1762653748.0208158,2025-11-08 20:02:28,ORDERBOOK,482,12.644052505493164,12.668132781982422,AAPL
1762653748.029432,2025-11-08 20:02:28,NEWS_STRATEGY,405,12.653112411499023,12.665033340454102,AAPL
1762653748.02953,2025-11-08 20:02:28,PRICE_STRATEGY,403,12.664079666137695,12.763261795043945,AAPL
1762653748.033464,2025-11-08 20:02:28,ORDERBOOK,483,12.63117790222168,12.65716552734375,MSFT
1762653748.042156,2025-11-08 20:02:28,NEWS_STRATEGY,406,12.663841247558594,12.67695426940918,AAPL
1762653748.04229,2025-11-08 20:02:28,PRICE_STRATEGY,404,12.694835662841797,12.810945510864258,AAPL
1762653748.0460958,2025-11-08 20:02:28,ORDERBOOK,484,12.669086456298828,12.704133987426758,SPY
1762653748.054147,2025-11-08 20:02:28,NEWS_STRATEGY,407,11.934995651245117,11.948108673095703,AAPL
1762653748.054254,2025-11-08 20:02:28,PRICE_STRATEGY,405,11.941909790039062,12.056112289428711,AAPL
1762653748.05882,2025-11-08 20:02:28,ORDERBOOK,485,12.65406608581543,12.686967849731445,AAPL
1762653748.064706,2025-11-08 20:02:28,PRICE_STRATEGY,406,10.421991348266602,10.473012924194336,AAPL
1762653748.064672,2025-11-08 20:02:28,NEWS_STRATEGY,408,10.423660278320312,10.436773300170898,AAPL
1762653748.0716228,2025-11-08 20:02:28,ORDERBOOK,486,12.707710266113281,12.738704681396484,MSFT
1762653748.077545,2025-11-08 20:02:28,NEWS_STRATEGY,409,12.784004211425781,12.799978256225586,AAPL
1762653748.077852,2025-11-08 20:02:28,PRICE_STRATEGY,407,12.758016586303711,13.103008270263672,AAPL
1762653748.0843751,2025-11-08 20:02:28,ORDERBOOK,487,12.735843658447266,12.766838073730469,SPY
1762653748.090275,2025-11-08 20:02:28,PRICE_STRATEGY,408,12.728214263916016,12.833118438720703,AAPL
1762653748.0902379,2025-11-08 20:02:28,NEWS_STRATEGY,410,12.783050537109375,12.794971466064453,AAPL
1762653748.09593,2025-11-08 20:02:28,ORDERBOOK,488,11.422157287597656,11.497259140014648,AAPL
1762653748.103025,2025-11-08 20:02:28,NEWS_STRATEGY,411,12.75014877319336,12.77303695678711,AAPL
1762653748.103233,2025-11-08 20:02:28,PRICE_STRATEGY,409,12.75014877319336,12.980937957763672,AAPL
1762653748.1082518,2025-11-08 20:02:28,ORDERBOOK,489,12.225151062011719,12.257099151611328,MSFT
1762653748.115725,2025-11-08 20:02:28,NEWS_STRATEGY,412,12.720823287963867,12.73488998413086,AAPL
1762653748.115874,2025-11-08 20:02:28,PRICE_STRATEGY,410,12.722969055175781,12.885093688964844,AAPL
1762653748.121098,2025-11-08 20:02:28,ORDERBOOK,490,12.727975845336914,12.776851654052734,SPY
1762653748.128045,2025-11-08 20:02:28,NEWS_STRATEGY,413,12.187957763671875,12.212038040161133,AAPL
1762653748.1282718,2025-11-08 20:02:28,PRICE_STRATEGY,411,12.187957763671875,12.441158294677734,AAPL
1762653748.133868,2025-11-08 20:02:28,ORDERBOOK,491,12.760162353515625,12.788057327270508,AAPL
1762653748.139501,2025-11-08 20:02:28,NEWS_STRATEGY,414,11.423110961914062,11.436223983764648,AAPL
1762653748.1395462,2025-11-08 20:02:28,PRICE_STRATEGY,412,11.399030685424805,11.481285095214844,AAPL
1762653748.14677,2025-11-08 20:02:28,ORDERBOOK,492,12.78996467590332,12.829780578613281,MSFT
1762653748.152404,2025-11-08 20:02:28,NEWS_STRATEGY,415,12.735128402709961,12.808084487915039,AAPL
1762653748.152649,2025-11-08 20:02:28,PRICE_STRATEGY,413,12.722969055175781,13.052940368652344,AAPL
1762653748.159604,2025-11-08 20:02:28,ORDERBOOK,493,12.701988220214844,12.732982635498047,SPY
1762653748.1653728,2025-11-08 20:02:28,NEWS_STRATEGY,416,12.714862823486328,12.730121612548828,AAPL
1762653748.165487,2025-11-08 20:02:28,PRICE_STRATEGY,414,12.713909149169922,12.843847274780273,AAPL
1762653748.172158,2025-11-08 20:02:28,ORDERBOOK,494,12.475013732910156,12.524843215942383,AAPL
1762653748.1781602,2025-11-08 20:02:28,NEWS_STRATEGY,417,12.70914077758789,12.723207473754883,AAPL
1762653748.178338,2025-11-08 20:02:28,PRICE_STRATEGY,415,12.70604133605957,12.899160385131836,AAPL
1762653748.1837199,2025-11-08 20:02:28,ORDERBOOK,495,11.433839797973633,11.469841003417969,MSFT
1762653748.190953,2025-11-08 20:02:28,PRICE_STRATEGY,416,12.71510124206543,12.841939926147461,AAPL
1762653748.190838,2025-11-08 20:02:28,NEWS_STRATEGY,418,12.70914077758789,12.727022171020508,AAPL
1762653748.196533,2025-11-08 20:02:28,ORDERBOOK,496,12.753963470458984,12.791872024536133,SPY
1762653748.203711,2025-11-08 20:02:28,NEWS_STRATEGY,419,12.710094451904297,12.737035751342773,AAPL
1762653748.203806,2025-11-08 20:02:28,PRICE_STRATEGY,417,12.691259384155273,12.833118438720703,AAPL
1762653748.208985,2025-11-08 20:02:28,ORDERBOOK,497,12.408971786499023,12.441158294677734,AAPL
1762653748.216363,2025-11-08 20:02:28,NEWS_STRATEGY,420,12.50600814819336,12.521982192993164,AAPL
1762653748.2165382,2025-11-08 20:02:28,PRICE_STRATEGY,418,12.516975402832031,12.696981430053711,AAPL
1762653748.2210848,2025-11-08 20:02:28,ORDERBOOK,498,12.053966522216797,12.102842330932617,MSFT
1762653748.227734,2025-11-08 20:02:28,NEWS_STRATEGY,421,11.226177215576172,11.241912841796875,AAPL
1762653748.227937,2025-11-08 20:02:28,PRICE_STRATEGY,419,11.237859725952148,11.442899703979492,AAPL
1762653748.233856,2025-11-08 20:02:28,ORDERBOOK,499,12.711286544799805,12.748241424560547,SPY
1762653748.240839,2025-11-08 20:02:28,NEWS_STRATEGY,422,12.825965881347656,12.844085693359375,AAPL
1762653748.2409751,2025-11-08 20:02:28,PRICE_STRATEGY,420,12.833118438720703,12.979984283447266,AAPL
1762653748.246062,2025-11-08 20:02:28,ORDERBOOK,500,12.177228927612305,12.208223342895508,AAPL
1762653748.252908,2025-11-08 20:02:28,NEWS_STRATEGY,423,12.087106704711914,12.09712028503418,AAPL
1762653748.252982,2025-11-08 20:02:28,PRICE_STRATEGY,421,12.08806037902832,12.171030044555664,AAPL
1762653748.2590022,2025-11-08 20:02:28,ORDERBOOK,501,12.818098068237305,12.848138809204102,MSFT
1762653748.264378,2025-11-08 20:02:28,NEWS_STRATEGY,424,11.383056640625,11.394023895263672,AAPL
1762653748.2644439,2025-11-08 20:02:28,PRICE_STRATEGY,422,11.383056640625,11.459112167358398,AAPL
1762653748.271725,2025-11-08 20:02:28,ORDERBOOK,502,12.675046920776367,12.697935104370117,SPY
1762653748.2771149,2025-11-08 20:02:28,NEWS_STRATEGY,425,12.661933898925781,12.671947479248047,AAPL
1762653748.2772639,2025-11-08 20:02:28,PRICE_STRATEGY,423,12.74871826171875,12.819766998291016,AAPL
1762653748.2837691,2025-11-08 20:02:28,ORDERBOOK,503,11.973857879638672,12.029886245727539,AAPL
1762653748.289793,2025-11-08 20:02:28,NEWS_STRATEGY,426,12.643098831176758,12.653112411499023,AAPL
1762653748.289886,2025-11-08 20:02:28,PRICE_STRATEGY,424,12.643098831176758,12.746095657348633,AAPL
1762653748.295552,2025-11-08 20:02:28,ORDERBOOK,504,11.703968048095703,11.749029159545898,MSFT
1762653748.301923,2025-11-08 20:02:28,NEWS_STRATEGY,427,12.079000473022461,12.090206146240234,AAPL
1762653748.3020039,2025-11-08 20:02:28,PRICE_STRATEGY,425,12.068033218383789,12.171030044555664,AAPL
1762653748.308269,2025-11-08 20:02:28,ORDERBOOK,505,12.64810562133789,12.673139572143555,SPY
1762653748.31376,2025-11-08 20:02:28,NEWS_STRATEGY,428,11.752843856811523,11.760950088500977,AAPL
1762653748.313828,2025-11-08 20:02:28,PRICE_STRATEGY,426,11.742830276489258,11.828899383544922,AAPL
1762653748.319523,2025-11-08 20:02:28,ORDERBOOK,506,11.219978332519531,11.24715805053711,AAPL
1762653748.3264582,2025-11-08 20:02:28,NEWS_STRATEGY,429,12.662172317504883,12.674093246459961,AAPL
1762653748.3265789,2025-11-08 20:02:28,PRICE_STRATEGY,427,12.675046920776367,12.794971466064453,AAPL
1762653748.3323112,2025-11-08 20:02:28,ORDERBOOK,507,12.651920318603516,12.676000595092773,MSFT
1762653748.3385348,2025-11-08 20:02:28,NEWS_STRATEGY,430,12.028932571411133,12.038946151733398,AAPL
1762653748.3386948,2025-11-08 20:02:28,PRICE_STRATEGY,428,12.022972106933594,12.198925018310547,AAPL
1762653748.34463,2025-11-08 20:02:28,ORDERBOOK,508,12.301206588745117,12.319087982177734,SPY
1762653748.3513541,2025-11-08 20:02:28,NEWS_STRATEGY,431,12.653112411499023,12.665033340454102,AAPL
1762653748.351456,2025-11-08 20:02:28,PRICE_STRATEGY,429,12.653112411499023,12.76707649230957,AAPL
1762653748.357362,2025-11-08 20:02:28,ORDERBOOK,509,12.644290924072266,12.666940689086914,AAPL
1762653748.363586,2025-11-08 20:02:28,NEWS_STRATEGY,432,12.160062789916992,12.171030044555664,AAPL
1762653748.363688,2025-11-08 20:02:28,PRICE_STRATEGY,430,12.160062789916992,12.271881103515625,AAPL
1762653748.370176,2025-11-08 20:02:28,ORDERBOOK,510,12.711048126220703,12.740850448608398,MSFT
1762653748.375576,2025-11-08 20:02:28,NEWS_STRATEGY,433,11.95383071899414,11.965036392211914,AAPL
1762653748.375712,2025-11-08 20:02:28,PRICE_STRATEGY,431,11.973857879638672,12.100934982299805,AAPL
1762653748.382591,2025-11-08 20:02:28,ORDERBOOK,511,12.404918670654297,12.428045272827148,SPY
1762653748.388298,2025-11-08 20:02:28,NEWS_STRATEGY,434,12.688159942626953,12.701988220214844,AAPL
1762653748.3884459,2025-11-08 20:02:28,PRICE_STRATEGY,432,12.700080871582031,12.85099983215332,AAPL
1762653748.395432,2025-11-08 20:02:28,ORDERBOOK,512,12.700080871582031,12.726783752441406,AAPL
1762653748.400543,2025-11-08 20:02:28,NEWS_STRATEGY,435,12.15505599975586,12.164831161499023,AAPL
1762653748.4006112,2025-11-08 20:02:28,PRICE_STRATEGY,433,12.160062789916992,12.23301887512207,AAPL
1762653748.4076202,2025-11-08 20:02:28,ORDERBOOK,513,12.07590103149414,12.141942977905273,MSFT
1762653748.412548,2025-11-08 20:02:28,NEWS_STRATEGY,436,11.929035186767578,11.962175369262695,AAPL
1762653748.412648,2025-11-08 20:02:28,PRICE_STRATEGY,434,11.954784393310547,12.061834335327148,AAPL
1762653748.420546,2025-11-08 20:02:28,ORDERBOOK,514,12.73965835571289,12.77470588684082,SPY
1762653748.42524,2025-11-08 20:02:28,NEWS_STRATEGY,437,12.64810562133789,12.661218643188477,AAPL
1762653748.425327,2025-11-08 20:02:28,PRICE_STRATEGY,435,12.653112411499023,12.748241424560547,AAPL
1762653748.433393,2025-11-08 20:02:28,ORDERBOOK,515,12.760162353515625,12.79306411743164,AAPL
1762653748.4355059,2025-11-08 20:02:28,PRICE_STRATEGY,436,10.164022445678711,10.279178619384766,AAPL
1762653748.435401,2025-11-08 20:02:28,NEWS_STRATEGY,438,10.164022445678711,10.174989700317383,AAPL
1762653748.4445188,2025-11-08 20:02:28,ORDERBOOK,516,11.019706726074219,11.051654815673828,MSFT
1762653748.448307,2025-11-08 20:02:28,PRICE_STRATEGY,437,12.653112411499023,12.757062911987305,AAPL
1762653748.448215,2025-11-08 20:02:28,NEWS_STRATEGY,439,12.653112411499023,12.665271759033203,AAPL
1762653748.457439,2025-11-08 20:02:28,ORDERBOOK,517,12.746095657348633,12.778043746948242,SPY
1762653748.459014,2025-11-08 20:02:28,NEWS_STRATEGY,440,10.811090469360352,10.821104049682617,AAPL
1762653748.459102,2025-11-08 20:02:28,PRICE_STRATEGY,438,10.821104049682617,10.909080505371094,AAPL
1762653748.470242,2025-11-08 20:02:28,ORDERBOOK,518,12.761831283569336,12.79902458190918,AAPL
1762653748.470857,2025-11-08 20:02:28,NEWS_STRATEGY,441,11.919021606445312,11.932849884033203,AAPL
1762653748.470958,2025-11-08 20:02:28,PRICE_STRATEGY,439,11.921882629394531,12.033939361572266,AAPL
1762653748.4831538,2025-11-08 20:02:28,ORDERBOOK,519,12.781858444213867,12.823820114135742,MSFT
1762653748.4831061,2025-11-08 20:02:28,NEWS_STRATEGY,442,12.257099151611328,12.279033660888672,AAPL
1762653748.483516,2025-11-08 20:02:28,PRICE_STRATEGY,440,12.583017349243164,12.688159942626953,AAPL
1762653748.495935,2025-11-08 20:02:28,ORDERBOOK,520,12.604951858520508,12.644767761230469,SPY
1762653748.4961631,2025-11-08 20:02:28,NEWS_STRATEGY,443,12.73202896118164,12.746095657348633,AAPL
1762653748.496304,2025-11-08 20:02:28,PRICE_STRATEGY,441,12.758016586303711,12.888193130493164,AAPL
1762653748.5081851,2025-11-08 20:02:28,ORDERBOOK,521,12.119054794311523,12.144088745117188,AAPL
1762653748.508229,2025-11-08 20:02:28,PRICE_STRATEGY,442,12.01629638671875,12.093305587768555,AAPL
1762653748.50815,2025-11-08 20:02:28,NEWS_STRATEGY,444,11.995315551757812,12.014150619506836,AAPL
1762653748.520614,2025-11-08 20:02:28,ORDERBOOK,522,12.293100357055664,12.3291015625,MSFT
1762653748.520561,2025-11-08 20:02:28,NEWS_STRATEGY,445,12.180089950561523,12.201070785522461,AAPL
1762653748.520996,2025-11-08 20:02:28,PRICE_STRATEGY,443,12.478113174438477,12.634992599487305,AAPL
1762653748.533068,2025-11-08 20:02:28,ORDERBOOK,523,12.309074401855469,12.336969375610352,SPY
1762653748.53302,2025-11-08 20:02:28,NEWS_STRATEGY,446,12.196063995361328,12.21013069152832,AAPL
1762653748.5331311,2025-11-08 20:02:28,PRICE_STRATEGY,444,12.202024459838867,12.321949005126953,AAPL
1762653748.544687,2025-11-08 20:02:28,ORDERBOOK,524,11.483907699584961,11.532068252563477,AAPL
1762653748.544692,2025-11-08 20:02:28,NEWS_STRATEGY,447,11.574029922485352,11.596918106079102,AAPL
1762653748.5452118,2025-11-08 20:02:28,PRICE_STRATEGY,445,11.933088302612305,12.115955352783203,AAPL
1762653748.557696,2025-11-08 20:02:28,NEWS_STRATEGY,448,12.660026550292969,12.671947479248047,AAPL
1762653748.5577679,2025-11-08 20:02:28,ORDERBOOK,525,12.817144393920898,12.853145599365234,MSFT
1762653748.558055,2025-11-08 20:02:28,PRICE_STRATEGY,446,12.929916381835938,13.031005859375,AAPL
1762653748.570705,2025-11-08 20:02:28,ORDERBOOK,526,12.78066635131836,12.854814529418945,SPY
1762653748.57087,2025-11-08 20:02:28,NEWS_STRATEGY,449,12.836217880249023,12.853145599365234,AAPL
1762653748.5711129,2025-11-08 20:02:28,PRICE_STRATEGY,447,12.937068939208984,13.097047805786133,AAPL
1762653748.582294,2025-11-08 20:02:28,NEWS_STRATEGY,450,11.307954788208008,11.320114135742188,AAPL
1762653748.582436,2025-11-08 20:02:28,PRICE_STRATEGY,448,11.328935623168945,11.461973190307617,AAPL
1762653748.5834172,2025-11-08 20:02:28,ORDERBOOK,527,12.642860412597656,12.67385482788086,AAPL
1762653748.5951731,2025-11-08 20:02:28,NEWS_STRATEGY,451,12.758016586303711,12.794017791748047,AAPL
1762653748.59538,2025-11-08 20:02:28,PRICE_STRATEGY,449,12.758016586303711,12.99905776977539,AAPL
1762653748.596019,2025-11-08 20:02:28,ORDERBOOK,528,12.616872787475586,12.644767761230469,MSFT
1762653748.608116,2025-11-08 20:02:28,NEWS_STRATEGY,452,12.732267379760742,12.746095657348633,AAPL
1762653748.6082401,2025-11-08 20:02:28,PRICE_STRATEGY,450,12.739181518554688,12.870073318481445,AAPL
1762653748.608642,2025-11-08 20:02:28,ORDERBOOK,529,12.635946273803711,12.659788131713867,SPY
1762653748.619776,2025-11-08 20:02:28,NEWS_STRATEGY,453,11.571168899536133,11.595010757446289,AAPL
1762653748.6198888,2025-11-08 20:02:28,PRICE_STRATEGY,451,11.579036712646484,11.708259582519531,AAPL
1762653748.619835,2025-11-08 20:02:28,ORDERBOOK,530,11.17396354675293,11.214971542358398,AAPL
1762653748.632742,2025-11-08 20:02:28,ORDERBOOK,531,12.718915939331055,12.75014877319336,MSFT
1762653748.632906,2025-11-08 20:02:28,NEWS_STRATEGY,454,12.719154357910156,12.730121612548828,AAPL
1762653748.6330292,2025-11-08 20:02:28,PRICE_STRATEGY,452,12.729167938232422,12.852191925048828,AAPL
1762653748.645068,2025-11-08 20:02:28,ORDERBOOK,532,12.243986129760742,12.274980545043945,SPY
1762653748.645036,2025-11-08 20:02:28,NEWS_STRATEGY,455,12.134790420532227,12.148857116699219,AAPL
1762653748.645165,2025-11-08 20:02:28,PRICE_STRATEGY,453,12.135982513427734,12.279033660888672,AAPL
1762653748.657967,2025-11-08 20:02:28,ORDERBOOK,533,12.623071670532227,12.658119201660156,AAPL
1762653748.657918,2025-11-08 20:02:28,NEWS_STRATEGY,456,12.718915939331055,12.732744216918945,AAPL
1762653748.658388,2025-11-08 20:02:28,PRICE_STRATEGY,454,13.108968734741211,13.200759887695312,AAPL
