Datetime,Open,High,Low,Close,Volume
2025-11-18 00:00:00+00:00,92100.6,92116.0,92031.83,92064.0,4.45588581
2025-11-18 00:01:00+00:00,92063.21,92063.21,91972.0,92033.98,5.74039848
2025-11-18 00:02:00+00:00,92033.98,92137.67,92033.98,92093.89,7.63583854
2025-11-18 00:03:00+00:00,92093.88,92163.96,92093.86,92150.83,4.69092639
2025-11-18 00:04:00+00:00,92150.83,92168.34,92094.79,92096.01,6.59284066
2025-11-18 00:05:00+00:00,92096.01,92243.99,92096.0,92129.37,21.2547362
2025-11-18 00:06:00+00:00,92129.37,92174.65,92093.9,92163.96,4.46093128
2025-11-18 00:07:00+00:00,92163.96,92187.71,92135.41,92164.15,8.21635278
2025-11-18 00:08:00+00:00,92164.15,92207.99,92158.38,92168.35,4.47569218
2025-11-18 00:09:00+00:00,92168.35,92247.94,92168.35,92233.89,5.32397227
2025-11-18 00:10:00+00:00,92233.89,92233.89,92189.0,92200.57,4.37316207
2025-11-18 00:11:00+00:00,92200.57,92213.98,92148.01,92154.52,8.88210246
2025-11-18 00:12:00+00:00,92154.52,92186.57,92154.51,92154.51,3.39871002
2025-11-18 00:13:00+00:00,92154.51,92159.99,92110.94,92115.93,11.79623888
2025-11-18 00:14:00+00:00,92115.92,92120.16,92068.8,92106.0,7.50154993
2025-11-18 00:15:00+00:00,92106.0,92160.46,92106.0,92158.44,7.54869034
2025-11-18 00:16:00+00:00,92158.43,92158.43,92082.04,92106.0,3.55163576
2025-11-18 00:17:00+00:00,92106.0,92157.99,92085.87,92095.97,4.52605654
2025-11-18 00:18:00+00:00,92095.96,92095.96,91870.28,91977.97,11.933426
2025-11-18 00:19:00+00:00,91977.98,91991.99,91926.39,91951.99,5.17283319
2025-11-18 00:20:00+00:00,91951.99,91996.99,91945.97,91990.7,6.75172324
2025-11-18 00:21:00+00:00,91990.7,91994.66,91949.34,91976.26,3.32542615
2025-11-18 00:22:00+00:00,91976.26,92083.04,91976.26,92075.99,5.68651848
2025-11-18 00:23:00+00:00,92075.99,92139.3,92050.09,92136.0,1.55199896
2025-11-18 00:24:00+00:00,92136.0,92197.26,92120.17,92164.98,3.48229293
2025-11-18 00:25:00+00:00,92164.98,92172.72,92088.0,92088.0,5.64160094
2025-11-18 00:26:00+00:00,92087.98,92087.99,92022.0,92023.81,3.77487007
2025-11-18 00:27:00+00:00,92023.78,92026.51,91900.01,91900.01,5.98653406
2025-11-18 00:28:00+00:00,91900.0,91966.51,91888.31,91936.18,6.09556742
2025-11-18 00:29:00+00:00,91936.21,91945.98,91900.5,91913.09,3.24879176
2025-11-18 00:30:00+00:00,91913.09,91959.02,91910.0,91918.69,6.39920807
2025-11-18 00:31:00+00:00,91918.69,91946.93,91819.51,91861.94,9.43711113
2025-11-18 00:32:00+00:00,91861.94,91861.95,91750.0,91767.52,7.04860285
2025-11-18 00:33:00+00:00,91769.76,91793.32,91739.11,91755.97,4.13676181
2025-11-18 00:34:00+00:00,91754.0,91792.79,91700.01,91702.9,13.38727348
2025-11-18 00:35:00+00:00,91702.89,91767.98,91643.87,91747.98,11.19637137
2025-11-18 00:36:00+00:00,91751.96,91768.0,91685.02,91741.11,13.28322509
2025-11-18 00:37:00+00:00,91747.27,91791.65,91734.73,91734.73,6.26560144
2025-11-18 00:38:00+00:00,91734.73,91781.76,91664.26,91708.7,13.33945851
2025-11-18 00:39:00+00:00,91704.1,91736.89,91588.0,91590.81,11.50560148
2025-11-18 00:40:00+00:00,91590.0,91647.57,91536.0,91547.98,5.0680246
2025-11-18 00:41:00+00:00,91547.98,91565.05,91321.65,91378.9,43.9120769
2025-11-18 00:42:00+00:00,91378.89,91432.47,91263.12,91400.0,14.86725575
2025-11-18 00:43:00+00:00,91399.99,91414.94,91203.5,91260.0,11.61644011
2025-11-18 00:44:00+00:00,91260.0,91336.0,91219.2,91307.0,9.61088276
2025-11-18 00:45:00+00:00,91307.0,91362.62,91221.01,91232.0,13.72650636
2025-11-18 00:46:00+00:00,91240.0,91599.72,91087.79,91549.99,53.91876099
2025-11-18 00:47:00+00:00,91555.98,91623.36,91401.84,91592.86,12.09058276
2025-11-18 00:48:00+00:00,91591.6,91791.65,91572.66,91638.0,22.17045289
2025-11-18 00:49:00+00:00,91637.97,91782.31,91637.97,91759.97,17.28538132
2025-11-18 00:50:00+00:00,91753.91,91918.98,91716.78,91826.7,15.27784928
2025-11-18 00:51:00+00:00,91830.55,91938.28,91830.55,91918.69,10.87418766
2025-11-18 00:52:00+00:00,91923.05,92054.67,91909.93,91992.0,10.44283479
2025-11-18 00:53:00+00:00,91992.0,92034.0,91869.96,91926.41,3.63639881
2025-11-18 00:54:00+00:00,91927.43,91971.95,91901.16,91902.0,7.51963262
2025-11-18 00:55:00+00:00,91906.0,91906.0,91806.0,91829.99,12.12307746
2025-11-18 00:56:00+00:00,91829.99,91842.6,91732.32,91779.88,32.78867096
2025-11-18 00:57:00+00:00,91779.87,91931.82,91769.99,91931.82,23.35616173
2025-11-18 00:58:00+00:00,91936.2,92091.91,91883.65,92084.0,22.33231479
2025-11-18 00:59:00+00:00,92084.44,92100.0,92015.86,92055.99,15.19285082
2025-11-18 01:00:00+00:00,92061.96,92099.99,91982.56,92021.44,20.39845396
2025-11-18 01:01:00+00:00,92021.43,92100.0,92013.99,92069.98,18.82433313
2025-11-18 01:02:00+00:00,92063.04,92084.69,92008.27,92053.99,4.91973639
2025-11-18 01:03:00+00:00,92052.0,92080.0,91873.23,91899.99,6.54415996
2025-11-18 01:04:00+00:00,91896.0,91942.33,91853.01,91936.0,6.92187608
2025-11-18 01:05:00+00:00,91930.46,91990.0,91832.0,91852.98,11.59340102
2025-11-18 01:06:00+00:00,91852.98,92018.0,91831.09,91931.82,7.18960145
2025-11-18 01:07:00+00:00,91931.99,91982.95,91876.0,91956.92,5.48916189
2025-11-18 01:08:00+00:00,91953.72,92044.64,91943.52,91999.99,5.60808997
2025-11-18 01:09:00+00:00,91998.0,92038.0,91941.87,92006.75,6.61129037
2025-11-18 01:10:00+00:00,92019.42,92052.31,91944.96,92018.02,3.6440438
2025-11-18 01:11:00+00:00,92018.02,92055.94,91949.35,91966.87,3.88853666
2025-11-18 01:12:00+00:00,91966.87,91966.87,91795.67,91896.3,11.68001477
2025-11-18 01:13:00+00:00,91896.3,91968.17,91836.24,91880.0,6.64984931
2025-11-18 01:14:00+00:00,91880.0,91907.42,91825.36,91825.36,2.90142248
2025-11-18 01:15:00+00:00,91825.36,91856.0,91669.68,91734.0,17.70104235
2025-11-18 01:16:00+00:00,91736.0,91971.24,91715.62,91932.01,22.14196567
2025-11-18 01:17:00+00:00,91932.0,91993.14,91890.01,91972.44,9.40585227
2025-11-18 01:18:00+00:00,91972.43,91972.43,91909.05,91931.83,5.50855881
2025-11-18 01:19:00+00:00,91931.83,92045.69,91923.06,92045.69,3.60468068
2025-11-18 01:20:00+00:00,92045.7,92088.0,91923.07,91934.53,10.29892199
2025-11-18 01:21:00+00:00,91933.99,91974.0,91892.0,91923.04,8.43909199
2025-11-18 01:22:00+00:00,91927.44,91988.75,91897.07,91911.98,14.563245
2025-11-18 01:23:00+00:00,91909.99,91998.76,91909.94,91931.06,2.56147368
2025-11-18 01:24:00+00:00,91931.05,91939.31,91779.79,91781.49,9.29853138
2025-11-18 01:25:00+00:00,91778.89,91778.89,91621.2,91678.01,5.407837
2025-11-18 01:26:00+00:00,91681.84,91701.99,91577.05,91583.53,6.22035377
2025-11-18 01:27:00+00:00,91583.54,91632.56,91520.49,91587.97,11.06020928
2025-11-18 01:28:00+00:00,91587.98,91652.99,91571.93,91641.87,6.21250392
2025-11-18 01:29:00+00:00,91645.33,91716.0,91637.56,91685.97,6.17209907
2025-11-18 01:30:00+00:00,91685.97,91794.78,91676.81,91762.5,15.86095408
2025-11-18 01:31:00+00:00,91762.49,91822.0,91700.0,91707.95,6.76417022
2025-11-18 01:32:00+00:00,91707.96,91782.89,91696.47,91751.63,6.50723087
2025-11-18 01:33:00+00:00,91751.63,91903.65,91736.42,91898.74,18.42581402
2025-11-18 01:34:00+00:00,91899.98,91955.0,91828.64,91891.99,6.29320964
2025-11-18 01:35:00+00:00,91896.59,91954.99,91870.85,91921.98,4.49102136
2025-11-18 01:36:00+00:00,91921.71,91945.51,91850.0,91865.98,6.36675407
2025-11-18 01:37:00+00:00,91865.98,91865.98,91731.11,91812.92,5.22244253
2025-11-18 01:38:00+00:00,91810.29,91828.0,91756.62,91756.62,1.08316153
2025-11-18 01:39:00+00:00,91759.98,91764.0,91707.79,91736.76,2.02458861
2025-11-18 01:40:00+00:00,91748.54,91784.0,91744.6,91751.83,3.28202153
2025-11-18 01:41:00+00:00,91748.0,91756.61,91682.47,91708.0,3.31559281
2025-11-18 01:42:00+00:00,91708.0,91743.47,91639.62,91651.48,5.75922087
2025-11-18 01:43:00+00:00,91647.13,91675.98,91598.0,91651.48,6.55997678
2025-11-18 01:44:00+00:00,91651.47,91791.66,91622.06,91786.08,3.68103279
2025-11-18 01:45:00+00:00,91786.07,91818.48,91720.0,91750.01,4.25099278
2025-11-18 01:46:00+00:00,91756.62,91823.03,91691.95,91789.56,16.26115314
2025-11-18 01:47:00+00:00,91786.17,91804.77,91682.34,91689.58,3.06920464
2025-11-18 01:48:00+00:00,91689.58,91751.6,91677.76,91704.5,2.19971233
2025-11-18 01:49:00+00:00,91706.05,91714.34,91646.37,91675.99,3.04219366
2025-11-18 01:50:00+00:00,91675.99,91699.99,91624.0,91640.0,3.56808173
2025-11-18 01:51:00+00:00,91633.98,91652.0,91538.26,91576.0,13.59832787
2025-11-18 01:52:00+00:00,91580.64,91614.26,91565.08,91604.0,4.9109921
2025-11-18 01:53:00+00:00,91602.94,91606.38,91534.81,91563.99,3.6642165
2025-11-18 01:54:00+00:00,91564.0,91625.99,91518.01,91568.03,4.60393106
2025-11-18 01:55:00+00:00,91568.03,91572.92,91502.37,91560.02,11.74307311
2025-11-18 01:56:00+00:00,91560.01,91586.62,91528.87,91564.0,5.32657779
2025-11-18 01:57:00+00:00,91563.84,91600.13,91550.0,91582.52,3.63594059
2025-11-18 01:58:00+00:00,91582.52,91690.92,91577.04,91645.39,8.65791905
2025-11-18 01:59:00+00:00,91648.03,91673.95,91594.56,91594.56,5.72093385
2025-11-18 02:00:00+00:00,91592.67,91624.0,91536.96,91567.17,8.62486272
2025-11-18 02:01:00+00:00,91562.12,91568.01,91380.01,91431.19,40.92019723
2025-11-18 02:02:00+00:00,91433.59,91450.01,91150.0,91183.82,43.71346987
2025-11-18 02:03:00+00:00,91190.48,91327.99,91156.57,91297.54,32.0636837
2025-11-18 02:04:00+00:00,91297.54,91297.54,91150.98,91242.0,10.28333424
2025-11-18 02:05:00+00:00,91240.05,91287.96,91142.0,91195.99,7.28428384
2025-11-18 02:06:00+00:00,91195.99,91245.98,91147.0,91214.42,12.8263511
2025-11-18 02:07:00+00:00,91214.41,91253.63,91158.14,91196.83,7.76451699
2025-11-18 02:08:00+00:00,91192.01,91276.02,91153.31,91276.02,6.24179178
2025-11-18 02:09:00+00:00,91276.02,91437.32,91276.02,91381.61,7.16240485
2025-11-18 02:10:00+00:00,91381.61,91409.99,91338.0,91348.89,5.42207971
2025-11-18 02:11:00+00:00,91348.88,91348.88,91179.41,91239.45,26.31264966
2025-11-18 02:12:00+00:00,91239.45,91252.92,91194.74,91204.0,2.86414088
2025-11-18 02:13:00+00:00,91203.81,91204.71,91001.01,91082.1,48.82142557
2025-11-18 02:14:00+00:00,91077.72,91086.87,91011.78,91060.3,15.14623376
2025-11-18 02:15:00+00:00,91062.18,91095.86,91013.48,91034.0,5.66373019
2025-11-18 02:16:00+00:00,91034.0,91068.5,90755.0,90819.68,88.54410928
2025-11-18 02:17:00+00:00,90819.68,90900.0,90639.66,90739.2,41.7877525
2025-11-18 02:18:00+00:00,90760.24,90805.57,90648.39,90757.95,28.13482291
2025-11-18 02:19:00+00:00,90751.87,90960.0,90740.47,90824.0,13.09278855
2025-11-18 02:20:00+00:00,90823.69,91240.0,90800.0,91224.48,33.54479044
2025-11-18 02:21:00+00:00,91228.69,91233.99,91022.0,91188.0,29.03865946
2025-11-18 02:22:00+00:00,91178.46,91318.67,91161.01,91220.56,15.40175169
2025-11-18 02:23:00+00:00,91217.88,91217.88,91082.11,91161.08,16.17784737
2025-11-18 02:24:00+00:00,91154.67,91353.66,91141.97,91231.66,23.30784898
2025-11-18 02:25:00+00:00,91233.22,91291.54,91153.27,91291.54,22.13696231
2025-11-18 02:26:00+00:00,91296.0,91349.25,91221.26,91276.83,8.24885306
2025-11-18 02:27:00+00:00,91276.83,91352.7,91263.27,91346.85,5.34370385
2025-11-18 02:28:00+00:00,91346.21,91562.06,91333.98,91480.55,13.01818247
2025-11-18 02:29:00+00:00,91480.54,91592.68,91480.52,91562.03,15.14419832
2025-11-18 02:30:00+00:00,91562.03,91625.0,91493.57,91525.99,18.65567554
2025-11-18 02:31:00+00:00,91525.98,91637.99,91480.69,91555.96,17.41104949
2025-11-18 02:32:00+00:00,91553.97,91635.97,91502.77,91502.77,5.65188306
2025-11-18 02:33:00+00:00,91502.76,91600.22,91455.64,91480.98,10.75157059
2025-11-18 02:34:00+00:00,91483.48,91499.5,91344.0,91356.75,6.41318634
2025-11-18 02:35:00+00:00,91356.73,91373.6,91190.26,91218.0,8.62671329
2025-11-18 02:36:00+00:00,91212.07,91270.43,91177.77,91177.77,7.06338567
2025-11-18 02:37:00+00:00,91174.08,91174.08,91033.92,91098.07,17.99697331
2025-11-18 02:38:00+00:00,91098.08,91259.96,91072.19,91249.93,16.84548338
2025-11-18 02:39:00+00:00,91249.93,91270.0,91143.41,91151.99,5.61567765
2025-11-18 02:40:00+00:00,91159.49,91219.29,91134.66,91205.62,4.23859708
2025-11-18 02:41:00+00:00,91196.34,91292.34,91182.85,91270.44,6.41995107
2025-11-18 02:42:00+00:00,91266.6,91283.58,91219.87,91246.0,2.78451742
2025-11-18 02:43:00+00:00,91247.81,91279.19,91205.53,91277.26,4.7005079
2025-11-18 02:44:00+00:00,91273.99,91273.99,91193.76,91220.89,3.9922534
2025-11-18 02:45:00+00:00,91220.89,91387.93,91176.16,91358.07,14.72574625
2025-11-18 02:46:00+00:00,91358.05,91558.15,91344.91,91499.19,32.83592112
2025-11-18 02:47:00+00:00,91499.19,91582.0,91348.0,91352.08,13.63126105
2025-11-18 02:48:00+00:00,91350.01,91383.0,91292.0,91371.88,18.5914877
2025-11-18 02:49:00+00:00,91374.07,91404.69,91322.2,91344.0,3.29317091
2025-11-18 02:50:00+00:00,91337.99,91379.88,91289.4,91300.44,4.25015668
2025-11-18 02:51:00+00:00,91300.44,91300.44,91105.98,91140.49,4.95916176
2025-11-18 02:52:00+00:00,91139.03,91169.27,91065.86,91147.98,17.45321617
2025-11-18 02:53:00+00:00,91147.99,91155.98,91065.06,91071.76,4.36978857
2025-11-18 02:54:00+00:00,91073.35,91077.5,91033.74,91066.33,4.60076734
2025-11-18 02:55:00+00:00,91068.96,91070.0,90980.0,91003.71,17.91961173
2025-11-18 02:56:00+00:00,91003.7,91029.82,90857.99,90948.64,6.56368226
2025-11-18 02:57:00+00:00,90948.91,90961.52,90875.92,90883.84,5.55120647
2025-11-18 02:58:00+00:00,90883.84,90893.99,90670.54,90680.0,15.35502002
2025-11-18 02:59:00+00:00,90681.17,90800.81,90545.01,90750.04,39.21620622
2025-11-18 03:00:00+00:00,90750.04,90787.09,90534.0,90571.06,20.3517594
2025-11-18 03:01:00+00:00,90561.09,90666.0,90500.0,90519.88,32.73907557
2025-11-18 03:02:00+00:00,90519.88,90549.09,90288.0,90348.14,49.6333148
2025-11-18 03:03:00+00:00,90351.83,90498.45,90319.11,90339.43,22.94226307
2025-11-18 03:04:00+00:00,90338.15,90354.0,90200.0,90274.64,51.35705535
2025-11-18 03:05:00+00:00,90271.53,90572.17,90254.28,90521.47,11.35483664
2025-11-18 03:06:00+00:00,90521.47,90574.4,90365.4,90365.4,11.34549878
2025-11-18 03:07:00+00:00,90359.43,90467.99,90246.0,90287.52,11.27627141
2025-11-18 03:08:00+00:00,90287.61,90287.61,90128.08,90222.96,25.32913855
2025-11-18 03:09:00+00:00,90223.56,90341.87,90207.0,90335.73,19.48588766
2025-11-18 03:10:00+00:00,90335.73,90386.81,90261.07,90321.97,10.58060498
2025-11-18 03:11:00+00:00,90319.76,90400.0,90294.71,90358.0,18.79221135
2025-11-18 03:12:00+00:00,90360.0,90360.0,90263.7,90287.28,7.58947732
2025-11-18 03:13:00+00:00,90291.98,90314.0,90235.5,90301.99,12.93391615
2025-11-18 03:14:00+00:00,90301.99,90336.0,90260.34,90277.98,7.83558329
2025-11-18 03:15:00+00:00,90284.0,90400.0,90272.62,90400.0,13.65444415
2025-11-18 03:16:00+00:00,90400.0,90433.61,90240.45,90412.0,9.24751735
2025-11-18 03:17:00+00:00,90412.0,90412.0,90310.0,90320.18,13.8888144
2025-11-18 03:18:00+00:00,90316.19,90342.0,90212.52,90302.5,17.01768575
2025-11-18 03:19:00+00:00,90298.0,90335.36,90234.48,90272.0,16.26749533
2025-11-18 03:20:00+00:00,90272.0,90372.0,90263.85,90309.99,12.31732674
2025-11-18 03:21:00+00:00,90309.98,90326.34,90152.27,90154.01,45.6406933
2025-11-18 03:22:00+00:00,90154.0,90209.43,90111.0,90111.4,118.85237434
2025-11-18 03:23:00+00:00,90111.4,90179.89,90035.0,90042.01,45.29205617
2025-11-18 03:24:00+00:00,90042.34,90097.45,90001.0,90087.84,91.93100812
2025-11-18 03:25:00+00:00,90091.08,90126.0,90002.43,90018.84,15.36415366
2025-11-18 03:26:00+00:00,90018.83,90201.96,89800.0,90201.96,243.14481754
2025-11-18 03:27:00+00:00,90200.03,90213.86,90045.0,90061.9,11.78015742
2025-11-18 03:28:00+00:00,90061.88,90069.99,89919.99,89934.0,24.09692197
2025-11-18 03:29:00+00:00,89938.0,89999.99,89898.99,89903.05,18.18659006
2025-11-18 03:30:00+00:00,89903.04,89971.98,89655.0,89701.99,66.48036935
2025-11-18 03:31:00+00:00,89701.99,90120.0,89668.0,90039.23,49.31335425
2025-11-18 03:32:00+00:00,90038.0,90114.11,89805.27,89808.0,26.61857676
2025-11-18 03:33:00+00:00,89808.0,89872.24,89708.04,89862.08,31.94655478
2025-11-18 03:34:00+00:00,89860.0,89860.0,89575.01,89658.6,32.59544482
2025-11-18 03:35:00+00:00,89667.36,89827.3,89640.02,89814.11,22.3100133
2025-11-18 03:36:00+00:00,89812.0,90017.22,89768.11,90017.22,35.78610306
2025-11-18 03:37:00+00:00,90006.02,90161.82,89975.03,90151.27,30.05070298
2025-11-18 03:38:00+00:00,90143.99,90391.4,90143.99,90366.07,34.12628929
2025-11-18 03:39:00+00:00,90366.07,90612.76,90362.33,90563.48,24.68877511
2025-11-18 03:40:00+00:00,90562.0,90654.14,90515.0,90618.53,22.25496147
2025-11-18 03:41:00+00:00,90620.92,90817.99,90620.9,90742.0,20.6584258
2025-11-18 03:42:00+00:00,90743.06,90743.06,90474.0,90568.0,23.62090148
2025-11-18 03:43:00+00:00,90562.02,90600.0,90485.99,90572.85,11.26120269
2025-11-18 03:44:00+00:00,90572.84,90616.96,90521.47,90521.47,11.12229634
2025-11-18 03:45:00+00:00,90521.47,90648.48,90521.47,90623.57,10.10731111
2025-11-18 03:46:00+00:00,90623.57,90623.57,90488.0,90596.0,10.32886028
2025-11-18 03:47:00+00:00,90596.0,90799.99,90574.02,90783.02,19.95066911
2025-11-18 03:48:00+00:00,90789.94,90800.0,90692.29,90692.3,31.06456308
2025-11-18 03:49:00+00:00,90692.31,90793.33,90600.0,90604.71,23.30278009
2025-11-18 03:50:00+00:00,90604.72,90662.0,90557.82,90604.69,8.20251784
2025-11-18 03:51:00+00:00,90604.69,90706.0,90604.68,90630.97,9.15192704
2025-11-18 03:52:00+00:00,90630.97,90712.0,90630.97,90705.95,8.12970099
2025-11-18 03:53:00+00:00,90701.98,90787.42,90675.0,90751.81,6.83502955
2025-11-18 03:54:00+00:00,90751.81,90751.82,90657.24,90708.34,22.99449541
2025-11-18 03:55:00+00:00,90714.01,90722.0,90601.36,90608.0,4.42924334
2025-11-18 03:56:00+00:00,90608.0,90656.0,90587.54,90617.0,10.51887141
2025-11-18 03:57:00+00:00,90617.0,90726.0,90609.4,90621.96,3.96064122
2025-11-18 03:58:00+00:00,90621.96,90746.5,90621.96,90696.42,7.62404841
2025-11-18 03:59:00+00:00,90696.42,90793.56,90674.15,90735.92,11.82232524
2025-11-18 04:00:00+00:00,90732.0,90756.0,90706.0,90721.3,11.09080367
2025-11-18 04:01:00+00:00,90721.31,90740.0,90632.01,90641.38,12.95867029
2025-11-18 04:02:00+00:00,90641.38,90668.27,90583.22,90643.99,12.30712627
2025-11-18 04:03:00+00:00,90644.0,90663.62,90591.88,90609.96,7.30533576
2025-11-18 04:04:00+00:00,90609.96,90615.37,90505.01,90514.85,16.84651715
2025-11-18 04:05:00+00:00,90514.85,90556.5,90317.55,90328.68,23.0462796
2025-11-18 04:06:00+00:00,90328.68,90477.26,90328.68,90389.68,28.43235749
2025-11-18 04:07:00+00:00,90387.61,90468.89,90276.0,90282.0,14.04704522
2025-11-18 04:08:00+00:00,90283.97,90398.0,90267.99,90328.66,13.98336146
2025-11-18 04:09:00+00:00,90328.66,90354.8,90169.7,90205.99,18.6219526
2025-11-18 04:10:00+00:00,90206.0,90262.0,90144.78,90206.11,13.25632991
2025-11-18 04:11:00+00:00,90206.11,90300.0,90181.98,90258.66,14.05366013
2025-11-18 04:12:00+00:00,90258.66,90295.96,90163.92,90267.15,17.82803726
2025-11-18 04:13:00+00:00,90267.15,90293.69,90188.43,90211.58,13.21386883
2025-11-18 04:14:00+00:00,90211.58,90249.26,90163.92,90188.58,8.28136381
2025-11-18 04:15:00+00:00,90192.96,90267.41,90000.0,90105.0,29.12319834
2025-11-18 04:16:00+00:00,90108.41,90146.0,89959.86,90005.78,12.14819248
2025-11-18 04:17:00+00:00,90004.38,90092.6,89842.23,89890.26,18.8921496
2025-11-18 04:18:00+00:00,89890.25,89973.96,89846.72,89865.39,12.56236315
2025-11-18 04:19:00+00:00,89875.41,89988.0,89857.98,89985.61,13.19346056
2025-11-18 04:20:00+00:00,89980.0,90069.74,89848.01,89879.5,20.02716567
2025-11-18 04:21:00+00:00,89879.5,89974.44,89825.52,89892.3,9.28346893
2025-11-18 04:22:00+00:00,89895.12,90039.94,89843.36,89925.63,23.6189466
2025-11-18 04:23:00+00:00,89930.0,90087.4,89914.5,89980.67,9.40755686
2025-11-18 04:24:00+00:00,89980.0,89992.17,89851.1,89875.89,13.1379565
2025-11-18 04:25:00+00:00,89875.9,90000.0,89855.0,89934.54,19.49218205
2025-11-18 04:26:00+00:00,89930.16,89930.16,89800.0,89821.83,16.38349967
2025-11-18 04:27:00+00:00,89821.82,89865.57,89790.98,89814.0,9.61213776
2025-11-18 04:28:00+00:00,89813.98,89862.52,89791.0,89853.99,7.38480945
2025-11-18 04:29:00+00:00,89857.39,89904.0,89791.01,89818.0,9.29291547
2025-11-18 04:30:00+00:00,89818.0,89921.39,89818.0,89871.99,8.88115042
2025-11-18 04:31:00+00:00,89867.11,89899.26,89837.44,89883.98,5.96772107
2025-11-18 04:32:00+00:00,89879.48,89930.0,89798.0,89814.01,16.72985984
2025-11-18 04:33:00+00:00,89814.01,89981.71,89814.01,89948.11,11.60537813
2025-11-18 04:34:00+00:00,89942.1,90017.01,89912.26,89973.97,5.21849526
2025-11-18 04:35:00+00:00,89968.03,90050.0,89917.03,89935.34,7.08411465
2025-11-18 04:36:00+00:00,89930.23,90005.27,89877.13,89890.01,22.02505757
2025-11-18 04:37:00+00:00,89890.01,89900.0,89822.96,89847.06,15.27141262
2025-11-18 04:38:00+00:00,89837.99,89899.47,89834.0,89880.0,6.48586281
2025-11-18 04:39:00+00:00,89879.98,89934.23,89855.7,89887.27,8.22528198
2025-11-18 04:40:00+00:00,89887.28,89929.99,89860.3,89860.3,6.81271209
2025-11-18 04:41:00+00:00,89860.09,89923.98,89860.09,89917.95,7.09662219
2025-11-18 04:42:00+00:00,89915.31,89948.0,89885.12,89918.0,7.986435
2025-11-18 04:43:00+00:00,89919.35,90017.76,89919.35,89969.96,12.17663964
2025-11-18 04:44:00+00:00,89969.95,89981.3,89721.03,89747.98,15.3095504
2025-11-18 04:45:00+00:00,89747.54,89837.11,89677.01,89677.01,21.38592976
2025-11-18 04:46:00+00:00,89677.01,89725.64,89654.15,89704.44,10.0942711
2025-11-18 04:47:00+00:00,89703.99,89708.03,89183.48,89614.8,100.39959928
2025-11-18 04:48:00+00:00,89606.05,89894.0,89504.42,89889.92,20.53864612
2025-11-18 04:49:00+00:00,89895.11,89896.0,89703.01,89766.0,19.15274586
2025-11-18 04:50:00+00:00,89778.0,89847.09,89434.0,89469.99,32.64113998
2025-11-18 04:51:00+00:00,89469.44,89614.1,89418.13,89460.0,20.13032096
2025-11-18 04:52:00+00:00,89461.92,89534.0,89452.75,89500.01,5.8524478
2025-11-18 04:53:00+00:00,89500.03,89500.03,89388.0,89388.0,7.68236342
2025-11-18 04:54:00+00:00,89387.63,89580.73,89362.04,89544.01,16.17488931
2025-11-18 04:55:00+00:00,89545.95,89633.43,89469.97,89633.38,26.15021407
2025-11-18 04:56:00+00:00,89633.37,89855.73,89605.72,89839.3,26.40557591
2025-11-18 04:57:00+00:00,89840.0,89955.97,89810.19,89911.02,12.78397248
2025-11-18 04:58:00+00:00,89906.11,90072.97,89900.51,90021.98,27.48378761
2025-11-18 04:59:00+00:00,90014.0,90039.15,89953.97,89972.0,7.09214341
2025-11-18 05:00:00+00:00,89978.34,90039.38,89910.0,89946.0,8.29054191
2025-11-18 05:01:00+00:00,89945.99,89984.54,89808.0,89827.96,9.75899647
2025-11-18 05:02:00+00:00,89824.47,89844.0,89649.76,89667.98,14.1929422
2025-11-18 05:03:00+00:00,89669.84,89739.05,89598.06,89719.4,14.25152952
2025-11-18 05:04:00+00:00,89719.39,89842.03,89682.0,89829.51,13.50893822
2025-11-18 05:05:00+00:00,89838.0,89892.4,89784.74,89892.4,9.72541622
2025-11-18 05:06:00+00:00,89892.39,89962.0,89871.6,89920.0,22.29683157
2025-11-18 05:07:00+00:00,89925.99,90013.38,89910.99,89986.0,11.09116007
2025-11-18 05:08:00+00:00,89987.66,90000.0,89911.71,90000.0,10.12747756
2025-11-18 05:09:00+00:00,90000.0,90000.0,89860.09,89860.09,5.9300536
2025-11-18 05:10:00+00:00,89860.09,89949.98,89818.3,89946.0,9.22292472
2025-11-18 05:11:00+00:00,89947.71,90029.01,89944.01,89984.06,10.31667987
2025-11-18 05:12:00+00:00,89984.12,90095.98,89905.99,90044.03,12.75847701
2025-11-18 05:13:00+00:00,90044.03,90150.37,90035.18,90147.66,47.81445879
2025-11-18 05:14:00+00:00,90153.54,90164.74,90120.51,90130.51,4.19573944
2025-11-18 05:15:00+00:00,90135.56,90146.01,90065.95,90095.07,3.74212317
2025-11-18 05:16:00+00:00,90095.04,90187.64,90092.07,90183.99,17.86399638
2025-11-18 05:17:00+00:00,90183.99,90219.82,90162.31,90168.48,8.74209953
2025-11-18 05:18:00+00:00,90171.27,90201.72,90074.71,90181.23,7.06414597
2025-11-18 05:19:00+00:00,90181.24,90199.86,90149.16,90163.99,5.53832786
2025-11-18 05:20:00+00:00,90165.6,90237.03,90143.73,90154.35,5.27261733
2025-11-18 05:21:00+00:00,90158.23,90254.27,90158.23,90224.02,7.91737377
2025-11-18 05:22:00+00:00,90224.01,90376.9,90201.73,90305.43,17.07638266
2025-11-18 05:23:00+00:00,90304.66,90336.0,90226.83,90248.98,11.40065089
2025-11-18 05:24:00+00:00,90245.88,90285.29,90236.82,90267.97,7.45549084
2025-11-18 05:25:00+00:00,90267.97,90300.0,90219.01,90232.39,7.92909478
2025-11-18 05:26:00+00:00,90232.38,90232.38,90081.63,90115.55,11.06135335
2025-11-18 05:27:00+00:00,90101.76,90118.5,90043.93,90077.3,7.63113145
2025-11-18 05:28:00+00:00,90079.97,90136.02,90074.71,90135.54,4.2985473
2025-11-18 05:29:00+00:00,90135.55,90135.55,90070.7,90082.0,5.09461893
2025-11-18 05:30:00+00:00,90082.0,90127.12,90057.18,90077.57,3.99781998
2025-11-18 05:31:00+00:00,90077.57,90131.64,90052.48,90063.4,2.23549424
2025-11-18 05:32:00+00:00,90065.98,90122.86,90063.99,90069.85,2.40180619
2025-11-18 05:33:00+00:00,90070.94,90172.05,90053.47,90168.0,8.92360291
2025-11-18 05:34:00+00:00,90166.68,90212.0,90150.0,90207.98,3.59236134
2025-11-18 05:35:00+00:00,90207.98,90282.02,90178.0,90194.02,8.25522892
2025-11-18 05:36:00+00:00,90192.97,90192.97,90084.0,90090.08,6.43089271
2025-11-18 05:37:00+00:00,90092.01,90174.13,90092.01,90133.99,4.15209443
2025-11-18 05:38:00+00:00,90135.72,90186.13,90012.89,90012.89,8.57835167
2025-11-18 05:39:00+00:00,90019.98,90019.98,89895.13,89956.0,17.47463948
2025-11-18 05:40:00+00:00,89953.99,90000.0,89919.9,89941.29,4.9959304
2025-11-18 05:41:00+00:00,89940.02,89952.05,89896.02,89932.74,5.81903639
2025-11-18 05:42:00+00:00,89932.74,89961.68,89917.68,89927.57,6.38459529
2025-11-18 05:43:00+00:00,89927.55,89927.56,89807.01,89816.96,5.33142979
2025-11-18 05:44:00+00:00,89822.34,89937.61,89816.29,89900.0,5.10596905
2025-11-18 05:45:00+00:00,89912.64,89973.93,89912.64,89951.98,6.79541015
2025-11-18 05:46:00+00:00,89956.0,89991.01,89944.0,89962.0,4.1185646
2025-11-18 05:47:00+00:00,89964.35,90146.2,89956.44,90127.71,9.27554154
2025-11-18 05:48:00+00:00,90131.63,90176.11,90073.37,90170.81,3.24453846
2025-11-18 05:49:00+00:00,90170.81,90195.06,90134.0,90150.97,6.27429251
2025-11-18 05:50:00+00:00,90149.2,90258.66,90144.77,90250.58,12.30506749
2025-11-18 05:51:00+00:00,90250.01,90250.01,90152.33,90162.47,5.89087757
2025-11-18 05:52:00+00:00,90162.47,90197.03,90123.87,90123.87,3.02321799
2025-11-18 05:53:00+00:00,90123.86,90158.0,90004.62,90014.0,4.03110839
2025-11-18 05:54:00+00:00,90018.01,90050.22,90014.0,90047.42,2.66079697
2025-11-18 05:55:00+00:00,90047.45,90094.51,90006.52,90091.24,2.34333223
2025-11-18 05:56:00+00:00,90090.67,90153.52,90059.36,90090.35,17.11206461
2025-11-18 05:57:00+00:00,90090.33,90125.44,89721.12,90094.0,81.72437987
2025-11-18 05:58:00+00:00,90095.97,90137.99,90078.72,90090.91,6.77599863
2025-11-18 05:59:00+00:00,90090.9,90118.49,90089.58,90106.89,2.91459841
2025-11-18 06:00:00+00:00,90109.74,90118.5,89944.3,89962.0,15.03958243
2025-11-18 06:01:00+00:00,89963.98,90016.0,89880.0,89982.0,5.36253404
2025-11-18 06:02:00+00:00,89982.0,90044.0,89880.82,89880.82,13.51424337
2025-11-18 06:03:00+00:00,89885.99,89915.95,89833.06,89849.35,8.43058233
2025-11-18 06:04:00+00:00,89849.36,89902.45,89847.79,89885.8,4.6473193
2025-11-18 06:05:00+00:00,89885.8,89958.0,89849.78,89944.0,5.84947233
2025-11-18 06:06:00+00:00,89944.0,89998.57,89887.45,89887.45,24.10200326
2025-11-18 06:07:00+00:00,89886.36,89894.76,89833.08,89870.35,4.04184226
2025-11-18 06:08:00+00:00,89864.05,89915.41,89832.0,89910.26,10.96554376
2025-11-18 06:09:00+00:00,89910.26,89970.0,89870.57,89970.0,5.97207308
2025-11-18 06:10:00+00:00,89961.53,89998.0,89902.5,89993.37,9.59851277
2025-11-18 06:11:00+00:00,89993.36,90000.0,89962.0,90000.0,3.4889768
2025-11-18 06:12:00+00:00,90000.0,90044.47,89987.1,90018.0,9.72418607
2025-11-18 06:13:00+00:00,90019.99,90061.56,90000.25,90051.99,4.04362026
2025-11-18 06:14:00+00:00,90051.99,90087.93,90027.99,90045.24,5.70870519
2025-11-18 06:15:00+00:00,90045.24,90057.88,90001.03,90007.99,5.5138252
2025-11-18 06:16:00+00:00,90004.62,90020.0,89934.55,89982.73,7.88049366
2025-11-18 06:17:00+00:00,89982.72,90020.64,89932.92,90007.79,11.11168475
2025-11-18 06:18:00+00:00,90007.79,90052.8,89960.07,90001.92,5.30421848
2025-11-18 06:19:00+00:00,90001.91,90069.84,89993.9,90058.0,4.05217969
2025-11-18 06:20:00+00:00,90053.48,90053.48,89925.79,89942.89,7.10778347
2025-11-18 06:21:00+00:00,89942.9,89942.9,89848.02,89938.91,9.86389059
2025-11-18 06:22:00+00:00,89938.92,89972.0,89920.08,89935.53,2.68873788
2025-11-18 06:23:00+00:00,89930.0,89935.56,89851.32,89887.56,4.24437052
2025-11-18 06:24:00+00:00,89886.14,89912.62,89860.0,89898.47,4.41642741
2025-11-18 06:25:00+00:00,89898.48,89906.0,89845.02,89875.99,5.28111176
2025-11-18 06:26:00+00:00,89874.0,89891.59,89852.02,89856.04,3.91685804
2025-11-18 06:27:00+00:00,89856.04,89903.88,89856.04,89892.04,5.96318205
2025-11-18 06:28:00+00:00,89892.03,89903.52,89858.0,89874.0,2.31214197
2025-11-18 06:29:00+00:00,89871.64,89957.98,89871.64,89957.97,13.27668692
2025-11-18 06:30:00+00:00,89958.97,89972.19,89899.27,89972.17,10.52303352
2025-11-18 06:31:00+00:00,89972.18,90012.12,89930.16,89987.46,4.89598874
2025-11-18 06:32:00+00:00,89987.46,89999.94,89929.71,89937.96,8.09904
2025-11-18 06:33:00+00:00,89937.96,89937.96,89864.0,89864.01,3.40950332
2025-11-18 06:34:00+00:00,89864.04,89872.14,89676.13,89789.97,17.43553099
2025-11-18 06:35:00+00:00,89789.96,89793.98,89703.05,89709.99,4.38983996
2025-11-18 06:36:00+00:00,89707.98,89764.0,89702.38,89719.74,6.68288567
2025-11-18 06:37:00+00:00,89721.98,89728.0,89641.49,89654.22,3.59303902
2025-11-18 06:38:00+00:00,89649.87,89670.0,89511.93,89543.35,8.1181791
2025-11-18 06:39:00+00:00,89553.22,89595.0,89456.04,89497.84,28.82403536
2025-11-18 06:40:00+00:00,89499.99,89586.33,89495.29,89546.0,7.13466227
2025-11-18 06:41:00+00:00,89544.0,89603.85,89544.0,89573.44,4.63449409
2025-11-18 06:42:00+00:00,89571.42,89578.0,89462.0,89538.0,13.61734902
2025-11-18 06:43:00+00:00,89537.99,89546.42,89382.0,89435.28,7.63837877
2025-11-18 06:44:00+00:00,89431.99,89471.02,89358.03,89363.22,11.19056584
2025-11-18 06:45:00+00:00,89363.21,89480.34,89363.21,89423.83,13.05847219
2025-11-18 06:46:00+00:00,89422.08,89531.58,89420.0,89526.02,2.80726328
2025-11-18 06:47:00+00:00,89535.96,89535.96,89452.75,89493.46,5.93972711
2025-11-18 06:48:00+00:00,89500.0,89500.91,89394.26,89411.99,10.12198545
2025-11-18 06:49:00+00:00,89409.99,89509.68,89408.44,89454.03,9.82070735
2025-11-18 06:50:00+00:00,89452.74,89452.74,89331.05,89410.0,11.78619451
2025-11-18 06:51:00+00:00,89402.01,89402.01,89280.0,89291.38,13.29235017
2025-11-18 06:52:00+00:00,89291.41,89321.34,89247.87,89297.78,17.07767227
2025-11-18 06:53:00+00:00,89301.93,89369.0,89299.94,89365.58,16.02186931
2025-11-18 06:54:00+00:00,89365.59,89496.0,89357.57,89485.77,8.63215255
2025-11-18 06:55:00+00:00,89485.77,89676.12,89485.77,89632.01,14.48826339
2025-11-18 06:56:00+00:00,89632.01,89659.65,89611.97,89616.01,7.31979658
2025-11-18 06:57:00+00:00,89614.81,89622.0,89486.01,89488.22,10.28931931
2025-11-18 06:58:00+00:00,89488.22,89546.99,89488.22,89507.57,15.32621743
2025-11-18 06:59:00+00:00,89503.58,89543.74,89503.55,89537.8,4.97779531
2025-11-18 07:00:00+00:00,89537.8,89549.1,89371.81,89371.81,14.62492676
2025-11-18 07:01:00+00:00,89370.95,89437.77,89241.05,89412.26,18.5141139
2025-11-18 07:02:00+00:00,89412.26,89473.99,89379.36,89392.03,13.96823308
2025-11-18 07:03:00+00:00,89391.43,89426.46,89342.0,89342.0,9.97200628
2025-11-18 07:04:00+00:00,89342.01,89400.18,89305.36,89334.49,8.62127133
2025-11-18 07:05:00+00:00,89334.49,89478.19,89334.49,89369.51,11.09365376
2025-11-18 07:06:00+00:00,89369.5,89571.59,89366.33,89571.59,8.17746713
2025-11-18 07:07:00+00:00,89566.14,89643.78,89527.2,89527.2,8.170818
2025-11-18 07:08:00+00:00,89522.83,89641.08,89470.27,89641.08,14.88356613
2025-11-18 07:09:00+00:00,89641.07,89698.02,89592.91,89692.0,4.79665683
2025-11-18 07:10:00+00:00,89692.0,89780.27,89671.51,89701.9,9.30228499
2025-11-18 07:11:00+00:00,89701.9,89815.49,89682.58,89727.47,9.08304783
2025-11-18 07:12:00+00:00,89729.99,89741.81,89696.71,89733.04,1.84313248
2025-11-18 07:13:00+00:00,89733.04,89799.44,89726.01,89761.34,5.66590055
2025-11-18 07:14:00+00:00,89760.99,89776.86,89730.0,89763.72,5.66754292
2025-11-18 07:15:00+00:00,89763.72,89768.02,89620.23,89654.22,9.73117817
2025-11-18 07:16:00+00:00,89658.59,89695.35,89540.0,89684.84,37.16677096
2025-11-18 07:17:00+00:00,89676.02,89851.0,89658.61,89798.65,17.57433392
2025-11-18 07:18:00+00:00,89795.95,89845.96,89709.99,89778.0,11.13582914
2025-11-18 07:19:00+00:00,89772.94,89772.94,89687.55,89716.6,8.73543728
2025-11-18 07:20:00+00:00,89707.58,89720.0,89680.8,89685.45,4.41384982
2025-11-18 07:21:00+00:00,89680.81,89762.0,89680.81,89750.7,17.78932064
2025-11-18 07:22:00+00:00,89750.7,89797.48,89723.42,89777.97,5.56825719
2025-11-18 07:23:00+00:00,89781.0,89851.42,89767.49,89849.97,9.63923188
2025-11-18 07:24:00+00:00,89849.96,89921.4,89829.43,89914.23,3.38907929
2025-11-18 07:25:00+00:00,89914.23,90015.19,89908.27,89994.49,13.16820803
2025-11-18 07:26:00+00:00,89994.49,90024.69,89978.36,90004.61,11.46732147
2025-11-18 07:27:00+00:00,90004.53,90071.45,89952.07,90059.76,7.04999581
2025-11-18 07:28:00+00:00,90059.75,90059.75,89986.77,89995.86,8.38308815
2025-11-18 07:29:00+00:00,89991.78,90046.35,89986.08,90029.99,6.3847388
2025-11-18 07:30:00+00:00,90029.99,90087.81,89872.98,89971.93,47.36648844
2025-11-18 07:31:00+00:00,89971.94,90022.13,89916.74,89919.19,8.83849273
2025-11-18 07:32:00+00:00,89919.19,90023.01,89892.21,90010.05,6.4900239
2025-11-18 07:33:00+00:00,90013.63,90132.81,90000.24,90118.79,7.14786916
2025-11-18 07:34:00+00:00,90118.79,90175.43,90096.61,90145.99,4.36907205
2025-11-18 07:35:00+00:00,90145.98,90254.76,90143.64,90228.01,8.06981953
2025-11-18 07:36:00+00:00,90228.01,90284.0,90192.96,90254.29,7.11620379
2025-11-18 07:37:00+00:00,90254.29,90326.35,90228.0,90294.19,16.39147747
2025-11-18 07:38:00+00:00,90297.01,90347.99,90297.01,90328.01,5.26289976
2025-11-18 07:39:00+00:00,90327.99,90398.82,90322.9,90353.27,6.81049584
2025-11-18 07:40:00+00:00,90353.26,90428.0,90293.71,90320.0,10.38764776
2025-11-18 07:41:00+00:00,90320.01,90381.3,90280.38,90381.3,6.7243956
2025-11-18 07:42:00+00:00,90375.29,90385.67,90302.47,90368.13,10.02344667
2025-11-18 07:43:00+00:00,90368.13,90392.63,90334.8,90383.99,3.12671131
2025-11-18 07:44:00+00:00,90383.99,90399.99,90352.39,90354.54,4.03265638
2025-11-18 07:45:00+00:00,90354.55,90427.99,90334.77,90422.0,2.64374534
2025-11-18 07:46:00+00:00,90421.75,90439.93,90376.92,90391.99,4.71527876
2025-11-18 07:47:00+00:00,90390.92,90438.0,90376.93,90423.74,5.36481357
2025-11-18 07:48:00+00:00,90425.99,90433.86,90354.6,90393.69,3.54820609
2025-11-18 07:49:00+00:00,90393.68,90393.68,90293.7,90363.98,5.55883143
2025-11-18 07:50:00+00:00,90363.98,90363.98,90294.01,90319.98,4.96676141
2025-11-18 07:51:00+00:00,90317.99,90353.73,90316.68,90348.1,4.63055144
2025-11-18 07:52:00+00:00,90348.84,90376.91,90280.47,90302.46,3.66833825
2025-11-18 07:53:00+00:00,90302.46,90359.12,90298.07,90335.99,1.92192126
2025-11-18 07:54:00+00:00,90335.98,90363.88,90305.19,90329.95,2.5603482
2025-11-18 07:55:00+00:00,90329.31,90387.98,90268.4,90380.0,7.74476027
2025-11-18 07:56:00+00:00,90378.0,90395.99,90341.88,90341.88,1.99542968
2025-11-18 07:57:00+00:00,90340.63,90376.91,90302.31,90376.0,2.5081633
2025-11-18 07:58:00+00:00,90376.91,90394.44,90334.0,90384.05,1.64528584
2025-11-18 07:59:00+00:00,90398.0,90414.36,90374.0,90391.98,2.2901072
2025-11-18 08:00:00+00:00,90391.98,90536.66,90391.97,90434.0,16.69739211
2025-11-18 08:01:00+00:00,90438.24,90564.0,90434.31,90534.61,4.28989435
2025-11-18 08:02:00+00:00,90534.87,90599.8,90513.32,90579.03,7.56057299
2025-11-18 08:03:00+00:00,90582.0,90584.01,90510.0,90558.01,2.31639691
2025-11-18 08:04:00+00:00,90561.24,90635.19,90556.5,90628.01,2.58783138
2025-11-18 08:05:00+00:00,90627.83,90627.83,90580.03,90580.03,3.62368747
2025-11-18 08:06:00+00:00,90580.01,90708.15,90576.01,90578.4,4.53909382
2025-11-18 08:07:00+00:00,90578.4,90622.95,90514.02,90618.0,3.82802471
2025-11-18 08:08:00+00:00,90607.81,90716.99,90599.81,90678.34,8.55692828
2025-11-18 08:09:00+00:00,90678.34,90700.89,90622.2,90638.19,4.04583576
2025-11-18 08:10:00+00:00,90638.2,90666.47,90574.02,90574.03,1.71261222
2025-11-18 08:11:00+00:00,90574.02,90624.0,90563.87,90618.0,3.72348796
2025-11-18 08:12:00+00:00,90617.99,90706.01,90612.01,90698.22,1.41541856
2025-11-18 08:13:00+00:00,90694.77,90728.0,90684.71,90716.73,4.55070114
2025-11-18 08:14:00+00:00,90724.01,90744.0,90664.03,90680.01,3.99209923
2025-11-18 08:15:00+00:00,90692.33,90719.97,90670.51,90714.8,5.0914834
2025-11-18 08:16:00+00:00,90715.99,90757.42,90662.0,90708.16,8.08904754
2025-11-18 08:17:00+00:00,90714.0,90986.1,90714.0,90976.54,29.43801829
2025-11-18 08:18:00+00:00,90977.62,91125.0,90956.42,91033.45,88.26377015
2025-11-18 08:19:00+00:00,91032.51,91071.03,90925.0,90992.03,52.97161343
2025-11-18 08:20:00+00:00,90992.0,90992.0,90822.81,90866.02,10.56220544
2025-11-18 08:21:00+00:00,90864.03,90897.41,90781.39,90793.16,8.77990535
2025-11-18 08:22:00+00:00,90800.15,90800.15,90608.63,90678.49,20.58249268
2025-11-18 08:23:00+00:00,90677.98,90793.24,90633.1,90791.98,27.23311091
2025-11-18 08:24:00+00:00,90791.98,90800.0,90736.67,90778.03,4.12104162
2025-11-18 08:25:00+00:00,90778.02,90778.02,90658.0,90681.6,5.12901031
2025-11-18 08:26:00+00:00,90682.01,90770.34,90664.05,90763.89,15.62899684
2025-11-18 08:27:00+00:00,90763.88,90777.54,90729.96,90753.0,3.32816798
2025-11-18 08:28:00+00:00,90747.99,90765.27,90699.85,90762.08,3.17116196
2025-11-18 08:29:00+00:00,90756.08,90800.0,90719.55,90729.99,3.56222962
2025-11-18 08:30:00+00:00,90727.99,90811.57,90699.85,90781.64,4.98815508
2025-11-18 08:31:00+00:00,90783.99,90940.84,90782.39,90904.35,7.97939149
2025-11-18 08:32:00+00:00,90904.01,90937.06,90883.9,90892.02,3.05798334
2025-11-18 08:33:00+00:00,90892.01,91018.14,90887.99,91006.59,6.73093896
2025-11-18 08:34:00+00:00,91003.99,91034.43,90966.0,91018.86,6.91803831
2025-11-18 08:35:00+00:00,91022.94,91098.43,91003.37,91029.04,10.40532397
2025-11-18 08:36:00+00:00,91032.19,91122.0,91009.23,91050.0,7.21949738
2025-11-18 08:37:00+00:00,91051.58,91141.67,91044.0,91094.03,4.09347557
2025-11-18 08:38:00+00:00,91100.65,91240.46,91092.0,91163.17,12.86489446
2025-11-18 08:39:00+00:00,91157.92,91198.5,91137.47,91157.74,13.52840018
2025-11-18 08:40:00+00:00,91160.51,91342.5,91157.74,91243.82,25.0154895
2025-11-18 08:41:00+00:00,91243.82,91297.25,91182.48,91191.08,7.56475385
2025-11-18 08:42:00+00:00,91194.73,91220.0,91174.29,91209.67,2.36360528
2025-11-18 08:43:00+00:00,91209.67,91290.0,91190.59,91285.93,11.580246
2025-11-18 08:44:00+00:00,91284.01,91327.89,91208.1,91249.75,24.84672883
2025-11-18 08:45:00+00:00,91249.74,91313.83,91139.52,91184.0,23.11829119
2025-11-18 08:46:00+00:00,91182.46,91292.89,91170.22,91251.98,17.77462562
2025-11-18 08:47:00+00:00,91245.25,91262.0,91180.27,91234.2,11.82551329
2025-11-18 08:48:00+00:00,91234.2,91298.3,91223.38,91290.21,3.97836852
2025-11-18 08:49:00+00:00,91284.72,91309.24,91250.76,91292.02,2.89914033
2025-11-18 08:50:00+00:00,91292.02,91292.02,91194.74,91194.74,4.41657263
2025-11-18 08:51:00+00:00,91194.73,91227.45,91145.23,91220.21,5.9429376
2025-11-18 08:52:00+00:00,91219.47,91219.47,91157.93,91168.74,4.87663129
2025-11-18 08:53:00+00:00,91168.73,91229.31,91153.83,91173.81,8.95263941
2025-11-18 08:54:00+00:00,91173.82,91242.0,91151.25,91223.36,12.75396801
2025-11-18 08:55:00+00:00,91219.27,91219.94,91166.11,91194.73,1.6857954
2025-11-18 08:56:00+00:00,91194.72,91215.17,91187.78,91198.01,2.63970393
2025-11-18 08:57:00+00:00,91198.01,91198.03,91072.37,91090.76,11.68604228
2025-11-18 08:58:00+00:00,91084.29,91137.47,91076.16,91130.84,7.38478068
2025-11-18 08:59:00+00:00,91130.83,91137.47,91102.06,91121.6,1.77991673
2025-11-18 09:00:00+00:00,91119.41,91190.64,91108.43,91122.27,8.6165791
2025-11-18 09:01:00+00:00,91122.27,91152.0,91072.03,91072.03,8.27661414
2025-11-18 09:02:00+00:00,91072.03,91124.1,91009.95,91055.89,13.20814791
2025-11-18 09:03:00+00:00,91055.89,91121.1,91054.69,91070.31,13.5035812
2025-11-18 09:04:00+00:00,91070.31,91073.85,90953.42,90960.03,6.79087685
2025-11-18 09:05:00+00:00,90965.68,90987.99,90880.93,90880.93,12.92751756
2025-11-18 09:06:00+00:00,90880.93,90966.0,90880.93,90910.01,6.17289426
2025-11-18 09:07:00+00:00,90910.01,90922.04,90879.55,90907.5,3.59852385
2025-11-18 09:08:00+00:00,90915.78,90933.12,90883.89,90902.05,6.13919494
2025-11-18 09:09:00+00:00,90903.42,90920.02,90830.72,90920.02,9.79910428
2025-11-18 09:10:00+00:00,90920.01,90926.65,90904.34,90913.73,5.14485331
2025-11-18 09:11:00+00:00,90913.74,91129.91,90913.74,91044.66,29.53527809
2025-11-18 09:12:00+00:00,91048.02,91108.05,91027.13,91047.5,6.51240575
2025-11-18 09:13:00+00:00,91047.5,91048.83,90984.96,91032.76,6.78166963
2025-11-18 09:14:00+00:00,91032.75,91095.57,91008.87,91067.22,13.05604746
2025-11-18 09:15:00+00:00,91067.21,91125.2,91067.21,91095.31,6.80626084
2025-11-18 09:16:00+00:00,91096.31,91276.21,91094.0,91272.41,7.7752679
2025-11-18 09:17:00+00:00,91272.43,91331.57,91256.62,91313.98,6.18435106
2025-11-18 09:18:00+00:00,91313.98,91313.99,91253.46,91267.98,5.93131046
2025-11-18 09:19:00+00:00,91269.66,91340.0,91258.59,91324.01,8.79535183
2025-11-18 09:20:00+00:00,91324.97,91350.0,91158.05,91225.73,6.67577227
2025-11-18 09:21:00+00:00,91225.71,91225.71,91124.33,91130.02,2.58430221
2025-11-18 09:22:00+00:00,91130.01,91130.01,91011.77,91016.38,3.05299084
2025-11-18 09:23:00+00:00,91014.77,91014.77,90954.0,90961.64,4.98725995
2025-11-18 09:24:00+00:00,90963.15,90987.02,90933.0,90942.5,1.87525337
2025-11-18 09:25:00+00:00,90943.99,90947.96,90850.71,90851.52,12.85374838
2025-11-18 09:26:00+00:00,90851.52,90856.51,90784.97,90802.08,6.05894632
2025-11-18 09:27:00+00:00,90805.78,90886.76,90805.78,90853.67,4.9177877
2025-11-18 09:28:00+00:00,90853.68,90895.99,90835.13,90879.1,2.88503195
2025-11-18 09:29:00+00:00,90881.98,90889.34,90825.26,90832.98,3.61675376
2025-11-18 09:30:00+00:00,90827.32,90863.44,90795.73,90855.26,6.39695883
2025-11-18 09:31:00+00:00,90863.43,90892.07,90861.96,90883.99,1.08192349
2025-11-18 09:32:00+00:00,90886.45,90909.38,90843.56,90851.54,4.04349588
2025-11-18 09:33:00+00:00,90849.33,90956.0,90849.33,90938.35,2.22708777
2025-11-18 09:34:00+00:00,90938.97,90973.43,90847.06,90861.96,2.40981144
2025-11-18 09:35:00+00:00,90855.13,90937.98,90855.13,90910.01,2.70645956
2025-11-18 09:36:00+00:00,90912.52,90939.43,90862.0,90892.53,3.71449127
2025-11-18 09:37:00+00:00,90895.71,90931.39,90864.37,90919.98,10.21340042
2025-11-18 09:38:00+00:00,90919.73,90992.73,90919.73,90992.73,5.62118552
2025-11-18 09:39:00+00:00,90994.31,91009.97,90954.36,90986.01,2.07769494
2025-11-18 09:40:00+00:00,90993.0,91002.49,90950.0,90962.78,2.14848586
2025-11-18 09:41:00+00:00,90965.69,90986.13,90932.97,90939.92,2.07597491
2025-11-18 09:42:00+00:00,90941.98,91011.25,90941.98,90993.28,2.58466973
2025-11-18 09:43:00+00:00,90993.28,91079.06,90990.2,91062.69,6.48812813
2025-11-18 09:44:00+00:00,91062.0,91076.11,91022.95,91063.86,1.43782263
2025-11-18 09:45:00+00:00,91063.85,91079.07,91020.1,91079.07,2.03832087
2025-11-18 09:46:00+00:00,91079.07,91108.84,91067.62,91108.84,1.24959564
2025-11-18 09:47:00+00:00,91108.84,91192.0,91100.01,91161.39,2.74535177
2025-11-18 09:48:00+00:00,91157.92,91222.6,91157.92,91222.0,1.04948377
2025-11-18 09:49:00+00:00,91222.0,91273.03,91213.23,91216.86,3.72708182
2025-11-18 09:50:00+00:00,91216.85,91244.21,91174.8,91237.93,5.45929442
2025-11-18 09:51:00+00:00,91237.94,91294.84,91219.28,91219.28,3.70103134
2025-11-18 09:52:00+00:00,91219.27,91266.3,91159.19,91188.75,8.54286286
2025-11-18 09:53:00+00:00,91188.75,91209.99,91166.0,91180.3,3.32466826
2025-11-18 09:54:00+00:00,91174.28,91179.08,91128.59,91134.0,1.07029126
2025-11-18 09:55:00+00:00,91134.46,91153.82,91098.0,91145.14,3.97634157
2025-11-18 09:56:00+00:00,91149.99,91255.0,91136.34,91251.65,3.90833299
2025-11-18 09:57:00+00:00,91251.65,91292.88,91250.01,91289.22,2.60488771
2025-11-18 09:58:00+00:00,91289.22,91360.0,91272.42,91304.29,5.41164059
2025-11-18 09:59:00+00:00,91306.01,91395.51,91290.0,91296.55,7.46412178
2025-11-18 10:00:00+00:00,91291.96,91341.97,91289.22,91312.02,3.85812786
2025-11-18 10:01:00+00:00,91317.15,91358.32,91289.26,91309.01,3.0112442
2025-11-18 10:02:00+00:00,91302.03,91333.79,91292.9,91317.42,1.78011431
2025-11-18 10:03:00+00:00,91317.42,91432.31,91317.42,91388.35,3.71650567
2025-11-18 10:04:00+00:00,91390.14,91432.3,91374.0,91426.41,6.90043298
2025-11-18 10:05:00+00:00,91429.98,91474.51,91405.86,91420.0,7.77701456
2025-11-18 10:06:00+00:00,91420.0,91461.49,91325.49,91457.6,10.30332517
2025-11-18 10:07:00+00:00,91457.6,91476.01,91380.8,91394.57,6.7999005
2025-11-18 10:08:00+00:00,91394.01,91417.53,91304.0,91329.69,3.13101015
2025-11-18 10:09:00+00:00,91328.02,91344.08,91258.32,91299.96,3.3739361
2025-11-18 10:10:00+00:00,91298.28,91344.09,91294.0,91342.01,3.94770778
2025-11-18 10:11:00+00:00,91344.09,91407.47,91318.0,91366.87,3.76589016
2025-11-18 10:12:00+00:00,91366.11,91374.69,91336.0,91352.02,2.0702644
2025-11-18 10:13:00+00:00,91350.03,91351.1,91309.88,91321.32,2.23988396
2025-11-18 10:14:00+00:00,91322.87,91369.02,91279.29,91292.0,3.54143954
2025-11-18 10:15:00+00:00,91282.02,91321.52,91265.27,91277.98,3.53331421
2025-11-18 10:16:00+00:00,91277.98,91299.29,91234.0,91296.01,3.82335733
2025-11-18 10:17:00+00:00,91297.97,91359.96,91260.96,91329.7,1.83684949
2025-11-18 10:18:00+00:00,91329.71,91411.38,91329.71,91406.01,5.35968681
2025-11-18 10:19:00+00:00,91406.01,91447.51,91343.34,91358.31,2.4248483
2025-11-18 10:20:00+00:00,91358.32,91358.33,91272.45,91276.53,1.68249258
2025-11-18 10:21:00+00:00,91272.44,91272.44,91155.97,91173.4,2.5936421
2025-11-18 10:22:00+00:00,91171.98,91222.07,91171.98,91209.52,4.80226697
2025-11-18 10:23:00+00:00,91209.52,91242.0,91203.98,91217.6,5.23888101
2025-11-18 10:24:00+00:00,91220.06,91220.07,91153.32,91166.15,3.49739091
2025-11-18 10:25:00+00:00,91169.18,91180.39,91141.56,91165.99,2.34065113
2025-11-18 10:26:00+00:00,91166.0,91215.18,91166.0,91214.71,2.92843275
2025-11-18 10:27:00+00:00,91211.93,91211.93,91170.19,91184.29,1.3917532
2025-11-18 10:28:00+00:00,91184.29,91247.89,91174.29,91241.69,2.11545286
2025-11-18 10:29:00+00:00,91241.69,91247.9,91204.08,91232.23,2.60793328
2025-11-18 10:30:00+00:00,91224.48,91296.98,91212.95,91296.98,3.06363478
2025-11-18 10:31:00+00:00,91301.07,91415.59,91301.07,91415.59,4.14120844
2025-11-18 10:32:00+00:00,91419.67,91477.52,91391.05,91464.68,2.80779214
2025-11-18 10:33:00+00:00,91464.68,91478.71,91411.51,91427.87,2.71295905
2025-11-18 10:34:00+00:00,91427.87,91452.39,91399.76,91399.76,2.69437353
2025-11-18 10:35:00+00:00,91399.24,91399.24,91317.43,91386.96,3.75688911
2025-11-18 10:36:00+00:00,91391.05,91395.13,91317.44,91355.07,7.50923967
2025-11-18 10:37:00+00:00,91355.08,91415.59,91355.08,91415.59,4.30908621
2025-11-18 10:38:00+00:00,91415.59,91464.67,91415.59,91448.32,2.2810968
2025-11-18 10:39:00+00:00,91448.31,91448.31,91399.76,91404.51,2.27599897
2025-11-18 10:40:00+00:00,91404.51,91436.95,91391.03,91417.66,3.63503387
2025-11-18 10:41:00+00:00,91418.7,91423.12,91351.57,91374.66,1.70279384
2025-11-18 10:42:00+00:00,91374.69,91417.35,91374.69,91411.5,3.23448658
2025-11-18 10:43:00+00:00,91411.5,91433.68,91366.06,91366.06,1.82659695
2025-11-18 10:44:00+00:00,91366.07,91419.67,91366.07,91419.67,2.63736575
2025-11-18 10:45:00+00:00,91407.85,91458.0,91407.85,91444.22,1.58637699
2025-11-18 10:46:00+00:00,91442.12,91452.08,91395.15,91445.31,3.37940549
2025-11-18 10:47:00+00:00,91442.01,91451.08,91391.06,91410.24,1.65323799
2025-11-18 10:48:00+00:00,91413.42,91464.66,91382.08,91382.08,2.52136048
2025-11-18 10:49:00+00:00,91379.98,91408.41,91292.89,91300.15,6.82698975
2025-11-18 10:50:00+00:00,91300.14,91300.14,91156.0,91225.54,4.85342121
2025-11-18 10:51:00+00:00,91227.16,91233.31,91203.46,91213.1,2.79750816
2025-11-18 10:52:00+00:00,91213.1,91289.99,91213.1,91283.97,2.42889799
2025-11-18 10:53:00+00:00,91284.44,91291.98,91248.69,91276.0,5.37518928
2025-11-18 10:54:00+00:00,91280.0,91349.99,91276.56,91298.42,2.25444862
2025-11-18 10:55:00+00:00,91298.41,91355.99,91292.9,91352.72,2.55006651
2025-11-18 10:56:00+00:00,91352.72,91500.0,91352.72,91446.62,9.22921845
2025-11-18 10:57:00+00:00,91450.53,91507.61,91424.72,91486.78,19.18603114
2025-11-18 10:58:00+00:00,91485.13,91497.39,91450.0,91454.06,5.09810241
2025-11-18 10:59:00+00:00,91454.06,91497.39,91454.06,91472.86,2.9276221
2025-11-18 11:00:00+00:00,91472.86,91476.94,91431.78,91476.94,3.01594935
2025-11-18 11:01:00+00:00,91476.94,91494.31,91429.52,91442.92,6.55831199
2025-11-18 11:02:00+00:00,91442.92,91455.96,91375.49,91397.87,3.56609441
2025-11-18 11:03:00+00:00,91397.87,91418.0,91355.56,91355.56,3.10085683
2025-11-18 11:04:00+00:00,91355.56,91409.9,91355.56,91398.0,4.99012922
2025-11-18 11:05:00+00:00,91403.32,91430.0,91387.96,91387.97,1.01823522
2025-11-18 11:06:00+00:00,91387.97,91403.29,91358.34,91382.87,2.65956528
2025-11-18 11:07:00+00:00,91382.87,91410.06,91365.99,91386.97,1.50615894
2025-11-18 11:08:00+00:00,91386.97,91460.58,91382.1,91400.43,10.31635359
2025-11-18 11:09:00+00:00,91400.43,91447.4,91400.43,91420.52,1.19528055
2025-11-18 11:10:00+00:00,91419.91,91496.42,91418.75,91472.0,1.57286325
2025-11-18 11:11:00+00:00,91472.0,91500.0,91444.22,91500.0,1.42058991
2025-11-18 11:12:00+00:00,91499.99,91509.73,91403.33,91415.59,4.22633755
2025-11-18 11:13:00+00:00,91413.98,91415.99,91329.71,91337.89,1.98237454
2025-11-18 11:14:00+00:00,91337.88,91337.88,91272.44,91323.83,1.74009985
2025-11-18 11:15:00+00:00,91323.84,91344.0,91296.98,91309.99,1.40170385
2025-11-18 11:16:00+00:00,91308.98,91329.69,91165.0,91247.57,20.85335191
2025-11-18 11:17:00+00:00,91243.81,91261.03,91144.76,91155.21,12.34548467
2025-11-18 11:18:00+00:00,91161.99,91186.55,91133.39,91186.55,6.28382252
2025-11-18 11:19:00+00:00,91186.55,91186.55,91137.48,91167.33,4.64013856
2025-11-18 11:20:00+00:00,91170.19,91247.89,91166.1,91186.66,4.1529986
2025-11-18 11:21:00+00:00,91186.66,91239.72,91186.66,91239.25,1.56768361
2025-11-18 11:22:00+00:00,91231.99,91325.61,91230.38,91325.61,2.51653962
2025-11-18 11:23:00+00:00,91327.44,91402.0,91327.44,91402.0,1.74550958
2025-11-18 11:24:00+00:00,91400.22,91462.97,91395.9,91400.02,3.07164427
2025-11-18 11:25:00+00:00,91404.1,91404.1,91266.35,91333.78,7.25666869
2025-11-18 11:26:00+00:00,91333.79,91355.54,91301.07,91301.07,1.50720193
2025-11-18 11:27:00+00:00,91316.01,91362.0,91303.13,91328.0,9.16249921
2025-11-18 11:28:00+00:00,91323.99,91382.86,91315.28,91373.98,2.24910548
2025-11-18 11:29:00+00:00,91373.98,91398.0,91342.01,91369.7,3.84834416
2025-11-18 11:30:00+00:00,91366.51,91366.51,91268.36,91283.81,4.61981468
2025-11-18 11:31:00+00:00,91285.62,91298.08,91232.39,91243.64,3.6415707
2025-11-18 11:32:00+00:00,91247.9,91267.06,91183.99,91187.31,3.85559232
2025-11-18 11:33:00+00:00,91185.98,91189.09,91158.38,91187.35,0.98760236
2025-11-18 11:34:00+00:00,91183.5,91224.66,91178.38,91223.09,3.90735578
2025-11-18 11:35:00+00:00,91223.1,91289.73,91223.1,91289.73,4.76473458
2025-11-18 11:36:00+00:00,91289.39,91369.56,91289.39,91356.44,2.63605817
2025-11-18 11:37:00+00:00,91366.51,91404.0,91348.1,91384.51,1.13747742
2025-11-18 11:38:00+00:00,91380.22,91382.73,91310.81,91376.0,4.16792314
2025-11-18 11:39:00+00:00,91374.99,91415.59,91362.0,91362.43,2.64671156
2025-11-18 11:40:00+00:00,91362.43,91423.76,91350.0,91422.0,2.81798453
2025-11-18 11:41:00+00:00,91423.77,91497.87,91423.77,91497.87,6.55622253
2025-11-18 11:42:00+00:00,91494.01,91494.01,91427.72,91429.92,3.33925743
2025-11-18 11:43:00+00:00,91435.23,91445.98,91427.87,91445.11,0.89421652
2025-11-18 11:44:00+00:00,91445.08,91464.67,91440.99,91464.67,3.16758461
2025-11-18 11:45:00+00:00,91464.22,91488.0,91432.01,91488.0,3.43182692
2025-11-18 11:46:00+00:00,91488.0,91495.99,91460.59,91495.99,2.21333954
2025-11-18 11:47:00+00:00,91493.35,91495.98,91465.92,91477.29,1.6297365
2025-11-18 11:48:00+00:00,91476.94,91485.99,91448.31,91485.99,1.58074961
2025-11-18 11:49:00+00:00,91484.0,91488.83,91460.6,91488.83,2.30418434
2025-11-18 11:50:00+00:00,91488.84,91497.39,91456.68,91456.71,3.52151946
2025-11-18 11:51:00+00:00,91472.85,91490.0,91468.77,91468.78,1.45662519
2025-11-18 11:52:00+00:00,91468.77,91472.78,91419.68,91455.26,3.64209293
2025-11-18 11:53:00+00:00,91455.05,91456.62,91382.65,91431.96,7.78401415
2025-11-18 11:54:00+00:00,91431.96,91438.0,91398.94,91428.42,7.99553697
2025-11-18 11:55:00+00:00,91428.43,91481.03,91427.87,91434.98,4.15087816
2025-11-18 11:56:00+00:00,91434.98,91444.22,91400.06,91406.45,3.0039196
2025-11-18 11:57:00+00:00,91407.99,91468.49,91407.99,91449.49,3.50499338
2025-11-18 11:58:00+00:00,91448.99,91448.99,91419.69,91440.76,1.37285747
2025-11-18 11:59:00+00:00,91440.42,91455.99,91377.0,91413.99,5.07185701
2025-11-18 12:00:00+00:00,91415.59,91452.79,91391.06,91391.06,2.07961363
2025-11-18 12:01:00+00:00,91391.05,91400.35,91354.35,91370.98,1.12940357
2025-11-18 12:02:00+00:00,91370.61,91379.97,91287.85,91301.2,1.66173002
2025-11-18 12:03:00+00:00,91301.2,91317.42,91202.91,91215.19,3.75049373
2025-11-18 12:04:00+00:00,91215.19,91290.0,91206.0,91224.0,4.41630113
2025-11-18 12:05:00+00:00,91223.52,91268.34,91223.52,91241.9,8.19633703
2025-11-18 12:06:00+00:00,91241.9,91268.22,91180.31,91196.85,9.80036742
2025-11-18 12:07:00+00:00,91188.36,91268.22,91188.36,91215.99,5.60015646
2025-11-18 12:08:00+00:00,91219.31,91247.91,91200.0,91242.13,3.54832169
2025-11-18 12:09:00+00:00,91242.14,91290.0,91168.31,91207.21,13.75747052
2025-11-18 12:10:00+00:00,91211.08,91244.5,91154.71,91211.93,10.81018302
2025-11-18 12:11:00+00:00,91217.22,91260.1,91207.01,91248.62,1.85408851
2025-11-18 12:12:00+00:00,91243.42,91285.65,91114.68,91114.68,5.43692807
2025-11-18 12:13:00+00:00,91114.68,91145.64,91036.0,91091.0,15.94520316
2025-11-18 12:14:00+00:00,91091.0,91099.36,90994.13,91010.23,8.68148381
2025-11-18 12:15:00+00:00,91010.23,91145.65,91007.97,91145.65,8.11257311
2025-11-18 12:16:00+00:00,91149.72,91182.46,91117.99,91182.29,3.32617672
2025-11-18 12:17:00+00:00,91182.32,91389.99,91182.32,91382.0,8.37842359
2025-11-18 12:18:00+00:00,91374.96,91385.14,91325.61,91350.14,4.07018561
2025-11-18 12:19:00+00:00,91347.48,91387.99,91314.47,91385.2,2.47219902
2025-11-18 12:20:00+00:00,91385.2,91422.94,91365.83,91372.73,9.90111504
2025-11-18 12:21:00+00:00,91372.71,91400.0,91348.01,91381.88,0.9853193
2025-11-18 12:22:00+00:00,91381.87,91468.74,91325.1,91338.01,14.74076944
2025-11-18 12:23:00+00:00,91333.79,91333.79,91207.6,91207.6,11.14459124
2025-11-18 12:24:00+00:00,91217.98,91263.66,91200.0,91211.1,9.26711683
2025-11-18 12:25:00+00:00,91215.48,91223.99,91130.96,91137.74,3.94103076
2025-11-18 12:26:00+00:00,91133.72,91182.46,91121.12,91181.75,6.95560183
2025-11-18 12:27:00+00:00,91181.74,91243.81,91169.97,91188.7,11.00580442
2025-11-18 12:28:00+00:00,91188.7,91196.49,91138.01,91153.83,2.46504803
2025-11-18 12:29:00+00:00,91153.84,91159.98,91107.01,91123.99,2.52212945
2025-11-18 12:30:00+00:00,91123.98,91194.73,91116.0,91185.82,2.95862383
2025-11-18 12:31:00+00:00,91185.82,91239.71,91177.54,91231.96,3.81956421
2025-11-18 12:32:00+00:00,91231.96,91285.51,91194.95,91283.7,5.72851487
2025-11-18 12:33:00+00:00,91283.97,91311.9,91264.26,91289.09,3.27772369
2025-11-18 12:34:00+00:00,91289.09,91309.25,91276.54,91304.46,7.27343171
2025-11-18 12:35:00+00:00,91304.45,91311.46,91278.0,91298.48,5.57513236
2025-11-18 12:36:00+00:00,91296.99,91350.0,91249.99,91350.0,3.15645731
2025-11-18 12:37:00+00:00,91349.99,91386.96,91348.58,91381.99,5.32409802
2025-11-18 12:38:00+00:00,91381.99,91395.14,91358.34,91395.14,3.75425016
2025-11-18 12:39:00+00:00,91395.14,91432.92,91395.14,91416.43,7.22937972
2025-11-18 12:40:00+00:00,91416.43,91488.13,91416.43,91488.13,7.11284482
2025-11-18 12:41:00+00:00,91488.14,91750.39,91479.0,91706.01,47.77032319
2025-11-18 12:42:00+00:00,91704.08,91774.83,91630.01,91647.55,10.74007067
2025-11-18 12:43:00+00:00,91647.55,91752.89,91647.55,91728.82,6.01473071
2025-11-18 12:44:00+00:00,91730.02,91738.45,91673.95,91709.63,1.74933877
2025-11-18 12:45:00+00:00,91706.49,91738.01,91648.73,91722.0,7.98453742
2025-11-18 12:46:00+00:00,91698.05,91729.99,91575.11,91589.66,26.55858905
2025-11-18 12:47:00+00:00,91589.93,91618.41,91561.11,91616.0,11.37539569
2025-11-18 12:48:00+00:00,91615.98,91626.33,91555.55,91569.15,5.31899648
2025-11-18 12:49:00+00:00,91571.3,91595.82,91521.94,91562.81,6.76862423
2025-11-18 12:50:00+00:00,91562.81,91577.96,91486.97,91499.96,3.6668665
2025-11-18 12:51:00+00:00,91499.94,91528.0,91479.99,91509.32,4.84651799
2025-11-18 12:52:00+00:00,91509.31,91509.32,91374.12,91437.98,5.55238764
2025-11-18 12:53:00+00:00,91433.02,91441.99,91341.98,91370.6,4.45660223
2025-11-18 12:54:00+00:00,91378.78,91419.67,91367.47,91399.24,6.25809294
2025-11-18 12:55:00+00:00,91399.24,91439.99,91370.61,91370.61,7.89613032
2025-11-18 12:56:00+00:00,91370.6,91439.61,91358.34,91361.47,12.52756735
2025-11-18 12:57:00+00:00,91366.03,91385.05,91275.57,91280.93,12.05574032
2025-11-18 12:58:00+00:00,91280.94,91346.02,91280.94,91330.79,8.72502907
2025-11-18 12:59:00+00:00,91333.79,91427.86,91333.79,91416.01,5.14381436
2025-11-18 13:00:00+00:00,91411.51,91419.99,91362.43,91378.07,3.34194211
2025-11-18 13:01:00+00:00,91378.07,91381.98,91315.01,91349.23,5.35225835
2025-11-18 13:02:00+00:00,91346.06,91499.88,91346.06,91452.03,8.76956483
2025-11-18 13:03:00+00:00,91452.06,91511.01,91444.23,91472.49,9.7219648
2025-11-18 13:04:00+00:00,91472.49,91561.29,91428.87,91530.12,3.47886309
2025-11-18 13:05:00+00:00,91530.12,91530.12,91386.03,91435.51,7.55127
2025-11-18 13:06:00+00:00,91435.51,91449.99,91346.06,91348.01,7.19339318
2025-11-18 13:07:00+00:00,91346.07,91382.86,91301.01,91371.0,8.26567027
2025-11-18 13:08:00+00:00,91370.61,91380.0,91329.71,91329.71,1.93825047
2025-11-18 13:09:00+00:00,91329.71,91389.81,91316.38,91352.01,8.41946565
2025-11-18 13:10:00+00:00,91352.15,91410.4,91352.15,91366.1,4.8185972
2025-11-18 13:11:00+00:00,91366.1,91442.0,91365.59,91433.25,3.85227291
2025-11-18 13:12:00+00:00,91436.04,91466.45,91409.11,91424.01,4.54672959
2025-11-18 13:13:00+00:00,91424.02,91445.87,91385.41,91423.56,2.2265756
2025-11-18 13:14:00+00:00,91423.56,91427.86,91382.87,91388.03,2.00459057
2025-11-18 13:15:00+00:00,91388.03,91446.13,91385.76,91403.88,6.45202901
2025-11-18 13:16:00+00:00,91403.88,91452.4,91382.89,91442.69,3.94128641
2025-11-18 13:17:00+00:00,91444.21,91481.02,91429.54,91464.65,2.93808276
2025-11-18 13:18:00+00:00,91462.01,91496.22,91458.65,91458.66,5.08546434
2025-11-18 13:19:00+00:00,91458.65,91485.12,91440.14,91440.14,5.20686919
2025-11-18 13:20:00+00:00,91440.13,91476.93,91427.87,91454.71,2.62608603
2025-11-18 13:21:00+00:00,91454.71,91481.5,91276.61,91300.17,3.29433519
2025-11-18 13:22:00+00:00,91300.17,91313.94,91241.51,91246.71,6.74028622
2025-11-18 13:23:00+00:00,91246.71,91321.51,91246.71,91284.87,6.67607318
2025-11-18 13:24:00+00:00,91284.87,91334.88,91243.81,91289.67,6.65171327
2025-11-18 13:25:00+00:00,91289.66,91305.83,91206.0,91268.34,12.12077337
2025-11-18 13:26:00+00:00,91268.34,91274.98,91230.84,91232.16,2.05344365
2025-11-18 13:27:00+00:00,91232.17,91260.16,91207.61,91248.38,3.92104894
2025-11-18 13:28:00+00:00,91246.04,91260.17,91199.06,91236.69,14.5549432
2025-11-18 13:29:00+00:00,91231.99,91231.99,91170.58,91183.25,2.4814884
2025-11-18 13:30:00+00:00,91183.25,91183.25,91100.67,91130.87,12.67760555
2025-11-18 13:31:00+00:00,91133.99,91197.8,91088.39,91090.62,11.62060458
2025-11-18 13:32:00+00:00,91090.62,91133.37,91048.01,91126.9,11.34395941
2025-11-18 13:33:00+00:00,91126.64,91146.44,91108.61,91108.61,3.62528821
2025-11-18 13:34:00+00:00,91108.61,91149.74,91076.15,91076.15,5.6922147
2025-11-18 13:35:00+00:00,91076.16,91076.16,90990.06,91027.04,5.15402965
2025-11-18 13:36:00+00:00,91024.01,91044.63,90981.64,91010.67,7.39521516
2025-11-18 13:37:00+00:00,91009.11,91037.12,90846.31,90908.42,16.86864929
2025-11-18 13:38:00+00:00,90908.42,90911.12,90823.58,90884.0,7.99725934
2025-11-18 13:39:00+00:00,90891.99,91000.0,90805.01,90997.39,6.97601749
2025-11-18 13:40:00+00:00,91000.0,91345.24,90985.92,91310.02,22.16143314
2025-11-18 13:41:00+00:00,91313.99,91329.09,91166.1,91166.1,9.79265338
2025-11-18 13:42:00+00:00,91166.01,91166.01,91040.52,91120.0,4.82924168
2025-11-18 13:43:00+00:00,91119.99,91144.22,91075.5,91139.14,10.02237069
2025-11-18 13:44:00+00:00,91139.13,91145.99,91039.33,91070.0,7.60972321
2025-11-18 13:45:00+00:00,91075.66,91220.94,91057.89,91179.75,4.10855083
2025-11-18 13:46:00+00:00,91178.42,91258.8,91177.95,91237.57,3.73080918
2025-11-18 13:47:00+00:00,91239.02,91247.65,91176.79,91197.6,3.79572787
2025-11-18 13:48:00+00:00,91197.62,91316.0,91151.99,91154.0,15.35677458
2025-11-18 13:49:00+00:00,91153.99,91187.57,91088.0,91183.88,1.73525116
2025-11-18 13:50:00+00:00,91183.88,91269.99,91140.44,91144.0,8.97424414
2025-11-18 13:51:00+00:00,91151.99,91210.0,91133.36,91171.06,3.39374638
2025-11-18 13:52:00+00:00,91171.06,91239.72,91171.05,91237.96,3.66808774
2025-11-18 13:53:00+00:00,91236.61,91284.71,91236.31,91284.71,3.08586499
2025-11-18 13:54:00+00:00,91288.8,91387.93,91275.99,91376.96,2.82774162
2025-11-18 13:55:00+00:00,91376.95,91382.0,91254.55,91288.8,8.88039318
2025-11-18 13:56:00+00:00,91288.79,91341.95,91288.0,91323.99,3.98167664
2025-11-18 13:57:00+00:00,91325.91,91334.88,91241.53,91241.54,2.78829136
2025-11-18 13:58:00+00:00,91252.44,91346.49,91234.9,91319.79,19.31270865
2025-11-18 13:59:00+00:00,91315.19,91399.93,91315.18,91385.14,5.28595241
2025-11-18 14:00:00+00:00,91375.27,91427.31,91312.0,91328.08,10.71611696
2025-11-18 14:01:00+00:00,91329.7,91389.2,91325.62,91368.02,8.21650846
2025-11-18 14:02:00+00:00,91368.02,91375.23,91250.0,91264.0,3.57487933
2025-11-18 14:03:00+00:00,91262.71,91469.99,91219.28,91316.76,37.59010613
2025-11-18 14:04:00+00:00,91316.76,91333.78,91276.53,91282.0,3.04378904
2025-11-18 14:05:00+00:00,91280.62,91317.42,91244.9,91317.42,3.63819939
2025-11-18 14:06:00+00:00,91317.42,91339.16,91268.87,91269.39,1.91998633
2025-11-18 14:07:00+00:00,91276.95,91312.0,91230.52,91245.22,2.37892276
2025-11-18 14:08:00+00:00,91245.23,91271.98,91171.16,91224.42,5.58002778
2025-11-18 14:09:00+00:00,91226.03,91264.73,91208.03,91261.19,1.68464367
2025-11-18 14:10:00+00:00,91261.19,91345.79,91220.39,91243.49,4.00568369
2025-11-18 14:11:00+00:00,91243.53,91256.01,91158.1,91178.01,2.07452866
2025-11-18 14:12:00+00:00,91178.01,91188.0,91112.94,91153.83,4.72010712
2025-11-18 14:13:00+00:00,91160.71,91182.46,91128.88,91174.02,3.33931115
2025-11-18 14:14:00+00:00,91174.02,91177.63,91108.0,91134.6,5.7743466
2025-11-18 14:15:00+00:00,91136.38,91219.99,91136.38,91207.0,9.96044689
2025-11-18 14:16:00+00:00,91207.0,91219.27,91155.16,91163.52,16.48986068
2025-11-18 14:17:00+00:00,91165.91,91284.0,91165.91,91274.47,4.52074931
2025-11-18 14:18:00+00:00,91280.58,91329.7,91256.09,91292.57,5.69404582
2025-11-18 14:19:00+00:00,91292.58,91301.06,91251.99,91272.45,4.98388239
2025-11-18 14:20:00+00:00,91272.44,91292.88,91219.17,91290.03,3.69165088
2025-11-18 14:21:00+00:00,91290.13,91298.26,91207.0,91207.0,4.10737228
2025-11-18 14:22:00+00:00,91207.0,91261.1,91207.0,91261.1,1.78767246
2025-11-18 14:23:00+00:00,91261.1,91337.04,91252.0,91329.69,4.51763028
2025-11-18 14:24:00+00:00,91329.7,91435.19,91329.7,91422.04,4.46111852
2025-11-18 14:25:00+00:00,91422.03,91534.2,91360.0,91530.94,14.25564091
2025-11-18 14:26:00+00:00,91533.66,91648.99,91527.81,91620.81,13.30678627
2025-11-18 14:27:00+00:00,91612.0,91705.98,91538.29,91704.47,32.64554255
2025-11-18 14:28:00+00:00,91705.98,91752.75,91672.0,91689.63,21.63714559
2025-11-18 14:29:00+00:00,91689.62,91800.0,91669.18,91682.63,28.79521202
2025-11-18 14:30:00+00:00,91684.0,91872.39,91629.4,91711.63,35.43091423
2025-11-18 14:31:00+00:00,91712.02,91718.0,91329.72,91410.0,27.11062256
2025-11-18 14:32:00+00:00,91402.42,92013.98,91396.0,92013.98,79.91967976
2025-11-18 14:33:00+00:00,92016.81,92174.47,91955.49,92082.24,56.22932378
2025-11-18 14:34:00+00:00,92077.56,92205.64,91880.0,91970.0,21.51383705
2025-11-18 14:35:00+00:00,91969.99,92065.89,91930.46,91984.0,23.43742255
2025-11-18 14:36:00+00:00,91986.75,92153.66,91986.75,92110.0,21.20566838
2025-11-18 14:37:00+00:00,92105.8,92347.96,92082.29,92262.41,43.37991717
2025-11-18 14:38:00+00:00,92262.41,92359.93,92020.02,92082.0,28.32409881
2025-11-18 14:39:00+00:00,92078.01,92270.0,91997.82,92027.91,38.11878355
2025-11-18 14:40:00+00:00,92030.25,92132.96,91902.31,92070.2,42.72715672
2025-11-18 14:41:00+00:00,92070.21,92207.0,91886.03,91920.02,26.85023028
2025-11-18 14:42:00+00:00,91919.6,91935.72,91628.8,91676.0,47.73296515
2025-11-18 14:43:00+00:00,91676.0,91689.61,91494.66,91622.8,22.12853898
2025-11-18 14:44:00+00:00,91607.82,91607.82,91350.42,91370.6,10.38682266
2025-11-18 14:45:00+00:00,91374.69,91740.03,91362.01,91708.17,25.73950059
2025-11-18 14:46:00+00:00,91708.17,91752.46,91533.69,91588.01,19.21440505
2025-11-18 14:47:00+00:00,91589.44,91627.64,91378.79,91509.99,9.98596668
2025-11-18 14:48:00+00:00,91509.99,91648.09,91498.41,91648.09,11.00971229
2025-11-18 14:49:00+00:00,91639.0,91686.52,91499.54,91548.35,7.53832734
2025-11-18 14:50:00+00:00,91548.35,91603.72,91408.14,91556.03,17.81263417
2025-11-18 14:51:00+00:00,91565.86,91705.97,91472.85,91492.0,11.5468924
2025-11-18 14:52:00+00:00,91493.3,91534.2,91304.0,91391.87,12.06088594
2025-11-18 14:53:00+00:00,91396.3,91476.14,91296.0,91449.85,14.80959585
2025-11-18 14:54:00+00:00,91459.98,91638.4,91354.24,91499.76,13.35025726
2025-11-18 14:55:00+00:00,91490.06,91490.06,91311.38,91423.87,11.05172933
2025-11-18 14:56:00+00:00,91420.01,91497.38,91338.4,91388.33,9.74284516
2025-11-18 14:57:00+00:00,91394.0,91576.0,91386.97,91497.4,12.29725608
2025-11-18 14:58:00+00:00,91497.98,91513.99,91364.53,91431.95,5.25441524
2025-11-18 14:59:00+00:00,91431.95,91431.95,91252.0,91255.01,7.25931382
2025-11-18 15:00:00+00:00,91251.99,91382.34,91192.0,91350.05,7.78186369
2025-11-18 15:01:00+00:00,91346.1,91397.53,91259.29,91383.44,5.98132882
2025-11-18 15:02:00+00:00,91391.05,91395.13,91132.23,91212.76,15.05481684
2025-11-18 15:03:00+00:00,91202.63,91222.53,91043.81,91096.6,18.21593592
2025-11-18 15:04:00+00:00,91092.48,91162.25,90914.56,91018.0,23.15206466
2025-11-18 15:05:00+00:00,91018.41,91206.0,90969.78,91178.0,44.09452285
2025-11-18 15:06:00+00:00,91172.01,91387.99,91144.02,91363.96,31.99590456
2025-11-18 15:07:00+00:00,91365.54,91595.0,91358.02,91534.21,49.80163038
2025-11-18 15:08:00+00:00,91542.02,91746.88,91322.58,91743.99,40.49705229
2025-11-18 15:09:00+00:00,91738.56,91746.87,91616.01,91697.83,11.9050187
2025-11-18 15:10:00+00:00,91697.81,92027.91,91689.62,91823.56,32.37847806
2025-11-18 15:11:00+00:00,91819.15,91851.05,91553.3,91582.65,19.98087028
2025-11-18 15:12:00+00:00,91586.01,91727.99,91586.01,91650.0,24.228941
2025-11-18 15:13:00+00:00,91654.0,92064.78,91650.0,92033.46,26.80688511
2025-11-18 15:14:00+00:00,92033.46,92163.5,91932.0,91948.49,59.85654578
2025-11-18 15:15:00+00:00,91942.01,92096.0,91918.69,91973.21,19.64362394
2025-11-18 15:16:00+00:00,91975.92,92075.71,91886.52,91918.69,16.89086687
2025-11-18 15:17:00+00:00,91922.0,92044.74,91877.78,92012.0,13.49957204
2025-11-18 15:18:00+00:00,92021.25,92184.0,92021.25,92142.01,27.25518453
2025-11-18 15:19:00+00:00,92142.02,92345.67,92128.01,92314.03,26.25846436
2025-11-18 15:20:00+00:00,92306.03,92630.59,92265.75,92564.88,67.20330331
2025-11-18 15:21:00+00:00,92569.48,92759.89,92523.98,92532.0,31.57855268
2025-11-18 15:22:00+00:00,92534.95,92714.37,92494.1,92642.0,43.38835331
2025-11-18 15:23:00+00:00,92659.6,92859.78,92654.86,92733.99,37.16744395
2025-11-18 15:24:00+00:00,92728.61,92750.39,92527.83,92640.0,43.01758447
2025-11-18 15:25:00+00:00,92629.99,92713.99,92532.0,92697.04,13.06806169
2025-11-18 15:26:00+00:00,92678.02,92823.68,92626.0,92748.19,39.71537322
2025-11-18 15:27:00+00:00,92748.19,92939.99,92712.12,92852.01,39.05563113
2025-11-18 15:28:00+00:00,92846.59,92906.61,92610.43,92650.0,36.8735531
2025-11-18 15:29:00+00:00,92652.95,92793.9,92618.05,92710.54,17.22644971
2025-11-18 15:30:00+00:00,92710.55,92821.36,92654.87,92728.01,14.58559816
2025-11-18 15:31:00+00:00,92738.59,92786.01,92583.18,92583.18,13.78574317
2025-11-18 15:32:00+00:00,92596.01,92920.02,92596.01,92848.0,12.83948129
2025-11-18 15:33:00+00:00,92842.25,92920.63,92654.86,92681.37,35.49396539
2025-11-18 15:34:00+00:00,92686.87,92712.0,92386.07,92417.03,55.90085284
2025-11-18 15:35:00+00:00,92417.02,92488.0,92322.62,92433.98,28.20090028
2025-11-18 15:36:00+00:00,92420.0,92494.0,92367.29,92407.53,18.99483153
2025-11-18 15:37:00+00:00,92407.54,92663.06,92407.54,92612.0,9.28910042
2025-11-18 15:38:00+00:00,92613.96,92751.56,92596.52,92734.07,11.30906392
2025-11-18 15:39:00+00:00,92732.0,92792.02,92640.6,92786.4,16.30194604
2025-11-18 15:40:00+00:00,92789.82,92806.18,92648.74,92676.02,15.3590672
2025-11-18 15:41:00+00:00,92674.05,92857.92,92646.69,92840.0,9.1571665
2025-11-18 15:42:00+00:00,92836.05,92855.23,92687.01,92703.7,12.16874559
2025-11-18 15:43:00+00:00,92695.77,92777.54,92620.49,92625.8,12.76678388
2025-11-18 15:44:00+00:00,92628.04,92701.41,92402.0,92665.99,40.40301608
2025-11-18 15:45:00+00:00,92656.0,92721.92,92573.07,92681.94,28.692697
2025-11-18 15:46:00+00:00,92680.28,92772.01,92620.0,92769.14,21.00892083
2025-11-18 15:47:00+00:00,92769.13,92785.73,92650.0,92674.0,24.25967209
2025-11-18 15:48:00+00:00,92668.66,92674.0,92500.0,92520.45,17.7410065
2025-11-18 15:49:00+00:00,92519.99,92649.15,92486.01,92636.01,25.18223012
2025-11-18 15:50:00+00:00,92636.03,92640.0,92388.08,92454.45,22.13431816
2025-11-18 15:51:00+00:00,92456.22,92668.38,92442.23,92668.38,12.94856294
2025-11-18 15:52:00+00:00,92668.37,92898.31,92667.99,92879.8,31.76841687
2025-11-18 15:53:00+00:00,92877.78,92936.0,92721.32,92749.78,24.53246652
2025-11-18 15:54:00+00:00,92750.43,92904.32,92744.84,92900.7,19.55802305
2025-11-18 15:55:00+00:00,92901.86,92950.0,92869.21,92902.04,23.50326673
2025-11-18 15:56:00+00:00,92902.04,92940.0,92834.82,92836.01,39.67384195
2025-11-18 15:57:00+00:00,92834.83,92907.8,92830.74,92879.81,9.56224765
2025-11-18 15:58:00+00:00,92879.82,92879.82,92802.11,92836.02,20.66378883
2025-11-18 15:59:00+00:00,92835.36,92938.34,92819.18,92827.96,30.05141047
2025-11-18 16:00:00+00:00,92827.95,92935.39,92818.35,92898.02,12.50086739
2025-11-18 16:01:00+00:00,92898.03,92900.0,92642.5,92688.04,25.88179576
2025-11-18 16:02:00+00:00,92685.98,92747.9,92635.05,92651.04,22.15416892
2025-11-18 16:03:00+00:00,92651.01,92694.99,92558.31,92663.05,17.76722622
2025-11-18 16:04:00+00:00,92663.04,92720.27,92609.88,92678.67,9.54062654
2025-11-18 16:05:00+00:00,92678.0,92727.87,92540.34,92553.61,21.74597839
2025-11-18 16:06:00+00:00,92556.01,92603.33,92499.45,92599.42,17.75479484
2025-11-18 16:07:00+00:00,92599.17,92884.13,92599.17,92867.99,32.70370477
2025-11-18 16:08:00+00:00,92867.99,93080.9,92860.76,93043.56,35.72409086
2025-11-18 16:09:00+00:00,93051.59,93096.58,92973.88,93090.02,14.49410041
2025-11-18 16:10:00+00:00,93091.99,93101.0,93000.0,93032.16,50.76910285
2025-11-18 16:11:00+00:00,93032.02,93168.0,92994.36,93113.19,28.17037857
2025-11-18 16:12:00+00:00,93113.18,93119.99,92949.34,92988.01,21.37140166
2025-11-18 16:13:00+00:00,92982.52,93069.62,92973.92,93066.83,15.77783124
2025-11-18 16:14:00+00:00,93066.82,93141.57,93000.0,93078.0,29.01118978
2025-11-18 16:15:00+00:00,93074.05,93158.71,92986.0,93026.11,12.02572994
2025-11-18 16:16:00+00:00,93025.21,93220.05,93010.24,93213.99,27.76960396
2025-11-18 16:17:00+00:00,93214.0,93240.35,93153.84,93200.54,20.69497027
2025-11-18 16:18:00+00:00,93198.84,93437.78,93190.73,93414.01,34.25089552
2025-11-18 16:19:00+00:00,93409.99,93427.99,93326.4,93351.98,20.42662124
2025-11-18 16:20:00+00:00,93350.19,93571.81,93341.98,93543.66,23.27240653
2025-11-18 16:21:00+00:00,93548.11,93548.11,93344.47,93378.73,22.47860135
2025-11-18 16:22:00+00:00,93378.73,93493.29,93360.27,93458.0,21.50043617
2025-11-18 16:23:00+00:00,93444.0,93486.0,93390.0,93467.89,15.36330355
2025-11-18 16:24:00+00:00,93463.06,93508.8,93374.54,93386.01,15.78054982
2025-11-18 16:25:00+00:00,93396.0,93485.12,93396.0,93450.9,12.40006033
2025-11-18 16:26:00+00:00,93457.52,93536.0,93403.34,93496.01,12.59749153
2025-11-18 16:27:00+00:00,93494.0,93534.01,93449.38,93493.95,17.93506378
2025-11-18 16:28:00+00:00,93493.96,93593.74,93493.96,93578.05,10.14145381
2025-11-18 16:29:00+00:00,93572.0,93770.39,93566.0,93663.68,30.27315578
2025-11-18 16:30:00+00:00,93658.01,93721.43,93588.04,93633.3,66.57771283
2025-11-18 16:31:00+00:00,93631.52,93775.0,93629.44,93704.43,51.91317314
2025-11-18 16:32:00+00:00,93693.97,93749.99,93643.9,93749.99,26.30942246
2025-11-18 16:33:00+00:00,93743.54,93750.0,93640.56,93743.8,20.10932476
2025-11-18 16:34:00+00:00,93743.03,93767.97,93613.0,93626.01,19.567902
2025-11-18 16:35:00+00:00,93626.01,93685.54,93532.0,93584.01,13.61727414
2025-11-18 16:36:00+00:00,93581.74,93623.98,93471.19,93536.01,14.43956188
2025-11-18 16:37:00+00:00,93535.8,93664.0,93535.8,93582.0,5.94389548
2025-11-18 16:38:00+00:00,93582.04,93607.83,93505.59,93568.0,13.00487872
2025-11-18 16:39:00+00:00,93567.0,93619.64,93342.15,93391.06,14.18532686
2025-11-18 16:40:00+00:00,93395.14,93460.95,93313.37,93411.52,9.24779517
2025-11-18 16:41:00+00:00,93411.52,93434.06,93323.5,93416.45,11.78884303
2025-11-18 16:42:00+00:00,93423.78,93511.58,93334.92,93351.99,24.1841024
2025-11-18 16:43:00+00:00,93351.99,93398.0,93298.11,93328.0,26.96564158
2025-11-18 16:44:00+00:00,93325.84,93341.7,93248.08,93280.65,13.02855251
2025-11-18 16:45:00+00:00,93280.65,93354.33,93277.02,93285.0,15.10491253
2025-11-18 16:46:00+00:00,93289.99,93302.92,93216.03,93253.32,8.34290418
2025-11-18 16:47:00+00:00,93253.36,93276.54,93191.97,93203.99,15.06387852
2025-11-18 16:48:00+00:00,93203.99,93417.26,93118.0,93363.1,41.82585121
2025-11-18 16:49:00+00:00,93366.5,93456.72,93268.36,93355.61,17.4145689
2025-11-18 16:50:00+00:00,93346.09,93459.32,93341.99,93452.01,13.82238177
2025-11-18 16:51:00+00:00,93452.01,93466.06,93294.0,93297.72,17.50151715
2025-11-18 16:52:00+00:00,93298.4,93391.06,93276.55,93310.0,2.72315905
2025-11-18 16:53:00+00:00,93312.01,93367.61,93284.78,93303.97,17.12359075
2025-11-18 16:54:00+00:00,93303.96,93375.77,93260.19,93356.48,24.53661445
2025-11-18 16:55:00+00:00,93364.23,93472.88,93364.23,93405.01,26.79961113
2025-11-18 16:56:00+00:00,93402.04,93415.99,93324.02,93367.22,14.49194551
2025-11-18 16:57:00+00:00,93367.18,93436.04,93346.08,93424.5,9.71495388
2025-11-18 16:58:00+00:00,93432.02,93463.4,93346.1,93358.3,6.78956075
2025-11-18 16:59:00+00:00,93358.35,93450.0,93356.0,93444.01,20.48069125
2025-11-18 17:00:00+00:00,93442.01,93478.74,93358.36,93444.56,34.52964323
2025-11-18 17:01:00+00:00,93444.57,93452.41,93347.62,93403.33,19.11642848
2025-11-18 17:02:00+00:00,93407.42,93495.41,93407.42,93470.0,14.34938872
2025-11-18 17:03:00+00:00,93466.57,93469.99,93395.17,93458.0,5.79542507
2025-11-18 17:04:00+00:00,93453.1,93500.0,93431.96,93454.33,7.70650303
2025-11-18 17:05:00+00:00,93454.1,93508.52,93407.9,93487.97,18.58028798
2025-11-18 17:06:00+00:00,93487.95,93519.22,93384.51,93385.48,20.56093618
2025-11-18 17:07:00+00:00,93388.0,93522.0,93384.52,93502.03,13.36791552
2025-11-18 17:08:00+00:00,93502.03,93504.14,93387.37,93454.02,11.15334584
2025-11-18 17:09:00+00:00,93458.23,93512.3,93427.9,93474.8,10.51721201
2025-11-18 17:10:00+00:00,93469.34,93593.3,93468.77,93560.0,25.32047821
2025-11-18 17:11:00+00:00,93557.99,93559.81,93457.0,93559.81,19.22512923
2025-11-18 17:12:00+00:00,93557.8,93600.0,93399.25,93460.62,22.41036304
2025-11-18 17:13:00+00:00,93460.61,93468.01,93355.28,93373.32,10.52916852
2025-11-18 17:14:00+00:00,93373.31,93373.31,93243.83,93256.02,9.96749527
2025-11-18 17:15:00+00:00,93256.02,93370.61,93227.47,93330.03,8.37290869
2025-11-18 17:16:00+00:00,93330.02,93398.2,93314.03,93368.0,8.30559767
2025-11-18 17:17:00+00:00,93368.0,93375.32,93260.18,93290.02,7.14952413
2025-11-18 17:18:00+00:00,93290.02,93363.01,93281.26,93346.56,12.68490506
2025-11-18 17:19:00+00:00,93346.56,93393.69,93300.0,93350.02,5.85562126
2025-11-18 17:20:00+00:00,93350.02,93449.05,93350.02,93425.97,8.68000791
2025-11-18 17:21:00+00:00,93425.34,93479.33,93407.43,93454.19,7.20467821
2025-11-18 17:22:00+00:00,93454.19,93476.87,93303.61,93322.01,11.14866179
2025-11-18 17:23:00+00:00,93322.01,93361.14,93288.82,93314.96,11.75347039
2025-11-18 17:24:00+00:00,93319.92,93331.37,93265.86,93288.78,9.43953154
2025-11-18 17:25:00+00:00,93286.08,93352.0,93280.83,93288.02,13.2730885
2025-11-18 17:26:00+00:00,93288.03,93297.26,93200.0,93239.72,17.92235274
2025-11-18 17:27:00+00:00,93239.73,93239.73,92961.61,92975.83,18.54390779
2025-11-18 17:28:00+00:00,92975.83,93035.33,92820.79,92878.61,30.24536483
2025-11-18 17:29:00+00:00,92876.3,92912.68,92834.82,92899.44,13.61610696
2025-11-18 17:30:00+00:00,92892.08,92952.29,92863.46,92949.93,13.09918038
2025-11-18 17:31:00+00:00,92949.93,92952.29,92782.49,92867.98,8.41404713
2025-11-18 17:32:00+00:00,92867.83,92867.83,92790.0,92800.0,7.05947209
2025-11-18 17:33:00+00:00,92800.24,92859.36,92765.29,92827.85,16.39650071
2025-11-18 17:34:00+00:00,92828.01,92941.16,92794.0,92928.89,16.5638461
2025-11-18 17:35:00+00:00,92925.84,93056.12,92905.56,93016.45,18.10712541
2025-11-18 17:36:00+00:00,93016.28,93056.12,92962.56,93000.89,28.08450603
2025-11-18 17:37:00+00:00,92996.91,93068.0,92990.25,93066.02,23.91683419
2025-11-18 17:38:00+00:00,93068.02,93282.4,93068.02,93245.98,30.81790854
2025-11-18 17:39:00+00:00,93245.99,93341.98,93207.02,93319.78,11.02227308
2025-11-18 17:40:00+00:00,93319.75,93444.01,93288.82,93378.79,25.42502093
2025-11-18 17:41:00+00:00,93374.7,93377.68,93221.35,93228.04,27.20640619
2025-11-18 17:42:00+00:00,93228.04,93309.26,93198.08,93247.92,6.72072754
2025-11-18 17:43:00+00:00,93247.92,93342.87,93239.06,93264.26,22.25743762
2025-11-18 17:44:00+00:00,93264.26,93285.87,93215.19,93278.36,7.97853196
2025-11-18 17:45:00+00:00,93278.01,93288.49,93088.41,93125.29,12.20000213
2025-11-18 17:46:00+00:00,93125.29,93184.06,93076.13,93094.24,5.47613621
2025-11-18 17:47:00+00:00,93094.36,93176.01,93081.81,93158.36,3.97672531
2025-11-18 17:48:00+00:00,93156.73,93246.51,93137.48,93169.64,9.02935374
2025-11-18 17:49:00+00:00,93168.28,93220.04,93153.79,93196.24,12.19883455
2025-11-18 17:50:00+00:00,93196.23,93196.23,93075.0,93082.03,3.37908283
2025-11-18 17:51:00+00:00,93083.34,93141.56,93058.0,93084.04,7.2969311
2025-11-18 17:52:00+00:00,93076.14,93133.38,93059.78,93099.04,7.60710598
2025-11-18 17:53:00+00:00,93099.04,93249.59,93093.81,93211.12,21.48569517
2025-11-18 17:54:00+00:00,93211.11,93246.78,93170.27,93194.03,4.39866816
2025-11-18 17:55:00+00:00,93194.0,93194.0,93098.02,93128.06,13.13351659
2025-11-18 17:56:00+00:00,93128.03,93235.63,93128.03,93221.0,14.23675531
2025-11-18 17:57:00+00:00,93214.4,93258.37,93180.01,93186.84,14.4038038
2025-11-18 17:58:00+00:00,93186.84,93227.46,93161.0,93190.64,7.07159054
2025-11-18 17:59:00+00:00,93190.64,93231.79,93184.09,93202.93,13.54001294
2025-11-18 18:00:00+00:00,93202.93,93290.0,93202.93,93231.82,5.70807947
2025-11-18 18:01:00+00:00,93231.07,93328.5,93230.48,93327.98,10.07854548
2025-11-18 18:02:00+00:00,93327.99,93374.67,93289.23,93305.17,5.12388501
2025-11-18 18:03:00+00:00,93302.01,93450.0,93292.9,93420.02,10.77617012
2025-11-18 18:04:00+00:00,93420.02,93481.15,93400.85,93480.01,9.93246685
2025-11-18 18:05:00+00:00,93482.72,93550.0,93482.01,93540.05,23.15850091
2025-11-18 18:06:00+00:00,93546.48,93638.16,93530.13,93620.02,17.63525511
2025-11-18 18:07:00+00:00,93620.0,93620.01,93552.0,93591.69,15.02893797
2025-11-18 18:08:00+00:00,93590.83,93660.99,93571.18,93658.02,8.52724876
2025-11-18 18:09:00+00:00,93658.07,93700.0,93616.02,93643.52,23.46456523
2025-11-18 18:10:00+00:00,93643.52,93700.0,93632.37,93657.03,11.91640361
2025-11-18 18:11:00+00:00,93657.03,93700.0,93573.91,93632.58,40.79972813
2025-11-18 18:12:00+00:00,93632.56,93644.47,93572.0,93591.46,5.39782354
2025-11-18 18:13:00+00:00,93591.47,93655.83,93586.06,93600.63,8.47093519
2025-11-18 18:14:00+00:00,93600.66,93620.09,93570.01,93586.43,6.36398391
2025-11-18 18:15:00+00:00,93591.06,93595.56,93503.74,93558.02,10.56792795
2025-11-18 18:16:00+00:00,93558.01,93583.29,93526.25,93579.1,7.7797354
2025-11-18 18:17:00+00:00,93579.09,93591.58,93472.86,93509.66,9.13685435
2025-11-18 18:18:00+00:00,93509.67,93579.15,93501.5,93553.98,9.43534582
2025-11-18 18:19:00+00:00,93550.57,93550.58,93476.0,93506.93,4.75886883
2025-11-18 18:20:00+00:00,93513.56,93513.56,93365.8,93375.24,13.66045451
2025-11-18 18:21:00+00:00,93375.24,93435.12,93375.24,93408.6,8.7596972
2025-11-18 18:22:00+00:00,93408.6,93408.6,93339.33,93381.56,5.84753226
2025-11-18 18:23:00+00:00,93381.57,93412.63,93341.98,93391.05,4.5465549
2025-11-18 18:24:00+00:00,93391.05,93391.05,93333.8,93354.28,3.55862631
2025-11-18 18:25:00+00:00,93354.28,93354.28,93256.65,93260.72,6.0544828
2025-11-18 18:26:00+00:00,93258.19,93258.72,93162.18,93195.71,8.18337777
2025-11-18 18:27:00+00:00,93196.33,93319.05,93196.33,93292.91,9.69925391
2025-11-18 18:28:00+00:00,93292.91,93309.01,93213.14,93213.14,4.97317038
2025-11-18 18:29:00+00:00,93213.14,93228.78,93158.0,93178.0,5.69717297
2025-11-18 18:30:00+00:00,93177.9,93242.3,93168.0,93212.0,15.49546943
2025-11-18 18:31:00+00:00,93213.99,93227.92,93134.01,93212.53,6.05780105
2025-11-18 18:32:00+00:00,93212.0,93256.08,93196.94,93223.73,14.64584227
2025-11-18 18:33:00+00:00,93223.72,93245.93,93201.8,93202.38,12.31452838
2025-11-18 18:34:00+00:00,93202.38,93245.93,93188.02,93245.93,3.44476502
2025-11-18 18:35:00+00:00,93245.93,93379.98,93245.92,93268.06,23.45974871
2025-11-18 18:36:00+00:00,93272.87,93295.92,93197.17,93244.41,4.20055339
2025-11-18 18:37:00+00:00,93244.41,93247.03,93103.32,93148.0,5.47428724
2025-11-18 18:38:00+00:00,93149.27,93198.82,93095.18,93192.0,10.20508999
2025-11-18 18:39:00+00:00,93187.97,93253.38,93178.39,93236.16,5.07887166
2025-11-18 18:40:00+00:00,93239.73,93380.0,93239.73,93380.0,12.58122678
2025-11-18 18:41:00+00:00,93380.0,93381.3,93342.24,93368.74,2.16961573
2025-11-18 18:42:00+00:00,93371.99,93375.37,93311.02,93314.53,1.68064246
2025-11-18 18:43:00+00:00,93314.52,93314.53,93246.66,93310.63,6.70404368
2025-11-18 18:44:00+00:00,93312.41,93349.39,93302.65,93316.0,3.30267862
2025-11-18 18:45:00+00:00,93316.03,93348.0,93282.06,93314.0,6.48600669
2025-11-18 18:46:00+00:00,93313.68,93389.3,93312.9,93325.32,7.13148583
2025-11-18 18:47:00+00:00,93325.18,93520.0,93292.91,93500.0,26.75150175
2025-11-18 18:48:00+00:00,93497.93,93585.47,93479.4,93507.98,14.21505444
2025-11-18 18:49:00+00:00,93507.97,93561.94,93477.44,93552.0,5.57987252
2025-11-18 18:50:00+00:00,93552.0,93588.0,93513.76,93568.04,8.81864325
2025-11-18 18:51:00+00:00,93568.45,93606.3,93539.94,93599.7,2.77027004
2025-11-18 18:52:00+00:00,93599.7,93599.7,93551.73,93568.89,5.86822226
2025-11-18 18:53:00+00:00,93567.54,93570.79,93481.04,93484.01,3.27099973
2025-11-18 18:54:00+00:00,93480.47,93493.31,93452.42,93465.99,4.63107393
2025-11-18 18:55:00+00:00,93465.99,93465.99,93347.82,93351.99,17.98172398
2025-11-18 18:56:00+00:00,93349.99,93358.01,93300.0,93327.99,6.87204301
2025-11-18 18:57:00+00:00,93328.6,93328.6,93256.87,93269.47,10.07157705
2025-11-18 18:58:00+00:00,93269.48,93300.01,93234.92,93248.13,4.12300119
2025-11-18 18:59:00+00:00,93248.14,93281.88,93245.52,93274.83,3.71598829
2025-11-18 19:00:00+00:00,93274.84,93310.0,93223.4,93298.03,9.43704255
2025-11-18 19:01:00+00:00,93296.05,93356.83,93250.01,93250.86,24.6464423
2025-11-18 19:02:00+00:00,93250.83,93274.13,93216.7,93272.02,6.11872672
2025-11-18 19:03:00+00:00,93272.02,93272.02,93159.18,93206.0,4.72928916
2025-11-18 19:04:00+00:00,93206.74,93243.8,93194.74,93206.3,5.19227255
2025-11-18 19:05:00+00:00,93206.27,93248.44,93198.84,93226.05,4.31761068
2025-11-18 19:06:00+00:00,93222.69,93270.0,93193.71,93262.79,10.50481407
2025-11-18 19:07:00+00:00,93262.79,93316.01,93243.83,93308.71,10.90236366
2025-11-18 19:08:00+00:00,93308.01,93310.0,93265.39,93276.71,7.34635403
2025-11-18 19:09:00+00:00,93275.66,93329.98,93240.91,93272.57,13.41867261
2025-11-18 19:10:00+00:00,93272.57,93286.59,93240.91,93262.17,7.2061492
2025-11-18 19:11:00+00:00,93262.18,93317.44,93219.3,93313.78,4.3202705
2025-11-18 19:12:00+00:00,93314.09,93434.81,93314.09,93415.6,12.76324599
2025-11-18 19:13:00+00:00,93412.98,93468.75,93353.86,93454.87,9.12256133
2025-11-18 19:14:00+00:00,93454.0,93468.73,93407.43,93423.18,5.11661364
2025-11-18 19:15:00+00:00,93423.63,93470.45,93341.3,93370.0,19.38513715
2025-11-18 19:16:00+00:00,93370.0,93398.23,93331.0,93367.02,4.94938693
2025-11-18 19:17:00+00:00,93367.01,93367.01,93283.36,93310.0,8.85162989
2025-11-18 19:18:00+00:00,93310.0,93370.0,93310.0,93352.45,9.08431148
2025-11-18 19:19:00+00:00,93352.46,93434.17,93350.0,93414.0,3.98670946
2025-11-18 19:20:00+00:00,93412.02,93476.0,93410.0,93410.5,4.02686087
2025-11-18 19:21:00+00:00,93410.5,93452.39,93391.08,93404.04,3.0145461
2025-11-18 19:22:00+00:00,93404.04,93427.89,93362.7,93382.88,18.32922754
2025-11-18 19:23:00+00:00,93382.88,93399.61,93334.0,93384.68,4.53197316
2025-11-18 19:24:00+00:00,93387.72,93403.33,93360.0,93399.82,3.00490781
2025-11-18 19:25:00+00:00,93399.83,93464.68,93399.24,93452.42,6.39047215
2025-11-18 19:26:00+00:00,93452.41,93465.99,93415.61,93437.99,3.90271288
2025-11-18 19:27:00+00:00,93429.31,93429.31,93354.16,93417.73,6.42955489
2025-11-18 19:28:00+00:00,93417.73,93417.73,93340.39,93340.39,5.78056246
2025-11-18 19:29:00+00:00,93340.39,93409.76,93338.5,93384.3,5.08175301
2025-11-18 19:30:00+00:00,93384.3,93427.81,93375.72,93394.69,5.43481557
2025-11-18 19:31:00+00:00,93394.69,93410.03,93330.01,93330.01,5.05320074
2025-11-18 19:32:00+00:00,93330.01,93330.01,93253.67,93268.39,6.85400713
2025-11-18 19:33:00+00:00,93268.39,93282.73,93213.99,93264.89,9.30465361
2025-11-18 19:34:00+00:00,93264.56,93266.03,93179.12,93202.27,6.80978613
2025-11-18 19:35:00+00:00,93202.92,93248.42,93188.86,93223.38,7.12323488
2025-11-18 19:36:00+00:00,93223.38,93289.93,93223.38,93258.03,5.65042904
2025-11-18 19:37:00+00:00,93258.03,93338.35,93258.03,93317.45,24.56461358
2025-11-18 19:38:00+00:00,93317.45,93335.96,93239.01,93328.63,31.12090483
2025-11-18 19:39:00+00:00,93328.63,93561.99,93328.63,93533.46,22.5025696
2025-11-18 19:40:00+00:00,93533.45,93533.46,93431.97,93443.46,13.98220329
2025-11-18 19:41:00+00:00,93440.66,93468.8,93370.62,93370.62,7.43266663
2025-11-18 19:42:00+00:00,93370.62,93370.62,93305.96,93341.98,8.83051971
2025-11-18 19:43:00+00:00,93341.98,93378.35,93321.53,93376.02,11.20785096
2025-11-18 19:44:00+00:00,93376.02,93376.02,93138.85,93151.42,23.29332346
2025-11-18 19:45:00+00:00,93137.81,93248.0,93137.81,93196.01,47.38219285
2025-11-18 19:46:00+00:00,93190.99,93202.91,93088.39,93088.39,23.08075041
2025-11-18 19:47:00+00:00,93086.01,93200.0,93084.32,93174.66,23.84808927
2025-11-18 19:48:00+00:00,93174.3,93174.3,93046.1,93078.97,23.39468802
2025-11-18 19:49:00+00:00,93078.97,93129.3,93012.73,93014.79,16.62440459
2025-11-18 19:50:00+00:00,93014.78,93014.78,92957.53,92980.93,15.24556287
2025-11-18 19:51:00+00:00,92980.93,93098.0,92945.26,93082.71,45.42135402
2025-11-18 19:52:00+00:00,93082.71,93131.5,93029.15,93046.02,16.30969649
2025-11-18 19:53:00+00:00,93046.02,93059.3,92982.06,92986.57,15.16177178
2025-11-18 19:54:00+00:00,92986.57,93005.54,92912.35,92972.46,25.28785458
2025-11-18 19:55:00+00:00,92972.45,93046.29,92925.5,93042.47,8.71794977
2025-11-18 19:56:00+00:00,93042.46,93084.31,93017.49,93084.31,8.13183544
2025-11-18 19:57:00+00:00,93084.31,93108.85,93039.32,93069.03,5.14011286
2025-11-18 19:58:00+00:00,93069.04,93088.62,93021.73,93043.39,7.25244985
2025-11-18 19:59:00+00:00,93043.4,93129.28,93031.58,93123.99,12.93766354
2025-11-18 20:00:00+00:00,93123.99,93243.59,93112.94,93243.59,13.75686981
2025-11-18 20:01:00+00:00,93243.59,93254.11,93134.26,93176.49,8.76159507
2025-11-18 20:02:00+00:00,93176.49,93207.01,93116.23,93146.03,7.09580488
2025-11-18 20:03:00+00:00,93149.0,93200.0,93149.0,93182.47,2.55703495
2025-11-18 20:04:00+00:00,93182.47,93187.07,93141.58,93161.41,2.80896757
2025-11-18 20:05:00+00:00,93161.4,93161.4,93092.5,93092.5,4.22718442
2025-11-18 20:06:00+00:00,93092.49,93098.34,93031.59,93070.6,6.45354069
2025-11-18 20:07:00+00:00,93070.61,93092.49,93031.14,93038.32,3.91183011
2025-11-18 20:08:00+00:00,93038.31,93071.74,92977.97,93037.99,5.9793445
2025-11-18 20:09:00+00:00,93037.99,93065.5,92998.01,93022.98,4.0216829
2025-11-18 20:10:00+00:00,93022.98,93063.83,92986.15,92986.15,7.76571833
2025-11-18 20:11:00+00:00,92982.06,92982.06,92920.72,92929.41,8.83895553
2025-11-18 20:12:00+00:00,92929.41,92959.73,92902.71,92945.62,6.83954583
2025-11-18 20:13:00+00:00,92946.0,92951.94,92875.91,92947.08,12.75200037
2025-11-18 20:14:00+00:00,92947.08,93039.32,92947.08,93022.96,17.32943841
2025-11-18 20:15:00+00:00,93022.96,93050.0,93008.98,93018.61,5.36912826
2025-11-18 20:16:00+00:00,93018.6,93063.86,93007.22,93039.32,8.72246449
2025-11-18 20:17:00+00:00,93039.32,93145.38,93039.32,93108.63,19.25539305
2025-11-18 20:18:00+00:00,93110.01,93142.71,93100.0,93126.0,8.60424643
2025-11-18 20:19:00+00:00,93120.0,93140.12,93100.01,93104.0,13.39580338
2025-11-18 20:20:00+00:00,93103.99,93117.03,93078.29,93117.03,6.245327
2025-11-18 20:21:00+00:00,93117.02,93201.25,93105.77,93174.3,18.57350812
2025-11-18 20:22:00+00:00,93174.29,93174.29,93138.03,93141.57,6.21553666
2025-11-18 20:23:00+00:00,93141.57,93173.37,93091.05,93136.29,8.89185685
2025-11-18 20:24:00+00:00,93136.3,93139.83,93059.78,93087.53,9.97249017
2025-11-18 20:25:00+00:00,93087.53,93087.53,92998.43,92998.44,7.45962113
2025-11-18 20:26:00+00:00,92998.44,93025.62,92941.17,93000.57,10.96656063
2025-11-18 20:27:00+00:00,93000.57,93000.57,92969.8,92978.77,9.41629163
2025-11-18 20:28:00+00:00,92978.77,93039.46,92938.46,93017.04,15.61616063
2025-11-18 20:29:00+00:00,93017.04,93095.1,93017.04,93077.33,10.26821585
2025-11-18 20:30:00+00:00,93077.32,93136.0,93035.5,93059.53,18.51093207
2025-11-18 20:31:00+00:00,93057.17,93057.17,92952.01,92953.36,13.46301311
2025-11-18 20:32:00+00:00,92953.37,92962.85,92904.35,92924.12,12.43161125
2025-11-18 20:33:00+00:00,92923.99,92923.99,92818.47,92853.97,31.77666776
2025-11-18 20:34:00+00:00,92853.75,92853.75,92766.06,92810.77,33.16592113
2025-11-18 20:35:00+00:00,92810.78,92896.8,92810.78,92837.38,14.54878991
2025-11-18 20:36:00+00:00,92837.39,92872.22,92781.28,92870.01,9.20323269
2025-11-18 20:37:00+00:00,92870.6,92903.37,92858.4,92882.59,6.85676779
2025-11-18 20:38:00+00:00,92882.59,92943.03,92879.81,92923.69,11.20715145
2025-11-18 20:39:00+00:00,92923.69,92925.0,92892.08,92916.65,7.54474022
2025-11-18 20:40:00+00:00,92916.65,92945.25,92874.0,92874.47,22.1877633
2025-11-18 20:41:00+00:00,92875.85,92893.12,92810.28,92845.58,7.70888203
2025-11-18 20:42:00+00:00,92845.58,92861.34,92821.79,92835.96,7.26717523
2025-11-18 20:43:00+00:00,92835.96,92861.35,92806.26,92824.0,13.17903213
2025-11-18 20:44:00+00:00,92824.0,92828.0,92716.52,92741.93,11.78035887
2025-11-18 20:45:00+00:00,92741.94,92777.6,92714.61,92724.48,10.18744821
2025-11-18 20:46:00+00:00,92724.49,92732.83,92637.6,92658.21,16.05144889
2025-11-18 20:47:00+00:00,92658.21,92697.99,92606.0,92675.3,13.72273782
2025-11-18 20:48:00+00:00,92670.68,92700.0,92614.99,92680.26,12.7445643
2025-11-18 20:49:00+00:00,92680.26,92686.26,92632.0,92633.8,3.37072688
2025-11-18 20:50:00+00:00,92633.8,92758.89,92633.8,92735.55,17.61646386
2025-11-18 20:51:00+00:00,92735.54,92824.0,92727.93,92810.28,13.11133382
2025-11-18 20:52:00+00:00,92810.28,92920.64,92793.93,92848.94,16.69660325
2025-11-18 20:53:00+00:00,92848.94,92898.28,92838.91,92865.47,18.87234147
2025-11-18 20:54:00+00:00,92874.65,92940.0,92874.65,92897.42,10.31864529
2025-11-18 20:55:00+00:00,92896.0,92945.0,92814.24,92817.33,8.90091009
2025-11-18 20:56:00+00:00,92817.97,92817.97,92777.56,92802.77,2.7001367
2025-11-18 20:57:00+00:00,92802.77,92814.37,92737.01,92757.1,14.63570092
2025-11-18 20:58:00+00:00,92757.1,92818.45,92757.1,92810.06,12.27231933
2025-11-18 20:59:00+00:00,92811.98,92828.0,92741.23,92748.97,35.30579004
2025-11-18 21:00:00+00:00,92744.01,92826.64,92731.14,92738.22,17.96480081
2025-11-18 21:01:00+00:00,92738.23,92738.23,92612.93,92728.47,7.34801945
2025-11-18 21:02:00+00:00,92732.48,92869.74,92691.01,92839.99,13.48915038
2025-11-18 21:03:00+00:00,92840.02,92840.02,92780.0,92820.22,5.12052608
2025-11-18 21:04:00+00:00,92820.23,92853.6,92754.72,92754.72,7.55189263
2025-11-18 21:05:00+00:00,92753.03,92835.87,92728.49,92786.21,12.32883296
2025-11-18 21:06:00+00:00,92786.2,92807.0,92779.99,92807.0,2.48455071
2025-11-18 21:07:00+00:00,92807.46,92814.76,92753.02,92804.47,14.3475435
2025-11-18 21:08:00+00:00,92797.54,92807.28,92769.38,92797.41,1.473774
2025-11-18 21:09:00+00:00,92797.41,92865.99,92797.4,92837.29,4.18676395
2025-11-18 21:10:00+00:00,92834.01,92924.01,92828.18,92913.21,6.03962738
2025-11-18 21:11:00+00:00,92913.2,92913.2,92838.55,92860.09,7.55133609
2025-11-18 21:12:00+00:00,92858.02,92944.98,92858.02,92944.43,3.56525223
2025-11-18 21:13:00+00:00,92944.42,92973.88,92940.32,92954.46,6.43325231
2025-11-18 21:14:00+00:00,92954.46,92965.86,92950.77,92964.1,5.82490233
2025-11-18 21:15:00+00:00,92960.0,92972.51,92928.9,92959.54,4.10576279
2025-11-18 21:16:00+00:00,92959.55,92966.0,92920.71,92925.6,3.6913846
2025-11-18 21:17:00+00:00,92925.6,92949.05,92925.6,92933.0,5.5248263
2025-11-18 21:18:00+00:00,92932.99,92932.99,92875.72,92886.01,2.78357517
2025-11-18 21:19:00+00:00,92896.16,92948.13,92896.16,92927.12,3.01822965
2025-11-18 21:20:00+00:00,92920.64,92942.03,92912.29,92938.8,3.52529484
2025-11-18 21:21:00+00:00,92938.8,92949.33,92887.99,92949.33,4.58413464
2025-11-18 21:22:00+00:00,92948.0,92995.44,92948.0,92979.23,5.00457566
2025-11-18 21:23:00+00:00,92979.24,92984.57,92946.44,92946.45,8.64093846
2025-11-18 21:24:00+00:00,92949.55,92959.91,92808.6,92848.94,23.91855555
2025-11-18 21:25:00+00:00,92850.96,92920.71,92848.94,92920.71,9.95412773
2025-11-18 21:26:00+00:00,92924.8,92949.55,92902.0,92914.09,4.08681902
2025-11-18 21:27:00+00:00,92914.08,92914.08,92879.84,92898.81,2.16048769
2025-11-18 21:28:00+00:00,92897.44,92953.43,92896.17,92902.04,2.37847292
2025-11-18 21:29:00+00:00,92902.04,92912.37,92886.74,92890.04,4.29212623
2025-11-18 21:30:00+00:00,92890.04,92890.06,92823.26,92839.67,2.31005158
2025-11-18 21:31:00+00:00,92839.66,92870.33,92764.1,92799.66,2.63166003
2025-11-18 21:32:00+00:00,92799.67,92799.67,92620.46,92629.53,11.95814531
2025-11-18 21:33:00+00:00,92629.52,92683.17,92617.0,92646.58,8.47335585
2025-11-18 21:34:00+00:00,92646.0,92646.46,92538.17,92618.05,20.79360566
2025-11-18 21:35:00+00:00,92618.04,92646.13,92594.76,92643.32,3.17653147
2025-11-18 21:36:00+00:00,92643.32,92643.97,92614.0,92641.14,4.3808244
2025-11-18 21:37:00+00:00,92640.91,92691.09,92640.9,92683.91,1.96065623
2025-11-18 21:38:00+00:00,92683.91,92720.29,92662.0,92666.64,6.34430136
2025-11-18 21:39:00+00:00,92663.05,92689.02,92655.01,92684.49,4.04131232
2025-11-18 21:40:00+00:00,92684.46,92684.46,92619.04,92669.53,5.40308033
2025-11-18 21:41:00+00:00,92669.55,92670.0,92650.0,92658.76,2.15247329
2025-11-18 21:42:00+00:00,92656.47,92703.42,92656.47,92689.54,3.44895277
2025-11-18 21:43:00+00:00,92689.54,92689.59,92618.05,92629.54,4.72095118
2025-11-18 21:44:00+00:00,92629.99,92663.04,92585.34,92585.34,1.91451884
2025-11-18 21:45:00+00:00,92585.33,92585.33,92540.3,92577.09,3.3474393
2025-11-18 21:46:00+00:00,92577.09,92601.69,92564.01,92577.18,5.61461665
2025-11-18 21:47:00+00:00,92577.65,92577.65,92534.11,92536.0,1.30851208
2025-11-18 21:48:00+00:00,92536.0,92566.0,92473.33,92557.82,19.14169629
2025-11-18 21:49:00+00:00,92557.82,92623.5,92539.79,92539.79,2.73676324
2025-11-18 21:50:00+00:00,92539.8,92539.8,92482.0,92506.09,5.74558009
2025-11-18 21:51:00+00:00,92506.09,92542.37,92499.52,92506.39,1.44502721
2025-11-18 21:52:00+00:00,92506.47,92542.36,92491.27,92491.27,4.9307453
2025-11-18 21:53:00+00:00,92491.27,92514.95,92480.0,92480.87,2.64942564
2025-11-18 21:54:00+00:00,92480.87,92491.25,92396.01,92408.87,8.17191442
2025-11-18 21:55:00+00:00,92408.88,92448.0,92407.77,92442.95,11.59959146
2025-11-18 21:56:00+00:00,92444.56,92473.94,92435.19,92444.02,3.71007658
2025-11-18 21:57:00+00:00,92444.02,92453.21,92434.64,92441.58,1.03654132
2025-11-18 21:58:00+00:00,92441.59,92490.97,92441.58,92474.48,12.54997879
2025-11-18 21:59:00+00:00,92478.98,92485.24,92434.35,92442.18,2.28515951
2025-11-18 22:00:00+00:00,92442.18,92490.97,92438.1,92489.82,2.36683234
2025-11-18 22:01:00+00:00,92489.81,92527.49,92484.56,92514.27,7.4570964
2025-11-18 22:02:00+00:00,92514.27,92610.32,92514.26,92593.48,17.06168094
2025-11-18 22:03:00+00:00,92589.41,92641.99,92507.99,92520.49,12.07977895
2025-11-18 22:04:00+00:00,92520.49,92548.5,92520.48,92529.81,3.45968848
2025-11-18 22:05:00+00:00,92529.8,92622.6,92529.8,92613.96,5.13759177
2025-11-18 22:06:00+00:00,92609.88,92641.99,92581.24,92589.99,3.80611322
2025-11-18 22:07:00+00:00,92589.99,92613.95,92589.99,92609.54,2.22669372
2025-11-18 22:08:00+00:00,92609.54,92736.88,92571.98,92736.88,27.18074333
2025-11-18 22:09:00+00:00,92737.76,92842.99,92737.76,92780.8,9.37933905
2025-11-18 22:10:00+00:00,92780.8,92814.36,92780.79,92811.97,6.28649486
2025-11-18 22:11:00+00:00,92811.97,92923.71,92778.12,92896.95,36.21801163
2025-11-18 22:12:00+00:00,92896.95,92969.61,92883.91,92901.3,14.09015747
2025-11-18 22:13:00+00:00,92901.3,92973.88,92859.36,92961.17,17.75484844
2025-11-18 22:14:00+00:00,92957.52,93027.63,92956.0,93021.99,5.74196438
2025-11-18 22:15:00+00:00,93021.99,93027.05,92943.99,92960.51,5.47506582
2025-11-18 22:16:00+00:00,92960.51,92967.99,92939.28,92944.0,2.86049399
2025-11-18 22:17:00+00:00,92944.0,93032.07,92944.0,93019.5,6.58340462
2025-11-18 22:18:00+00:00,93021.09,93056.01,93019.96,93021.72,5.17244785
2025-11-18 22:19:00+00:00,93021.72,93093.98,93015.91,93065.26,6.74058653
2025-11-18 22:20:00+00:00,93065.26,93085.94,92995.14,93016.0,8.82320876
2025-11-18 22:21:00+00:00,93018.86,93111.09,93018.86,93093.62,3.2634008
2025-11-18 22:22:00+00:00,93093.64,93146.0,93091.56,93129.91,4.08793431
2025-11-18 22:23:00+00:00,93129.91,93219.27,93122.47,93204.57,10.40752043
2025-11-18 22:24:00+00:00,93204.57,93220.0,93153.84,93153.85,4.19487405
2025-11-18 22:25:00+00:00,93153.84,93185.34,93128.83,93156.0,2.98278056
2025-11-18 22:26:00+00:00,93156.0,93183.53,93128.0,93135.99,1.57329597
2025-11-18 22:27:00+00:00,93135.98,93138.0,93130.94,93133.46,1.85018965
2025-11-18 22:28:00+00:00,93133.46,93214.64,93133.45,93206.84,14.12120333
2025-11-18 22:29:00+00:00,93206.83,93212.0,93166.65,93192.92,4.49895593
2025-11-18 22:30:00+00:00,93192.92,93217.73,93184.85,93185.93,3.12055615
2025-11-18 22:31:00+00:00,93185.94,93198.38,93185.93,93197.9,0.89696046
2025-11-18 22:32:00+00:00,93197.9,93260.46,93197.9,93235.52,4.69765937
2025-11-18 22:33:00+00:00,93235.53,93350.13,93226.01,93340.04,3.79483345
2025-11-18 22:34:00+00:00,93350.16,93372.25,93308.01,93361.48,14.45368313
2025-11-18 22:35:00+00:00,93361.48,93361.48,93317.63,93350.48,2.9822594
2025-11-18 22:36:00+00:00,93349.95,93351.55,93330.04,93341.97,0.93366549
2025-11-18 22:37:00+00:00,93341.98,93347.77,93288.05,93304.8,3.16069398
2025-11-18 22:38:00+00:00,93303.35,93312.81,93264.27,93265.75,1.06909789
2025-11-18 22:39:00+00:00,93265.25,93265.25,93185.23,93202.16,1.69038986
2025-11-18 22:40:00+00:00,93202.16,93254.78,93182.28,93194.99,2.40396354
2025-11-18 22:41:00+00:00,93194.99,93274.33,93194.99,93272.91,1.81512915
2025-11-18 22:42:00+00:00,93268.16,93269.25,93201.4,93212.6,1.07664789
2025-11-18 22:43:00+00:00,93212.6,93268.17,93212.6,93268.17,9.25979078
2025-11-18 22:44:00+00:00,93268.16,93268.17,93211.1,93215.68,1.35692274
2025-11-18 22:45:00+00:00,93215.68,93246.57,93202.95,93242.86,1.24190666
2025-11-18 22:46:00+00:00,93241.12,93243.53,93166.11,93166.11,4.29821596
2025-11-18 22:47:00+00:00,93166.12,93166.12,93072.14,93142.84,7.26576076
2025-11-18 22:48:00+00:00,93143.94,93145.31,93086.28,93086.29,1.23885842
2025-11-18 22:49:00+00:00,93086.29,93086.31,93051.6,93078.9,3.97293148
2025-11-18 22:50:00+00:00,93078.9,93199.99,93076.26,93194.74,3.25302751
2025-11-18 22:51:00+00:00,93194.74,93195.2,93182.24,93186.31,0.8989196
2025-11-18 22:52:00+00:00,93186.29,93186.29,93158.1,93161.0,1.20116714
2025-11-18 22:53:00+00:00,93161.0,93161.0,93135.23,93143.88,1.01736621
2025-11-18 22:54:00+00:00,93146.81,93146.81,93098.78,93133.39,1.32533384
2025-11-18 22:55:00+00:00,93133.39,93167.4,93133.33,93167.39,3.43718193
2025-11-18 22:56:00+00:00,93167.39,93167.39,93139.79,93140.0,2.9720547
2025-11-18 22:57:00+00:00,93140.0,93140.83,93132.07,93137.61,0.64813167
2025-11-18 22:58:00+00:00,93137.62,93137.62,93068.99,93069.0,0.95738429
2025-11-18 22:59:00+00:00,93069.0,93148.77,93057.91,93112.95,5.86830154
2025-11-18 23:00:00+00:00,93112.95,93126.61,93039.09,93046.0,9.28747795
2025-11-18 23:01:00+00:00,93046.0,93080.24,93045.99,93068.0,0.99710404
2025-11-18 23:02:00+00:00,93068.0,93069.71,93023.37,93062.13,3.13105807
2025-11-18 23:03:00+00:00,93062.6,93067.73,93000.0,93028.41,3.1466951
2025-11-18 23:04:00+00:00,93031.14,93085.58,93031.14,93051.41,6.88658874
2025-11-18 23:05:00+00:00,93051.4,93085.58,93024.0,93067.49,3.52862975
2025-11-18 23:06:00+00:00,93070.0,93113.98,93047.5,93052.66,1.67284006
2025-11-18 23:07:00+00:00,93052.67,93070.46,92977.98,93044.84,2.37844311
2025-11-18 23:08:00+00:00,93037.94,93037.94,92954.95,92969.54,1.13830661
2025-11-18 23:09:00+00:00,92969.56,92976.0,92775.39,92817.81,23.18668408
2025-11-18 23:10:00+00:00,92813.76,92840.93,92763.64,92799.08,11.30046543
2025-11-18 23:11:00+00:00,92799.59,92825.59,92771.92,92780.71,3.14413136
2025-11-18 23:12:00+00:00,92780.7,92780.7,92695.76,92731.99,5.32897795
2025-11-18 23:13:00+00:00,92732.0,92756.28,92671.13,92756.28,2.67939818
2025-11-18 23:14:00+00:00,92753.02,92788.16,92722.34,92782.0,7.64325059
2025-11-18 23:15:00+00:00,92788.16,92864.0,92788.16,92854.18,4.0295681
2025-11-18 23:16:00+00:00,92851.79,92864.16,92818.46,92818.46,7.38895811
2025-11-18 23:17:00+00:00,92825.97,92840.83,92804.41,92837.62,1.78591265
2025-11-18 23:18:00+00:00,92837.62,92885.42,92834.54,92834.83,1.51508045
2025-11-18 23:19:00+00:00,92834.83,92842.97,92810.55,92838.04,2.07191296
2025-11-18 23:20:00+00:00,92838.04,92865.98,92824.32,92847.1,3.93469965
2025-11-18 23:21:00+00:00,92855.99,92889.99,92843.01,92861.48,2.82867784
2025-11-18 23:22:00+00:00,92858.0,92858.0,92815.81,92827.55,0.82645821
2025-11-18 23:23:00+00:00,92832.7,92836.42,92802.1,92802.1,2.77788403
2025-11-18 23:24:00+00:00,92802.21,92804.02,92726.06,92729.49,4.9203552
2025-11-18 23:25:00+00:00,92729.49,92769.77,92695.76,92758.39,22.54720833
2025-11-18 23:26:00+00:00,92758.26,92813.62,92758.0,92786.01,6.25641008
2025-11-18 23:27:00+00:00,92786.01,92810.08,92736.45,92806.01,5.0990664
2025-11-18 23:28:00+00:00,92806.01,92823.34,92788.02,92788.02,4.85680452
2025-11-18 23:29:00+00:00,92788.01,92796.15,92780.42,92784.46,2.02709802
2025-11-18 23:30:00+00:00,92787.0,92872.67,92785.74,92866.11,3.85424385
2025-11-18 23:31:00+00:00,92866.12,92866.12,92837.9,92841.0,6.8212141
2025-11-18 23:32:00+00:00,92841.0,92841.02,92782.01,92830.73,5.84116736
2025-11-18 23:33:00+00:00,92830.73,92858.32,92796.15,92796.16,4.94751375
2025-11-18 23:34:00+00:00,92796.15,92872.14,92754.23,92855.97,5.64203859
2025-11-18 23:35:00+00:00,92855.99,92871.67,92848.29,92870.15,1.41892119
2025-11-18 23:36:00+00:00,92870.15,92920.0,92863.48,92863.48,8.93081878
2025-11-18 23:37:00+00:00,92863.48,92918.01,92855.75,92912.74,1.86766635
2025-11-18 23:38:00+00:00,92910.01,92951.57,92909.99,92951.57,2.15886048
2025-11-18 23:39:00+00:00,92950.39,92968.7,92908.0,92913.93,2.31829324
2025-11-18 23:40:00+00:00,92913.92,92920.67,92851.2,92851.2,5.26236895
2025-11-18 23:41:00+00:00,92851.22,92851.22,92814.37,92825.01,4.01567252
2025-11-18 23:42:00+00:00,92825.0,92874.69,92798.01,92848.57,5.27549501
2025-11-18 23:43:00+00:00,92848.71,92857.05,92818.47,92823.99,3.80391526
2025-11-18 23:44:00+00:00,92823.99,92834.0,92809.44,92831.75,1.00287399
2025-11-18 23:45:00+00:00,92830.99,92854.09,92806.2,92810.13,0.95127086
2025-11-18 23:46:00+00:00,92810.13,92844.0,92763.13,92763.13,8.36929905
2025-11-18 23:47:00+00:00,92761.21,92761.21,92719.13,92728.26,4.44677676
2025-11-18 23:48:00+00:00,92728.26,92728.26,92695.76,92719.42,3.63725113
2025-11-18 23:49:00+00:00,92719.42,92740.63,92712.7,92712.71,2.98991405
2025-11-18 23:50:00+00:00,92712.7,92783.96,92701.27,92783.96,3.37556682
2025-11-18 23:51:00+00:00,92783.15,92813.24,92766.22,92766.23,3.80398391
2025-11-18 23:52:00+00:00,92766.23,92830.92,92766.22,92830.91,1.41868255
2025-11-18 23:53:00+00:00,92830.9,92851.75,92805.2,92847.57,3.53032377
2025-11-18 23:54:00+00:00,92847.57,92850.77,92814.0,92821.53,2.06605451
2025-11-18 23:55:00+00:00,92814.76,92814.76,92798.0,92801.4,0.7022703
2025-11-18 23:56:00+00:00,92801.4,92875.72,92801.39,92875.72,1.82500885
2025-11-18 23:57:00+00:00,92879.81,92958.0,92879.81,92948.04,6.01996421
2025-11-18 23:58:00+00:00,92948.04,92985.67,92930.23,92930.26,3.69486479
2025-11-18 23:59:00+00:00,92930.25,92930.26,92904.36,92914.46,1.25013583
2025-11-19 00:00:00+00:00,92914.45,92948.0,92866.63,92877.94,8.20198528
