date,ticker,close,return_1d_z,return_1d_log_z,return_3d_z,return_3d_log_z,return_5d_z,return_5d_log_z,sma_5_dev,sma_5_dev_z,sma_10_dev,sma_10_dev_z,rsi_14,rsi_14_z,macd_norm,macd_norm_z,direction,proba,signal
2023-03-24,AAPL,294.04,0.8389355943973803,0.8402045885377919,1.1863598193275053,1.184574781624175,1.2649225822296148,1.260131203075485,0.005677542923592671,1.4583645119840078,0.0031181130298915385,0.7497797660432898,48.89364739471805,0.6083698708359092,-0.004319144429944021,-1.4300425607757723,1,0.5806792614019787,1
2023-03-27,AAPL,295.59,1.2416653706680416,1.241343927498089,1.8138464948438147,1.8054220830599885,2.1158035596240206,2.0981980018312565,0.007677150590785894,1.8278306060269984,0.008271792335374121,1.5338887902790406,44.880677444187675,0.40041606012279607,-0.0034353146607720097,-1.0167996282465193,0,0.35964479179455183,-1
2023-03-28,AAPL,294.47,-0.8079136587473453,-0.8078920239600912,0.7750603225134635,0.7761845902976017,1.1675261545607667,1.1642194539096662,0.002130382107513137,0.5877256336841312,0.004667317179685065,0.9481355637514102,47.28304947283064,0.486523331010774,-0.003007700377668609,-0.8079759703373991,1,0.5931866119334248,1
2023-03-29,AAPL,295.64,0.942852943140655,0.9437352511210995,0.8413102271206254,0.8419636039829467,1.5259617402567507,1.5179469465765874,0.0036733003347388074,0.9045268433259389,0.008112227674324303,1.4443035439066327,51.45631067961161,0.6596741567376021,-0.0023210827165663557,-0.49733541067028625,0,0.4434946117507545,-1
2023-03-30,AAPL,294.12,-1.1123816962766806,-1.1138889226683757,-0.6023328588390863,-0.599983701912105,0.5416120134189606,0.5438373502723576,-0.0022118790115751956,-0.3910758109750747,0.0027034674612292984,0.5945633273830608,42.632331902718086,0.2012994114257901,-0.002168786252592464,-0.41517170300362116,1,0.48431007161395945,0
2023-03-31,AAPL,294.38,0.2635147756924605,0.26573636812207935,0.05204523540730276,0.05553185543854435,0.2558734555490711,0.2595267821088879,-0.0015601682268350167,-0.23518896952107807,0.002622526480705636,0.5809206246386156,46.90799396681748,0.3889162067571471,-0.001954270141732455,-0.3067433891933603,1,0.46295716482160804,0
2023-04-03,AAPL,296.87,1.895370401070108,1.8910314387826057,0.6683067234959587,0.6700362566823049,0.6068091501389552,0.6085553189593318,0.006011603003768269,1.395889026767596,0.009017154005377052,1.5223348338981668,55.654952076677304,0.819466458169943,-0.0010893561971525567,0.0761541411447488,1,0.47857852306987103,0
2023-04-04,AAPL,299.99,2.2376397016577125,2.2305214621520473,2.6564845106565302,2.6350344264079295,2.117388630156084,2.099039435079421,0.012795408507765093,2.666581562934049,0.016839422144789264,2.537905907950278,66.76072234762992,1.3879459649742412,0.0004431934301320805,0.7398826134766034,0,0.3348548445143912,-1
2023-04-05,AAPL,299.38,-0.45729968943506105,-0.45595755915105834,2.136371700153955,2.1237417645113346,1.4059186926379463,1.3995942706066218,0.008189986125516982,1.6477787425858463,0.01226361186530636,1.7901303312142178,66.68545659526512,1.36358904938291,0.0014715008438489065,1.1676647067790071,0,0.3334043915643389,-1
2023-04-06,AAPL,299.24,-0.11570733088058495,-0.1135760057294127,0.9746499737729188,0.9752697341549718,1.8244563939211407,1.811209053584442,0.004255433396426608,0.8329046294758568,0.00967702751946876,1.3771162808248218,74.07639323732019,1.7551616863649206,0.002220943606596505,1.4529246096232684,1,0.49801123147656834,0
2023-04-07,AAPL,300.92,1.1592855595134905,1.1594923955488394,0.3474913157543326,0.3510328468183801,2.1856906603240986,2.1652191322067313,0.005479818230419628,1.0455444443133999,0.012994007944523038,1.7537851698595055,79.94082840236712,2.0602698658452145,0.0032327115930521986,1.809430142572609,0,0.37757847645342574,-1
2023-04-10,AAPL,300.82,-0.12222205538111806,-0.1200712167831221,0.5434095654126493,0.5462083669625906,1.2526095402096726,1.2483594184896334,0.002499416802745836,0.43420919942557634,0.010877637499454014,1.4136747490432688,77.99495586380849,1.9296908120920782,0.003959314952231336,2.0067131826485296,0,0.3641750775129887,-1
2023-04-11,AAPL,298.92,-1.4088918045348393,-1.4124567255229457,-0.21984146206013563,-0.21620512290453708,-0.4402670311274949,-0.43588233935134635,-0.0031214983191933305,-0.7157066598028705,0.0029930073684351667,0.33954088615284456,69.42711287578013,1.4138675294303684,0.003973028128175222,1.9139944126752513,1,0.5872707835318906,1
2023-04-12,AAPL,299.17,0.11563216208044226,0.11797123619602762,-0.861317438570333,-0.860626718840625,-0.17592286996540699,-0.17107472910759006,-0.002147998425690613,-0.5494866418857045,0.0026442702450892894,0.26556722791862264,68.1065088757398,1.3503048693743214,0.0040050944137231155,1.8343887118255,0,0.3634436552967742,-1
2023-04-13,AAPL,298.56,-0.5042841932058275,-0.5029922731092195,-1.1035361768983345,-1.1048272712680958,-0.3697703713687449,-0.36534032160094176,-0.0037306709201209132,-0.9000526595455641,-0.0008868066594160006,-0.2585815102215295,63.680387409201025,1.009067488193521,0.003821030548562449,1.6891889729815606,0,0.4043846407660694,-1
2023-04-14,AAPL,297.32,-0.9376547826201803,-0.9381679911492629,-0.7929763846638371,-0.7920825494428184,-1.361880456094437,-1.3646289203726787,-0.0054790304992673785,-1.2242905866893852,-0.006014328745415631,-0.9737006797457135,55.33621221468238,0.41060853334521347,0.003301348004728021,1.4418540838582725,0,0.5013049008207657,0
2023-04-17,AAPL,296.25,-0.8032936479818009,-0.8031890385599483,-1.3244870636787953,-1.3284899852157728,-1.639939606490059,-1.6465886918970287,-0.006019245480533018,-1.2899620875978297,-0.009386170529363833,-1.4125255014633806,55.507425742574185,0.4034229353880077,0.0025699788693053995,1.1378440809317347,0,0.4901928995652562,0
2023-04-18,AAPL,295.57,-0.5478282694817471,-0.5468251126081763,-1.3148896336590563,-1.3189386478059733,-1.2105180079051834,-1.2116522104819474,-0.006066434859806082,-1.280131809389146,-0.01019707650318978,-1.5093101427841182,49.776643267389936,-0.01730919877124552,0.001785160505804257,0.8270352009980166,1,0.48663625880749284,0
2023-04-19,AAPL,297.83,1.648355259246255,1.6459887217821156,0.1744408544026731,0.17824240082676265,-0.5231927376459118,-0.5191642957264019,0.002436840723512977,0.44657074571559263,-0.0021108356228640205,-0.39385450443747333,61.30408287629486,0.7739606352780907,0.0017559940571377317,0.7886080018512074,1,0.4148270301971714,-1
2023-04-20,AAPL,299.54,1.2407318030307732,1.240613874038465,1.3475026963149266,1.3450843656537617,0.2694219852531333,0.2736917638569413,0.007527699107305028,1.454151959201373,0.003517705785788698,0.3887684704416034,64.44568868980964,0.9666864540297603,0.00217138637405915,0.9082722138683322,1,0.564433523912641,1
2023-04-21,AAPL,299.78,0.14672019822097981,0.14900510788506913,1.7356028798927936,1.7288273459854628,0.7627387625823765,0.7640318221372752,0.006669039671719343,1.2774163616479608,0.004705472289996311,0.5612678372499269,59.320948110185675,0.5859329289659373,0.002535744623363666,1.0065929306670207,0,0.47260731965602837,0
2023-04-24,AAPL,298.59,-0.9021884932720838,-0.902723014544754,0.27375618974792615,0.2774977119099747,0.7176211435627569,0.7192596426521274,0.0010997042868349791,0.17118748630016334,0.0014656904341060189,0.12169048142473973,44.88304093567239,-0.4419391715550668,0.0024734307724831902,0.9528671376623697,0,0.4594622839860538,0
2023-04-25,AAPL,296.3,-1.675947661093889,-1.681682030188351,-1.3943444058719376,-1.3993041598099831,0.1851675576474901,0.18970175728742406,-0.0070641537760381895,-1.4347893931109155,-0.005340879717748947,-0.8107487599040748,39.97395833333336,-0.782952442978147,0.0017834066490113611,0.6819475045564876,1,0.5552472216129012,1
2023-04-26,AAPL,296.63,0.2326389884224813,0.2349653703740162,-1.3266358422167126,-1.3308159720499844,-0.45495811213757886,-0.45081869199501406,-0.0051581658662231055,-1.0379573972502427,-0.00338331591838382,-0.5258396625779959,41.607717041800576,-0.6651206265703115,0.0013106746960815738,0.4937827333648237,0,0.39457726961527484,-1
2023-04-27,AAPL,296.56,-0.030822629004860373,-0.02866595400829617,-0.8386503976523813,-0.8383556879645845,-1.0190546760948225,-1.019004776208657,-0.0034008576075706064,-0.6659364485065785,-0.002948523552886862,-0.4435679971077543,34.361549497847804,-1.1446926479756163,0.0009064955488009274,0.33657719054962576,0,0.3514246588689888,-1
2023-04-28,AAPL,296.23,-0.24137591299311809,-0.23953382363578224,-0.017366487128630186,-0.013429406096178442,-1.175797645912572,-1.1776259555234754,-0.0021289353302206015,-0.4038457961944809,-0.0036928913523112963,-0.5313058614893938,33.803810868031036,-1.1499517731602311,0.0004908748953316542,0.1793312652215854,0,0.37550351975219554,-1
2023-05-01,AAPL,295.61,-0.45297931995914653,-0.45166023442731207,-0.39892017446188127,-0.39611023722193833,-0.9658710269464976,-0.9656276306056276,-0.0022142264046497036,-0.40959456745948836,-0.0055640777221594145,-0.7705680224018391,37.160589604344366,-0.8897545603317192,-6.957693360703494e-06,-0.0031637140226691038,1,0.39137661446685745,-1
2023-05-02,AAPL,295.74,0.14253506973064017,0.14476631751017222,-0.30495843978098325,-0.301799933728228,-0.15114789875469867,-0.1463387943819072,-0.0013979213517291249,-0.2288273423657245,-0.005183647794510906,-0.6918038802083686,36.57008613938909,-0.8997224129905698,-0.0003622796782651899,-0.12814997958844718,1,0.4242615981635948,-1
2023-05-03,AAPL,296.13,0.3476484226185761,0.34985981893727597,0.015420486165479159,0.01935350112546234,-0.10857014872944136,-0.1037866755981064,0.00025670992454086697,0.11660695808161481,-0.0033017962983531227,-0.4057661607715612,40.31872509960149,-0.6157274387366583,-0.0005318843998772818,-0.18113804950829146,1,0.4464416806874379,-1
2023-05-04,AAPL,296.85,0.6177315168067401,0.6196443822886044,0.6161432444366955,0.6194192782369609,0.17462153576558995,0.1794014295134116,0.0024923002107312656,0.5944391528981097,2.695036416692449e-05,0.09322741897827964,48.046550290939436,-0.05643679028904933,-0.0004652035417917327,-0.1442421051478294,0,0.4658992139645842,0
2023-05-05,AAPL,293.79,-2.211651294595546,-2.2220367287240568,-0.7447619639545257,-0.7443879498368869,-0.7343543081151197,-0.7327885488104705,-0.006203826482288322,-1.1490450524011877,-0.00828036443055186,-1.074062092104522,41.226818830242536,-0.5149139537568675,-0.0012307739691843707,-0.40214201687282725,0,0.309406883564616,-1
2023-05-08,AAPL,293.71,0.0014672474076244597,0.0036550032845468006,-0.9298201678704072,-0.9310297524533884,-0.5303124412997459,-0.5274480829002858,-0.005195702537562317,-0.9335549780885526,-0.006914506939865821,-0.8515902220425614,43.0700447093889,-0.36006881484595143,-0.0018391419363505007,-0.6007281272430219,1,0.39348375113470085,-1
2023-05-09,AAPL,294.69,0.8220622923276384,0.8232665961888812,-0.8029618788575126,-0.8031110809291236,-0.2237356383425747,-0.21945829871494676,-0.0011659673122419588,-0.11149121979801689,-0.0030582488142519683,-0.27837354429981365,37.06754530477764,-0.7668513866591904,-0.0020312981461867714,-0.646357767516013,0,0.4064917990248226,-1
2023-05-10,AAPL,294.31,-0.22373617500718782,-0.22181268072030888,0.3354009743981062,0.33941938416143946,-0.4781894037309811,-0.47516481996619286,-0.0012217056368139167,-0.12189253006181662,-0.0035617310283650714,-0.3384049051037172,25.809435707677864,-1.5316555128566665,-0.0022615006135346012,-0.7047707972936507,0,0.37891522974272596,-1
2023-05-11,AAPL,292.11,-1.5978275094810561,-1.6022806463895445,-0.5707472764485447,-0.5691721866834325,-1.4562729577704736,-1.4638837093956782,-0.005488182703372655,-0.9801938140506514,-0.009517932163964831,-1.1748592788835404,19.968676585747957,-1.8606210837347499,-0.003010900075904302,-0.9486297550023495,0,0.43987311833290427,-1
2023-05-12,AAPL,291.7,-0.22035922418577497,-0.218438191235903,-1.136230280025195,-1.1395903487361112,-0.5527921316060962,-0.5501877270003402,-0.005468728691050873,-0.9491566653654909,-0.009386546402955913,-1.1215026500788605,21.267723102585563,-1.6920754919440655,-0.0036763046380384424,-1.1535833201465115,0,0.35172282088107854,-1
2023-05-15,AAPL,291.5,-0.027281746166225317,-0.02518834424719595,-1.0265364461418838,-1.029003066274636,-0.5700662237546712,-0.5677872699664758,-0.004650654574509382,-0.7578828880976461,-0.008682108327410355,-0.9882041259032387,25.757575757575793,-1.3374864539166784,-0.004211539432768541,-1.3046204861258843,1,0.39627889569104435,-1
2023-05-16,AAPL,291.86,0.4111766239077412,0.4131895347757271,0.08564762948920011,0.08966486976901601,-0.7570420853875284,-0.7565172029785387,-0.0014916386129128646,-0.09665606553489722,-0.00614645940101819,-0.6042158936953544,25.981873111782733,-1.280929415711165,-0.0044865187252209485,-1.3598087438028994,0,0.37060895685205336,-1
2023-05-17,AAPL,291.61,-0.09047543042568876,-0.08844599572798066,0.1611787064374705,0.165293781215267,-0.6938594764287287,-0.6928937434892634,-0.0005004181576386261,0.10756988682069638,-0.005467015446109172,-0.49368143019936933,25.519287833828116,-1.2669833651153817,-0.004719641686759192,-1.3978651509205586,0,0.38659818908503746,-1
2023-05-18,AAPL,291.03,-0.388812822927964,-0.3873408877333974,-0.031175815841790522,-0.02747936542354744,-0.13482513322559395,-0.13035497377487287,-0.0017493311380944218,-0.17311784948725217,-0.0054710539894953,-0.49875328203474517,24.903474903475,-1.2640611817519827,-0.005007159343107306,-1.4491807595620263,0,0.42924676075359125,-1
2023-05-19,AAPL,290.67,-0.20894066131660344,-0.2071242514248091,-0.3828718441628978,-0.38068930126873807,-0.12432089616993403,-0.11981412211838058,-0.0022791709858787073,-0.3092380702181921,-0.005641097568067764,-0.5284208555177418,25.54455445544575,-1.1804984040255864,-0.005274470917643081,-1.4874035318675534,1,0.41362743650811123,-1
2023-05-22,AAPL,291.74,0.9414626089149121,0.9421614056283465,0.19360027098531418,0.19755786692303812,0.29123254267145304,0.29619302686841936,0.0012286277120757666,0.41168785300439126,-0.0013076728216293364,0.07091397319171293,31.884057971014613,-0.7409597146209024,-0.005133078601881396,-1.3835213403195916,0,0.4376280110660686,-1
2023-05-23,AAPL,291.29,-0.3117310824964362,-0.31005775349184345,0.2387976918477819,0.2427520796702436,-0.028567769068441665,-0.024047705669381404,7.553181262614279e-05,0.1420423107157462,-0.0016861903750060613,-0.004367852285886831,28.198198198198455,-0.9692376808264724,-0.005086832076458124,-1.3195703705049449,1,0.4688569555381041,0
2023-05-24,AAPL,294.05,2.2028085186277964,2.195874248642836,1.6459917671743778,1.643411632570104,1.0497798531037668,1.0518198729943924,0.00786273461385555,1.77417028913536,0.007862734613855353,1.3597242411344013,39.345509893455095,-0.24063659190045386,-0.004240261726051718,-0.9969226614163681,1,0.535425608479839,0
2023-05-25,AAPL,295.67,1.2400164346690739,1.2394348833156137,1.8083896966815947,1.8036399660469673,1.7978725185913094,1.7916594156279215,0.01020212925885935,2.1530059718260963,0.012180259626444822,1.9221341467419264,58.034188034187984,0.9748966600515998,-0.0030876671788453492,-0.5895940157239533,0,0.3432360798767366,-1
2023-05-26,AAPL,294.55,-0.8688002290053073,-0.8688028306492753,1.4485431520756566,1.4470071061096215,1.4621140015939331,1.4596991134358919,0.003714305186396892,0.7721693707620327,0.007363276641005082,1.1766423411960665,53.29670329670342,0.6380782911813344,-0.0024545546697774083,-0.37192940786240763,1,0.6042372366983385,1
2023-05-29,AAPL,295.6,0.789311027708634,0.7905088925069458,0.6596255265298651,0.6628628752536835,1.3959257296021501,1.3938051345721272,0.0046493923162676115,0.9411918207371655,0.009538706383385664,1.4423360612444256,53.551912568306115,0.6307052031063978,-0.0016453612719533374,-0.10035763324800924,1,0.4917066772269376,0
2023-05-30,AAPL,296.67,0.8444275378977839,0.8453387875860516,0.4321869162009657,0.4359830387988247,1.8650444269734956,1.8563702800490742,0.004612133772197242,0.9524138771832847,0.011531327568806106,1.6734756217356548,58.7407407407408,0.9511446028531121,-0.0007027476615273191,0.2158238295191117,0,0.3542285870837753,-1
2023-05-31,AAPL,296.43,-0.21092618460032828,-0.20902409176333986,0.8166109905840191,0.8192326346549316,0.7926328525859627,0.7957296906459456,0.0021840261812674623,0.43844525661756767,0.009054702658542482,1.2764105703330144,68.71750433275557,1.5508999668006347,-2.2086504459624645e-05,0.43661782399509425,0,0.43537973768038746,-1
2023-06-01,AAPL,294.8,-1.2802485816765976,-1.2822183383118866,-0.3631731940474328,-0.36061066147809967,-0.31590959237238625,-0.31215116856012254,-0.002740096749095099,-0.5781154474178185,0.0022199784461509487,0.3069449384247224,62.14733542319759,1.0865142117771363,6.958676858022833e-05,0.45184613530074236,0,0.5024426815887734,0
2023-06-02,AAPL,292.8,-1.5180147458241418,-1.521690321957062,-1.6574580854335255,-1.6673205391837433,-0.5995139984436009,-0.5977347829835309,-0.0083316399105874,-1.6678242101047278,-0.005299633102323693,-0.7298812881162827,54.46428571428576,0.5662513790765807,-0.00040130437423883817,0.27522000070848,1,0.6021277954991109,1
2023-06-05,AAPL,295.24,1.8634312841884149,1.8587853553040807,-0.48992047277503475,-0.4879127052241093,-0.1127879261524402,-0.10826919567147,0.00017615892244949295,0.05721490318954968,0.0017983780665740206,0.26266300102388174,60.15624999999999,0.9060945200671772,-0.00010444708592875922,0.36430091130840675,0,0.36386024116562155,-1
2023-06-06,AAPL,294.72,-0.39130734543730983,-0.3896480401196998,-0.011622876668507432,-0.007802559748601746,-0.6560962264082444,-0.6548614996741295,-0.00026458795514227153,-0.034846413081354395,-0.001128610791959309,-0.14534738192311036,59.195742164399825,0.814814658195443,-1.162830133430488e-05,0.3815718918965249,0,0.41289202984318124,-1
2023-06-07,AAPL,294.05,-0.5122496619157693,-0.5108933519935532,0.5471567623900918,0.5506954957810253,-0.793256369284822,-0.7933487660166996,-0.0009241578950944589,-0.17966353570629046,-0.003399389262268087,-0.46391290363627125,58.88235294117661,0.767727857284037,-0.0001203036209305696,0.3278408049342897,0,0.3974285813219806,-1
2023-06-08,AAPL,293.96,-0.07735255395479218,-0.07521335015312744,-0.5629789865658916,-0.5612942628472551,-0.2753286196009449,-0.27147413265451725,-0.0006595184835154947,-0.13972113040778825,-0.003126674398573075,-0.43167064796320115,59.83263598326348,0.8025167551133437,-0.00022848762732541209,0.2731669911551718,0,0.4134254075476788,-1
2023-06-09,AAPL,292.56,-1.0948388867917134,-1.0958570473220195,-0.97114616276646,-0.9726822023594229,-0.09659768012551148,-0.09212576721407877,-0.005256608161683177,-1.110803904920241,-0.007204351794979658,-1.0246785923346386,52.403282532239146,0.29315274266187263,-0.0006903107049490162,0.0915242266805181,0,0.44691637895554787,-1
2023-06-12,AAPL,289.72,-2.1096997636252075,-2.118246348458048,-1.902149434990072,-1.9153834652995292,-1.9204746135236428,-1.9378857018930014,-0.011201288728404523,-2.281314526966841,-0.014876145463200666,-2.0827457354427144,45.964010282776364,-0.15358198150652536,-0.0018161769807119486,-0.332127133226195,0,0.3279350204880238,-1
2023-06-13,AAPL,289.12,-0.42147639243378826,-0.41980290947101484,-2.0334965569125045,-2.048581986457884,-1.8964448363624962,-1.9129241856425152,-0.009462728088748002,-1.8447854322889532,-0.014386036680984614,-1.9435925372199465,35.743204164256795,-0.8331468195284987,-0.002843234442483943,-0.7274607582656518,0,0.42844442847721836,-1
2023-06-14,AAPL,285.14,-2.7411271332403766,-2.756622191615893,-2.860657543468921,-2.8917681293731388,-2.7926508023360896,-2.829814240391474,-0.017097552568080095,-3.025907429003279,-0.024198267690128113,-2.9929039028992945,23.20610687022898,-1.6170912479513382,-0.004705293465856041,-1.4186369637729022,1,0.6849533947857703,1
2023-06-15,AAPL,288.14,2.133321729983725,2.1244288113318324,-0.5394999734626253,-0.5365270857289481,-1.733730155924333,-1.7448904561803014,-0.0027549353490045974,-0.40417396657439564,-0.011679157591452535,-1.3671823293082457,35.11379470506266,-0.8203949895997628,-0.005295290368799619,-1.626195140162722,0,0.3720271201912944,-1
2023-06-16,AAPL,287.66,-0.26057168014490345,-0.25829971731921564,-0.4715546013351652,-0.4684141472477765,-1.4017068726207953,-1.4075657834202664,-0.0010279348233757665,-0.06984001933462419,-0.011582958516446636,-1.3076301650967082,31.059160305343497,-1.0551601314949952,-0.005830853319823579,-1.7877020561495982,0,0.36576060453279824,-1
2023-06-19,AAPL,287.0,-0.3638131460503254,-0.36178514997183403,0.9023459917253057,0.9032447316378176,-0.7115935444493108,-0.7093196679730946,-0.001433482248479457,-0.11902023983968442,-0.011050732752828132,-1.201055199682035,26.472019464720162,-1.3119591295289177,-0.0063674225739045595,-1.9150366193004318,0,0.37844845888066564,-1
2023-06-20,AAPL,285.95,-0.6378435648263266,-0.6365736597985163,-0.743893792665498,-0.7424116914545025,-0.8278150575306336,-0.8268758320757187,-0.0028872507654005234,-0.3773012804452791,-0.011682162236892115,-1.2341203310234612,25.468164794007464,-1.3318579097548209,-0.007006673916806266,-2.0483831705558515,0,0.34969958334078016,-1
2023-06-21,AAPL,285.5,-0.20266169821544844,-0.20040142627494245,-0.7083707591929431,-0.7068406476196524,0.31853183237893967,0.32354741085795663,-0.004706292487362812,-0.6952077348069762,-0.010312852066903622,-1.0333801631662225,26.95738354806737,-1.1987782235076152,-0.007554719270450266,-2.1219846169345726,0,0.3906119292969742,-1
2023-06-22,AAPL,285.3,-0.04169729698853527,-0.03929461465256164,-0.5183053684383278,-0.515656717685131,-0.6969028512652768,-0.6950598626592908,-0.0034301842239471136,-0.4498506492559852,-0.00802826058989818,-0.7321746396115065,29.59738846572361,-1.0132585877094507,-0.00795606315490806,-2.1352702314459697,0,0.34477387472580034,-1
2023-06-23,AAPL,284.47,-0.4772432018719797,-0.4755679159452515,-0.41969942403219057,-0.41663007922536427,-0.7892441178412815,-0.7884401924745486,-0.004110011062721353,-0.568478511878257,-0.008124128312412776,-0.720784942327738,17.88908765652954,-1.6613591825312013,-0.008412205690687279,-2.1545876817504936,0,0.3071853172755465,-1
2023-06-26,AAPL,283.77,-0.35938028532190247,-0.35748339297203,-0.5049186166769348,-0.5023754392765567,-0.7791146252818263,-0.7784524607302412,-0.004308802167032781,-0.5808338614606816,-0.008507887702870526,-0.7402715516232689,17.699115044247748,-1.60321894666698,-0.008870864932022094,-2.1615596801743973,0,0.31011403149173405,-1
2023-06-27,AAPL,282.88,-0.47533817966872155,-0.47371192256260525,-0.7774865606988638,-0.7763774147351029,-0.7074618163672033,-0.7062032612402788,-0.005288623832564487,-0.7546693666030881,-0.009457912116002191,-0.8396898585893754,17.47233546884098,-1.557272473968833,-0.009379777916798114,-2.1732446742819698,0,0.3425392184609872,-1
2023-06-28,AAPL,282.68,0.05240374447776451,0.05465074248688094,-0.4786490213762503,-0.4758286653444828,-0.5998936174356151,-0.5979237130402869,-0.004016630258614567,-0.47123852446311854,-0.009304852191284033,-0.7961369535824452,17.361111111111143,-1.5083896023080443,-0.00973084645399685,-2.14293496312887,0,0.3426663876930324,-1
2023-06-29,AAPL,282.55,0.10657578247206691,0.10881296079874873,-0.19261200618047372,-0.18911271001184174,-0.5519095089012285,-0.5496774945226207,-0.002541744625269074,-0.14095376458875755,-0.007816669944096211,-0.5744675826098807,18.73828856964397,-1.3904761701314936,-0.009934325110955444,-2.0824061719295246,0,0.3570795255494872,-1
2023-06-30,AAPL,280.93,-1.0178323498057056,-1.0182715697820401,-0.5191898269192575,-0.516757901940696,-0.8232902627014402,-0.8230237338335311,-0.005775723558015603,-0.7995494620245105,-0.01116848466929248,-1.0081017724711012,20.283975659229185,-1.2783703016572443,-0.010436489563237894,-2.104333709613321,0,0.351314762283958,-1
2023-07-03,AAPL,279.37,-0.9513707895439015,-0.9515773337140233,-1.1272658827853834,-1.1291423000299732,-1.1234536825197414,-1.1264340985222367,-0.00820783720649531,-1.2775810458851073,-0.014011435025058328,-1.377653226202893,19.04761904761905,-1.331128118089274,-0.011152841301357023,-2.1773986157497247,1,0.5049717380752871,0
2023-07-04,AAPL,279.58,0.41153479829524725,0.41349007832463125,-0.9390550135147563,-0.9394927311978856,-0.6868855027325138,-0.6856562606946575,-0.005131270861356277,-0.6096664125483015,-0.011046929109348139,-0.9224207361893682,26.794657762938144,-0.8236608580777229,-0.011533352944354171,-2.16574971967888,0,0.4092543414176294,-1
2023-07-05,AAPL,277.23,-1.5540462809123143,-1.5579103117097721,-1.2602977396189035,-1.2637641039666496,-1.4571769236986432,-1.4652239071488034,-0.009652344140719882,-1.5174717491094079,-0.016482424896053637,-1.6324860436429316,1.8534863195055635,-2.297502552104927,-0.01236713789420704,-2.253888902853313,1,0.6447730085423123,1
2023-07-06,AAPL,278.64,1.3330575427581934,1.3315605046240002,0.11689025427090252,0.1206729417600711,-0.8500005668732701,-0.8504831143014349,-0.0018269747447608488,0.11369415247159474,-0.009139077557697071,-0.575417860447405,13.213703099510255,-1.5364766876467693,-0.012487401203341356,-2.175862415005513,0,0.3908977537801273,-1
2023-07-07,AAPL,277.49,-0.6398961369961517,-0.6387212478616855,-0.5180306475577998,-0.5157282813437273,-0.6796873776364166,-0.6785904052130007,-0.0034906019492784656,-0.2423782675941747,-0.010773157654574662,-0.7909200970577588,12.705882352940876,-1.5093269390200377,-0.01276867827897052,-2.1361099399507757,1,0.4272859115525344,-1
2023-07-10,AAPL,279.62,1.7994329051352347,1.794457664607728,1.5351141849696053,1.5308093363328086,0.6929944153727016,0.6965489012233602,0.003978284598150184,1.2798289085403047,-0.001702981467134715,0.46646207745047324,27.11496746203889,-0.5926043262675353,-0.012243073979643016,-1.9271377199208453,1,0.6912883328490425,1
2023-07-11,AAPL,279.74,0.27842455144789224,0.28064007510843153,0.8993071722338252,0.9003231672120525,0.6372833221281916,0.6409267465059536,0.004293756103165124,1.2977832965709561,-0.000153690538738974,0.6614597406330475,28.666666666666515,-0.4755943608059649,-0.011658767169254855,-1.7219734731736775,1,0.7014156980298486,1
2023-07-12,AAPL,279.86,0.31189495795212924,0.31399485535148974,1.4567559373424535,1.4528876845670602,1.5328910116383627,1.528485189735585,0.002830830974307595,0.9933449186837844,0.0012844318982759893,0.8517504489771416,29.731743666169763,-0.38360191753691625,-0.011034806568552363,-1.5248923379822736,1,0.6767118053746466,1
2023-07-13,AAPL,281.15,1.2187963761831206,1.2177375266316408,1.096627090195488,1.0960545547967604,1.4554943213415614,1.4520576715997866,0.005644342065728952,1.5981465185436619,0.0064039003296809055,1.5479986577271385,38.04034582132537,0.18149627715851346,-0.0100542392387866,-1.2650949083051128,0,0.517141604561452,0
2023-07-14,AAPL,280.05,-0.6001467419719727,-0.5988091083043544,0.5826709685602629,0.5849461547357404,1.4728467254775348,1.4692038746166889,-0.00012139215378220455,0.4315570718722027,0.0027822238454844783,1.0552767216851833,36.974789915966305,0.1388231504980765,-0.009483758687624121,-1.104018922180329,0,0.4605263054384675,0
2023-07-17,AAPL,278.63,-0.8429135578582645,-0.8424461939331636,-0.1474289315104166,-0.14387570213133488,0.17801260417453246,0.18284615015088476,-0.004487541356123666,-0.4850517144145033,-0.0020379729153756285,0.3926536079222212,35.651586765698696,0.06026970139326806,-0.009332815654838818,-1.0389878382082305,1,0.48372236684568626,0
2023-07-18,AAPL,281.45,2.2835000512695176,2.27424457445012,0.5723932820122364,0.5746435901524731,1.175553285339592,1.1754334249960363,0.004360734830209818,1.3645206070419227,0.007387628585541023,1.6457635929116923,46.47160068846807,0.7814834068801957,-0.008307178554793352,-0.776148877913293,0,0.38613894802082155,-1
2023-07-19,AAPL,280.34,-0.6264463711695215,-0.6253227597022337,0.5451844775947051,0.5474194484579347,0.7048000416641482,0.7081337458012484,5.707681111863257e-05,0.4292235691827477,0.0022989163273112413,0.9288149495615307,43.9978272677891,0.6112956930914244,-0.0077242565513905605,-0.614559963219053,0,0.4249126185696217,-1
2023-07-20,AAPL,280.25,0.12676143115974262,0.1291505328702627,1.1637419968800682,1.1616196400962189,0.18379597003082995,0.18861220785699678,0.0003783768347706699,0.4838522591905764,0.0014007103602541142,0.7927651065265412,47.98578199052129,0.8587352361294317,-0.0072052047104166255,-0.46695687981927453,1,0.543506099302145,0
2023-07-21,AAPL,280.54,0.40055717896017773,0.4027109190510259,-0.0645496236839826,-0.060916602274677815,0.6748387259284497,0.6780308222021144,0.0010633666616709908,0.6166991351095891,0.0013456452136792136,0.7700529010390189,53.74759769378611,1.2062360033375805,-0.006634071161809896,-0.3056736231070459,0,0.46386154552681463,0
2023-07-24,AAPL,280.23,-0.04699385952124338,-0.04464848639716547,0.3164346905756964,0.3194635429538477,1.0549882559128978,1.0550731082822467,-0.0011833391549817638,0.13499975573468564,2.1411442274853865e-05,0.5776572495148028,52.0687460216424,1.068499848578319,-0.006199153617999884,-0.1765888561067289,1,0.49617225558438527,0
2023-07-25,AAPL,281.22,0.899607096374555,0.900346353110931,0.8235402434840853,0.8240263666162344,0.37607552188745275,0.38041050718704866,0.00250966076801326,0.9005239503314005,0.003024553093746926,0.9551325535911764,63.90243902439036,1.7628342462085913,-0.005506361973275112,0.017037574305103647,1,0.5496146480576167,0
2023-07-26,AAPL,281.94,0.692961004556224,0.6944113707898578,1.010855427183335,1.0098767885808642,1.0274466223901204,1.0276552491183422,0.003931119941887738,1.175493750274633,0.004847102430679153,1.166119801266792,62.07906295754038,1.5890848765478673,-0.0046961926099932695,0.24191029320558954,0,0.5386923980043778,0
2023-07-27,AAPL,281.29,-0.2931905637711804,-0.2911427707632556,0.8498678752008363,0.8501325151815897,0.816027381637814,0.8179975037838496,0.0008753077809881647,0.5444819234709894,0.0024804521835820664,0.8458524398438362,64.437689969605,1.6837550152465077,-0.00419245993797571,0.39186685891977924,0,0.4872667020110103,0
2023-07-28,AAPL,280.4,-0.5108633396210079,-0.5094761977339801,-0.06117062488362579,-0.05747788473133629,0.37385670036833335,0.3781228444109399,-0.002192046004497913,-0.11431072086967586,-0.000816024003221484,0.3975697301342213,53.27181208053681,0.9833925238836374,-0.004002721343215,0.4574811982724133,1,0.46996746047808763,0
2023-07-31,AAPL,282.95,1.9956485673208988,1.989739757136519,0.7900444525948654,0.790469493983924,1.364973183717752,1.360802964700067,0.004936780792726191,1.3430799413694106,0.0067209609301893646,1.3387411752565193,61.184668989547,1.4199478567111514,-0.003084564689971256,0.7064469457357127,1,0.550952176695601,1
2023-08-01,AAPL,283.92,0.829941253895711,0.8312142043780011,1.5072547235890534,1.5005253740914652,1.3124990705484818,1.3087936490236052,0.006451612903225782,1.597193032879833,0.009285196297296995,1.6072809614222232,63.355263157894754,1.4934308198587711,-0.0020554519280091793,0.9771318675187197,1,0.48692033354793585,0
2023-08-02,AAPL,285.1,0.9535391682933106,0.954258612664787,2.3448422237152338,2.3256951528578793,1.4182444453985021,1.4127643589676633,0.00837542266174346,1.8963883616090573,0.01176787894273639,1.8337190138096977,63.08813783962902,1.422217370812807,-0.0008926136713311027,1.268310502638307,0,0.31082649828900044,-1
2023-08-03,AAPL,283.57,-1.0052097590382216,-1.00588510702134,0.4820617013755357,0.484623332235252,1.0809179120356716,1.079457476489525,0.0013489272144300076,0.48367641916941717,0.005153908321399533,0.9877136753398257,61.34020618556688,1.2762384261875606,-0.00040481805064706964,1.367873802276889,1,0.4877427542832413,0
2023-08-04,AAPL,285.56,1.4862573630943414,1.4840013512627406,0.9055106336592225,0.9051654294002839,1.9756228157007343,1.9596157499115021,0.004714657659559609,1.1148986368250238,0.01040981112314151,1.5656988951653437,71.53511497824726,1.7781323416657961,0.0005433862895396557,1.5640935085580192,0,0.4283912547214664,-1
2023-08-07,AAPL,284.59,-0.6057605945077286,-0.6045732974353331,-0.07322096931584329,-0.06931214237970391,0.7643280236068154,0.7659666489163436,0.0001476025134598492,0.1949952650896398,0.005426526387191142,0.9339542721824373,61.02528089887626,1.1475001872439405,0.001005560003261519,1.6227920910490699,1,0.43814264121028523,-1
2023-08-08,AAPL,285.2,0.5058102210385558,0.5078954191189462,0.8739486577619411,0.8736463359510691,0.6216926338869798,0.6242836722249179,0.0013904299096923324,0.43214871834970076,0.0061668289516390445,0.9915603496012066,67.68558951965055,1.4615343988003997,0.0015275270827937006,1.685392859615573,0,0.4521958914472413,0
2023-08-09,AAPL,283.31,-1.2221369424068989,-1.224165032448928,-0.8418968272382813,-0.8398166414489097,-0.39778828084419343,-0.3929929191035722,-0.003993728159299213,-0.6241740066762096,-0.0009838181311686855,0.12909995098308788,59.84555984555977,0.9955402733475348,0.001386642783805108,1.5913010641309122,1,0.5717942484098748,1
2023-08-10,AAPL,284.72,1.048410230669,1.0486077315184859,0.20981418380587583,0.21326835295022503,0.5623982563880893,0.5652908294900801,0.0001545616771348465,0.19116470947699146,0.0027753123987433992,0.5612865526980734,62.54501800720279,1.1060163973732526,0.0016572703150995484,1.59306609459111,0,0.3977593840729429,-1
2023-08-11,AAPL,281.8,-1.860919962442571,-1.8681497172963337,-1.3224973610241928,-1.3240583560047599,-1.0319228193938264,-1.0313239849025215,-0.007480875163776105,-1.286136255351061,-0.007997972345039255,-0.7181362762305602,54.073689673066895,0.6178349873450113,0.0010285418441449798,1.3992676798242683,0,0.5133678499662169,0
2023-08-14,AAPL,280.21,-0.9488145999657074,-0.9491040225020553,-1.1631943354431513,-1.1635865498624114,-1.1994718847648442,-1.2010763689358175,-0.010026567931940952,-1.7050167693309655,-0.012642795227591534,-1.232224996230874,47.458480120785005,0.23985759430888084,7.568891373638556e-05,1.1497667290297806,1,0.5368595326736204,0
2023-08-15,AAPL,280.51,0.3206344045605035,0.3230974877413948,-1.5721830107556531,-1.5771141316350374,-1.2568058468461276,-1.2594274944518251,-0.00567154655985262,-0.8513195907839933,-0.010396638643603802,-0.9439658091754082,46.32390745501287,0.1614359561138688,-0.0005880441057432206,0.9757753188688391,1,0.47010792057367645,0
2023-08-16,AAPL,280.89,0.41316912976695735,0.4153906188284513,-0.1484358963718135,-0.14442062183725804,-0.5170542494193593,-0.5129814833968399,-0.0026133950700576183,-0.24464762185338856,-0.007582074365098486,-0.5912502897100609,48.957247132429536,0.2986786577211218,-0.0009946087310762585,0.8676950528155772,0,0.40908156059592266,-1
2023-08-17,AAPL,279.93,-0.49994715854775174,-0.49835308660804295,0.16245297620449123,0.16604220424920593,-1.2394379897239451,-1.2423276361804987,-0.0026294411903031324,-0.2157017347270637,-0.009700288673798473,-0.8143939540802853,48.77922077922087,0.29879313712250083,-0.0015737290034432622,0.7315845788371139,1,0.5115213777156759,0
2023-08-18,AAPL,281.26,1.0851051808088452,1.0850043049138012,0.664662756962257,0.6659647997200082,0.1669007437047227,0.17195514008575857,0.002495009980040083,0.8342946175104932,-0.0034792837352344004,-0.04586507283602698,45.31336661120359,0.11316523262894992,-0.0016336558189161974,0.7139754819960477,0,0.44897219886037015,-1
2023-08-21,AAPL,280.54,-0.33696811360323237,-0.334933415047287,0.168048220399049,0.17149681287990087,0.4881054844975238,0.4918927528747624,-0.00030645770527325597,0.28273401053331904,-0.004601950772964404,-0.1570689208531116,40.494938132733466,-0.14450944749004432,-0.001865975284740788,0.6640099269215199,0,0.4077149829512653,-1
2023-08-22,AAPL,280.54,0.18320035682651295,0.1856844564274482,0.6232978852045861,0.6248827121752195,0.4313282930293253,0.43502511335838606,-0.00032783146611927555,0.29952831517483985,-0.0029533960500547694,0.08023671295748505,36.26506024096391,-0.3626946428957803,-0.0020269950193671136,0.6358465206434893,0,0.4934359809252069,0
2023-08-23,AAPL,280.32,0.0267771010377152,0.029257950520057297,-0.08538869378753097,-0.08164220947261572,0.23682134533153712,0.24125814944688534,-0.0007058370585844014,0.23153633668370718,-0.00267547105368023,0.14415800198496037,39.37213865271425,-0.16294017309555966,-0.0021926457652993695,0.6114221115302554,1,0.46119609421337315,0
2023-08-24,AAPL,282.22,1.4759347507073053,1.4735266283776365,1.1296288086441233,1.127330529872671,1.2396226393192502,1.2360497654633746,0.004427424406355091,1.2723188011821287,0.004978242445392542,1.1347555311023958,39.013157894737,-0.16323191784585456,-0.0017588807687578159,0.7193578547457277,0,0.528975675867981,0
2023-08-25,AAPL,281.17,-0.6079923990709485,-0.6066972434923233,0.6095076103132135,0.6110107123303654,0.3768609936677859,0.3807617262910466,0.000754561179963005,0.48312259275057995,0.001463888958145603,0.6598237956828066,38.80890052356041,-0.16065283094743738,-0.0016965972018865598,0.7413738975696623,0,0.42347224833521396,-1
2023-08-28,AAPL,279.58,-0.9656555022591251,-0.9659986831874177,-0.04816194570534424,-0.044428287578041,0.06961575483236268,0.07445936703303438,-0.004224158195792862,-0.552629744261738,-0.0039758315045459935,-0.034318353366211855,32.718327183271924,-0.49338107898451666,-0.002079457016392091,0.6670516823639131,1,0.46655997121172726,0
2023-08-29,AAPL,280.76,1.009285187060894,1.0095723057020438,-0.37657114546957565,-0.3729636127057502,0.4785700922408325,0.4818981545857063,-0.0001780563370250752,0.30075435227824465,0.0001389279747506858,0.49904144945374107,41.80064308681675,0.05857414045025214,-0.0020212430116212468,0.692723498739957,0,0.3948041762070065,-1
2023-08-30,AAPL,278.33,-1.5290299350305012,-1.533035246399326,-1.0026690334708546,-1.001796681836848,-0.31283394741197146,-0.3080917157068092,-0.007424789238691617,-1.1906819536064701,-0.007612358048241483,-0.5005720350427522,30.718165359082676,-0.5760875650043011,-0.00264282709164301,0.5651408291002878,1,0.5112531043619104,0
2023-08-31,AAPL,280.73,1.7973712799294483,1.7922272400705648,0.8736334658788995,0.8735021238969276,-0.1264097467497847,-0.12144681480362104,0.002199104650249489,0.8010780515367526,0.0006594307508599414,0.5650313708417888,46.666666666666714,0.3955307665505582,-0.002418314766048406,0.6299140394943692,0,0.4302548633219011,-1
2023-09-01,AAPL,279.92,-0.4160793453550101,-0.41411776942257505,-0.08045033471912093,-0.07667954101747895,-0.03681094839359926,-0.03186439234748141,0.00020009719006388826,0.3690607588223016,-0.001751001208939683,0.24104486052592083,49.05042567125094,0.5442636952004763,-0.0024450934835032177,0.6341280419946732,1,0.48804481181606646,0
2023-09-04,AAPL,280.02,0.18010864108485516,0.18258147830150412,1.0967058390695146,1.0944032454616672,0.5419200590787144,0.5447411374882358,0.00024289878264839555,0.3502521474177124,-0.0012091639647739342,0.28695564228338727,48.37425348374251,0.5003179869483942,-0.002409904130691956,0.6457216315453427,1,0.5406741666064413,0
2023-09-05,AAPL,281.47,1.0975675782653407,1.0972648115629933,0.6076236472990475,0.6089649261255135,0.6136980082751977,0.6158424963186944,0.004912636472041648,1.3200356836559033,0.003629854663186674,0.8972516732633606,51.79677819083035,0.6889061632672575,-0.0019426475068177382,0.7496228711039651,1,0.5672844437848341,1
2023-09-06,AAPL,282.63,0.8801467468731031,0.8812830074856391,1.6338044079564027,1.6288088624574772,1.9494789632877898,1.9367366228999785,0.005965389351993521,1.6102555088205124,0.0069366509549919405,1.3460122386335247,58.26193390452868,1.0435543126738034,-0.0012249919700363454,0.897140896831311,1,0.5052315813670575,0
2023-09-07,AAPL,284.45,1.4100586440306042,1.408418896935637,2.3893650994601594,2.3746268800591497,1.6630010624935105,1.6551569873489762,0.009769327435764577,2.354807580911649,0.012616320050123466,2.0462648562950325,59.47712418300648,1.082437412908109,-0.00013305888419936244,1.1177244679382445,0,0.31428028877655284,-1
2023-09-08,AAPL,282.25,-1.5453336977681682,-1.5494833462683564,0.4935194058105391,0.49631255329905155,1.0957528665977618,1.094766652113859,0.00030478728682594477,0.18992596615727572,0.004398357377212487,0.8782034946269764,54.669579464773264,0.7701236376250151,9.969756893341479e-05,1.135881446645693,1,0.6494359056889415,1
2023-09-11,AAPL,283.47,0.9338944432624552,0.9344921716343149,0.5346285937641375,0.5372977185408099,1.475944244832475,1.47014280054345,0.002177801975577656,0.601854705398796,0.007345337469749815,1.24785555867795,57.5012800819252,0.9082724425201358,0.0006262417184411143,1.2141367377639554,0,0.38989888242976656,-1
2023-09-12,AAPL,283.15,-0.20266712205135212,-0.20045856606832727,-0.5700024984917388,-0.5680153304075031,0.7599548946581653,0.7614141565614361,-0.00014124792542116765,0.06397862911279625,0.005354315052442396,0.9390685985091612,57.20835455934783,0.8612208116008527,0.0009407012685399614,1.2407100472222943,0,0.3965659580212122,-1
2023-09-13,AAPL,281.52,-1.1368648954232004,-1.1380136653666917,-0.29485691737207587,-0.2919293381336209,-0.30866964158819593,-0.3044569686081029,-0.005117186395634769,-1.067774993799611,-0.001564046091480645,-0.058809200800474255,48.19214876033047,0.3029627562263245,0.0007151814228702966,1.1510548047198137,1,0.5362301150694657,0
2023-09-14,AAPL,282.38,0.6579178973070823,0.6594312824536106,-0.48667822480481543,-0.4843359411788062,-0.6808439741454901,-0.6781661100150256,-0.0006158114909007771,-0.05353865971818277,0.0009003069550485213,0.2747843286548669,53.15597287428266,0.5799303790764958,0.000773628061799263,1.125031267588636,1,0.3993476822912026,-1
2023-09-15,AAPL,283.67,0.9375673611026552,0.9379310535733825,0.335407741700972,0.3384285859655746,0.6399908678382402,0.6421402186185066,0.0029416132202888245,0.7342105808041248,0.004138038449421558,0.7157778055055285,60.83730789613144,1.012952456927393,0.0011752590078963035,1.1715850856196037,0,0.4023090379515421,-1
2023-09-18,AAPL,282.94,-0.5164937734801319,-0.5147923757555446,0.7832822042659678,0.7845513191511098,-0.13858888075094877,-0.13413700329196312,0.000735679017585653,0.21121898476217352,0.0005198148469021204,0.17131465607133364,55.91748099891419,0.6862518846062979,0.0012699739336413862,1.1523031400213695,0,0.4318844078095156,-1
2023-09-19,AAPL,280.2,-1.8880750428200421,-1.894610979637692,-1.111471339283931,-1.1123686637034704,-1.091968853911806,-1.0919973375378278,-0.006883058885242209,-1.5270556098839088,-0.00872407717942734,-1.1873741405359,54.991991457554704,0.6031366121688794,0.0005552236562815119,0.965169433373158,1,0.5370257981333423,0
2023-09-20,AAPL,280.87,0.49106414000911397,0.49289734939686275,-1.4072014650248923,-1.4106236020032874,-0.20408285536093237,-0.1996918254647347,-0.004049473072067841,-0.878724355416956,-0.005734716273142428,-0.764104543655075,50.41176470588231,0.2837949292880485,0.00017807059341871896,0.8539969234754132,1,0.435351755888336,-1
2023-09-21,AAPL,281.02,0.12088786876208701,0.1233256117408287,-0.9434698894040605,-0.943177005277947,-0.49854015899283316,-0.4947763540738713,-0.002555547668062648,-0.536998321069271,-0.003994371728212833,-0.5196497514829695,53.3659730722153,0.4515600718830438,-7.712485166781741e-05,0.7706569968994562,1,0.43165217371348696,-1
2023-09-22,AAPL,281.19,0.11525540722910772,0.11765924810537168,0.5428440160721248,0.5450891455416679,-0.9580222712521933,-0.9567748224794869,-0.00019200409608749152,-0.018011619877974363,-0.003017291812183332,-0.4023658384956228,53.56489945155394,0.43899542554045395,-0.00022811975426672388,0.7108774285244795,1,0.4606585354549524,0
2023-09-25,AAPL,282.69,1.0251547675288901,1.0246040651566624,0.9480830402734838,0.948098395596012,-0.09091613228952834,-0.08666172106122479,0.005320170416153904,1.2303587475987976,0.0025783524788714563,0.4241026224836432,53.7059538274604,0.42221560634719546,8.090511134359718e-05,0.7546991893445839,1,0.5646840922608294,1
2023-09-26,AAPL,282.97,0.15545794180336753,0.15779539187454839,0.9869251653411123,0.9865353087286568,1.1349791264970752,1.1322747121005892,0.0043372091372433415,0.9660041574820312,0.0036354608168260977,0.5659531971854198,51.09114249037237,0.21064231912258147,0.00040119133091035203,0.8040310240854333,1,0.6266000547051748,1
2023-09-27,AAPL,284.17,0.7795650008627383,0.7801223252531132,1.5090815512106683,1.5044536455093798,1.3359231108096967,1.3313496209461413,0.006239200022662249,1.4003037915947905,0.0069451826653909475,1.099183652266486,49.06417112299475,0.0064697952485170095,0.000986580687931331,0.9228678342391186,0,0.46344108905416914,0
2023-09-28,AAPL,283.55,-0.5103400633520928,-0.5084097600649934,0.32761723285838423,0.3302957904613388,0.974539169009743,0.9735941375138056,0.0022480329711501274,0.404668493667874,0.004331856322633022,0.6256234944856753,54.857997010463365,0.45412681508308556,0.0012583156660468564,0.9743044572697896,1,0.4591630510200316,0
2023-09-29,AAPL,284.57,0.6525115849783365,0.6535483842439678,0.7053076252932253,0.7064062579488115,1.3109738013614307,1.3064336028670998,0.003455693078035055,0.6763191763736804,0.0076234787565903,1.1764341484736505,54.172989377845056,0.3680798895497401,0.001744446837668771,1.0922643602211024,1,0.5091346649579552,0
2023-10-02,AAPL,286.03,0.9882156745588521,0.9877113074118288,0.8548160400521643,0.8550637106735018,1.2455462858225517,1.2415953548494605,0.006233773543752477,1.339614828294559,0.011686226240246648,1.8152327183413244,60.05586592178766,0.9188525491428576,0.002516132931414092,1.2985423550205093,0,0.3640267749985924,-1
2023-10-03,AAPL,284.36,-1.258675766623466,-1.2595825834630987,0.27792311437020545,0.28062150325209323,0.38320010776857905,0.3860221353202645,-0.0006185509039275555,-0.31762811006081415,0.004301728461337483,0.5123084562703802,59.888579387186724,0.8829349903968378,0.0026207950090902,1.329016593737719,1,0.6043748200594816,1
2023-10-04,AAPL,287.29,1.9576478257891625,1.9498905194238851,1.3256859880915106,1.3224346207716662,1.1253903334559558,1.1226392144384705,0.0074694908121758045,1.6183524242657101,0.012354466777549223,1.8284025902394458,64.94217894096172,1.3900945189356186,0.0034963252645432907,1.5922666322588883,1,0.4512498324510379,0
2023-10-05,AAPL,288.12,0.4922525543236014,0.4939566346670739,0.9638141653331934,0.9633962034141739,1.7099819234727014,1.6999107856959284,0.0071519956374925696,1.5231558872787672,0.01274543575611428,1.8322512685807104,63.93237319974952,1.2429289696108539,0.004373008067174776,1.8539881678677896,0,0.36808405458954674,-1
2023-10-06,AAPL,287.28,-0.6703067150766571,-0.6687554859224307,1.3795405440125827,1.375646513329086,0.9129279727781786,0.9124086007831914,0.002316688530996132,0.35815985425961194,0.007635836872989837,0.9673496650870074,63.49502487562182,1.162762059503938,0.004772467384809321,1.9637226920164594,0,0.41848280109081043,-1
2023-10-09,AAPL,285.31,-1.4413796842002524,-1.4436549431931223,-1.2425624902197914,-1.2435669322718046,-0.542417522109139,-0.5388698226008053,-0.004056242843977891,-1.1672874425883135,-0.00019273561929461153,-0.3214004316692267,66.68843892880481,1.47513905566751,0.004478767914243661,1.859830516768474,1,0.5881171051210645,1
2023-10-10,AAPL,285.47,0.06412571373683752,0.06648360634467045,-1.5361092776630372,-1.539805013182067,0.23803128586433292,0.24155785679319838,-0.004269360363313961,-1.176927834384688,-0.0005076764175550366,-0.35375296554385804,65.54054054054066,1.2996742776431636,0.004242331948429766,1.7630576845295536,0,0.41273570777729807,-1
2023-10-11,AAPL,284.41,-0.8136724105773349,-0.8125179668511113,-1.5912323850076993,-1.595684757250647,-1.399370517535525,-1.4019470789839341,-0.005969565004648327,-1.5260806628220698,-0.004302633743991489,-0.9554313767352949,60.78930617441135,0.7496609213599789,0.003712031867737031,1.5611870100279395,1,0.5535161040142741,1
2023-10-12,AAPL,285.94,1.0234877858217475,1.0227796322848395,0.20159777679840726,0.2047060687767309,-1.0902538369051615,-1.0899719625584177,0.0009031020505316448,0.07344691987907921,0.0002168757302064341,-0.2107842317517695,63.9132981839485,1.0596703927971831,0.0036825229714222427,1.5377782169122265,0,0.37785310553731216,-1
2023-10-13,AAPL,285.85,-0.12999906002756928,-0.12755655387852796,0.061887538923217376,0.06517402664063059,-0.7674647866291925,-0.7650805945841223,0.001590772120141865,0.23156233995043424,-0.0005454431025920753,-0.3303021357051011,60.08939974457229,0.6253189371995275,0.0035920443418218386,1.4883550590445347,0,0.41310627469926153,-1
2023-10-16,AAPL,283.46,-1.6991669693945137,-1.70310622192403,-0.616844588203656,-0.6144616724134464,-0.915720332699012,-0.9144884586586584,-0.005494235613593254,-1.3809290610787806,-0.008010526721003355,-1.501920499786254,51.378728193584564,-0.32825773504975875,0.0028114245689444383,1.1634466434977746,1,0.6121965824769424,1
2023-10-17,AAPL,284.07,0.3920893587659625,0.3939777899871703,-1.0531961272669352,-1.0532673967914987,-0.7202844029930165,-0.7178621267318445,-0.0023740456406762087,-0.645236888120959,-0.005774884502310073,-1.1079430389770466,49.70896391152496,-0.4889385333403085,0.0023384915443033834,0.9489332930834237,0,0.38364746858511056,-1
2023-10-18,AAPL,282.95,-0.7956418023894553,-0.7944697716380889,-1.515609839829545,-1.5199416074495469,-0.7243040919391246,-0.7220694863339091,-0.005287322379013897,-1.266424413513891,-0.008188274223060413,-1.4353585058576603,48.30316742081441,-0.6208666599753292,0.0016273906273271725,0.616031686045933,0,0.44134712838842555,-1
2023-10-19,AAPL,282.21,-0.5312843428947066,-0.5293239307798256,-0.6737538997934033,-0.6718895958785958,-1.577012931470845,-1.583318025730674,-0.005280076698577377,-1.225496231465126,-0.008728639421134946,-1.4636713893945759,43.21839080459765,-1.1454495867258385,0.0008437580167290473,0.23280776417474933,1,0.43546616997603743,-1
2023-10-20,AAPL,282.23,-0.009939893193749482,-0.0074623149186490425,-0.9548140803335229,-0.9545918123413132,-1.482082672053222,-1.4873049315820026,-0.002664461595001905,-0.6367732038363471,-0.006896794398113866,-1.153444553573357,38.095238095238265,-1.6454053060085863,0.00022527379170584504,-0.09259634272568357,0,0.39492541419349775,-1
2023-10-23,AAPL,280.58,-1.1556068005010438,-1.1560323853292593,-1.1838883709324675,-1.1856434508260498,-1.1624994759443392,-1.1642973173238313,-0.006472904450298969,-1.435147661144071,-0.011056792508027368,-1.7093037837090528,38.143036386449175,-1.5740715805832626,-0.0007265033819874215,-0.5863299427844555,1,0.47669874347408947,0
2023-10-24,AAPL,280.81,0.20117102584997468,0.20342480483421646,-0.6777792040813344,-0.6762158731771929,-1.2639387435997667,-1.2672247155259548,-0.003357515012989855,-0.7166539045863085,-0.008617798348461167,-1.3013241473864123,25.528700906344568,-2.6952855350822724,-0.001400393774288172,-0.9316175543287271,0,0.35774869148763166,-1
2023-10-25,AAPL,279.83,-0.6494919594990539,-0.6479837020430642,-1.1680594484635773,-1.1694570492066996,-1.1749805804263778,-1.1775618099442022,-0.00463127641108099,-0.9784658827153405,-0.01047762851272847,-1.533437245398425,19.044062733383413,-3.0345532606647345,-0.0021898956331356297,-1.300678383423091,0,0.3731003536616217,-1
2023-10-26,AAPL,279.64,-0.09409853346295217,-0.09170003761749708,-0.39167159836358234,-0.38894741908194685,-0.9304872287356796,-0.9308477135961697,-0.0034851648860729128,-0.6934748333656683,-0.008941640115819665,-1.2570102963233136,20.015698587127503,-2.7106230950478296,-0.0028385963343037224,-1.5689508742857505,0,0.35419757674190483,-1
2023-10-27,AAPL,278.54,-0.7359542717790732,-0.7347741745277709,-1.0563991293407309,-1.0573171512581137,-1.3450160010171393,-1.3497983727805873,-0.004787766185507985,-0.961009265506519,-0.010276016941925566,-1.412984228435838,21.482729570345768,-2.4461125461209368,-0.003627244831176324,-1.8589912880037278,0,0.4211661712558242,-1
2023-10-30,AAPL,277.66,-0.5756480735641014,-0.5739872964394138,-0.9848755932744314,-0.9853486239721952,-1.007759783732313,-1.0090217574947673,-0.005857584784601166,-1.1713772343042794,-0.011365416660732168,-1.5154579730821451,18.983320095313942,-2.477834911395656,-0.004455432103140597,-2.1195990664137088,0,0.38246390838185257,-1
2023-10-31,AAPL,275.9,-1.1971844863553627,-1.198243076185043,-1.7305199452372437,-1.7386131813967216,-1.7290498254275655,-1.7402313342710343,-0.008673656373736297,-1.7332946197535364,-0.014766011391433184,-1.9235017629849673,17.983446200150624,-2.410865179948222,-0.005556583380808892,-2.4355219667008616,1,0.6560653535222889,1
2023-11-01,AAPL,277.36,1.1656194389283754,1.1645130348804447,-0.42634337639588066,-0.4238065066296393,-0.7627227122003043,-0.7618030241087971,-0.0016557483262543357,-0.1783169954627587,-0.0075713120267929465,-0.8597817028697234,17.549167927383294,-2.294433310700829,-0.005943619226188634,-2.4227691381886403,0,0.38639443568805987,-1
2023-11-02,AAPL,275.83,-1.035553915376193,-1.0357517664791336,-0.7471417512777982,-0.7461886069125184,-1.2478584161043167,-1.2522939512672053,-0.004432284936728081,-0.7787532089797035,-0.010787625789885302,-1.2763685356449552,15.82537517053251,-2.282179157260876,-0.0066175516842631975,-2.504138782537204,1,0.5718575911981363,1
2023-11-03,AAPL,276.32,0.4488269192323708,0.45066912416666977,0.39806075547093045,0.40110805093179647,-0.6445229490792874,-0.6428633589767784,-0.0010628529286299303,-0.05320595854849581,-0.00692550144296242,-0.7304443760378346,22.021943573668253,-1.7460722205966623,-0.006932728458111561,-2.442872432470963,0,0.41201380685135297,-1
2023-11-06,AAPL,275.56,-0.537006216840406,-0.5354130923035851,-0.8002700041383178,-0.7996453668578056,-0.6235671338665947,-0.6218499266463231,-0.0022954879541192586,-0.37605002619515987,-0.007866928297539117,-0.8886705001005923,17.041053446940893,-1.9935180059548894,-0.007320117014377974,-2.4095712504544315,0,0.3895246747406963,-1
2023-11-07,AAPL,275.24,-0.1852169724823835,-0.18303845084243398,-0.19107955268668966,-0.18818425790390653,-0.07185135430689543,-0.06769348864418333,-0.002977591990205109,-0.5524793258779759,-0.007027721257774432,-0.7819156682801867,18.16680429397249,-1.8285508707369873,-0.007634132416062696,-2.3564559602772936,1,0.46927269899265617,0
2023-11-08,AAPL,276.38,0.9462398241957843,0.9464875735098983,0.1639301175849191,0.1671618250527772,-0.21334961147648449,-0.20959148500684566,0.0018632234490658871,0.5804647679687692,-0.0016724280548903972,-0.014658536346463117,26.698641087130667,-1.2178079791719256,-0.00746756067996562,-2.1721076616157253,1,0.5288880033345082,0
2023-11-09,AAPL,276.55,0.17415615606835497,0.17635614110175363,0.6710536258189708,0.6732715230850745,0.46904045490769836,0.4729718506487171,0.0019564508532298234,0.5839295367522837,5.785906977087647e-05,0.21826886093881834,27.56714060031618,-1.125176780025241,-0.007203775146655348,-1.988896189032672,1,0.6342027779616355,1
2023-11-10,AAPL,277.0,0.40725169135927536,0.4091236006837993,1.084228856838686,1.0843503520694935,0.44203334269267264,0.44598626431566807,0.0030925669754404733,0.8496501094306618,0.002243288226355035,0.5282106613867952,34.380453752181694,-0.6654018972660517,-0.006786076472577448,-1.784825734018924,1,0.6706278087934452,1
2023-11-13,AAPL,279.02,1.5733837238083945,1.569768837361712,1.5085680258715912,1.5051791288077392,1.5770536663292187,1.5727249634017355,0.007881865928810204,1.8909429440993026,0.00905553385699207,1.4801028334631348,43.24528301886787,-0.09123952581220472,-0.005801108266531652,-1.4463194782393698,0,0.4348307368956377,-1
2023-11-14,AAPL,278.25,-0.5606131308693191,-0.5590247164305014,0.9820926022878079,0.9826891428909375,1.3476524342817107,1.3456727765994065,0.002919550173010389,0.7361497875528796,0.005416421259543863,0.9224446708499529,43.941717791411115,-0.05434287617495471,-0.005184324575205403,-1.2350316190606183,0,0.5168713645400709,0
2023-11-15,AAPL,276.83,-1.034624178850263,-1.034870581458401,-0.029783218766301394,-0.02649719213557915,0.2821459301379086,0.2864402404485599,-0.0025222498468635657,-0.4990069520827543,0.00047705440588658034,0.19891410084413436,40.154169586545216,-0.3026548475950948,-0.005049750981810062,-1.1696990914106702,0,0.4091369969905979,-1
2023-11-16,AAPL,276.01,-0.5578200846032514,-0.5563286969547581,-1.4858135476453087,-1.4909575286348962,-0.10658985518177298,-0.10249008496265742,-0.005089718911982387,-1.0488523128956897,-0.0025513522889894957,-0.2232472674996871,40.95782701929944,-0.25243955418033764,-0.0051227844415766945,-1.1613422480949203,0,0.39266777698951044,-1
2023-11-17,AAPL,275.61,-0.24257178263300982,-0.24044641258614052,-1.2505408745249555,-1.2535434767009364,-0.44842183659921,-0.4456444258851638,-0.005535028721530812,-1.1151614071567648,-0.0037412568454156946,-0.3840653297216841,42.41302738712064,-0.16141081862693032,-0.0052373553443830516,-1.163612555923824,0,0.3792520873001202,-1
2023-11-20,AAPL,274.27,-0.9829784573453747,-0.9830420516024858,-1.1856173762556947,-1.1880924926583432,-1.7500627625339913,-1.7617638205297887,-0.006966118018494169,-1.4114614508219736,-0.008122495624123153,-1.0054659743511618,43.773873185637925,-0.08486494756159847,-0.005654268910094117,-1.2473283505057873,0,0.4277992729077248,-1
2023-11-21,AAPL,273.16,-0.7796761306540784,-0.7790058116828252,-1.3124562556575983,-1.3161578861882577,-1.8041520571633285,-1.8169488284231972,-0.007326220309910613,-1.4389927899225732,-0.011393083081199126,-1.4258605571203544,33.516483516483504,-0.747431871163831,-0.006238493130778852,-1.3673415629971837,1,0.45317153571170654,0
2023-11-22,AAPL,274.73,1.306410739724878,1.3050604686650136,-0.3200304273945549,-0.31721880585965373,-0.6425035151198231,-0.6406328513611034,-9.46294166458735e-05,0.12165340025745978,-0.005116914062641292,-0.5414026577548077,45.6964006259782,0.03440923084832292,-0.006173480044651157,-1.3153786262702423,0,0.35639249305554555,-1
2023-11-23,AAPL,274.46,-0.13971476999167254,-0.13761397780514498,0.2485385715349207,0.2519397958006651,-0.42838373197088925,-0.4251962688849885,5.10118566127878e-05,0.16270042037490226,-0.005341857110758537,-0.5581319076886744,42.5955414012738,-0.16576380032127558,-0.006130873294375842,-1.2703928383606202,0,0.4026288009876576,-1
2023-11-24,AAPL,273.71,-0.5373849961334743,-0.5359475605757058,0.4270063246131835,0.43009317604901015,-0.5612801043026612,-0.5588807204933903,-0.0012989571854954448,-0.1341797548234912,-0.0068757823696959,-0.7608309234777128,42.62948207171303,-0.1565195176398803,-0.006245372407066123,-1.2669903403280467,0,0.38207144644841035,-1
2023-11-27,AAPL,271.59,-1.6074976443081705,-1.6114553725663379,-1.4579650677717928,-1.4633218701817237,-0.8474856287186628,-0.847498920008404,-0.007092457865682002,-1.3822232900784028,-0.011904155539870887,-1.423351244688873,37.28222996515664,-0.49650036724084684,-0.006879656939876479,-1.3901863105819239,0,0.43085666002904593,-1
2023-11-28,AAPL,269.34,-1.6598609144227545,-1.6643688015419054,-2.3297616652642983,-2.3474399749150674,-1.2559617815492807,-1.2609028434113292,-0.012560216449264161,-2.4256597971449967,-0.016903248884006076,-2.0085224009292877,27.23156532988348,-1.1216518294974969,-0.007955339222656814,-1.604038534021251,0,0.41548165995456005,-1
2023-11-29,AAPL,266.76,-1.8550527161336414,-1.8613346715796109,-2.9787051104017914,-3.0076253738032257,-2.678826841193337,-2.71078112072988,-0.016270116383697353,-2.94699591224496,-0.02272827186002573,-2.5979729356954544,22.607722439843172,-1.3718928301836795,-0.00946596188389318,-1.888043427751117,1,0.6535473077964056,1
2023-11-30,AAPL,269.2,2.1229286808440015,2.115563956725496,-0.8317545076352789,-0.8296889983793736,-1.6150986788826425,-1.623893328298224,-0.0034058936768844067,-0.354598663208955,-0.011322778138921734,-1.1051547084900784,30.362537764350378,-0.8411131907119533,-0.009835779668335584,-1.8809724729932065,1,0.466734061187456,0
2023-12-01,AAPL,269.39,0.31628594014425176,0.3184581304590556,0.37772241005325813,0.38043344278673064,-1.2258994241242978,-1.229403281791256,0.0004976676471462643,0.4578349189799693,-0.008359683576221683,-0.6898879020715221,23.294509151414275,-1.2543540085585487,-0.009960847231349506,-1.8200902430801542,1,0.4882359746265218,0
2023-12-04,AAPL,271.02,1.4469301374478098,1.4449026691501048,2.3579803773258567,2.3391756312860763,0.20932189970177975,0.21395884611740512,0.006977729228436981,1.752612874205021,-0.0011646077188429628,0.2841724056181224,30.86289041821064,-0.741409485284074,-0.009469189884758167,-1.6349700270380472,1,0.6526288169645694,1
2023-12-05,AAPL,271.65,0.6381998843273665,0.639754764314937,1.4230831995009345,1.418115798402148,1.3205510125705313,1.3179659656536298,0.0075889081764365235,1.7999194635186408,0.0017146966093256448,0.6842114303389221,35.69060773480659,-0.4096082806132873,-0.00879169255545067,-1.4266621128002863,1,0.6612624244781327,1
2023-12-06,AAPL,271.97,0.3734144211441136,0.37545682758442894,1.431620181116379,1.4263750327690208,2.311370224899899,2.2925531366954024,0.004891999142791736,1.2217806603123087,0.003916444267263308,0.9625073634328124,38.522727272727394,-0.21552666123282702,-0.008066911556902714,-1.2222983760685215,0,0.5746941949915977,1
2023-12-07,AAPL,271.96,0.12474141427948564,0.12702068144308482,0.657685935889048,0.659365740643185,1.3376846199019572,1.3348960908097263,0.002809755234183145,0.7970826699264159,0.004806786399122098,1.0656429318169884,39.39570017431721,-0.1445529779293929,-0.007410048924038277,-1.0426865381722372,1,0.5640571883944017,1
2023-12-08,AAPL,272.22,0.3550245288098827,0.3571013842741712,0.4878695923016598,0.49047845012659735,1.3402989868126798,1.3374517050858532,0.001677926436172625,0.5816628117653734,0.0063213929244761245,1.2558345200557286,43.645381277123555,0.15358588756013467,-0.006734698689307954,-0.8656788977563817,1,0.49306980833974234,0
2023-12-11,AAPL,272.42,0.29509893666263165,0.29722288763876226,0.44210688167790624,0.44493011071439453,0.8049812438797738,0.8073849670836248,0.001382129361426741,0.5210443614661472,0.006751837630685192,1.2831943395866774,47.56898817345598,0.42514455304712406,-0.006070127178051592,-0.6953812223464793,1,0.4836199560485129,0
2023-12-12,AAPL,273.4,0.8945869083094468,0.8952218146386393,0.8648688502247273,0.8649140824991328,0.8988429435028874,0.9002102216806458,0.0036931797322994333,0.941791503533639,0.00885981129081661,1.498365207163085,45.45454545454535,0.29686951840639647,-0.005192997784485868,-0.48344947101805535,0,0.442687151179394,-1
2023-12-13,AAPL,273.07,-0.16782604899197678,-0.165753591654217,0.5726981799331111,0.574584353379645,0.6548431344075671,0.6579691954478839,0.0016726947258762107,0.5264828528370207,0.005301329013731907,1.0077951621267636,45.26889040163383,0.29095274992721404,-0.00454320943021445,-0.3242990586222036,1,0.45908534786091243,0
2023-12-14,AAPL,273.7,0.6127985369328363,0.6143366837039829,0.7443442844906025,0.7449284145077906,0.8579399674961512,0.8593618336377997,0.0027036730387379913,0.7093266914962905,0.005954131137900424,1.0600556464739237,49.96568291008926,0.6121660606016838,-0.0037978925249016887,-0.1466730114010752,0,0.4791913451656102,0
2023-12-15,AAPL,272.46,-0.8931067713300631,-0.8930411030563712,-0.2538780220021673,-0.24982960098484777,0.31611084276281864,0.320703925818015,-0.0020145782205780423,-0.20856555024603296,0.0002680010426341165,0.3314602575328975,53.17750182615049,0.829394883664123,-0.003533474567109294,-0.07618251385853445,0,0.45171984128292225,0
2023-12-18,AAPL,272.0,-0.23822450716202143,-0.23628680727885848,-0.2943917411667099,-0.2904531092612723,0.08508486042400935,0.09018567274103467,-0.0033928610685681993,-0.45510754495021194,-0.0017799144907059603,0.081366489942263,61.17647058823537,1.3476091810233817,-0.003420707324198246,-0.03832419840456343,0,0.4102387868498107,-1
2023-12-19,AAPL,271.65,-0.13918453984007711,-0.137125420930947,-0.7168855277510482,-0.7143133264217635,-0.35826421945255943,-0.3539011396910648,-0.0033972176567268865,-0.4340950910838663,-0.0030643888654422677,-0.06812472944610805,75.28438469493253,2.1771527249860427,-0.0033959825908924817,-0.018782151914129668,1,0.47995195143311387,0
2023-12-20,AAPL,272.93,1.2114852897839417,1.2110807646535076,0.47535177815304763,0.4777889943088745,0.23566673176575254,0.240447310615853,0.001401587977163674,0.5494784980507315,0.001280353362853572,0.5046066127434339,71.91539365452394,1.880196632150476,-0.002963212631905286,0.09393070276045808,1,0.48416419533541416,0
2023-12-21,AAPL,274.11,1.0892778529936586,1.0892945481237046,1.2306541003378955,1.2273037434472618,0.4505761183184794,0.45464581419924,0.005428602868356447,1.341395123958045,0.004816786169885267,0.9594585176926896,74.84210526315775,1.9830337348066358,-0.0022450797157884746,0.27212954143267937,1,0.6007995309736035,1
2023-12-22,AAPL,275.22,1.024698157571704,1.024989757013251,1.8593016820890143,1.8479957123144901,1.318405000154757,1.31502338827239,0.007460227979881794,1.7051067207259296,0.007777484840495737,1.340617338435344,73.38530066815136,1.8289140075760248,-0.0013327026652679148,0.49721338896207967,1,0.49666494932341854,0
2023-12-25,AAPL,275.79,0.6015005908520041,0.6031455881538651,1.502979610350998,1.4967738975457452,1.6854296011783498,1.6767675002253117,0.006753303643133616,1.559863498160896,0.008620027575311055,1.4722747478314073,73.20627802690574,1.772456589878663,-0.000437035165270347,0.7240431156886795,0,0.4296804724760072,-1
2023-12-26,AAPL,273.94,-1.368072356297158,-1.3706486014741814,0.1401974390345465,0.14400424700819203,1.1262856556941332,1.1252456428755886,-0.0016691083754255744,-0.09365398444766572,0.0016563858611194481,0.5721128367428604,59.42583732057393,0.9737794651177784,-0.00027036130704921916,0.7842182973061876,1,0.6393525975210879,1
2023-12-27,AAPL,275.03,1.1015184526094395,1.1011042644531885,0.15526844901348744,0.15898875041540536,1.066174568553519,1.0657413747238547,0.0007714196304460851,0.4184444411057242,0.00492175253852077,1.0421977060541643,63.31309627059838,1.2034100561323844,0.00018098140562826343,0.9199768801694018,0,0.4209607482175955,-1
2023-12-28,AAPL,274.04,-0.6521958764426927,-0.6511354583711145,-0.532979331530505,-0.5300019106050475,0.312149773304385,0.3165093004016847,-0.0027801633163998824,-0.2707129525336622,0.0011800509285138882,0.5862147691522207,57.42251223491029,0.8730221217074627,0.00024392032958502915,0.975667981914218,1,0.43572909273013793,-1
2023-12-29,AAPL,277.18,2.6592989389299335,2.647142905073711,1.7631419575360392,1.7542289205462984,1.0789392862589997,1.0781732117536087,0.007209407113475415,1.7391818304048758,0.010908533894503372,1.9091229679268182,65.65789473684214,1.3494501894516717,0.001204352630265566,1.258977682835744,0,0.2962071596316706,-1
2023-03-24,AMZN,234.74,0.43502521293978097,0.4369512310669715,-0.3515976281108748,-0.34803527786328714,-0.5042506661949698,-0.5003621798182618,-0.0016841317365267683,-0.34579304645643977,-0.001955782312925083,-0.3624095893148037,52.815432742440066,0.5776029613299443,0.004680745608917762,1.6744018880666192,1,0.4557502252758636,0
2023-03-27,AMZN,235.99,0.9359344147270156,0.9356601218104145,-0.6666823814730763,-0.6643097739028074,0.7144652749151875,0.7158606341439064,0.0021998369232858776,0.4020920443016471,0.0021998369232858776,0.24942566683735665,61.68021680216803,0.9254690018414774,0.004801232792016298,1.6480815397262663,0,0.3714717261379628,-1
2023-03-28,AMZN,234.8,-0.9347298427503457,-0.933955660027606,0.29818302439332006,0.30160996157817216,-0.27913649781482663,-0.27461010420385096,-0.0024301956052546723,-0.515241456451425,-0.00233694497556823,-0.4313980065071593,54.590434304563,0.5943041786097158,0.004436048082366859,1.4770600450197444,0,0.477364414239564,0
2023-03-29,AMZN,234.66,-0.11865150582029588,-0.1159318587550371,-0.087950066841218,-0.08403806367576465,-1.153960732003941,-1.1545602521664962,-0.0008941116362242073,-0.2094530722217331,-0.0019946497454588507,-0.37314242278536447,54.62046204620463,0.5703242668903262,0.00405179342356106,1.314662466680192,1,0.49942810224838724,0
2023-03-30,AMZN,235.37,0.539538514004017,0.5412106856280098,-0.35841958430748466,-0.35495446921366935,0.5056743949717151,0.5085874678690856,0.0010973493483957,0.19017517316287394,0.0006164310766288032,0.026107006066956585,55.62130177514794,0.5907427932161375,0.003945829135243743,1.2480700836830736,0,0.3982060534043674,-1
2023-03-31,AMZN,234.82,-0.42331131937536487,-0.4209485049390269,-0.0011663918528817003,0.0027012197382588494,-0.005521179553160155,-0.0008680853260081519,-0.001309924806913771,-0.27037104272386897,-0.001326914243914107,-0.25112590709977467,54.05122843700988,0.49174606118785064,0.003630853751652283,1.1263851149379325,1,0.45608721944399216,0
2023-04-03,AMZN,237.28,1.812771327500185,1.80566183143082,1.362618242827875,1.3589323687627137,0.5329041763351823,0.5356389408237596,0.008046357897241029,1.5317898308356541,0.007862242969217892,1.10594778074049,53.343949044585955,0.4309916941375908,0.004177779554109854,1.2627283907900642,0,0.430746389535094,-1
2023-04-04,AMZN,236.22,-0.8176722176518587,-0.8165297339673553,0.40303513247379325,0.4061736555536472,0.5858709759739812,0.5882334348781233,0.002333771799550146,0.40377793896909814,0.0029678882137897846,0.3678899924710217,48.293963254593166,0.14341531607431615,0.0041980551398896485,1.2375838097343728,0,0.4351948902937137,-1
2023-04-05,AMZN,235.44,-0.5903899680900806,-0.5885073045274675,0.27556554035729797,0.27907696885455446,0.30065593421999254,0.30454703575221914,-0.001636800013569188,-0.35907346705988524,0.0003909104814996708,-0.005260187047040327,52.964881980426014,0.3602857348861263,0.003901409868968657,1.1252192601617603,0,0.4014578919119057,-1
2023-04-06,AMZN,234.9,-0.4255373810722724,-0.4232029956045819,-1.2755246281682897,-1.277719797930979,-0.2652428932100787,-0.26060136795019856,-0.003529431727554873,-0.7251390502780549,-0.0022172949002215725,-0.39178546765268185,47.435123717561886,0.011616116042821287,0.003441447845986809,0.9702926754925665,0,0.40969316158099106,-1
2023-04-07,AMZN,234.31,-0.4913771766329211,-0.4892486354412798,-1.0418537719001668,-1.0419260966502004,-0.3115565730862488,-0.3070631649757657,-0.005602003140517003,-1.1548406062250056,-0.004541611613610341,-0.7620970697746631,50.0,0.12160561161809684,0.002841753825840521,0.7770376888732394,1,0.4366968804850977,-1
2023-04-10,AMZN,234.33,-0.01704105554779613,-0.014327320160047126,-0.6542123808712134,-0.6518445017703354,-1.402440116095914,-1.405321830042751,-0.0030207624234173244,-0.6575631763260086,-0.0037540442067403148,-0.6585929992328832,46.711864406779675,-0.14679451476893352,0.002346277883842367,0.6169929595871922,1,0.43781065329932595,-1
2023-04-11,AMZN,235.3,0.6972793960908727,0.698470342486284,0.1352032039915617,0.13891542484865377,-0.504125965586871,-0.5000852013800474,0.0018905201485166095,0.2984845518914736,0.0001572707990632022,-0.08450970025519365,43.2490974729243,-0.4826068435623952,0.0022606359018836173,0.5753691347929623,0,0.3706259562261958,-1
2023-04-12,AMZN,232.22,-2.2655478351396434,-2.2766176266275244,-1.18631398778974,-1.187717405191307,-1.552650228434969,-1.5572459745563871,-0.008505115023995313,-1.7181096998815275,-0.011909675387947386,-1.8994832707801095,43.031609195402346,-0.636122720177492,0.0011215375053912683,0.23242457095160035,1,0.4446494107513437,-1
2023-04-13,AMZN,232.8,0.4101572978613104,0.41225580571256987,-0.874299119787782,-0.8732501214541921,-1.0504060330304599,-1.0495577769529285,-0.00424308787298107,-0.8737074023722838,-0.008357400260689502,-1.3579145318904267,43.031609195402346,-0.6453345581099683,0.0004126103059356226,0.015220151140025895,0,0.3782001750121504,-1
2023-04-14,AMZN,232.2,-0.46248853074484475,-0.46000732333906663,-1.648554666703758,-1.6552831168922515,-1.0373335529897814,-1.0364786946211557,-0.005013497878904933,-1.0076073061870965,-0.009808102345415827,-1.5536262456227767,35.71966842501887,-1.2786942714985428,-0.0003525037118992679,-0.21840271589878585,0,0.36883773622617094,-1
2023-04-17,AMZN,232.18,-0.007740237510949078,-0.004943214382849634,-0.04196243543433478,-0.03797091539413545,-1.0236247688264128,-1.0229215918223398,-0.0032626427406198632,-0.6442960437369795,-0.007735373306551572,-1.2032974892516242,39.173553719008325,-0.9556383833536934,-0.0009555432428664776,-0.400755752988168,0,0.36611208466874445,-1
2023-04-18,AMZN,232.12,-0.028693420190095163,-0.025896560205999675,-0.3572432353237228,-0.3538213101081793,-1.429925478470427,-1.433990577445301,-0.0007920655692540701,-0.1428005105760554,-0.0062505351485571525,-0.951555871092001,39.43427620632289,-0.9136190922460227,-0.0014382495792580393,-0.5420429790176382,1,0.43534059777045875,-1
2023-04-19,AMZN,232.78,0.5353018065168524,0.537029999353296,0.36714136481018955,0.37024237165462603,0.26942039234085735,0.27349007795412494,0.0015661572353022353,0.36312419824877235,-0.0022887610687743563,-0.3398248099130976,39.181286549707636,-0.9109089286391235,-0.0015749694839436968,-0.5748261289151644,0,0.39439533436155083,-1
2023-04-20,AMZN,232.66,-0.08753863897915799,-0.08480601156534587,0.3095365958968929,0.31280759683090315,-0.035451179817304036,-0.030878119967604888,0.0011704563058333106,0.2790337434517282,-0.0018447809858853097,-0.2594941028544878,40.64124783362224,-0.7789106520177226,-0.0017053053089175433,-0.6041992419749009,0,0.430963871052879,-1
2023-04-21,AMZN,232.16,-0.4253559507851634,-0.4230730228553185,0.035428150160529664,0.039092365789620866,0.008199534739354796,0.012752688279980003,-0.0009467251914965594,-0.19304237855359985,-0.003070316693505114,-0.45952738101902196,23.277661795407184,-2.164999201722517,-0.001959191910000127,-0.6724536475669336,0,0.38965718248849607,-1
2023-04-24,AMZN,231.87,-0.2503179792858796,-0.24779072317128142,-0.5704420438727378,-0.568186350102582,-0.13209948743778976,-0.12756068085754024,-0.0019283912568116939,-0.4336758004426606,-0.003262705853526371,-0.498572749139611,25.312145289443933,-1.9219683745829061,-0.0022353858857775493,-0.7486177498867718,1,0.38718667912803456,-1
2023-04-25,AMZN,233.16,1.0096654830337948,1.0092415394619876,0.25935358686846743,0.26257083236073603,0.47795266002474984,0.4809287284806311,0.002726576812915485,0.5565392218914869,0.0032054729686120777,0.4782290753277471,37.76824034334767,-0.9213229288886292,-0.0019848143081736573,-0.6748054164971113,1,0.48353706962788,0
2023-04-26,AMZN,233.78,0.4546441431079938,0.4565321735942013,0.9250699538638738,0.9254337607143441,0.4312209668219632,0.43433469305284156,0.004528931017591388,0.9211805391585869,0.0051984125277872275,0.7589503769313773,44.04255319148936,-0.4236047504103642,-0.0015536518313421714,-0.5534415979799434,0,0.5193008058621339,0
2023-04-27,AMZN,233.35,-0.377865935812824,-0.3754529702004628,0.8209604871229758,0.8218783173257072,0.2581208342644009,0.2618127613220918,0.0020870551051258178,0.3809329078721871,0.003112291833242892,0.417920840812015,44.80519480519479,-0.3596568223808092,-0.001345302281423611,-0.4999029916812868,0,0.44337117796710374,-1
2023-04-28,AMZN,231.01,-1.810856583564251,-1.8165988098182144,-1.32554776294668,-1.328213048961819,-0.6341868723462601,-0.6310541342592274,-0.006980922822975247,-1.5256553745951509,-0.006438515829630875,-1.0428598494311818,35.64013840830444,-1.0703432490365703,-0.0019678712049543854,-0.6857493332090318,1,0.4636038200713824,0
2023-05-01,AMZN,231.69,0.5390204508800404,0.5407430361033916,-1.2420121149983436,-1.244195580562776,-0.1423564663504251,-0.13805724051024143,-0.0039037309005237166,-0.8421473393784537,-0.0033038226260227684,-0.5487188570552802,33.98402839396627,-1.1642968090716228,-0.0022009366163791,-0.753191316012936,1,0.441323835536026,-1
2023-05-02,AMZN,233.16,1.116895258278895,1.1155985559950288,-0.12029642081234673,-0.11678704802301085,-0.05230528108530376,-0.04800254184713188,0.00241618586574254,0.4934836918308486,0.0025713573154686202,0.34051388439869734,54.865424430641795,0.4716248345587984,-0.0018546909735659312,-0.6531555704315007,0,0.42583091094799824,-1
2023-05-03,AMZN,231.25,-1.455580947331199,-1.4580889520802243,0.1258101418721839,0.12934204595671303,-1.2590499764179672,-1.2609186051643215,-0.0036278717060476574,-0.7817815426532224,-0.004986898097749931,-0.8068534394863699,42.94813466787985,-0.4576487738427969,-0.0022171577238016328,-0.7598003986332289,0,0.43850904716718675,-1
2023-05-04,AMZN,230.04,-0.9163823845768688,-0.9155701012094237,-0.9984330726948629,-0.9985861704412248,-1.5818112154031851,-1.5877524751123129,-0.0060061357645941095,-1.2657467089421877,-0.009076145718014997,-1.3935208561294679,40.68965517241381,-0.6238718449330449,-0.0028919910522609772,-0.9543397537173428,1,0.4879195943898196,0
2023-05-05,AMZN,231.71,1.2350265888289107,1.2327438677323208,-0.8827530762801583,-0.8821064913531841,0.3101685931193797,0.3138705229216421,0.0006045688128860163,0.09924711773848688,-0.001688912633238817,-0.2974718154368639,48.22641509433963,-0.05008264476075397,-0.002814775312070513,-0.9332370411546427,1,0.42857437452544805,-1
2023-05-08,AMZN,233.24,1.0850588045259104,1.083669099672964,1.137385913192038,1.1363643659750426,0.6971516175682085,0.6988091449686734,0.00586510263929637,1.193237261590105,0.004310214907918279,0.5860654223614203,53.80434782608696,0.3648425107652911,-0.0021965541251749775,-0.7667328603067554,1,0.5820522406736514,1
2023-05-09,AMZN,234.18,0.610688700516497,0.6118346730529874,2.3854284266909667,2.3713072250707694,0.4012663393493058,0.4045675569803686,0.009031212836731544,1.8556245509665843,0.007915090319831744,1.1402399338345446,54.66666666666668,0.40808649125891916,-0.0013647284984085537,-0.549542339684713,0,0.3641385462303659,-1
2023-05-10,AMZN,233.89,-0.2972379263701178,-0.29446637979077095,1.1334562768215821,1.133251671540778,1.2305098416530658,1.2281168915531686,0.005494127560057055,1.0312744373394445,0.006619267318551088,0.8992561403487604,54.054054054054006,0.3282591975424205,-0.0007973364376725264,-0.41166815772950177,1,0.5671167789143471,1
2023-05-11,AMZN,234.56,0.42070498695200115,0.42259026202255334,0.5898034269262331,0.5924220023186058,2.1461814394865315,2.1315292697619195,0.004470785727744613,0.7825244004869452,0.008977386621241989,1.2507521945958235,57.82268578878747,0.6366661318507525,-0.00011454527256440451,-0.23574202379479325,1,0.568240631737252,1
2023-05-12,AMZN,236.73,1.5383907845966298,1.5331673554054706,1.3449921515371506,1.3428476188909728,2.2450580237529865,2.228650151456193,0.009423503325942386,1.8444035753484425,0.015812396747409186,2.244264995650878,64.11149825783963,1.1602956930252513,0.0011628196585857454,0.14365266496153756,1,0.5512761874672563,1
2023-05-15,AMZN,238.39,1.1093303612616952,1.1075500338858217,2.384695587500684,2.3700035617634345,2.1748532438344452,2.159921785208006,0.012056888134154,2.296185869668276,0.020002995100870644,2.679051212827509,64.86640136441153,1.1855224227997598,0.0027134358739986856,0.6296258709624899,1,0.5792956914122448,1
2023-05-16,AMZN,240.72,1.5277519619525572,1.5222485459284711,3.0215781774029944,2.9961963735777792,2.639778428871737,2.616328564976465,0.01630512796696753,2.8958651657130763,0.026651483552336944,3.2599990338430427,67.97927461139889,1.4061134048682378,0.004683768437903923,1.2638797013855976,1,0.6403742277346055,1
2023-05-17,AMZN,241.22,0.20500327110949088,0.20752728434567783,2.001277145747966,1.9932388816787494,2.7533037581998374,2.727660813563644,0.012151524814957852,1.9830460104767107,0.02442794774661517,2.717244413015559,70.31491997934945,1.5460248575205704,0.006335085125751742,1.7746109837745876,1,0.6370755570147596,1
2023-05-18,AMZN,242.73,0.9173958818275102,0.9168158841885712,1.8259495440736204,1.8199395500827726,2.847439908313995,2.8202527569706404,0.011552021603780625,1.7963003652793499,0.0253150120175552,2.6250395555321213,81.60733549083055,2.352490154191727,0.008057596459164013,2.2538628062029638,1,0.5748412835328084,1
2023-05-19,AMZN,244.46,1.0306700247881821,1.0291274199487437,1.4577845391959596,1.455695664013076,2.4617905154978375,2.4432591355721898,0.012239962899165303,1.829974542984666,0.027091071038434944,2.616735521600594,82.59315977539553,2.295022193427098,0.009885832551051509,2.6820941929459496,0,0.4197051002445776,-1
2023-05-22,AMZN,242.74,-1.3420126121723732,-1.3429268982420406,0.4014784475088504,0.40582660793590486,1.1779141858869635,1.1801524894271596,0.0015100629605485135,-0.05748084581931496,0.015810045111775178,1.3299427925744145,74.14314516129028,1.5582151367854205,0.010619809961714617,2.708966795786035,0,0.37108062371281625,-1
2023-05-23,AMZN,241.72,-0.8309077081328731,-0.8292404697363233,-0.776344497820359,-0.7764883393983809,-0.0139361776605966,-0.008375382931391675,-0.0035205751646920666,-0.9236265759439742,0.008359892539504922,0.5285888264488499,77.62532981530332,1.7555412416409033,0.010728602856341068,2.547620462560683,1,0.49255055629574357,0
2023-05-24,AMZN,241.81,-0.04732971190892457,-0.04443766305323819,-1.5004148582760248,-1.5095728540722648,-0.14354045418507785,-0.13873053985088316,-0.0036342359863530934,-0.9132079532427301,0.005413541337502374,0.21388821506082198,83.00616937745363,2.054099392514886,0.010718963689137414,2.3765530822749956,0,0.3678324157688252,-1
2023-05-25,AMZN,240.07,-1.3198932316604757,-1.320839984340457,-1.4610998763089564,-1.4698689689796396,-1.2756253423677073,-1.2853464825307177,-0.00863065741658409,-1.7361719422806903,-0.004102730037044773,-0.8257430595377891,73.35195530726244,1.3136113730211654,0.010008327234212163,2.05848796888799,0,0.5078332342952634,0
2023-05-26,AMZN,237.53,-1.8241343740019824,-1.8293446787984866,-2.0929925887477743,-2.112661089637466,-2.575303294685826,-2.618738283711579,-0.013473215546528992,-2.4296237775713134,-0.014966471620102848,-1.93568719079477,61.343204653622365,0.45280699554236464,0.008491424667217768,1.5816025900707948,0,0.4928926888952138,0
2023-05-29,AMZN,236.61,-0.6866914138471083,-0.6845420600329328,-2.382394280593225,-2.4079877582298455,-2.185031613528415,-2.215257297200752,-0.012264765307996677,-2.101599139685313,-0.018056863973838086,-2.1403043053926583,56.43197458973002,0.1231731590064524,0.00689915547342472,1.1244813080981386,1,0.5784291744314332,1
2023-05-30,AMZN,238.46,1.2327375492425308,1.2298647417928268,-0.8203187323420675,-0.8198581985745096,-1.2368455280716868,-1.2435720708436406,-0.0018250619516442595,-0.4227035309604537,-0.009450225351527753,-1.2118070999362587,61.17359413202938,0.4741344043253668,0.006190844820646172,0.9121647402512667,0,0.3992822269374347,-1
2023-05-31,AMZN,237.73,-0.5762937060470984,-0.5738542886555144,-0.022899886317277997,-0.018243672566096287,-1.4506416413596743,-1.4617948942362204,-0.0014700940860216008,-0.3541126521198717,-0.011048896358356883,-1.3284789929674896,57.72793759141879,0.23248304661897415,0.005321505516804672,0.6685230558777132,1,0.47651971783295477,0
2023-06-01,AMZN,239.28,1.016580616151191,1.0154265990241922,1.0372952399591415,1.037988447134866,-0.40164853427998876,-0.39736212356828243,0.00570775296105436,0.7903408023881103,-0.00317029174182742,-0.5184086271086732,56.41025641025642,0.1415710403089995,0.005097919094988512,0.5959945577682022,0,0.4465236369601365,-1
2023-06-02,AMZN,237.22,-1.4669074933310904,-1.4691763196535663,-0.6533881287680718,-0.6515941028626256,-0.2396430921352235,-0.23429711206043083,-0.0026906583704702056,-0.5473776940534196,-0.008762436433684228,-1.053474452727609,47.11680630852641,-0.5290718270574868,0.0041759636507089515,0.3497643740807175,0,0.4573061472370192,0
2023-06-05,AMZN,237.13,-0.11052357465956182,-0.10747745409694295,-0.36980999422784994,-0.36625444907102706,0.02368140251178928,0.030141007668479526,-0.003504731808172678,-0.6615803245813495,-0.006810300055286589,-0.8383232899351262,40.055401662049874,-1.0194799501385519,0.003375811284628357,0.13991333454999297,0,0.3931214562268493,-1
2023-06-06,AMZN,235.58,-1.0974673202585834,-1.0971465171819441,-1.6447822348911294,-1.6558457268255047,-1.0362385255436188,-1.0402022494966943,-0.007616223229480819,-1.2779055255296605,-0.01075828707241879,-1.1899138041229982,35.2356020942409,-1.3310322365952778,0.002190844132970314,-0.15956558962395478,0,0.4154253831445246,-1
2023-06-07,AMZN,234.79,-0.5427631305808948,-0.5403112938423996,-1.076426742488625,-1.0792512471847802,-1.0241122328824557,-1.0283193642491342,-0.008488175675675757,-1.375271177324452,-0.01116071428571419,-1.1906804063654823,28.400435255712807,-1.7617811795644713,0.0009712042929684421,-0.4583205528666332,0,0.3831605823658118,-1
2023-06-08,AMZN,234.33,-0.3401990247500436,-0.337439549466134,-1.1971865133738007,-1.20185573994534,-1.597722064988883,-1.6141969993877712,-0.006276239345235528,-0.9974841622317129,-0.01070647539114955,-1.1111536257869523,20.397428404441882,-2.2099625907274234,-0.00015165348489249914,-0.7257390702030204,0,0.38222173547094207,-1
2023-06-09,AMZN,232.37,-1.393734111947921,-1.3957908901534457,-1.3411831433621446,-1.3480639148099671,-1.517174861784236,-1.5320826719466336,-0.010517799352750804,-1.607405045914917,-0.016839433044214046,-1.6423754657103853,20.115273775216153,-2.107004289763419,-0.0016924904815215891,-1.0863853721242176,1,0.5429549039823985,0
2023-06-12,AMZN,233.43,0.7915801177430136,0.7920354238466873,-0.5624514859874067,-0.5603275003979568,-1.1206558617407543,-1.1271764525686359,-0.002862024775736811,-0.41515689898289265,-0.011023928958785146,-1.0521947750507803,26.164462334675136,-1.625568239370706,-0.002525507304372046,-1.2546915992594962,0,0.35348720149471463,-1
2023-06-13,AMZN,232.76,-0.4661626810162039,-0.46366035607497463,-0.6356644586505821,-0.6342622390293274,-0.8371483948685862,-0.838766257812479,-0.0033228281721019905,-0.47821867948462227,-0.011475312364627831,-1.0622768230886277,24.819143016138014,-1.6424561740232053,-0.0033779740368711513,-1.4155489832711514,0,0.33206466819227914,-1
2023-06-14,AMZN,231.93,-0.5609701598919189,-0.5587910515928508,-0.1349549764687586,-0.1305493297649331,-0.8312918907525836,-0.832988326330003,-0.004438454010061606,-0.6278846625078089,-0.012568012874549766,-1.126852533628499,26.14302461899183,-1.4959639807038312,-0.004291147031089914,-1.5771511188609575,1,0.3948402052030153,-1
2023-06-15,AMZN,233.54,1.2529217375555761,1.2508498110746487,0.10400213488378283,0.10902725265966348,-0.18666238548786698,-0.1809835493576313,0.003152839703444108,0.5535971025597151,-0.003277736995749188,-0.2507311762990623,37.63174209547424,-0.7353328202755901,-0.004412800178656562,-1.5426578538416642,1,0.5125007687170595,0
2023-06-16,AMZN,233.62,0.07329510975782876,0.0759878607179078,0.4214627186561321,0.4263788299771093,0.4384031518920331,0.4456710502428618,0.0024200192228478194,0.42600110759861476,-0.0014020209619229323,-0.0744998008358455,40.22236756049704,-0.5546308624022714,-0.004431169747127315,-1.4868517024040608,1,0.4719409190028994,0
2023-06-19,AMZN,233.71,0.09658347215007095,0.09924329420428529,0.8018344054112407,0.805118342433263,0.1419464531962779,0.14915992665842334,0.002565290504135408,0.4478686948948101,0.0004451940446735675,0.10274869528189082,32.446415373244676,-1.0175154642506268,-0.004364833960358816,-1.4158665361963734,0,0.49196448890329014,0
2023-06-20,AMZN,233.43,-0.2037555143475479,-0.20111369933925813,-0.018224790117034508,-0.01341813702586689,0.2581991068019368,0.26556738627621324,0.0007888666901039996,0.1581545416851658,0.0001671015591860323,0.07254435272585343,33.56269113149854,-0.918497994510911,-0.004358717014196354,-1.3627248545691055,0,0.4016817607072958,-1
2023-06-21,AMZN,232.82,-0.4553709633196222,-0.4531227408910854,-0.31226427458081596,-0.30856678155949413,0.31172824664427745,0.31900163134372567,-0.002587565974364183,-0.3721408025196273,-0.0016038148494385226,-0.09542278864486932,23.393739703459644,-1.5021225379422307,-0.004512442452065572,-1.3477666106890482,0,0.39491066077353665,-1
2023-06-22,AMZN,232.63,-0.11624667483496236,-0.11357353317024711,-0.42967651160497844,-0.4266756781469878,-0.24334154295653718,-0.23805223459573333,-0.002623884206103631,-0.3677835559819744,-0.0016908129634714754,-0.1000130000029867,27.653359298928933,-1.1957241412338526,-0.004646893906756621,-1.3291041188858008,0,0.3992916123118956,-1
2023-06-23,AMZN,232.37,-0.1753026195823733,-0.17266380511284599,-0.4131602220141038,-0.41009093109931805,-0.3425518383897871,-0.3381137202576661,-0.002669619557753116,-0.3710747155640727,-0.002806577863224252,-0.20306354336444501,27.20306513409966,-1.1832658183677254,-0.00478866204031927,-1.312881679950222,1,0.40629336900930446,-1
2023-06-26,AMZN,233.04,0.5984422192284965,0.5998716269542977,0.16038758461372754,0.16546256742241056,-0.15089064103069885,-0.14502105638293392,0.0007815922149979298,0.19645811451178294,0.00023606669957271914,0.09693426226973605,36.715481171548014,-0.5858856142472778,-0.00461695800781739,-1.2305235954287626,1,0.44055390340960615,-1
2023-06-27,AMZN,234.36,1.0862479742629614,1.0851429437237794,0.8143977601472122,0.8179158214550084,0.35405553358148323,0.3615072094934984,0.005647002282830721,0.9620882209762225,0.005211349160393884,0.5650909611981103,47.86917740336978,0.09312528472137216,-0.00397922539999511,-1.0537038004509744,0,0.5218412537024671,0
2023-06-28,AMZN,233.54,-0.6343268869451004,-0.6324354082588917,0.5646952483196074,0.5692767854798225,0.28895820524501475,0.2964005602129412,0.0015095116386776995,0.29398581461026124,0.0010029746341714697,0.16497211618699462,46.220095693779825,-0.00036841424167215355,-0.0037140593931328145,-0.9634425663907867,0,0.4009192781639736,-1
2023-06-29,AMZN,232.38,-0.896682140628023,-0.8957563848110418,-0.24915976474326498,-0.24522844193988438,-0.0179071014166541,-0.011294185738760485,-0.003251293225471651,-0.4656133799171036,-0.0034735623311462852,-0.2574441590155807,50.05181347150255,0.23033445930051227,-0.0038601832639009424,-0.9640694041513422,1,0.4506855432719204,0
2023-06-30,AMZN,232.99,0.5049038699285288,0.5065440947830273,-0.5631545403072122,-0.561184104853941,0.2506777356075131,0.25805232883049195,-0.0011660707702068548,-0.1458370923826642,-0.0005876625187129781,0.009877051415198906,47.608695652173935,0.0840035507308252,-0.0037226523364343633,-0.9056511376581721,0,0.41192788254430934,-1
2023-07-03,AMZN,232.95,-0.016307701181994462,-0.013663537657459403,-0.22627951693600715,-0.22224749543726338,0.012028185368092524,0.018733777591477253,-0.0012604825847610706,-0.16592473681132733,-0.0004333815345140227,0.019279719414106163,51.108518086347694,0.29255284195425035,-0.0035862703656875878,-0.8504538873844747,0,0.4341103990555726,-1
2023-07-04,AMZN,232.39,-0.41422816793479733,-0.41186231778230753,0.04080154575771879,0.04566224966763269,-0.573001408343479,-0.5710520579255493,-0.0019755207214945587,-0.2705136492040579,-0.0023911018386155993,-0.16257244855312888,52.77108433734925,0.3837359559358421,-0.00363017166011285,-0.8348975386375652,1,0.4605661891944244,0
2023-07-05,AMZN,235.23,2.262638796509138,2.252019943618258,0.9918280508291372,0.9937408643473731,0.5561426320409532,0.5628915133081823,0.008756882858466014,1.4046619107901923,0.008756882858466014,0.866131973842383,58.866736621196125,0.7352585915250637,-0.002652457634332954,-0.6091908018523874,0,0.4145974648080233,-1
2023-07-06,AMZN,234.63,-0.508150476921177,-0.50634100748285,0.7211478328008026,0.7245807585929251,0.7136368567540022,0.719384600175008,0.004245884659173552,0.6588804009122693,0.0053216103655714525,0.5185503096277573,55.02487562189047,0.4896858168281218,-0.002061430960800888,-0.4726235683862811,1,0.5908748548771455,1
2023-07-07,AMZN,235.43,0.5963825341016687,0.5981010018750499,1.2812710668743847,1.279894125555591,0.7473454256326358,0.752581603624023,0.005569650530056352,0.8426822768909071,0.007428517634171137,0.6946584681767141,57.99256505576203,0.6468992659796674,-0.0013021329527155637,-0.3064037085169736,0,0.47953903462070085,0
2023-07-10,AMZN,233.35,-1.643430548972899,-1.6482819751666133,-0.8668081485034399,-0.8670045367288,0.08729892036159098,0.09411987303516574,-0.0036549020947370886,-0.6348486137055689,-0.0016044496737617783,-0.1817571701447547,49.681528662420334,0.13389385751997365,-0.0014018436774670578,-0.3260034990121714,0,0.5087913670778831,0
2023-07-11,AMZN,233.08,-0.2280984937367864,-0.22559105060392018,-0.7164818670978306,-0.7153084388608574,0.16130904974397803,0.1681276264291305,-0.005393780083979029,-0.895171800117454,-0.002213213354623665,-0.24757471264651518,51.06382978723411,0.20626118547911956,-0.0015562191918790838,-0.3585526187943168,0,0.39588413006388834,-1
2023-07-12,AMZN,231.54,-1.1892809737639995,-1.1907810063073494,-1.654193553015281,-1.6657408623819647,-1.1984446257360222,-1.2051199474946876,-0.00884395092591801,-1.393326945429116,-0.007956400467872457,-0.7892804096298558,45.98378776713339,-0.10922443297470925,-0.0021856233360688917,-0.49052987143700066,1,0.5181955918252588,0
2023-07-13,AMZN,231.65,0.09698116256072768,0.09967806884833275,-0.7171819029771394,-0.7160756251427527,-0.9551000913211868,-0.9576097376367583,-0.005836659370842633,-0.898221737670166,-0.007174572697193509,-0.7028378921693775,47.317436661698984,-0.03491837428986823,-0.0026172015023985277,-0.578577859192844,0,0.39036064915777724,-1
2023-07-14,AMZN,229.85,-1.366158468582348,-1.3689721030787472,-1.3244032665300907,-1.330861927998151,-1.6904857555138628,-1.7088243036831492,-0.008814372083796955,-1.3207278637364492,-0.01356164971460451,-1.2801603947888502,39.03780068728532,-0.5649532719484225,-0.00354298574046584,-0.7677988859986989,0,0.4408668160278769,-1
2023-07-17,AMZN,229.39,-0.3292672972891424,-0.3269099010124799,-0.8651041248981887,-0.8655485658830752,-1.1759317800959062,-1.182418867607874,-0.007407984353229385,-1.0809602992950924,-0.014029417074282024,-1.2895694974451486,31.848064280496757,-1.0259155075104096,-0.004388249189899547,-0.9347073682971814,0,0.3603865322910713,-1
2023-07-18,AMZN,228.3,-0.7942707958860721,-0.7936429485039999,-1.3206356558097598,-1.327387649958587,-1.3750776141123755,-1.3861993166747877,-0.00802099536815762,-1.1359947841744145,-0.0169863721501002,-1.5047644738131183,31.232091690544564,-1.0513877793266864,-0.0053781394981233825,-1.1214686652565884,0,0.40074214306425376,-1
2023-07-19,AMZN,227.42,-0.612922624912583,-0.6115895785245022,-0.9184625291106259,-0.9199162331687504,-1.1484478547929555,-1.1550051155095225,-0.008294014529787752,-1.1375917254882721,-0.017471399440085765,-1.4888612254417528,31.871345029239862,-0.9911268805953829,-0.006399595462033924,-1.3003006438955398,0,0.37511622696812547,-1
2023-07-20,AMZN,227.07,-0.19767940935296863,-0.19516563597899972,-0.8468712856855847,-0.8477515024419426,-1.2425634540110102,-1.2514516782957663,-0.005849233382660756,-0.7502511163585945,-0.015768850668377365,-1.2901572614235035,27.94336810730259,-1.201105225506268,-0.007252182830354196,-1.4309643499405864,0,0.38531694220728757,-1
2023-07-21,AMZN,226.57,-0.3490036889214759,-0.34689813130379493,-0.609360371753452,-0.6077707491462663,-0.852820383094249,-0.8542307440433387,-0.005181119648737681,-0.6576512576072407,-0.014150081367319219,-1.124881853016371,27.017291066282525,-1.2378784220387518,-0.008014812237503551,-1.5349085241391978,0,0.3450260869376524,-1
2023-07-24,AMZN,225.13,-1.0786184541046617,-1.0800010847998676,-0.8437886979489463,-0.8446257143342621,-1.1116168559269295,-1.1180679941835652,-0.007792047527964111,-1.0302801945407172,-0.016899563318777313,-1.3262753496731685,25.406504065040764,-1.3141724644142327,-0.009025786263771943,-1.6736891559527893,0,0.3817633578602358,-1
2023-07-25,AMZN,224.62,-0.3074197268752525,-0.30531618947281547,-0.8903584274560014,-0.8918733432675875,-0.9228903422229394,-0.9258786022851665,-0.0068181215235095785,-0.8593064098980703,-0.015489537768349413,-1.1656394421164804,7.320997586484481,-2.247616008003152,-0.009898630808780482,-1.7688400144938836,0,0.3992531710549871,-1
2023-07-26,AMZN,224.43,-0.06808277756923399,-0.0655522945109173,-0.7435586212631023,-0.7435170915198036,-0.721712987900755,-0.7213243709838959,-0.005027397989040743,-0.5905517017535759,-0.013247275141463915,-0.9549095915348458,7.57071547420982,-2.113957212319869,-0.010541647580968452,-1.8122858599622382,1,0.4260038924258994,-1
2023-07-27,AMZN,227.03,2.1487943752320793,2.1410031572922072,0.9104842294036289,0.9137370176394454,0.12357403486814127,0.1313319912135077,0.0065349624926848236,1.076422690561706,0.00021587709984539056,0.17650504618986362,19.60926193921854,-1.4087366113221538,-0.010018857680811703,-1.6560695379241368,0,0.5051264423608499,0
2023-07-28,AMZN,226.94,-0.011876475061656675,-0.009235523209787265,1.053288296855233,1.0550794643482493,0.2458418079392172,0.25375268660368866,0.0058059655187695505,0.9497708597787239,0.0011028276500948432,0.24799505471914435,22.907861369399868,-1.1927606082749602,-0.009527158225436523,-1.5181849129558294,1,0.6848457807585571,1
2023-07-31,AMZN,226.99,0.12383336506961402,0.12655396768975513,1.143979994682266,1.1448916084313718,0.6854069004240869,0.6920023983000423,0.0043716427288254065,0.7471064889180011,0.002384632369176509,0.36034846010584387,23.772609819121527,-1.1098595110270868,-0.009016325999966768,-1.3851438850504791,1,0.6535699886710706,1
2023-08-01,AMZN,227.22,0.28381501973727813,0.2865537994828026,0.19801169786823694,0.2034458552290712,0.8933283090892219,0.898187823050976,0.0030813784091610484,0.5819361288252302,0.0038790856314779663,0.49545117448855963,29.029126213592292,-0.8061949015303437,-0.008433087351305404,-1.2464827823576516,1,0.4948991766321818,0
2023-08-02,AMZN,227.39,0.22741505769249099,0.23015004722388216,0.3212297328161555,0.3266216445004345,0.9964413330151359,1.0002207710308553,0.0012152487297128775,0.31825847730497925,0.004643477261983078,0.5647594977830898,29.440154440154316,-0.7607629643447879,-0.00782060200935729,-1.1096474144844164,0,0.46376319519035525,0
2023-08-03,AMZN,227.12,-0.1258232765016939,-0.12343130550117899,0.19497651224024107,0.20040194755748353,0.17464161485179483,0.1824356216391584,-5.283271401652103e-05,0.1411697861154674,0.0034284098540275443,0.47115201986280003,34.54133635334087,-0.47303725300995314,-0.007346347480888306,-1.0004861265657943,1,0.47712480551169734,0
2023-08-04,AMZN,228.5,1.2810955399719008,1.2809353903872966,0.6954762749652544,0.6999009892636088,0.63937477740832,0.6461842822945487,0.004642901109723638,0.8700298289004689,0.0086652511510262,0.9454565154479515,45.43589743589747,0.11979043370945332,-0.006407445115876852,-0.8181227948848501,0,0.44425734990338606,-1
2023-08-07,AMZN,226.66,-1.393788516077507,-1.3981356055572463,-0.12991180056779092,-0.12544186522773165,0.09730433363271451,0.10465224372026023,-0.0031577373360658877,-0.2884113854279221,-0.0001323393180113862,0.21281014540290588,42.1904761904761,-0.03353746028660625,-0.0062434867057051405,-0.7651616410247916,0,0.4364600661495259,-1
2023-08-08,AMZN,224.78,-1.4102328016322654,-1.41464107916637,-0.8365024514715571,-0.8366619668242462,-0.5311186782004368,-0.5286108281885551,-0.009299660628498203,-1.2595352144687564,-0.008495584589732904,-0.5206684433414485,38.52173913043478,-0.20827214758622187,-0.006704238747481759,-0.8137501179245676,0,0.4420958010232499,-1
2023-08-09,AMZN,220.72,-3.0107918004780343,-3.034029816160922,-3.149456969953727,-3.191379456377747,-1.870119407070436,-1.8933638943030422,-0.02144035184167118,-3.068202067085045,-0.02480835929043224,-2.0614273703283343,29.125575279421383,-0.6971414421443196,-0.00842092066958864,-1.06764259016686,1,0.5915489414429351,1
2023-08-10,AMZN,221.12,0.6163017298320926,0.6180756829871599,-2.0993115160981874,-2.1129884227978475,-1.6667092671459018,-1.680566248915479,-0.014423505500187159,-1.8967911970832319,-0.02048337940321778,-1.6451220362494952,31.965585704831227,-0.5141104953931084,-0.009537799181940507,-1.2225848241134172,0,0.369425297900344,-1
2023-08-11,AMZN,220.1,-0.540170357255309,-0.5384938410753294,-1.682412858402725,-1.688403955235503,-2.475093853757717,-2.503055546503591,-0.011568377373403481,-1.419004284338468,-0.022038567493112983,-1.8529335669323093,32.87950987066027,-0.434834273676644,-0.010672751297108452,-1.3893547275998757,0,0.4494050978271261,-1
2023-08-14,AMZN,219.61,-0.10832445525244358,-0.1057792787518154,-0.011959730080545692,-0.007266031708904168,-1.9493006907403343,-1.9624969717994998,-0.007484204532101532,-0.7065244876316296,-0.02100551885236384,-1.7118471112147486,32.92433537832309,-0.40504440125748714,-0.011622348271839044,-1.5342600758723404,0,0.38386765390013994,-1
2023-08-15,AMZN,219.36,0.0880463886037596,0.09063801323581355,-0.3149391456481542,-0.3102363956037914,-1.3235091363551708,-1.3259186038403512,-0.0037332751996076094,-0.07348246307963338,-0.018681554648915556,-1.4032119132255676,32.790224032586536,-0.38588043577683273,-0.012330287738778391,-1.6456294922532293,0,0.40230863874211686,-1
2023-08-16,AMZN,219.07,0.05865038028610255,0.061247765746817166,0.020871547181157198,0.02549610587552091,0.05393257128477885,0.05983875418597362,-0.0035569383039499784,-0.043969121038075494,-0.01631762339248516,-1.094989316055218,17.954911433172242,-1.397357112556307,-0.012854503742716256,-1.7342369456734545,1,0.46518491412316704,0
2023-08-17,AMZN,219.63,0.767519610499853,0.7685924016421514,0.5078169115004625,0.5102576927226011,0.10896565221947715,0.11471192737404101,0.00034615629867819944,0.5912482251878599,-0.0104750963033048,-0.40289601322460294,21.644685802947976,-1.1255967483556275,-0.012923236323804675,-1.7412000842158546,0,0.4415870066103605,-1
2023-08-18,AMZN,218.38,-0.8379683021614184,-0.8373715355853367,0.0010482582317427336,0.005627891219308106,-0.008266522215776626,-0.0023893847418148687,-0.003786323616623515,-0.1393291641232932,-0.011600276994518896,-0.5428689407787531,19.446415897799753,-1.2596928473040367,-0.013282810144469357,-1.796486863331358,1,0.5094970363287816,0
2023-08-21,AMZN,220.04,1.674111367062025,1.6694963802928529,0.9345912821322403,0.9329614138829118,0.7908134914250416,0.7912150435130374,0.0033926747409893467,1.0774416570765726,-0.0010940571361125737,0.6586492622034703,26.868556701030883,-0.665559475332803,-0.012819875694625107,-1.6770566036287717,0,0.5742638849782238,1
2023-08-22,AMZN,218.72,-0.8870921999714796,-0.886732247296955,-0.015563750125879593,-0.011052337255933093,0.35806707163967744,0.3622143565355351,-0.0020440940283254667,0.12043989205719234,-0.00434733128485268,0.26444514348846215,23.99520095980806,-0.8664250145828646,-0.012788602392027225,-1.6473561130077254,1,0.5297079759779284,0
2023-08-23,AMZN,219.66,1.0765873408338469,1.0761741162636993,1.0714849681877259,1.068222733827359,0.8122178745518014,0.8118630350393025,0.0017055352370876171,0.7680442424598077,0.0004144483055439509,0.8019246481872602,28.48904267589387,-0.4798492876245641,-0.012281716247316873,-1.5146832584767895,1,0.6224495691237462,1
2023-08-24,AMZN,220.8,1.2598656504877526,1.2583198226557626,0.8373124097263951,0.8364298951206877,1.0177380368768572,1.0145620442177017,0.005830903790087599,1.4902056293478736,0.005753016575793756,1.3911196306429476,27.485380116959135,-0.5372742603744964,-0.01133391888721478,-1.2871602929297417,1,0.6316061552797776,1
2023-08-25,AMZN,222.27,1.4912753808070687,1.487938625742341,2.1345131292369204,2.1135370464051313,1.986828982029772,1.964470860611706,0.008951511134917286,1.937197574963007,0.011449165885490229,1.9470346690971188,36.87985654512857,0.2770769366377752,-0.009931625232483273,-0.9423147787376006,0,0.36116085912656937,-1
2023-08-28,AMZN,221.79,-0.20424790256477593,-0.20179335343355545,1.3891402434622946,1.381745534540885,1.1578110598248994,1.152996624484595,0.005175664406656738,1.2556638605596067,0.008264688233047898,1.5299603279413443,40.247879973907374,0.5654434310387982,-0.008892589207007156,-0.6672796017619174,0,0.5353312673096697,0
2023-08-29,AMZN,220.15,-1.2075367581577405,-1.208713666936009,0.035877851665920286,0.04040812295989985,1.0097362500236702,1.0069032935741804,-0.0035485710664724312,-0.21576953516706832,0.00044989570599538077,0.6500356853477125,47.792408985282755,1.179944237744396,-0.008568468909936114,-0.5602572686032941,1,0.5706049839072035,1
2023-08-30,AMZN,220.48,0.4869228656031405,0.48878248669422714,-0.5151540634651424,-0.5105501949662358,0.7581268359586983,0.758440453038097,-0.0027951406163783635,-0.10595003144629075,0.0013079494259554503,0.7206168756890121,47.507788161993716,1.1186900342258328,-0.008098367605963872,-0.40848159642548,1,0.4417935361339345,-1
2023-08-31,AMZN,222.0,1.4679523550226308,1.4645242613120653,0.4284207410552487,0.4310042365990869,0.8663339001987961,0.8648731289710698,0.002990900794260261,0.8489422020840484,0.007127011418642728,1.3104313715721785,57.121439280359844,1.8400108576588758,-0.007089489142420197,-0.10211335531180117,1,0.5098785775949367,0
2023-09-01,AMZN,222.61,0.659714788498439,0.6609019693451097,1.4740731684950974,1.464386290484955,0.5238259666019556,0.5261709447339965,0.005437973677316819,1.2249533678406284,0.007960081864778267,1.3537834420008346,61.14413075780086,2.0622818414386095,-0.00599828056512135,0.23063548592387387,1,0.5327618457782368,0
2023-09-04,AMZN,223.61,0.9938079380740464,0.9934300129493183,1.717802067025397,1.7037324895811563,1.0390028445485502,1.034154260351043,0.008296884159263988,1.6414247127750898,0.010853988761759288,1.597982590827502,64.95425756509496,2.226070535151786,-0.004715069021389455,0.6163358615759219,0,0.41995057118758766,-1
2023-09-05,AMZN,223.35,-0.09360368709349368,-0.09101881172707481,0.8460138128877882,0.844773679439511,1.4985022976377544,1.4844324549963295,0.004226428667775719,0.9365310446516222,0.007569742682882677,1.206267073318921,65.09167842031026,2.113016178313918,-0.0037498442993023824,0.9001242751392811,1,0.5742654450555416,1
2023-09-06,AMZN,225.2,1.6430069942578958,1.637688903325291,1.3759453908338855,1.3674013147588022,1.94973381743558,1.924329817375211,0.008264906829517285,1.5399536085666985,0.013382772492867444,1.7393837330747481,68.00258564964442,2.1937224997203533,-0.0022872415266089394,1.302873979717923,1,0.5221826390152267,0
2023-09-07,AMZN,225.8,0.6108476873102708,0.612150491122052,1.159095192576026,1.153813497181572,1.5527259550534547,1.53752526267637,0.007522957066492849,1.390188525306463,0.013801711519984121,1.70859350157213,75.03373819163289,2.506569308302972,-0.000902091414274224,1.6517942725853658,0,0.36116984691081844,-1
2023-09-08,AMZN,225.28,-0.3251262110165589,-0.3226740829503528,1.0275952606391467,1.0241205713943446,1.141629387874769,1.1351556653008072,0.0028132901249955707,0.6342241649483187,0.010101915911526472,1.2975421598611758,69.15204678362568,2.0019384241783085,5.791720817069641e-06,1.8383320454989238,0,0.4283411411965101,-1
2023-09-11,AMZN,224.04,-0.9085778931039025,-0.9078766143617147,-0.33601051475831895,-0.3307188446934517,0.37238634436401113,0.3764845944041562,-0.0030880952592843842,-0.2961851196513574,0.003529643631411958,0.6380209456495268,69.55882352941163,1.926144420818775,0.00027345422289191203,1.8410655160946774,1,0.5008328893700322,0
2023-09-12,AMZN,225.3,1.156766037492025,1.1553599686450338,-0.03671312764987743,-0.03173118726743309,0.8796487232806425,0.877590447161652,0.0007817913683127725,0.32483228617787274,0.00685087613455074,0.9493405059766676,70.25862068965507,1.8744169279995795,0.0009294794253416083,1.9338857748352123,0,0.3516300130975731,-1
2023-09-13,AMZN,225.16,-0.014585448857189785,-0.011945403333576719,0.12817558923120784,0.13260599080300797,0.20921310516774216,0.21460141090748602,0.00019545478775391862,0.22329342933336507,0.004125136575467752,0.6692673425252954,66.87306501547968,1.5993021651140393,0.0013822685286628594,1.9622178375528703,0,0.4183816442313511,-1
2023-09-14,AMZN,223.95,-0.8821806273011321,-0.88130804888547,0.13436907222031785,0.13875640317241383,-0.39412047948553997,-0.3871406551717976,-0.003541776049406978,-0.37366673029722897,-0.002138751503809732,0.05606522280634873,56.63507109004725,0.945605482325214,0.0012898660434229544,1.85932053464615,1,0.5143656382744003,0
2023-09-15,AMZN,224.37,0.4528392276991998,0.4547446535508904,-0.24270729465006383,-0.23738492683661533,-0.08046838109673003,-0.07369907188993674,-0.0008638962611994283,0.05091438885547612,-0.001050728831821011,0.1598073459923865,60.2380952380952,1.1250428557690069,0.001352379645428017,1.799387398978744,1,0.4660112382263494,0
2023-09-18,AMZN,224.6,0.30190370944677214,0.3041855400541431,-0.07122888421007685,-0.0661667343256578,0.40866938272370895,0.41246724114403543,-0.0003382648792039284,0.13832397857414927,-0.00046727932177752246,0.21819624658282194,69.88382484361011,1.635618488106948,0.0014677711882047336,1.756314984660447,1,0.4480419727417984,-1
2023-09-19,AMZN,225.74,1.05824222483749,1.057454535940051,0.9862203146607479,0.9834256930727255,0.3702219822552327,0.37437341417088044,0.004342332401986206,0.8963544446360744,0.0035386585105625945,0.6147990277176243,71.91666666666649,1.6903059435920997,0.0019469128435909379,1.7962285520025705,1,0.5917100028903631,1
2023-09-20,AMZN,225.79,0.14357996873391765,0.14609075830605245,0.8146463708240173,0.8138696633535859,0.4348174372525249,0.4383759368566544,0.004001956512072468,0.8312303294168496,0.0034977311413624604,0.6054742739914658,67.99620132953443,1.4191315511749423,0.0023172446237876266,1.8082285017647795,1,0.5674921246181619,1
2023-09-21,AMZN,226.92,1.0020285888239382,1.0013149724137482,1.1815111445602418,1.1759089318846145,1.1963084791075995,1.188692274393901,0.006368522822018319,1.1721184015723483,0.008018124069919978,1.0205452851660348,69.50226244343862,1.4604546340435463,0.0029814400788437732,1.873167054235595,0,0.356242046629487,-1
2023-09-22,AMZN,226.15,-0.5415998180772585,-0.5394558849100042,0.32103895693862,0.3244285684931199,0.786981655533397,0.7863010250250969,0.0013726532058094326,0.37239574832064165,0.004209554089217714,0.6407301086004401,61.737523105360324,1.0074117282208241,0.0031936722107050127,1.8408270996227205,0,0.3964320680362827,-1
2023-09-25,AMZN,226.12,0.06492615587197785,0.06752443385667112,0.27889993705381444,0.28252860683896736,0.6883334317018527,0.6889524768687074,-0.00010612706947785883,0.13500780439294688,0.0031498158910430235,0.5312124861834903,63.078375826251154,1.0615029465396977,0.0033124672230111125,1.7928000289851103,1,0.45755423163886205,0
2023-09-26,AMZN,227.19,0.941644406762816,0.9412912360985495,0.24983615514858157,0.2536339517687631,0.6431029851607852,0.6441175178740419,0.003338721216778274,0.6643609520913496,0.007052336224894651,0.8869808785456532,60.14271151885829,0.8900905431690562,0.0037460815572300465,1.805051800913549,0,0.37616938819960244,-1
2023-09-27,AMZN,226.32,-0.6189065763976076,-0.6167586656627239,0.22311067691425854,0.2270256917373297,0.34756338279092114,0.3518507913758022,-0.0009711309261058853,0.009779454178892146,0.0026803712646478513,0.48080937354767983,52.579365079364976,0.48614599009538106,0.0037345990218833453,1.739320727992249,0,0.42955402910163515,-1
2023-09-28,AMZN,225.5,-0.5746006454430688,-0.5723692006960626,-0.11229937028780274,-0.10713620875760713,-0.27551897600194647,-0.2683005979965379,-0.0033413478537585753,-0.35352941025785223,-0.0016381104174969358,0.07480644284436583,51.05973025048169,0.4075323365864436,0.003392921311302172,1.6238368282889681,1,0.4793186571020442,0
2023-09-29,AMZN,226.84,1.2540863504541622,1.2514167358255277,0.03465113733549174,0.03931134143700589,0.43461506846186493,0.4381238369537957,0.001970016873238681,0.5204652490322467,0.003197459722179158,0.554314895040048,63.35877862595423,1.070639987293808,0.0035602263402217536,1.6106136727550726,1,0.4316151186977266,-1
2023-10-02,AMZN,227.31,0.4875989919674891,0.48900282079650076,0.6239718132910371,0.6247050344413663,0.5958359978743939,0.5975689270855136,0.0029916340146139875,0.6674895374404531,0.004072654027598623,0.6284331267921566,60.37151702786374,0.8928624810822866,0.0038161905823291867,1.6113639855206796,1,0.5374839010310619,0
2023-10-03,AMZN,228.05,0.701563446752351,0.7020407539423166,1.2928362446662236,1.28485913715089,0.4833066366242148,0.486303514777432,0.0054937302693074605,1.0399598672426154,0.006314563209616191,0.8278727671960296,64.04275996112739,1.070581774918019,0.004233491181162775,1.636256116699927,1,0.5164574827345997,0
2023-10-04,AMZN,230.78,2.260726143319702,2.2478661498137935,1.8366985904907387,1.8185878817423595,1.6138787634823506,1.596282328680472,0.013544374956081807,2.2164875045052606,0.016123777067427406,1.6988179332747235,78.91617273497049,1.7881409950458245,0.005471463277499025,1.786082938820128,0,0.2907804471841945,-1
2023-10-05,AMZN,229.85,-0.7332466425888439,-0.7314801938586162,1.169933590582814,1.1636539409035143,1.520586481014153,1.5049137637109264,0.005617633418793786,0.9386002750185021,0.010725074864452436,1.1493139713171772,72.24025974025976,1.3944179208727534,0.0060483179614151715,1.8099187785975366,0,0.43871305079948114,-1
2023-10-06,AMZN,229.47,-0.3124332441237326,-0.30984898941190203,0.6483009713663527,0.6484076042980131,0.9294626213650234,0.92578033342889,0.001649992142894496,0.29270072343278625,0.007583109030793499,0.8261592089906296,69.52686447473944,1.2144218030765157,0.006296021169569567,1.774408748678282,1,0.4691100433662409,0
2023-10-09,AMZN,229.87,0.3231284896632599,0.3251365734524211,-0.39475190510645936,-0.389001610087028,0.8748899538098038,0.8717022130179197,0.0011585164021533578,0.19383431145386143,0.007680235667505456,0.8069549259015002,67.6044330775789,1.0802976921064227,0.006556983182430335,1.7400130653386512,1,0.4087014782741744,-1
2023-10-10,AMZN,230.52,0.5083791981024727,0.5097240704268395,0.2806980064999636,0.2837690925079533,0.8149769148552408,0.8123672814886611,0.001834001164721106,0.2800097636611899,0.009056646720740939,0.9085117676411232,69.18085969180869,1.1210581748742876,0.006912370257615754,1.7188831553833157,1,0.4095492020486647,-1
2023-10-11,AMZN,230.65,0.060787588804662666,0.06325921391341435,0.4893107840213243,0.49045712855055634,-0.07084596055824463,-0.06403901694336281,0.002512257032580994,0.36696405096389634,0.007715698781915941,0.7533299224845907,66.46072374227725,0.9530448124599646,0.007155538206248572,1.6808733034333356,0,0.3962707965473238,-1
2023-10-12,AMZN,230.19,-0.43026253638996337,-0.4276856071098727,0.07674802466893317,0.08096356953516196,0.060342337753914566,0.06618760379586348,0.00021725905970271548,-0.030688367979802803,0.003649396345371622,0.3298504470013542,68.3303085299455,1.0120455041380814,0.007102638420798899,1.6034170404598214,0,0.379993196919591,-1
2023-10-13,AMZN,230.14,-0.0947003906310699,-0.09205841585615518,-0.25755926447154026,-0.2518693434621561,0.15285279712637556,0.15783087233497742,-0.0005819154572378391,-0.17855521401832805,0.001989698845800489,0.13959378248347826,68.20652173913032,0.9729337192763349,0.006962002828249132,1.5197867916533812,1,0.3907844284161019,-1
2023-10-16,AMZN,231.73,1.2380667336576725,1.2349726473849552,0.3953788326011288,0.3969650864978234,0.5388965951960438,0.5391776197719226,0.0046998430495216684,0.6855481160744494,0.006974470396523584,0.6217888924831497,69.63667820069196,1.0105464795254258,0.007324863555983517,1.5111880851099468,0,0.34781338554121305,-1
2023-10-17,AMZN,230.12,-1.4007608341313027,-1.4014836993321849,-0.1629510881082662,-0.15759386097836345,-0.28173374215505803,-0.27405284942684266,-0.0019343702020244511,-0.4670947358189,-0.0009204105378324222,-0.2333972508783035,65.44715447154475,0.7786634482847411,0.006964484169046218,1.4058738571385287,1,0.6067239216127615,1
2023-10-18,AMZN,231.0,0.6313894935908968,0.632033323216694,0.2573833602750264,0.25991449411114254,-0.03416569081106489,-0.028003260619547374,0.0015782445064949785,0.12230780780911142,0.0028043793465709955,0.1397367482515621,72.2491909385113,1.1125751925797884,0.006908108820509593,1.348827414431348,0,0.4122603269914673,-1
2023-10-19,AMZN,230.57,-0.42004285053401197,-0.417300023678506,-0.684547673168617,-0.6780638729675565,-0.025576689970195906,-0.019481570364992408,-0.0006154859738548317,-0.24143148858522237,0.0006249294784442965,-0.09937424280496517,66.28820960698683,0.7667557243725878,0.006635236937427411,1.2652229916092803,1,0.4066107616111352,-1
2023-10-20,AMZN,231.33,0.5823282347459059,0.5829666135619815,0.4633380352522833,0.46398071802380514,0.26342516553980955,0.2667280406553656,0.0016453777873999735,0.1693418203121721,0.00311345463375721,0.1691054919028847,67.12095400340715,0.7856448478377183,0.006609050160905322,1.2187013457679972,0,0.38442179488511885,-1
2023-10-23,AMZN,230.17,-1.0239061956955895,-1.022424914928466,-0.4994007141353089,-0.4931535009451932,-0.7081546074339231,-0.6996358638772148,-0.0020291539121914766,-0.4628929417112288,-0.0020464616158375683,-0.3865861263831856,58.717105263157755,0.29112043237574287,0.006110428408238698,1.1104105033860203,0,0.448762240286625,-1
2023-10-24,AMZN,228.91,-1.081499414323587,-1.080389068371646,-0.8838283931930129,-0.877848586928175,-0.5636710889820201,-0.555374655829538,-0.006449764752860372,-1.2051529085380868,-0.006816180075581059,-0.8825873718138647,41.253507951356426,-0.7258242976641853,0.0052131027269580925,0.9522098168681902,0,0.43182111046736765,-1
2023-10-25,AMZN,228.42,-0.4290409418447598,-0.4263603483766052,-1.4317960354162798,-1.4289345553872663,-1.022988781257604,-1.0159688923106662,-0.006351139725074109,-1.1525150172755771,-0.007982350233216627,-0.9792452296341398,43.024390243902445,-0.6454365424298146,0.004280529549233077,0.794021390629986,1,0.42983403197211756,-1
2023-10-26,AMZN,229.5,0.8687113520208197,0.8680112988338421,-0.3643239859991274,-0.3584987546451825,-0.46985722527177415,-0.4619419829650629,-0.0007227887453954735,-0.1747876779731424,-0.0029931925504693663,-0.42960004788635797,50.13698630136986,-0.24671671874767934,0.003876283308372553,0.7121824413477844,0,0.3759739482010806,-1
2023-10-27,AMZN,228.72,-0.6605957407736632,-0.6582720772484086,-0.1248349805483513,-0.11977582635066741,-0.991880867359822,-0.9852726687412015,-0.0018503648360856343,-0.35282704785649044,-0.0057683864601582565,-0.703599315836148,44.92497793468667,-0.5546726121307213,0.0032443702953685923,0.6015572831204269,0,0.3894195544506613,-1
2023-10-30,AMZN,227.43,-1.1119784735666478,-1.1111370995692782,-0.5073151836001686,-0.5013794517606389,-1.0199554539330018,-1.0137756079480533,-0.005100701674569969,-0.9088547425896841,-0.009524556108650543,-1.0807762614462681,37.092731829573985,-1.008825207241212,0.002263488010779464,0.44465918222457845,1,0.4465579104722238,-1
2023-10-31,AMZN,227.45,-0.024178405145280957,-0.021678686875973772,-1.017420313389154,-1.012376515794678,-0.5748253589678491,-0.5671155216709366,-0.0037406265330437198,-0.7027351958474468,-0.008284281665576654,-0.9491081378581735,36.50927487352443,-1.0391834533381572,0.0014756347476212563,0.31560052770423547,1,0.39832391628213637,-1
2023-11-01,AMZN,228.04,0.46236060885363195,0.46421703759160055,-0.48109621445310224,-0.47715910884281865,-0.23668574640822448,-0.22988941698289628,-0.0008237376658428773,-0.2869053509727747,-0.004426903699564338,-0.6117646244319991,41.034195162635534,-0.7954398016676683,0.0010468946351109727,0.23458072938010355,0,0.39784876681176967,-1
2023-11-02,AMZN,227.86,-0.2944338998250093,-0.29257667400458265,0.08696375833107628,0.09042475838551065,-0.7779352836547183,-0.7713052068548821,-0.00017551557700742448,-0.22166986163054955,-0.004034390667138614,-0.6294272991928199,40.59405940594071,-0.8382117700571169,0.0006361681720889908,0.153490015895418,1,0.37985111779439507,-1
2023-11-03,AMZN,229.26,1.2340267202232582,1.2331827041519492,0.9397326114842486,0.9410220887037405,0.03440775605246396,0.03907267700704203,0.00549103540226663,1.039842589012485,0.0029924401511968405,0.17477113366401203,39.64794635373008,-0.9088987622267779,0.0007954517594853302,0.15176608982227535,1,0.581507205877535,1
2023-11-06,AMZN,229.53,0.09799305551215806,0.10015511773947691,0.6985746212487629,0.7007728201112793,0.7462753001827293,0.7474423526507809,0.004824277233964455,0.8591345386226222,0.004454908276151802,0.3335080991413533,47.21435316336165,-0.4705739255119613,0.0010052186843915055,0.15551115710602956,1,0.5839242338908001,1
2023-11-07,AMZN,232.48,2.5450291385571586,2.5336492039366174,2.6040329971623253,2.5878551746970504,2.2239363682566773,2.2099459259922307,0.013276149132212155,2.704617999796913,0.0157775845571048,1.9139475718626584,55.845181674565524,0.036920775001845575,0.002184804332644341,0.30736435572315557,0,0.38114693196940386,-1
2023-11-08,AMZN,230.81,-1.6892665378853853,-1.6945103216294388,0.6100730916989401,0.6128384080666649,1.0022382745222718,1.0029843270910208,0.003574099518235746,0.4360140840567147,0.007428810866490904,0.6845370374925747,50.86330935251802,-0.3237873982477313,0.0025016220393496483,0.3287636166054454,1,0.6371191745386223,1
2023-11-09,AMZN,231.16,0.13670923701507245,0.13907110883985613,0.6413500358234125,0.643919424320896,1.2407288596283588,1.2391773338029493,0.002219832818840833,0.11192987374941889,0.008225965438732552,0.78653022465379,49.369903632320174,-0.47196221374618236,0.0028423366836217933,0.35597598139998127,0,0.44773070010374183,-1
2023-11-10,AMZN,230.93,-0.4123690160894512,-0.4106542316217834,-1.3586363354492308,-1.3628975141560018,0.35215844672748225,0.3558167761196821,-0.00022512576737565733,-0.48051198823621616,0.006252859539423651,0.44288839030129534,53.02547770700647,-0.27538194023771495,0.0029965183059227434,0.353428201879916,0,0.3807535076607994,-1
2023-11-13,AMZN,229.61,-1.3714662320204662,-1.3743815058456497,-1.1105645089620488,-1.1126345071413422,-0.49101559326496674,-0.48822302794080197,-0.00600871003212139,-1.767495366683766,-0.00044838559419801505,-0.6951554135396126,52.77337559429486,-0.33868855299349293,0.00262505848004228,0.25487181733147934,1,0.5613568332935822,1
2023-11-14,AMZN,229.72,-0.07581781564896153,-0.07360900140898194,-1.2468007922582183,-1.250118838524185,-1.9135215896956774,-1.9252945344574295,-0.003150412678024349,-1.0984763922153427,-0.0009567713316516068,-0.7993998157383787,55.310457516339966,-0.19742657628840193,0.0023423016883934115,0.1643010256524475,1,0.4681066272783444,0
2023-11-15,AMZN,230.17,0.2547604414155409,0.25701962518279375,-0.8017445826067396,-0.801539376918487,-0.8165291735974248,-0.81545126415368,-0.000642589810609662,-0.511577335469389,7.386390792222709e-05,-0.621360194417797,52.885443583117976,-0.4448327769307871,0.0022502318337939867,0.10429124725540856,0,0.3850166379567708,-1
2023-11-16,AMZN,228.65,-1.547600396248095,-1.5519792135769883,-0.904233494991673,-0.9048802966135374,-1.6970713116980236,-1.705906099469206,-0.005073624116684515,-1.4707087303729367,-0.006871329789082412,-1.7307647297192048,49.716599190283425,-0.7842454127233798,0.0016248899978205595,-0.08312969733526879,0,0.4800099334027344,0
2023-11-17,AMZN,227.55,-1.1252566406153026,-1.1268603286462118,-1.6088678941036283,-1.6165709129166819,-2.040560566590568,-2.0549570814252633,-0.006938989264205304,-1.8272877581086864,-0.010914496590034798,-2.272067788767603,50.4934210526316,-0.7563225102760337,0.0007338863476377192,-0.3553169334160746,0,0.4403636494223802,-1
2023-11-20,AMZN,225.64,-1.826342879722965,-1.833256535053446,-2.8231771513076676,-2.850161392396685,-2.201600159233975,-2.219182769574547,-0.011850437493978511,-2.7059491481487488,-0.017555470409976133,-3.0261232786366214,43.55871886120991,-1.4052824237659667,-0.0006386614101314374,-0.7803246555959436,0,0.4598390402971186,0
2023-11-21,AMZN,225.44,-0.2777999785240628,-0.27589895449557356,-1.9744979814280363,-1.9857708716765081,-2.206383402503024,-2.224201427769824,-0.009011385115829069,-2.0226358948463914,-0.015408266657349585,-2.5181533314882087,40.483162518301555,-1.651809737035992,-0.001779130125672953,-1.188489979445518,0,0.3815715837397702,-1
2023-11-22,AMZN,224.47,-0.9832894256043251,-0.9840798545960069,-1.862383880773428,-1.871802819614875,-2.6264305979027385,-2.6534624724506943,-0.008305721228186416,-1.8127688663125798,-0.016922578328238354,-2.536196561485588,38.2698961937715,-1.802261459648737,-0.0029942399943785657,-1.6519347655009857,1,0.5560048056173634,1
2023-11-23,AMZN,225.37,0.8082819912491376,0.8097220151175699,-0.27798329549104117,-0.2743997747662154,-1.5409350738213456,-1.5464435151752445,-0.0014355720577419527,-0.41109852905809213,-0.01047177888520543,-1.6072071678408961,36.05734767025088,-1.9053113744455543,-0.0035994306710865,-1.9348488879710488,1,0.49226166310378666,0
2023-11-24,AMZN,226.91,1.3827256357359539,1.381677536269057,0.7267050415485453,0.7283430784867228,-0.4242632848357108,-0.4196277633866508,0.005958344786005084,1.0785111751402956,-0.001948511785637366,-0.47335813176240493,41.392904073587324,-1.394887843202326,-0.003493323450163011,-1.9763027339139763,1,0.5957808553987435,1
2023-11-27,AMZN,227.87,0.8310028235614026,0.832368249922694,1.8329278847417072,1.8236041806567302,0.7905256691909359,0.7915477960736792,0.008220802435268942,1.5354920005400932,0.0030416543782656076,0.20077197195840393,32.577475434618265,-2.0258161495852898,-0.0030336834188404,-1.8730448997370952,0,0.514517773344932,0
2023-11-28,AMZN,227.44,-0.467735439257261,-0.46632598297405664,1.0523258084018992,1.0517158866990088,0.708994133624359,0.7107026440368315,0.004540395385403689,0.7915260681198766,0.0021546501227138583,0.09548269032353741,35.94662218515421,-1.6744361635349214,-0.002789770837804527,-1.8168197711663086,1,0.6252899201570598,1
2023-11-29,AMZN,229.46,1.8123433731769956,1.8084916985180461,1.3175683416277757,1.3144834651535917,1.994165329033217,1.9768758792599868,0.009014555208654023,1.6836669906555692,0.011371650211565514,1.3397205402587842,43.777452415812625,-1.0129642277405266,-0.0018588590142263601,-1.5135508496716348,1,0.5642237422858046,1
2023-11-30,AMZN,229.54,0.013563334807061908,0.015890651434729137,0.8260523613058743,0.8271058522451988,1.6267046187992509,1.6166172594278367,0.005678133926850179,1.0280480881560432,0.01132753812194616,1.3508277386700227,44.85566247224271,-0.8976435609729732,-0.0010808775868759578,-1.2496899833043,0,0.4886524599451388,0
2023-12-01,AMZN,228.89,-0.6587467587576602,-0.6580573611864639,0.7110575592184699,0.7128110634149438,0.6954779402807195,0.6973949048321041,0.0010934219734078533,0.10690829931545086,0.007868676327481264,0.8916435895877771,47.19626168224288,-0.6826574003208369,-0.0006867322355323688,-1.1092411202878312,1,0.46709707354978813,0
2023-12-04,AMZN,230.11,1.0369608204913834,1.0375532364467495,0.23651851356916193,0.24000909214420663,0.7851635122674818,0.786210754761008,0.0044611677608604175,0.7633274089803255,0.01125027466490882,1.3160115272590405,51.397849462365635,-0.31933292153222437,5.5999398516660254e-05,-0.8589756315082524,1,0.42431722400703026,-1
2023-12-05,AMZN,231.53,1.2111786661316455,1.2109891659934682,0.9655380427084035,0.9652670476355305,1.5277525078255847,1.5192008735868447,0.007063756491783577,1.2518659169621391,0.014774784251333668,1.7332370088376337,54.55764075067028,-0.03843420793254261,0.0011317233156900234,-0.5013195049826683,0,0.39458744720402605,-1
2023-12-06,AMZN,230.35,-1.15206834563638,-1.1538307642269643,0.6525883501754677,0.6543301593053956,0.18920592283295792,0.1940028028308087,0.0011560995114827243,0.0687063606352649,0.007007742178039406,0.7036672692727305,55.82990397805208,0.08364063929997172,0.0015491436900798156,-0.36295779644003,1,0.6083150374306642,1
2023-12-07,AMZN,230.6,0.12472633986938836,0.12709271013705678,0.10005575418937182,0.10375803035852041,0.24062675189836444,0.24515163347041719,0.0013200402959669384,0.08582377376358928,0.005801020630697236,0.5280884121195195,61.10706482155853,0.5197975610414887,0.0019450402995850765,-0.2346202762693393,1,0.46054408481681236,0
2023-12-08,AMZN,231.5,0.7139698547797338,0.7155861323272373,-0.20028892481900906,-0.19648589448093645,0.8587423347494302,0.8586313476636315,0.0029547089048515126,0.40155840358839523,0.007709083311205878,0.7560007720482781,73.03459119496856,1.4763078707035615,0.002545268934735056,-0.04052273877794917,0,0.380217165403077,-1
2023-12-11,AMZN,229.73,-1.6610294247068345,-1.6664946539522867,-0.5310323032223384,-0.5279020190508195,-0.37206356422339243,-0.3670267467900821,-0.0043858508637353785,-1.0507447578420497,-0.0008046451949634895,-0.35398648058294,65.01049685094463,0.827418045041015,0.0023710249041507575,-0.10409157034888031,1,0.5743116508934254,1
2023-12-12,AMZN,230.19,0.34684052937905063,0.34916540637951327,-0.39380137562780815,-0.3903795721232162,-0.7479485905607555,-0.7446648996043289,-0.0012322431163601614,-0.405168505833348,0.0,-0.2413080979886394,70.75471698113199,1.308680495570693,0.0023672321398141433,-0.10776032229418296,0,0.36739514594829425,-1
2023-12-13,AMZN,228.42,-1.6068572792468052,-1.6119696333799831,-1.8031059385180233,-1.81121235212192,-0.9667415924544673,-0.9653598086564593,-0.007249400229477568,-1.5424024971584938,-0.007240770842206691,-1.1494921898052288,60.40955631399307,0.46248754519750007,0.0017223906746852632,-0.3206492160156581,1,0.5740643438661488,1
2023-12-14,AMZN,228.74,0.25766210408484974,0.26009632467824373,-0.638061701619653,-0.6356196646425913,-0.9066140557183627,-0.9050132664550273,-0.004248724512006002,-0.9221642882739818,-0.005504204238150271,-0.8954061932234786,56.81310498883097,0.18087955592280655,0.0013086316093832051,-0.44933856127145577,0,0.4043114282793222,-1
2023-12-15,AMZN,228.04,-0.6591135527646224,-0.6582904772625022,-1.2408315239606817,-1.2428828596724806,-1.4909641572410008,-1.4969181510721032,-0.004296492943970853,-0.906736738043348,-0.008181070889566417,-1.1998341683044513,50.645406226271774,-0.3281177531785871,0.00072591897730665,-0.6287256012448428,0,0.40731054673349404,-1
2023-12-18,AMZN,225.11,-2.4818890669815685,-2.4961107691084625,-1.8044371430947448,-1.8135090118557413,-1.8710387030595486,-1.8842787103901635,-0.013108285839543975,-2.451027826810991,-0.01879078201210865,-2.380346904386339,42.56541161455018,-0.9832317419198889,-0.0007606481564450785,-1.0914559858995734,1,0.47135517322240067,0
2023-12-19,AMZN,226.54,1.2325688811222666,1.2315705977897706,-1.1710952581681688,-1.1727040599823961,-1.4338324543028647,-1.4395875458013643,-0.003650437612701694,-0.6765333769927896,-0.010405290885105115,-1.316421854241278,40.31830238726788,-1.1355287257357272,-0.001419760956639796,-1.2648042472948722,1,0.42221444761540083,-1
2023-12-20,AMZN,228.5,1.6067971172499322,1.6029326468033593,0.2356586883519292,0.23947676128187506,-0.0019653004011336776,0.003608530639996524,0.004899158259523347,0.8822563032564937,-0.001036124457346187,-0.18656508115563983,46.93396226415098,-0.5699599862524081,-0.0012356246793497718,-1.1655492111652792,0,0.4124401720597526,-1
2023-12-21,AMZN,226.16,-1.8995442673325682,-1.9068052012872652,0.5404210627671014,0.5431612236318322,-1.0141105324004498,-1.0141890360220296,-0.0031295455547228792,-0.5952523151216028,-0.009343256254024353,-1.1538641890942085,42.680965147453136,-0.9086515933844544,-0.0018953319694138579,-1.33066840232239,0,0.3497429896578986,-1
2023-12-22,AMZN,225.72,-0.34926296537419405,-0.3470097731158699,-0.45627969308259975,-0.4529896569398731,-0.8921427015946202,-0.8911332424094781,-0.0030299550365273315,-0.5606413496526964,-0.008760951188986253,-1.052058130252135,37.71684387241185,-1.275548452028177,-0.002545724981658447,-1.4787929168580591,0,0.3456360990141224,-1
2023-12-25,AMZN,225.06,-0.515336591027135,-0.5135568271012568,-1.7533544583930374,-1.7621670721312692,-0.017374554445967114,-0.011744899011592513,-0.0059011643315253475,-1.053311032490259,-0.009628247553333752,-1.116949735054558,31.092928112215134,-1.7403393868677088,-0.003259023018784438,-1.6300933314259811,1,0.4270298322468149,-1
2023-12-26,AMZN,226.8,1.430516638231259,1.4280673571996292,0.3746645830677495,0.37816336237928455,0.10608160794400183,0.11167116315794916,0.001554440754610347,0.321073299750556,-0.0004803687821990704,-0.03881223653602792,39.95472552348621,-0.9922045083563351,-0.0031710607981958036,-1.5389487648297702,1,0.47723570532818976,0
2023-12-27,AMZN,228.7,1.5937264934623123,1.5897078114647876,1.648656312456933,1.6410295017741534,0.11262047315282316,0.11805699127822415,0.009766521846632003,1.8921047242907127,0.00776867588802181,0.9655390307455192,45.082815734989644,-0.5548976798645181,-0.002399312356769794,-1.261973342936709,1,0.527900257354707,0
2023-12-28,AMZN,229.33,0.521254807786504,0.5231109977729319,2.266617687658979,2.2495694185358124,1.314986153979431,1.3109846895209807,0.009721647396553512,1.8351552802340207,0.010282119508713824,1.2691270444109086,44.30446194225726,-0.5946279561056302,-0.0015468130755925311,-0.9741423374280539,0,0.3928025970870815,-1
2023-12-29,AMZN,226.75,-2.0045437999173266,-2.0125401740367126,0.015630864412221786,0.019782595347352678,0.4714366211286582,0.4756344066536316,-0.0025425816441442817,-0.42330184403604904,-0.0005157206645304016,-0.010339297767435848,42.4974823766365,-0.72304477119869,-0.0017653369619889754,-1.0076832312916124,0,0.3588589272679302,-1
2023-03-24,GOOG,124.87,-0.44948362774324274,-0.44527883659678547,-0.9241405463986793,-0.9243194316783456,-0.952847096112535,-0.9524089182979699,-0.007881648154327679,-0.5293690513821929,-0.022957027949046957,-1.1337362990227497,23.498498498498478,-0.33535468926017753,-0.017709098372420847,-1.8623389930881162,1,0.4834369886824203,0
2023-03-27,GOOG,125.5,0.6934232705130785,0.6946456357761516,0.555164927339201,0.561043072877165,-0.2642202596388579,-0.255275062012787,-0.0006211279045692952,0.21690474520762099,-0.013372536379431149,-0.5081574396943945,33.15696649029982,0.07047595583788682,-0.017838071833930363,-1.7917985670148502,1,0.5474906595768064,0
2023-03-28,GOOG,125.58,0.17969581255305547,0.18361111063174881,0.23034329758098154,0.23784838310111708,-0.30476496088464006,-0.29615948592829916,0.002490660024906581,0.5106327322884165,-0.009176049170368468,-0.24875226877367948,26.550387596899228,-0.25238077012124394,-0.01769239075903605,-1.6965712202495897,1,0.5450409389117893,0
2023-03-29,GOOG,128.0,2.1828545958834753,2.1635903760724924,1.7521024140260957,1.7378070264138366,1.5414524961258265,1.5289525151979293,0.01667990468625889,1.8787167272520118,0.011378002528444875,1.0284771469330798,40.502354788069105,0.3645112465765398,-0.01586482917978981,-1.4180043002959202,1,0.5971974480125329,1
2023-03-30,GOOG,128.08,0.1757450032739905,0.17982709515605513,1.4254291209623593,1.418593535812885,1.2522931426619281,1.247254645106495,0.01324304226065235,1.4961440802635966,0.012898480810445432,1.1073892225617734,35.76271186440681,0.11714156035346494,-0.014201602206458261,-1.1771894407089252,1,0.6969829953546121,1
2023-03-31,GOOG,128.12,0.162779542432616,0.1668414414570651,1.4449397751693847,1.4370758220474542,1.490396057895043,1.4786337511193106,0.008374260168744548,1.044866548506632,0.013134691876418341,1.1281244449605163,35.48936170212764,0.07752948544514547,-0.012711209266254972,-0.9674249473098825,1,0.650389496218979,1
2023-04-03,GOOG,129.53,1.3269887141877326,1.3220197686019297,0.9460649857512806,0.9471959812088656,1.7242220049508021,1.704990022089207,0.013045314479673336,1.4993451239908502,0.022174873737373757,1.6595060152614076,47.32824427480917,0.6303203007584667,-0.010518356649944627,-0.6831239785630913,1,0.5809884644271405,1
2023-04-04,GOOG,130.26,0.7096701761815306,0.711245839739138,1.2243033158517747,1.220232393976145,1.8818488973395846,1.8567589199274168,0.011351107936458556,1.2854971833542463,0.025402848078845457,1.7737680071439341,51.76374077112379,0.825343567124469,-0.008226707266124374,-0.39507723298545927,1,0.6264866052182858,1
2023-04-05,GOOG,130.43,0.21994056662307235,0.22373388618549264,1.2435768262982225,1.2385073598523006,1.0324170102146701,1.032679331075207,0.00886420593422245,1.0060419889907806,0.022242773841620114,1.5274987180436232,55.290102389078555,0.9780669709214287,-0.006233511669251629,-0.1467749298577191,1,0.6470848341988495,1
2023-04-06,GOOG,130.78,0.38712535204326115,0.390398233251593,0.696363991799154,0.6996834695078956,1.0977848323877102,1.0961946224798291,0.007363815627310955,0.8384447771430671,0.020801623541349505,1.4008319014446682,62.660550458715576,1.3287148046981405,-0.004385716540435619,0.0816900405057634,0,0.500188495783459,0
2023-04-07,GOOG,129.6,-0.9843844463201723,-0.9839223932943515,-0.20700786745548022,-0.19939589308024466,0.6508054345718607,0.6571692138125502,-0.003996311097448587,-0.27069106960087014,0.007870096743086228,0.6413893773358061,62.20400728597449,1.2761320458264267,-0.003618892282120939,0.17999766379052,0,0.45142355796633593,0
2023-04-10,GOOG,128.8,-0.6496087824878312,-0.6469568976084834,-0.6637083903204656,-0.6590783623572514,-0.12655797958673282,-0.11572364692127471,-0.009032575745918247,-0.7516290694138592,-0.000915310507454312,0.12873624325791125,57.216940363007865,0.9849843187982481,-0.0034714158363601537,0.20282652894438705,0,0.43338975830279625,-1
2023-04-11,GOOG,128.0,-0.6285277290197159,-0.6259322122966969,-1.175079033990069,-1.178306480702865,-0.6283840180665339,-0.6221881595540534,-0.011750899461095346,-0.9853373707513206,-0.008981108702384614,-0.32600915073493764,65.67460317460319,1.430604641472651,-0.003811451184903508,0.16880938579244303,1,0.4498056705522602,-1
2023-04-12,GOOG,130.18,2.2380161389136153,2.2196633506264174,0.4586845695519647,0.4645981720399576,0.09241412412261593,0.10312506653580326,0.005468363816114668,0.7493124564483076,0.006198890074046754,0.5803919184844436,70.04329004329009,1.6531778537023007,-0.0026860111450642096,0.3147907871638825,0,0.3829886623105996,-1
2023-04-13,GOOG,128.94,-1.0302452940296127,-1.0295639758373507,0.28075368067178946,0.2874088523801032,-0.4434503156659257,-0.4355099045036782,-0.00127029371669342,0.08876461022443277,-0.004047457208181432,-0.004796810868818552,66.80429397192398,1.43809312515674,-0.0025403573055098475,0.34602760484279815,1,0.515601298731728,0
2023-04-14,GOOG,129.22,0.4266934754108699,0.42950204652050455,0.8813410101815072,0.881760624621353,0.10119173822034479,0.11162796500109759,0.0014880491056203213,0.4089353060710734,-0.00273202957383436,0.10223925910930756,65.81632653061222,1.3657116796518822,-0.002224230906200219,0.4031907440780509,1,0.5413368782881945,0
2023-04-17,GOOG,129.78,0.686852523810633,0.6882177486942191,0.03483501311705291,0.04203513263257646,0.6491329330850719,0.6552824125663477,0.004302606326998171,0.7215947668932492,0.0013966157146275172,0.38464284011449607,67.15686274509801,1.4472926885847583,-0.0016052477385679192,0.5030038585228949,1,0.4767256064071055,0
2023-04-18,GOOG,131.59,1.8208945651199298,1.8099470982916928,1.627702778868112,1.61402333447258,1.6739356016495779,1.6565510532963448,0.012682581459420326,1.5927801270795177,0.014321832701261092,1.2194675999175322,65.43422184006877,1.3576547646664412,1.3663239745172373e-05,0.7356310496102917,1,0.4867483280197948,0
2023-04-19,GOOG,132.41,0.9063880768530846,0.9062669550214374,1.8771896168075948,1.8572914539655827,1.1427661197413999,1.1399170469235893,0.01550756204558695,1.8864998394053887,0.01908720080043092,1.565324082544223,67.5020210185933,1.479317922232506,0.0017823531550958233,1.0027978829408908,1,0.4393072870263414,-1
2023-04-20,GOOG,133.5,1.115999427671721,1.113768602517331,2.0677875939543804,2.0429305439863548,2.008928789589052,1.9802151777367427,0.016755521706016668,1.9465786938870548,0.025329872044976283,1.9476879453969662,70.04470938897164,1.60395439040166,0.003809795194434943,1.3177529687794576,0,0.39770635016414785,-1
2023-04-21,GOOG,133.5,0.11680336925590462,0.12067433894414943,1.1332796287891835,1.1309609073286908,1.8441865240670938,1.8219372419858852,0.010169799328066786,1.2452563869513054,0.02226782651310943,1.729802315580031,66.52789342214817,1.3990052075356672,0.005347222537225895,1.580666503457449,0,0.4712811248043998,0
2023-04-24,GOOG,132.7,-0.6015684188597773,-0.5984279783001952,0.3295210960999075,0.3362381621555841,1.3133971624554899,1.307470029899213,-0.00030134096730444513,0.1789409573766107,0.013116306057320552,1.1402829739327882,60.099337748344325,1.0840439707633507,0.005998616378307553,1.732351025510356,0,0.3892064022838675,-1
2023-04-25,GOOG,130.52,-1.782326433061346,-1.7902126793988424,-1.2092888441266039,-1.213393587262336,-0.1286214217515336,-0.1186859888250014,-0.015136652430466264,-1.2845043956486435,-0.005440663242757202,-0.018058520593831357,50.319375443577016,0.5573977459862508,0.005113172485821512,1.6871513166226308,1,0.6137319354886436,1
2023-04-26,GOOG,132.33,1.8109978783952387,1.8023101314563723,-0.3592620875686981,-0.35262687686081867,0.2147212039033299,0.22475739621030397,-0.0013583880461850307,0.07749624670941267,0.006702219111594612,0.7367608952217758,54.983922829582035,0.8555365109381368,0.0054622834770018695,1.8026633279623088,1,0.4157045356931279,-1
2023-04-27,GOOG,133.11,0.7962792717499338,0.7977017265664643,0.3787572691131371,0.3851023977232583,0.08282585971962597,0.09295852553806856,0.005119608553824043,0.7167949156534509,0.009433819180076741,0.8810596698184859,61.58415841584164,1.2504005522268757,0.0061454817094728845,1.9370623625727352,0,0.36033799017852286,-1
2023-04-28,GOOG,132.86,-0.18926103683870346,-0.18547931867037243,1.3555852016549534,1.3517028510292104,-0.03747400152493726,-0.027652818874317007,0.004202442858870567,0.5966859813505618,0.0047644256220224146,0.5562533800027125,63.904109589041084,1.3692258883879982,0.006456732893204806,1.9779954875104624,1,0.5655273938194604,1
2023-05-01,GOOG,133.05,0.21210771654622312,0.21577056718802642,0.4648825932488358,0.47099532921880516,0.3058050953681838,0.3148406261403232,0.005106743016000027,0.6720804462477982,0.0037191547786991517,0.46195108597907725,68.04860614724805,1.5689519344971525,0.006740365089790652,1.9821296630320402,0,0.38402022859121054,-1
2023-05-02,GOOG,132.81,-0.20057323056021328,-0.19678739264101242,-0.10172192913469126,-0.09508922454317931,1.06853540145698,1.0705651441308301,-0.00016562274150821923,0.05266736050137812,0.0009873453975382071,0.24961283827360947,60.912863070539395,1.106887846559667,0.006739237508215838,1.9241858762308226,0,0.36723440773424043,-1
2023-05-03,GOOG,131.79,-0.917670613624831,-0.9170323651033648,-0.518229148632436,-0.5139768637782527,-0.13078352924071848,-0.12244778743409865,-0.007037159820379327,-0.7318243302814037,-0.006236002925718622,-0.27875385093384497,62.04564666103124,1.1378235065694404,0.0060446619371492954,1.7657412254866027,0,0.46500143696988677,0
2023-05-04,GOOG,130.89,-0.8144075856625241,-0.8130605131968752,-1.0905624034580677,-1.0936221663143693,-0.8420032780044059,-0.8423472436829096,-0.010508013305110695,-1.1191890852833575,-0.011076188461422286,-0.6553979193858086,56.706827309236886,0.7983728083312176,0.00488737431644152,1.5501707312293622,0,0.4659490209907007,0
2023-05-05,GOOG,130.1,-0.7010982977659873,-0.6991400782632979,-1.3526827242600041,-1.3607627345929423,-1.062612983954262,-1.0675070219760485,-0.012358799951415145,-1.301484548414479,-0.014513392316083088,-0.9248580354960417,51.26182965299682,0.4591524210681123,0.003445983733713958,1.3080463572055876,1,0.5618659885630022,1
2023-05-08,GOOG,130.87,0.7754052633668452,0.7767955770446756,-0.41575213952585804,-0.41055865137300357,-0.8148873954807987,-0.8147160959398212,-0.0032142095481824382,-0.276242377001701,-0.0073046960927840065,-0.41682779838212053,46.90721649484537,0.18110114940441002,0.002743737166917781,1.1756870374841522,0,0.34185767230306935,-1
2023-05-09,GOOG,130.4,-0.4178375007819673,-0.4145094772730804,-0.19530384784618302,-0.18885903718443978,-0.9090349180932414,-0.9106609424030557,-0.003134316948245521,-0.27923471309158376,-0.010779769535961586,-0.6913502783263075,41.09831709477419,-0.20266483858828865,0.0018767047593655339,1.0255952958025059,1,0.42402308618822354,-1
2023-05-10,GOOG,132.13,1.646316114857221,1.6391777022658407,1.1398189111405386,1.138656622078858,0.2251901191950828,0.23425248080708802,0.009566160852091115,1.1331556564610847,0.002496187434086295,0.29160743441578935,44.25817267393125,-0.03685390454352399,0.0022266542800578578,1.0414736588199314,0,0.4595377066191136,0
2023-05-11,GOOG,131.38,-0.6581829766257166,-0.6560268187669746,0.3227065453476306,0.32928068922191467,0.28775034019796786,0.2966940888847478,0.0030845345712193447,0.4095534894930189,-0.0018840976084115119,-0.035968501582329705,41.64037854889588,-0.22870272895124627,0.0020199081597722735,0.9835616997921703,0,0.4057577670433142,-1
2023-05-12,GOOG,131.27,-0.053904443005087156,-0.04993752156773934,0.5323808601031432,0.5378716500762156,0.575775672800998,0.583282533467971,0.00045728221934305516,0.12800003314602612,-0.0015136648183220673,-0.0009034407738527409,44.036697247706506,-0.096366271904539,0.0017681361602242417,0.9226470327818358,1,0.4503432313870027,0
2023-05-15,GOOG,131.31,0.08914850369689788,0.09312708168623894,-0.3598835247713779,-0.3543690626352478,0.27190292278959005,0.2808931607298605,9.139514691770213e-05,0.09991303456080726,0.00011424654404193881,0.1293531240853595,54.01015228426392,0.5325180176838751,0.0015750248886774003,0.8723626760845932,0,0.4083396381694556,-1
2023-05-16,GOOG,128.85,-2.1541776033434816,-2.1693903430868313,-1.2496961814148562,-1.2558739056821204,-0.5557383044240747,-0.5516198124265189,-0.016322105841756536,-1.7033423068649443,-0.015653289941099463,-1.0323186847774815,33.42857142857133,-0.8656611087794114,-9.008370096914916e-05,0.6331926072797341,0,0.3520578041526978,-1
2023-05-17,GOOG,127.65,-1.0136379127231272,-1.0137373546156982,-1.765419647323286,-1.7836088796740515,-1.7044379027508447,-1.72851102090319,-0.018771331058020316,-1.8937352679937065,-0.021726635245430354,-1.436359322754632,24.99999999999993,-1.4263410762272994,-0.0021299609356591038,0.35061619251840553,0,0.4066547784499916,-1
2023-05-18,GOOG,126.9,-0.5908382256602214,-0.5881927761850924,-2.0687337406885575,-2.095670278712675,-1.6465932439449154,-1.6688083704980978,-0.017771448032446766,-1.7133473990087909,-0.024491490244914954,-1.5749947157183835,23.905429071803795,-1.4652354621101977,-0.0041704070994397595,0.07287558347236987,1,0.4903687390096364,0
2023-05-19,GOOG,127.18,0.36478839929286205,0.3684386466475534,-0.69020639495797,-0.6869927383579792,-1.4389045945572536,-1.4545270570164195,-0.00933181697798672,-0.8012381162502364,-0.020139605836941646,-1.2197452371737325,24.50043440486529,-1.3807424934440475,-0.00555708629960137,-0.11410870271629636,1,0.42002640832039345,-1
2023-05-22,GOOG,127.66,0.527470124225331,0.5303804671336572,0.1632042028596961,0.170640956352515,-1.2368068801853787,-1.2464603288190257,9.400852343946207e-05,0.17901593307454772,-0.014002919527623647,-0.7691579266278822,28.085106382978637,-1.121776370460115,-0.0062892592845955305,-0.21307409498590707,1,0.4688371216163291,0
2023-05-23,GOOG,129.11,1.3760239050053977,1.3717227000672652,1.2562028414833617,1.2522328388787958,0.28155823144787234,0.29115769426540117,0.011041503523884187,1.2811857653056105,-0.0018091291439879735,0.0793057060856962,38.99835796387528,-0.4233035801932311,-0.005898524456087716,-0.16557399565144643,1,0.6864703460342666,1
2023-05-24,GOOG,129.81,0.669963157057008,0.671973533220747,1.414385961952352,1.4066194155438136,1.0185346644483604,1.0204947977022962,0.013095869884181915,1.4388292931446363,0.005406158993741705,0.5734067905827305,45.49248747913194,-0.00712179305049619,-0.005093407572143872,-0.06535027170165948,1,0.6632303425865855,1
2023-05-25,GOOG,131.32,1.365723424659996,1.361432568166501,1.8397060045306621,1.8210623305455664,1.842240682558741,1.8227867622105114,0.017858250139517598,1.8398774696200524,0.017148699518225324,1.3598869453442055,54.80314960629923,0.5854317598482682,-0.0034746079207519766,0.14076092340998206,0,0.4217160037714337,-1
2023-05-26,GOOG,131.21,-0.08974987493321772,-0.08551117606044598,1.0379475898690318,1.0370746786054186,1.6161683163926823,1.602843161433936,0.010691562292985821,1.0919710250032304,0.016343919442292902,1.2586261906114924,51.41196013289038,0.35570380764737697,-0.0022358105392885144,0.293148474792493,1,0.615171021284033,1
2023-05-29,GOOG,134.89,2.9620671833335646,2.9292782211270474,2.2996818959175203,2.265626686437334,2.6131924011347563,2.5604692917772796,0.027592406374744687,2.5541720328759343,0.04195955445009183,2.7735002675034996,64.72131147540986,1.183236496325973,0.001011310126427787,0.7056507877795181,1,0.6821855144465637,1
2023-05-30,GOOG,136.68,1.3539569853346445,1.3518606165109952,2.2758334657244657,2.2433543355884953,2.513797203411472,2.4657964165158224,0.029356388667138588,2.554565051127179,0.049439116714398636,2.9819633639274685,64.85956890920976,1.1522206961327337,0.004617106029110881,1.1481592713516238,1,0.6339666150908797,1
2023-05-31,GOOG,136.83,0.02849400040464934,0.032967166504764944,2.2468359358395342,2.214959326928529,2.179298366125877,2.145856750852993,0.01970399296498915,1.617318970167441,0.043237597114952016,2.4304429371227805,68.52481305234546,1.336520060315502,0.007458910109291064,1.4681999989527397,0,0.3855738664320723,-1
2023-06-01,GOOG,136.13,-0.6474334268095239,-0.6458697520156493,0.3665600482556824,0.3746135411738533,1.394580326172597,1.388634248842852,0.007266108266493025,0.5058805946345296,0.03064762798867372,1.631450786131524,65.88235294117644,1.1309946280409067,0.00916290960760349,1.6231835729992183,0,0.3717001441783854,-1
2023-06-02,GOOG,135.81,-0.325196117534773,-0.32180753207291446,-0.47859404772829434,-0.47266844645433914,1.284620907370207,1.280830710393485,-0.0018961107681454107,-0.28969504126483137,0.02155026514724141,1.0836482905053553,64.4415917843389,1.005772355929382,0.01019203191773191,1.6820035957216528,0,0.3393104742046163,-1
2023-06-05,GOOG,134.97,-0.7338053024237404,-0.7331752875339368,-0.8565205128062064,-0.8561636153874069,-0.12749798880008564,-0.11612452582505454,-0.008186120337438672,-0.8183241304621341,0.009680122086238451,0.40884513293880825,71.91977077363902,1.4221981756064788,0.010374061533277197,1.6343496445000976,0,0.3653950338539549,-1
2023-06-06,GOOG,133.95,-0.8953481767369205,-0.896255969170676,-0.9702246631506581,-0.9721784712400193,-0.9438000562796955,-0.946149964326825,-0.0117162714515486,-1.108704645425626,-0.001565295169946392,-0.22803386880834212,72.8592162554426,1.4253584218161977,0.00978708026192604,1.5009432599529273,0,0.4531975188902755,0
2023-06-07,GOOG,133.72,-0.24946748839949554,-0.2457901444427739,-0.9306438704743317,-0.9318177205856537,-1.0345897140667524,-1.039700241814274,-0.008864775119333496,-0.8548860465554492,-0.006176096796010352,-0.49027911681605135,75.71644042232276,1.5398599152436172,0.00907797614987556,1.362774688670543,1,0.457034346233617,0
2023-06-08,GOOG,134.9,0.8910580488577502,0.8933477009606773,-0.13139727404711085,-0.12298004502331573,-0.483525844290912,-0.4760404840144295,0.0017078785178583926,0.0466108301835753,-6.671163525053592e-05,-0.1575861830919508,77.25988700564972,1.5760548430158836,0.009122858652301334,1.3209241655203274,1,0.43218769594103157,-1
2023-06-09,GOOG,136.99,1.5649694043929798,1.5604927729347746,1.1169905197416254,1.116403760633533,0.20936341043997062,0.22150542096626144,0.01544779327828268,1.2070621757664501,0.011093315225815128,0.45089450710531265,79.5814838300571,1.6544512495080002,0.010295513817349519,1.4136036156692133,1,0.5014922233856958,0
2023-06-12,GOOG,137.42,0.19559322430545587,0.20010262829478237,1.3470500422590692,1.3412386796285714,0.5694759926992798,0.5790329586952286,0.014948742946615861,1.127970908591281,0.012376602327979802,0.4994078652829414,78.1694915254237,1.5166656545105806,0.011344068523946626,1.4900561554587186,0,0.491264037682466,0
2023-06-13,GOOG,136.83,-0.6114092850903231,-0.6094571209616112,0.5833722499193229,0.5894544329879406,0.6826185032220606,0.6903155003801413,0.006310122672314918,0.34723372044349343,0.00791867702847032,0.21885114754997986,73.97540983606568,1.2276434923022512,0.011680319125992272,1.4836275697643067,0,0.3745906757563995,-1
2023-06-14,GOOG,135.81,-1.0096248519406645,-1.011702241560181,-0.7224741863798579,-0.7190277024562624,0.4107115817560708,0.4210879266415109,-0.004252511181171732,-0.6283211780860775,0.0011573647468173258,-0.21915570391745665,65.86572438162551,0.7128802798679971,0.01120493435735328,1.3907464300846957,0,0.421229096655089,-1
2023-06-15,GOOG,134.34,-1.342142937018795,-1.348587158299685,-1.4756204471488223,-1.4875112957367707,-0.4655054918870547,-0.457998648444451,-0.014220930744507464,-1.507983294048358,-0.008370609858718176,-0.8315525798107528,60.09026434558348,0.3219370945220854,0.009836036491120009,1.1971364132742093,1,0.6250598821623083,1
2023-06-16,GOOG,135.3,0.6464076412199907,0.6500681683691817,-0.8579889679291871,-0.8564382594067445,-0.8411769835195094,-0.8404303922376303,-0.004707959393850128,-0.6585823713566074,-0.0009082652134422547,-0.39971273307210653,51.60281469898367,-0.26899517587832217,0.009219051433409817,1.1021282776337844,0,0.3395675693824329,-1
2023-06-19,GOOG,134.58,-0.7288823691936218,-0.7283177796117062,-0.7214219506464669,-0.7180435498412979,-1.1940704829604105,-1.2025181947359758,-0.005850545164435788,-0.7508686011474827,-0.00593866335756073,-0.7347038385993673,41.04095563139934,-1.0003998124876974,0.008204999595938279,0.9553992646565961,1,0.44626080313092165,-1
2023-06-20,GOOG,134.59,-0.12513724889495362,-0.12106204867980386,-0.10990968517928436,-0.10139877508566099,-0.9995727227332991,-1.0025542503365834,-0.0024754676706887076,-0.4388245887144368,-0.006334534286220572,-0.765268345440595,40.32815198618302,-1.0914089998597378,0.007323092503685942,0.8216033047602705,0,0.3774154435309269,-1
2023-06-21,GOOG,133.86,-0.7157578763686118,-0.7151981815023557,-0.7843255238903954,-0.782297226487325,-0.8817808290292466,-0.882530208114323,-0.005009885976778942,-0.6410384481409604,-0.011826194800017745,-1.0849942804584871,40.22394487510771,-1.09796759330412,0.006116828951332946,0.6260160635750899,0,0.3998598809447125,-1
2023-06-22,GOOG,132.38,-1.3224146575592817,-1.3286300370403419,-1.0704590398541418,-1.0742367899378524,-0.8639285724388072,-0.8648267042192824,-0.013135334198088596,-1.330703699158658,-0.020930404555876136,-1.598453777222689,36.57008613938914,-1.3557426144406186,0.004224197463223013,0.30139881032939686,1,0.5226362411856723,0
2023-06-23,GOOG,133.06,0.5062581064269117,0.5104612177659368,-0.762237345770052,-0.760763139917556,-0.9185490130332088,-0.9215001779575687,-0.004742172423594286,-0.5536193860193912,-0.013032481066927797,-1.068058291154359,42.42664551942903,-0.9639828581868665,0.0030955722285779057,0.07667468563618031,0,0.3765924059495875,-1
2023-06-26,GOOG,132.72,-0.34346527947736694,-0.3404614586012574,-0.5811640344200938,-0.5773041939993567,-0.7716690520337867,-0.7716594936899487,-0.004515383807623889,-0.5104612880054674,-0.012110430452485053,-0.9777429796257715,44.84492875104781,-0.7887077569370393,0.001973054375641934,-0.16226260318424213,0,0.3408135227277952,-1
2023-06-27,GOOG,130.97,-1.5000530189050623,-1.5092964100110358,-0.6777097990839646,-0.6756250340209808,-1.3045183161919196,-1.321074585563722,-0.012277711579360279,-1.1756694018095255,-0.020865573672445608,-1.4717709474454383,39.776951672862445,-1.1202058950823024,2.574670179242409e-05,-0.5610756642502873,0,0.4280438667125832,-1
2023-06-28,GOOG,129.28,-1.4166709351021758,-1.4247679354729916,-1.6176903214510816,-1.6390744371174828,-1.5614857356231788,-1.588945421896205,-0.018240913716377448,-1.6432587930415177,-0.0287586020374433,-1.8749976676232378,29.871060171919723,-1.7346224374901758,-0.0025181901798814747,-1.0704901560669944,1,0.5247975490641362,0
2023-06-29,GOOG,130.73,1.222848584461384,1.2232937616605994,-0.8409153410914532,-0.8421755890375193,-0.5957026880878036,-0.592755555334953,-0.004735367561970995,-0.4258471293930368,-0.015194317009047466,-1.0125813123373126,26.501501501501366,-1.8676986663784778,-0.0036192968916953943,-1.288521486257844,1,0.39825838894348264,-1
2023-06-30,GOOG,131.91,0.9511083270769339,0.9533382047767542,0.38319416538876805,0.39222976385222563,-0.4149362472676812,-0.4087858321391065,0.006009670383307233,0.5154628201045317,-0.0037611020482147513,-0.30073438592981006,30.41933191186925,-1.5447672735940086,-0.0037327094334601587,-1.3093540111650086,0,0.4011260127782421,-1
2023-07-03,GOOG,130.59,-1.1175689356801857,-1.1210114788476353,0.5278837133896366,0.536062248675558,-0.7268090432235758,-0.7272432500767815,-0.0008110424190485259,-0.10394169951806075,-0.010749267095425181,-0.715811609855798,28.918918918918905,-1.576933917646278,-0.00457533450455861,-1.460768888664529,0,0.3853844543942168,-1
2023-07-04,GOOG,129.8,-0.6877198770478153,-0.686723446795042,-0.4529961071802588,-0.447747712773372,-0.426078572571088,-0.42014438137591437,-0.005074274501387424,-0.4992554451158971,-0.01315289287614985,-0.8555197683824053,29.375428963623904,-1.4878676900423038,-0.005663574779556567,-1.6485125451043805,1,0.4072253234150978,-1
2023-07-05,GOOG,132.16,1.9376926103876946,1.9289380251167663,0.05800965463226962,0.06687866149611103,0.9078061511981387,0.9160271551048957,0.008562401746058504,0.7237769073068986,0.006090133982947712,0.31497542063734996,42.94954721862868,-0.6161678194787926,-0.005026447690140716,-1.505530899384788,1,0.5266938736264354,0
2023-07-06,GOOG,133.75,1.2283997734348597,1.2280888509602237,1.2772873047886124,1.275814595026902,0.9134776576691233,0.9209407850266284,0.016013126509776546,1.3466348560702144,0.017133470725567774,0.9582737084659123,45.18334369173395,-0.45545042284146364,-0.00350948595280505,-1.2132080119981052,0,0.46756866917364626,0
2023-07-07,GOOG,132.61,-0.9638222966537515,-0.9653999965114276,1.114088290070005,1.115327328245177,0.1415080731750397,0.15349904800711842,0.006283103914040093,0.47724985083732463,0.008809299211879739,0.44345635587255816,44.033918837068434,-0.5071261456581031,-0.002969469903307212,-1.107029364408264,0,0.4680419215207162,0
2023-07-10,GOOG,132.04,-0.49551408511753736,-0.49309861097115365,-0.13241177000515894,-0.12409088937394541,0.3883024218587005,0.40023874873618526,-0.0002422920831062654,-0.09269104006302563,0.004992997625281445,0.20958234838923817,42.53075571177501,-0.5793306961773108,-0.002856335917358375,-1.0778778570724075,0,0.3893827739363308,-1
2023-07-11,GOOG,131.02,-0.8341245674142597,-0.8347881412897087,-1.1684818159756025,-1.1764155970561563,0.33161795762737,0.34369592842911206,-0.009794733819038998,-0.9064301104435614,-0.002808454284605254,-0.24470328560456855,41.820276497695836,-0.6016769121826492,-0.0033510856190377995,-1.1491741294513358,1,0.44813400207916315,-1
2023-07-12,GOOG,133.23,1.7701138651535462,1.7643475689111345,0.23471734200610128,0.24391704495373964,0.28243915095746863,0.29458408233802397,0.0052818229834753535,0.4512611116728404,0.010972500455290243,0.602470182969784,52.34936428966279,0.08854224003177305,-0.0023665455683648594,-0.9477453176137528,1,0.39799963613179284,-1
2023-07-13,GOOG,136.12,2.1767184276491283,2.164535557728243,1.6921674655147447,1.6823633482801088,0.7251824977873038,0.7350856478771665,0.023427866831072855,2.0357302373226185,0.02869493587660495,1.6709816205365224,57.53694581280791,0.4418853096909398,0.00017009910930655542,-0.4714815640751714,1,0.5269406745479558,0
2023-07-14,GOOG,136.24,0.050630273096516805,0.05556442684709744,2.0940929445139767,2.0726578427620628,1.1628303159793354,1.166397920124758,0.018769161743812306,1.586640876700973,0.02624363493928718,1.5096305220551756,58.764940239043874,0.5341000186421045,0.0022196349330043403,-0.08751729934165978,1,0.5376639248758068,0
2023-07-17,GOOG,136.54,0.17207817794962962,0.17716423536493453,1.2494784413629476,1.2492955319123515,1.4375659402980827,1.4349535238107187,0.014187031122335051,1.1539409314576636,0.023914331351095927,1.3429570319907713,64.94900697799252,0.9313757652306517,0.003972494965569297,0.2402846884016331,1,0.654098335320107,1
2023-07-18,GOOG,137.8,0.8653292786505088,0.8686443149651735,0.5611450178160374,0.5694140231257302,2.091042947720653,2.065903306889527,0.013339608489109119,1.0474378260927752,0.027200691757795326,1.4799368770832224,73.40659340659349,1.4337229187003702,0.0060428723436116785,0.6166214923823304,1,0.5616206359809167,1
2023-07-19,GOOG,138.77,0.6564055445754329,0.6607061058029311,0.8678242332783498,0.8727016437099063,1.5944317472278207,1.5857470869996806,0.012225188556756797,0.9249543272792654,0.029359404207340577,1.552095143750224,72.6862302483071,1.3475793428395697,0.008159676255899143,0.9902062418352132,0,0.48101269216524933,0
2023-07-20,GOOG,137.52,-1.008907581062662,-1.0119638292764306,0.2546781043874371,0.2640010574043502,0.28779832291282,0.3002226820057816,0.0010627920858385616,-0.028161584565260148,0.01724252712868642,0.8450720196886373,65.76728499156837,0.9020052687913993,0.008977092613951557,1.1219533623390254,0,0.38623649523566966,-1
2023-07-21,GOOG,136.7,-0.6792660765438928,-0.6787508174573444,-0.534516627727022,-0.5299599710392938,-0.004205962078136773,0.007558289839070316,-0.005572286965504339,-0.5831986310227703,0.008126963524535577,0.3208690153219423,67.66917293233078,1.0143615144208977,0.00902830996013467,1.1156248388348449,0,0.34289883546373845,-1
2023-07-24,GOOG,136.25,-0.3906604790221054,-0.3878670811951992,-1.0495628130883838,-1.054926100901986,-0.22901800719193668,-0.2191342625493594,-0.00842745691662776,-0.8049738087541111,0.0016982921503613064,-0.044203287403816405,69.02654867256635,1.0974429202774934,0.008699342323117185,1.0452472827001584,0,0.35433137761582884,-1
2023-07-25,GOOG,135.09,-0.9191394775000991,-0.9213125109571213,-1.001488832796917,-1.005876516234825,-0.9266368825040822,-0.9311436339711264,-0.012976195695059476,-1.161427886614795,-0.009792854734434671,-0.6871869859543598,59.301587301587325,0.48893169739318115,0.007659761793881447,0.8549894933738909,1,0.5329513381400148,0
2023-07-26,GOOG,136.44,0.9717728941742554,0.974612754918524,-0.17613420700278104,-0.16783097091601606,-0.7953422211256649,-0.7963312343793134,0.00029325513196475105,-0.05227937128565706,-0.0022450218286325574,-0.2621822873256777,58.67182462927143,0.4537947876556076,0.007552298318989576,0.8287247902963303,0,0.3610104352439676,-1
2023-07-27,GOOG,134.6,-1.4332967734959294,-1.4423729083279557,-0.7209916364791955,-0.7195079736673453,-0.9720568908205168,-0.9780568627954993,-0.008953289744949109,-0.8393029742788922,-0.014605219810388408,-0.9598155128298687,56.13818630475009,0.29488870701508796,0.006299334500402171,0.6007315655152827,1,0.5800346311885203,1
2023-07-28,GOOG,136.73,1.5061166889054258,1.503290358590698,0.5396529762565574,0.5479693761392855,-0.10822877013041833,-0.09718578129103249,0.006685220361944214,0.46521308666103567,0.0006293726764437832,-0.11006860065760936,63.196398424310644,0.7236559903281631,0.006499302717062058,0.6250950396384625,1,0.43666397215673697,-1
2023-07-31,GOOG,138.29,1.0444003575729552,1.0462012770564142,0.5965720885834704,0.6042138280758508,0.4810716635215876,0.4927477391054299,0.015121485722674907,1.1497686181696625,0.010751430722341013,0.45233491014110333,69.85253959584921,1.1060444238594966,0.007495857084319147,0.7830370396168255,1,0.48974222813923485,0
2023-08-01,GOOG,140.15,1.2068690356392993,1.2068293230479683,1.967129885914369,1.945884623772483,1.3615761736755645,1.3578011251515587,0.021188848894653355,1.5957911039156696,0.022589636201789103,1.0929137300893215,69.26503340757239,1.0348969169197,0.009273170376365776,1.0636359684970331,0,0.37428372034363716,-1
2023-08-02,GOOG,138.66,-1.1376358167364233,-1.1418082044805369,0.5686161578184068,0.5766824330023682,0.4815441685727484,0.4927743879689117,0.007074067080167842,0.4283636535280367,0.011799216304371758,0.46832804320493704,57.66908212560382,0.3054077654208654,0.009682283504759064,1.1017779160191281,0,0.4341681181055762,-1
2023-08-03,GOOG,136.83,-1.3620901588419563,-1.3695941092307216,-0.6910862748196305,-0.6885092436220245,0.48396856472787747,0.4950481713794713,-0.009425766657979269,-0.919793445439746,-0.0010512944062375125,-0.26341799495114054,51.61466885604818,-0.07962898270852779,0.008824321821259133,0.9278136984580355,1,0.5637996607947648,1
2023-08-04,GOOG,137.67,0.5166778220960234,0.5213691713038724,-1.028364001553662,-1.0330015888384612,0.0890974422232001,0.10131660476988505,-0.004699248120300793,-0.5212869889450529,0.0043699980302180485,0.039448103165867304,53.00372142477405,-0.0026639468384048234,0.008540803495779844,0.8551259235061361,0,0.33337762903548585,-1
2023-08-07,GOOG,136.34,-1.0004410753215813,-1.0026907661800144,-0.964078625123496,-0.9672733540447714,-0.7531608186655447,-0.7515388227565174,-0.01152758645689845,-1.057633366754905,-0.005398307557630646,-0.5104654555959864,46.133474576271155,-0.42157598418976855,0.0074464216364615666,0.6505034521671115,0,0.3976049910755129,-1
2023-08-08,GOOG,135.56,-0.658159597279332,-0.6570656120685436,-0.5992525393203917,-0.595417993334508,-1.4752542566940103,-1.4970086784275725,-0.010597611888009796,-0.9992320106681518,-0.01142736295550845,-0.8604752858956596,41.412520064205424,-0.7292761697920342,0.006049387955020558,0.3969065449719343,0,0.4118778860746585,-1
2023-08-09,GOOG,133.83,-1.3435536079024701,-1.351089750565189,-1.5485276848390674,-1.5686274411039312,-1.5566023862636729,-1.5818417905916935,-0.016288608264851446,-1.479603814011101,-0.022182280478716215,-1.4726556171656753,40.37558685446008,-0.8278775636106531,0.003873977785041924,0.010095747467620753,1,0.5230660163434911,0
2023-08-10,GOOG,135.78,1.308233872920765,1.3073159641545231,-0.37027363733792795,-0.3638544336066404,-0.495780975226399,-0.4890099985208578,-0.0004122618451663152,-0.192595405796658,-0.008789347661040555,-0.7371472038529021,47.733990147783274,-0.39383563553976525,0.003265446101258849,-0.11741761102411717,1,0.3903170465400176,-1
2023-08-11,GOOG,138.67,1.8737991389797837,1.8646198259332114,1.0161366674862387,1.0194479191966115,0.08894324490458506,0.10098577558634896,0.019362521685436104,1.4275895408424764,0.010876379594395531,0.38036322767856356,55.321020228671934,0.07541636017782098,0.00444212875045275,0.06007994091366215,0,0.3850068424353257,-1
2023-08-14,GOOG,136.66,-1.4586587427085644,-1.4681404305700476,0.8976591400087771,0.902277845734015,-0.1384176232076945,-0.1276666712771025,0.004114621601763426,0.14326246110180718,-0.0025909571944678915,-0.42878663897333913,53.32768122085629,-0.09178889725609964,0.004137071920553647,-0.026218714491618708,1,0.6373988735874604,1
2023-08-15,GOOG,139.05,1.4882122576254786,1.4849113183827483,1.0393346679608122,1.0417431824912426,0.828072353158714,0.8347220025589106,0.016462228979955917,1.1628563544611599,0.01566779883861079,0.6386310367499293,55.29841656516447,0.027694728157175958,0.005244866329495709,0.1480861067801295,0,0.44400588224788073,-1
2023-08-16,GOOG,136.97,-1.4379720317476277,-1.4474886875713315,-0.8138497836491201,-0.8139152575001488,0.7256737776916775,0.7337263576798351,-0.0033181494040430285,-0.4636901353878606,0.001711326936578373,-0.18603652937166326,54.764776839565755,-0.021172868028492237,0.004838962497141538,0.04072360090245726,1,0.5570332798519148,1
2023-08-17,GOOG,138.35,0.8281964133490057,0.8318008686219439,0.4819110546419723,0.490917930912908,0.5523842970193623,0.562417664736594,0.0029723068000579713,0.08468624872037263,0.010680264157559594,0.35379867454353575,53.3582089552239,-0.11954359918513832,0.005269039288428992,0.09848079583814545,1,0.42484803894388795,-1
2023-08-18,GOOG,138.93,0.2877436592108824,0.29335214612794613,-0.19798300647076986,-0.18991348360805577,-0.1492116376804663,-0.13868065246743114,0.0067974955069858255,0.41643589097586087,0.013983972440772452,0.5536878725108879,51.382886776145234,-0.2600644053538658,0.005881287776181406,0.19714181830523547,1,0.43088750553649485,-1
2023-08-21,GOOG,140.09,0.7291847103664056,0.7326608896370573,1.0852612613272512,1.087842216475009,0.8972109577249259,0.9023048852119888,0.010181860136430994,0.757875503208269,0.01965950694742681,0.9484552214278537,49.8663101604278,-0.35142893218259774,0.0069635958870377665,0.3986627944156401,0,0.4100972925776084,-1
2023-08-22,GOOG,138.5,-1.1078923339827773,-1.1112741193369473,-0.049057902455093734,-0.04050326605821066,-0.36120162247677157,-0.3530118085997412,-0.0004907337913514205,-0.15084177581536673,0.005933920672850005,0.1549609505115629,49.645075421472946,-0.3503141511878828,0.006808532321741653,0.3591674384285519,1,0.5062215336014382,0
2023-08-23,GOOG,140.57,1.3544424299396236,1.352239473617013,0.6054192635618038,0.6125398899675579,1.1112791699199338,1.110209797540268,0.00920395152489813,0.7885278735404164,0.015994853892466337,0.9036551981335078,58.20895522388057,0.27754681465560443,0.007804217768024807,0.5607106995224188,0,0.3958916487554238,-1
2023-08-24,GOOG,140.3,-0.2329917857765303,-0.22842946425719324,0.010708122731810191,0.019120324642745382,0.5502714545599046,0.5577604783984587,0.004453099271180755,0.3399982305960306,0.010741378440879086,0.5746952388106079,55.92075641602889,0.12506387772625965,0.008335168688509819,0.6731959417518117,0,0.33832769672352986,-1
2023-08-25,GOOG,139.92,-0.30640832884925673,-0.3021770002004063,0.5067014061717289,0.5143457051977018,0.2338969378245698,0.24333496457270626,0.0003145643284050353,-0.05967190646781495,0.007096894928527143,0.3328871119409338,58.41956726246469,0.3150560752001594,0.00843472098928002,0.7032714244433054,0,0.3426446776945382,-1
2023-08-28,GOOG,139.24,-0.5112505238101813,-0.508241322726181,-0.6529292113478287,-0.650088716115755,-0.42619236717836567,-0.4188364917095254,-0.0033355761384620546,-0.4191176746356797,0.0003448474050234945,-0.15315840932582986,58.695652173913075,0.35608871730583885,0.008024423732074171,0.6315347462600727,0,0.35639616390539613,-1
2023-08-29,GOOG,138.65,-0.4593717732275072,-0.45600536917530415,-0.7951247044904937,-0.794483726339028,-0.08421266139404085,-0.07475868322695688,-0.007771798248124924,-0.8582302639808016,-0.0036075658272966336,-0.4418877110345262,62.037962037962025,0.6250669280814689,0.007272199811484579,0.48781808477591065,0,0.3900398590785447,-1
2023-08-30,GOOG,137.63,-0.7416795809887476,-0.7406193233422215,-1.0645047897742412,-1.0689459969884125,-1.2097666733484702,-1.2160238162984411,-0.010909247707476937,-1.1548660309865142,-0.011406570989383514,-1.005047148808605,54.845468831849125,0.1148174974283125,0.006013434244886557,0.2378075266105894,0,0.44620900267938424,-1
2023-08-31,GOOG,136.09,-1.0655619372971443,-1.0685344578875005,-1.3877019770995123,-1.4001486441207283,-1.6234542093502862,-1.6418855747100742,-0.016022442988735182,-1.584693121133253,-0.02087889950500759,-1.6355896991321521,42.72829763246905,-0.7902214190050654,0.0040706641836250465,-0.1524622557107646,1,0.5014083611733051,0
2023-09-01,GOOG,137.26,0.8058458918803887,0.8092020491778927,-0.6330655254462222,-0.6303061554162446,-1.0407741303702345,-1.0433109471080213,-0.0037307474559787044,-0.39962758169148127,-0.011273185665406072,-0.9174407939231114,51.77514792899407,-0.04383806152923313,0.003176163395297382,-0.31948913634932197,1,0.4016390939082604,-1
2023-09-04,GOOG,139.1,1.2295002548131422,1.2289812022642284,0.6052050677803105,0.6124649737556696,-0.13177101601447375,-0.12234266145533722,0.00982968652447247,0.9182691953242464,0.002695961824027185,0.09167269577430284,50.1529051987767,-0.1440612025151822,0.0035017168738909563,-0.2261163679498176,1,0.5268890590307066,0
2023-09-05,GOOG,140.24,0.7206973329913924,0.7243099334679464,1.73295584489701,1.7222678533712241,0.5023759156093589,0.5105685971689593,0.015760806582454632,1.4545182435418331,0.009647228221742285,0.5876672063047973,60.60999351070737,0.786264200198092,0.004372981248115446,-0.010997009448320492,0,0.4119821202989995,-1
2023-09-06,GOOG,139.18,-0.7480857597034195,-0.7470002299433032,0.7463516238074295,0.752333962245456,0.49681850976937475,0.5050774620853083,0.005824793675112461,0.49089847623763383,0.003019580429659711,0.11046322454516107,52.75016567263092,0.11948500537320533,0.004393672255613682,0.0191025028605545,1,0.5732588888561315,1
2023-09-07,GOOG,141.25,1.29682050522852,1.294708292830393,0.8038078514109063,0.8088587459945062,1.756088280962189,1.7384242366585414,0.013227551181441215,1.1598586576891752,0.017240882641009432,1.0922782765272858,56.996381182147154,0.501980110910841,0.005548563738533267,0.29997435674964296,1,0.531197415189218,0
2023-09-08,GOOG,141.51,0.09636195885885379,0.10171957969751778,0.40877353997967125,0.41659840896012623,1.3634519152240683,1.3563203979069405,0.008940793976728202,0.7256179492151406,0.017947703485235233,1.1086902116674748,54.52806122448976,0.2779883065580441,0.006534770290387453,0.5406215858316572,1,0.4825163089527768,0
2023-09-11,GOOG,144.13,1.5799493820536241,1.573541349146587,1.8779972266901266,1.8604590693890342,1.5537956846822838,1.5404715566075353,0.020302699947615035,1.7321614875545204,0.03316033948847349,2.0612937345035687,66.84619988031119,1.3237205775019196,0.008722975639485297,1.0417030752147838,0,0.3184761983603238,-1
2023-09-12,GOOG,142.56,-1.0763166698559092,-1.0786653434819453,0.35998428672658384,0.36808910080306767,0.5895767849491895,0.5962012789019602,0.005884594217010512,0.3697106037490675,0.01905000178705452,1.0653210168111635,56.13818630475019,0.35937341859688715,0.009433764781532704,1.1880126259562367,0,0.3743349609222185,-1
2023-09-13,GOOG,142.44,-0.17552435551216453,-0.17047484753543532,0.18937125336402996,0.19785343362308794,0.8910018485601906,0.8925072254104235,0.0004354605346332427,-0.149423867386575,0.014703368097110361,0.7447209834987587,56.6625155666251,0.38483398717518835,0.00981069282300377,1.24513593119734,0,0.32758301193226713,-1
2023-09-14,GOOG,141.99,-0.4010584425743213,-0.39700546972369183,-1.0492158625963246,-1.0520442669889165,-0.0016564012624029503,0.0084144613613083,-0.003760717342800621,-0.5667389867764284,0.0072641629896572895,0.21279098563940935,56.41661500309989,0.338737454116773,0.009736347610831702,1.19269792012098,0,0.30923479435286244,-1
2023-09-15,GOOG,140.6,-0.9774415090402786,-0.9786467619345512,-0.981333537366296,-0.9828423447398961,-0.5808148520311415,-0.573651719191817,-0.01225200921710785,-1.3480802407055605,-0.004953998584571954,-0.6524838685809877,54.03800475059378,0.10522843236192733,0.008778992654898657,0.9511713866944282,1,0.5271073226618842,0
2023-09-18,GOOG,141.16,0.2628992389053808,0.26823744553343637,-0.7061144992907052,-0.7031035563152357,-1.2609596520753756,-1.2660494310653372,-0.004162257495590853,-0.5866916523022341,-0.0024451260017243344,-0.4923407389833931,57.465794170136796,0.4018491311196538,0.008246166326682281,0.8075800211335771,0,0.4037081218587682,-1
2023-09-19,GOOG,140.6,-0.4789593987173014,-0.4754410522608679,-0.7537232633909016,-0.7513962231744254,-0.9511853930056486,-0.9496495647989719,-0.005362271678999489,-0.7188816228461427,-0.006655268400898725,-0.8260897050879089,59.082568807339456,0.5267287478723829,0.007417453678972389,0.6007751334533614,1,0.4230181427000893,-1
2023-09-20,GOOG,141.26,0.2946776766736978,0.2997681804391652,0.05119419175559142,0.059506999644803917,-0.7243360520780903,-0.7197189635118417,0.0009778772976571817,-0.14993180407882034,-0.0034567901234568545,-0.6567145595117104,66.70976082740785,1.215822598940983,0.007057539035590059,0.4954973242978798,0,0.3775933611907493,-1
2023-09-21,GOOG,140.69,-0.49817544551868914,-0.4949170310388214,-0.441022190040575,-0.4352736874138213,-0.7732678605722183,-0.7693591167857169,-0.001221053229401805,-0.37369386877743704,-0.0070856917018364855,-0.9561531344762011,61.53328850033627,0.7040207123996756,0.006372158782305171,0.3122219101989594,0,0.3810381740573844,-1
2023-09-22,GOOG,137.84,-1.9179850851902072,-1.9354113071372474,-1.3692377609314208,-1.379793313282871,-1.284754839029552,-1.2912424625788286,-0.017603877129213876,-1.8955331989514521,-0.02467327545338113,-2.199333792863635,46.03274559193957,-0.9452158577910748,0.00414592581612398,-0.24889692452494108,0,0.362443891995041,-1
2023-09-25,GOOG,137.45,-0.3434232264690448,-0.3391104299477328,-1.7223304696840658,-1.7435422170859085,-1.5927370314140732,-1.6079563064144444,-0.015175398372119649,-1.604059078312479,-0.022814039627752247,-1.9982096289292417,40.77990746860535,-1.6032547182761492,0.0021289820064539057,-0.8017189282463907,0,0.4189569593399073,-1
2023-09-26,GOOG,136.02,-1.0262562683524152,-1.027880585360419,-1.9897354322431304,-2.0198273031959277,-1.8392492802720581,-1.8628684320184878,-0.01898277702449281,-1.8860896197132369,-0.028463269168958145,-2.310506088672704,39.806451612903224,-1.8169714763961429,-0.0002968609306598387,-1.517362391317704,0,0.4247501839054989,-1
2023-09-27,GOOG,135.76,-0.22534345337267678,-0.2206501753168659,-0.9578870313562434,-0.9588775751042844,-2.034408299867779,-2.0666504289044387,-0.01302780039548681,-1.2953321986385327,-0.0256715732361112,-2.004627137752466,29.94886778670559,-2.7959472010678414,-0.002350658194952462,-2.1433356307990508,1,0.5545448359303466,1
2023-09-28,GOOG,136.62,0.5567769011739012,0.5611361927190458,-0.43469482517148544,-0.4285023493292843,-1.5026711886080657,-1.5158943947585728,-0.0008629642089250611,-0.17529550985962078,-0.015706051873198894,-1.2837560350793211,32.89013296011204,-2.350524867736027,-0.0034441346198367745,-2.4472415505259937,1,0.5617204062537345,1
2023-09-29,GOOG,138.26,1.0536163881860672,1.0540709204890286,0.8318832922705466,0.8362267697753567,-0.014660631675410369,-0.004111075284355096,0.010510005700837498,0.8559521978331388,-0.0022083339347313425,-0.3651528555387219,27.948910593538685,-2.6976303748159585,-0.003318908595700359,-2.4017804158037253,1,0.7518889138271413,1
2023-10-02,GOOG,139.13,0.5021643870085781,0.5064681601223013,1.2596038048919764,1.2564693813071028,0.4108499886380149,0.41934994562809935,0.01437757914230289,1.1723734734291487,0.005543389489964773,0.15467685260376576,36.39968279143535,-1.8019910843101925,-0.0026820358951159125,-2.2314509598859726,1,0.7423423808977436,1
2023-10-03,GOOG,139.49,0.14001923045335987,0.14521526885744376,1.0146638738432405,1.0155037110840457,1.007605326226983,1.006614438378109,0.011882308562806526,0.9163763228934567,0.008954662500361655,0.3706197586859605,38.52140077821018,-1.572391217843969,-0.0019455043980907997,-2.0653062672472116,1,0.6456012294474456,1
2023-10-04,GOOG,139.86,0.17168771334913624,0.17676869394935607,0.4823434241888805,0.4895626315527563,1.1923179838099023,1.1865953401377733,0.008566978193146538,0.6108511995951358,0.012656394810009405,0.6166476636629863,41.660140955364184,-1.2282223707604467,-0.0011339798280058696,-1.8661269605914659,0,0.3982007523531529,-1
2023-10-05,GOOG,138.79,-0.7935124919981722,-0.7922692295263812,-0.27077583501481045,-0.26311892527427727,0.5421835670334131,0.5492112318237369,-0.002271648958348328,-0.33721702225538736,0.006293412218500483,0.22028640699363408,42.730923694779136,-1.0891472795887525,-0.001100034195985484,-1.831932665307329,0,0.388074712541583,-1
2023-10-06,GOOG,137.41,-0.9938279282412065,-0.9947148461790564,-0.9566594881413951,-0.957209629155273,-0.4400671069538178,-0.43133322844137423,-0.010983474405481534,-1.1152039288093498,-0.0034015332284103752,-0.42113276899739943,35.87038432554638,-1.677337952609574,-0.0018542617367974233,-1.969293107725893,0,0.4126320065269658,-1
2023-10-09,GOOG,137.14,-0.2048137323172321,-0.20020640255161992,-1.1842048571046162,-1.1897912839905795,-0.7871820046519268,-0.7834897385839669,-0.010091094140235865,-0.9981345429949997,-0.005136091927340453,-0.517851285967623,36.6718027734977,-1.5401493583323806,-0.002580797394970879,-2.0604719544637513,1,0.4056445036306488,-1
2023-10-10,GOOG,139.17,1.4148074395099117,1.411010641073935,0.13093182454722688,0.13933260184372803,-0.19571462447814333,-0.1858866352407767,0.005026214307378988,0.45112120068408085,0.0072884925776076455,0.4043642420620018,42.71777003484322,-0.9491642125229346,-0.0019518572091144306,-1.8076852987419778,0,0.41149721795597655,-1
2023-10-11,GOOG,138.15,-0.7083780155463326,-0.7068070359285018,0.30301438941368913,0.31107797305821244,-0.6554073073958071,-0.6493898679321908,0.00013031013812875135,0.001725107642073545,-0.0018207829366626287,-0.23451203270643364,41.41891891891897,-1.0479928965550553,-0.0020242213728681934,-1.7444765125922126,1,0.45999721812874994,0
2023-10-12,GOOG,139.67,1.0337092895996571,1.0342506591578646,1.061482399930543,1.0622742468011928,0.2806447953948366,0.2894304450854505,0.009847586545969827,0.921689896095381,0.006942692149638917,0.450555132819216,56.79287305122487,0.482293540322366,-0.0011828346805204642,-1.4765077332196237,0,0.5050799942960075,0
2023-10-13,GOOG,138.39,-0.9073866859978358,-0.9074451667236136,-0.36289513814438795,-0.3563517741742132,0.31706402366538583,0.32558621082878386,-0.0008230809218506637,-0.11190341572834607,-0.002378892733564104,-0.2539137417261675,53.272980501392745,0.15925540172917643,-0.0012467704889240682,-1.4376017297642525,0,0.4269019626003166,-1
2023-10-16,GOOG,136.26,-1.4614615969523008,-1.469029796483611,-0.8488737177793615,-0.8482443945412186,-0.3597700537689925,-0.35101248986577405,-0.014949973974900324,-1.4452283357081879,-0.015697124240607385,-1.2418333094893341,50.79681274900393,-0.0632964104444793,-0.0025101204521850383,-1.674471843999592,0,0.45397744476240504,0
2023-10-17,GOOG,135.66,-0.4301440382495626,-0.42632175171145087,-1.7046216985342628,-1.7240027561920979,-1.2919942315113064,-1.2981352783041946,-0.014285091479807653,-1.3760206146913152,-0.017312567910177577,-1.3413174514969195,49.67532467532469,-0.16464422436433662,-0.0038213392724936995,-1.8935826581472848,1,0.5084696310748275,0
2023-10-18,GOOG,137.13,1.0148749591531383,1.0155397339513168,-0.5489638981735572,-0.5440133828682624,-0.4113695189207005,-0.40289284501198663,-0.0021248417283984606,-0.2175354549339733,-0.00469599425158039,-0.38774403023469767,51.59275452841971,0.04949810403100119,-0.003957249309592226,-1.834692268141109,1,0.477784978212792,0
2023-10-19,GOOG,140.06,1.923257527793373,1.9105646254246178,1.5458584891238172,1.5357447175659429,0.08000959175002942,0.08952923480145777,0.018618181818181836,1.6765083409109107,0.015634064276598258,1.104568096967894,55.202312138728345,0.4327896414015507,-0.0023242425950104903,-1.4060989410424864,0,0.39949776586698343,-1
2023-10-20,GOOG,139.09,-0.6858696754090651,-0.6839552449938294,1.3661694898176182,1.3601891681637395,0.19078200723769426,0.19984339165294496,0.010534728276663676,0.9131788785575788,0.007372964829943802,0.47328714801004035,49.88505747126439,-0.10740810953709291,-0.001579724192027752,-1.1961331176297303,1,0.6366063554952317,1
2023-10-23,GOOG,140.29,0.7898723734822691,0.7926990366229517,1.2195346889883167,1.2165833583289833,1.4030411246705328,1.3917349331724105,0.013319272496135634,1.1784819894060892,0.01375129166756987,0.9457510505779185,52.19298245614031,0.17804667968214322,-0.0002874629614607436,-0.8774900866563573,1,0.5280162900342027,0
2023-10-24,GOOG,140.53,0.15488781443667118,0.16008172025055287,0.15543054203142118,0.16363803450628642,1.724760300817861,1.7032036133858146,0.00796155501362778,0.7201078649892507,0.014488568685344708,1.0249793231852784,51.84980673660957,0.17889238805293906,0.0008643037945814696,-0.5950953069532781,0,0.40144257636978786,-1
2023-10-25,GOOG,139.71,-0.5812924711857554,-0.5787163318250894,0.23080418114261186,0.23879481187095056,0.8642011377472644,0.8654200753843634,-0.0016150240109764399,-0.18351885943896223,0.007434434918048197,0.4967480777037953,52.5755879059351,0.27413891692265796,0.001284486595952248,-0.4756821696292406,0,0.4181398001746272,-1
2023-10-26,GOOG,138.33,-0.9835182200159805,-0.9847922011029128,-0.8524036298818035,-0.8507789740894789,-0.6728787974154947,-0.6670588352092965,-0.009026434558349387,-0.8965677128524009,-0.001551842361687358,-0.18742478116881714,52.5755879059351,0.272165281460957,0.0008065902433387006,-0.5608112055623679,1,0.45784493603495346,0
2023-10-27,GOOG,138.35,0.00106320359714889,0.006101834900772304,-0.947479235806009,-0.9473901405276409,-0.3102305750728986,-0.3012198025668245,-0.007831212977438742,-0.7742006482531153,-0.0013786532506622768,-0.16698705656620855,53.435547984099976,0.3711424565861668,0.0004343120911764102,-0.6219749061383621,0,0.41495919625736105,-1
2023-10-30,GOOG,137.56,-0.5793837964372889,-0.5769353752599549,-0.9427392974454148,-0.9425725227082133,-1.0103163596503377,-1.0103006070829799,-0.009618707522174955,-0.9515613245144864,-0.00801176886299219,-0.6680046588990359,45.08246792913869,-0.5964580878234975,-0.0003168532002509336,-0.7706558017647859,0,0.3709481517416687,-1
2023-10-31,GOOG,137.49,-0.07819074170809404,-0.07333037501707283,-0.3955757758521022,-0.3888137544274044,-1.1431832453029618,-1.1463219075699616,-0.005770565775772314,-0.5932687021910291,-0.00982326760482216,-0.8093130977817289,47.85992217898832,-0.28906282203606665,-0.0009428396359513204,-0.8884502622207959,1,0.4101117847507102,-1
2023-11-01,GOOG,138.35,0.562189843594669,0.5661686028255611,-0.06505908628851131,-0.057047776895790124,-0.5774015355255628,-0.5712890340746399,0.0024200092742870626,0.17275091325361158,-0.004504374856090294,-0.43738983171960066,45.52845528455285,-0.5770520466436787,-0.000927428758257075,-0.8609395953278076,0,0.377434062719446,-1
2023-11-02,GOOG,136.15,-1.5831035602627739,-1.5929456130370598,-0.6792685459679214,-0.6754708715598217,-0.8790597425077948,-0.8773731247092267,-0.010393952609390949,-1.0681553675795328,-0.01757044413176031,-1.4291971722367116,42.85714285714289,-0.8777064381502762,-0.002174100214317091,-1.118484536512997,1,0.42648641985041996,-1
2023-11-03,GOOG,137.3,0.8758316458688374,0.8776821156418531,-0.11960614680822976,-0.111852234713334,-0.44363826523639627,-0.43633074317863757,-0.0005095726869039323,-0.0692954694308768,-0.00799098304986774,-0.6662609974410485,53.53741496598648,0.3800197006022394,-0.0024636063998135396,-1.1471666053521081,1,0.4531793694542884,0
2023-11-06,GOOG,138.6,0.9499982208549761,0.9510376709553954,0.09763140762246736,0.10555496995013519,0.3338665318401968,0.3424830219765843,0.00742851327973943,0.7245008062322721,0.002625925041776077,0.1476790905771976,59.54545454545459,1.064843072985346,-0.001911213513797948,-0.9905683086251161,0,0.3934936977523544,-1
2023-11-07,GOOG,137.36,-0.9274845724712993,-0.9276705764393779,0.5641720294479514,0.5701083765056346,-0.08316545631855714,-0.07391511988952472,-0.0013958357566591461,-0.13706273910264713,-0.004060324825986095,-0.3475435387634115,50.758075148319115,0.04965220957803851,-0.0021731998292443193,-1.0163144595889793,0,0.4600831372391862,0
2023-11-08,GOOG,136.97,-0.3105027598302546,-0.3066541122664935,-0.16281765176901303,-0.15548219422639267,-0.5317185030599093,-0.5258651724049666,-0.0022290859290772717,-0.2249227993154697,-0.004911148889179606,-0.4048696510703273,37.76722090261272,-1.4138405610980502,-0.0025797261642196943,-1.0723128795774306,0,0.3723992809663816,-1
2023-11-09,GOOG,135.79,-0.9021113006511874,-0.902400034734027,-1.2559548332488306,-1.2627133793969636,-0.1263843055204478,-0.11754194851227964,-0.010305821987697266,-1.0263081800225942,-0.011660067543961832,-0.901298423735365,37.14953271028024,-1.4297898118907397,-0.003553508429018188,-1.2455469580993783,0,0.3945253540786643,-1
2023-11-10,GOOG,135.58,-0.12796484474408568,-0.12366698491645331,-0.7770313289514186,-0.7753869051803147,-0.6381598223182681,-0.6341299416770083,-0.009352623118515278,-0.8990699342174686,-0.011194982314115658,-0.8360372636950602,30.12658227848094,-2.100582191968236,-0.004400460874781359,-1.3808296923143621,0,0.35234241630080576,-1
2023-11-13,GOOG,135.26,-0.19821656954607156,-0.19419139868059976,-0.7206399319101856,-0.7185885384754356,-1.2132728275878424,-1.2213282821406277,-0.0068432800751880895,-0.6185545048697053,-0.0118712788106805,-0.8611194220078644,27.912824811399645,-2.20335021853284,-0.005202641895742376,-1.4989112579779753,1,0.42952247704348634,-1
2023-11-14,GOOG,135.58,0.2957875739544364,0.3002438217686002,-0.020494156256696212,-0.012828783493213631,-0.6097390136843136,-0.6057375604517669,-0.0018846255779027667,-0.1067742001320712,-0.008149589594276297,-0.5465925094733413,31.93350831146101,-1.709008727455295,-0.005587745406121797,-1.5230539381414288,0,0.3707220200383322,-1
2023-11-15,GOOG,135.58,0.06379502273829098,0.06821263307896214,0.09120438812450347,0.09903290449715128,-0.4357005241099302,-0.42980622493148657,0.0001622921553875078,0.12005118565682199,-0.006135598935616449,-0.3626605678328738,36.31840796019894,-1.2205809637917495,-0.005827233239700226,-1.51953112767804,0,0.4176479006765655,-1
2023-11-16,GOOG,134.11,-1.1335546498875044,-1.1366326913384863,-0.4428548956128672,-0.4379093298259674,-0.5343192011682951,-0.5299730114154391,-0.008223513925248812,-0.7260142810776418,-0.015439055009433815,-1.0771429837115905,31.565217391304387,-1.6294940005706826,-0.006809744385618352,-1.668995644416217,0,0.383479229159726,-1
2023-11-17,GOOG,132.39,-1.3170235143319802,-1.322495796541326,-1.3542301111323451,-1.3653573304909206,-1.1032199110241632,-1.1103641528213326,-0.016302086429293355,-1.503434151119604,-0.024550183463255933,-1.7311663919372906,29.203539823008796,-1.7815816430486167,-0.008516484123888435,-1.950355044545499,0,0.46442707143344175,0
2023-11-20,GOOG,130.1,-1.742764049201311,-1.7547845138751113,-2.285570369228969,-2.325926328802019,-1.8088935167719804,-1.838638921039846,-0.025847609919731628,-2.319012869078749,-0.03538169523696536,-2.4095144038837795,24.778156996586986,-2.0955904761079536,-0.011118999764535648,-2.361613302232485,0,0.4465005913599001,-1
2023-11-21,GOOG,129.04,-0.7490765215731282,-0.748144897181771,-2.03031687550463,-2.0601807678285486,-2.1973447501895635,-2.2435369144057202,-0.02422794228849708,-2.061980636194273,-0.03730229782154602,-2.3850122299578214,18.653198653198686,-2.505679080364639,-0.013681446230589893,-2.6813930562229626,1,0.7165122682050624,1
2023-11-22,GOOG,131.2,1.8256973402708119,1.816859235913647,-0.3530738275463433,-0.3460722682188024,-1.3746120364441918,-1.3878028714046478,-0.0012788502527252175,0.06515821570144197,-0.016956010280002737,-0.9269376927451303,33.28831870357865,-1.135942515416261,-0.01426436636706556,-2.5962846257101297,0,0.42638112405842604,-1
2023-11-23,GOOG,130.6,-0.4140071907406901,-0.4106512053271278,0.37876381776391643,0.3860489947991243,-1.0776750932986983,-1.082566144280546,-0.0005051046178807226,0.11523849391907831,-0.017631483933084773,-0.9827566100070091,26.507713884992953,-1.6827897365967697,-0.014924618949271167,-2.5241028004611965,1,0.5985176814594115,1
2023-11-24,GOOG,131.82,1.0485982716681261,1.049326590130415,1.3775354768249846,1.3700999382797976,-0.0012917285028971788,0.008571102561665309,0.009712604939028133,1.0575800803046216,-0.00564238730312005,-0.13767290031226678,26.093088857545894,-1.6460966532714232,-0.014547334777492083,-2.301885288292509,1,0.7771100090824044,1
2023-11-27,GOOG,132.47,0.6092384970377767,0.6128380018406338,0.6851822879069389,0.6896935207235917,1.0976298695048314,1.0978293059975865,0.011020713446186164,1.176676750149546,0.0013682165561761232,0.3635192391959968,32.00883002207509,-1.099432633003688,-0.01369811685806307,-2.04272818393003,1,0.7547437760010115,1
2023-11-28,GOOG,132.81,0.3691223357300259,0.3735370128554782,1.1458236670047024,1.1428049324395337,1.5991815519687849,1.586999136681085,0.007816057064804987,0.9017437966759334,0.006044905008635592,0.7036844621062858,34.63810930576078,-0.8455941842503347,-0.012673248691399195,-1.7905327240373616,0,0.6239339181848904,1
2023-11-29,GOOG,132.07,-0.5111479950348713,-0.5084505232863751,0.26204380785004805,0.2696135629314696,0.5056505383921289,0.5143112491965041,0.0008790942298072468,0.24645769844173865,0.003106462809791752,0.49334935803364877,35.80152671755731,-0.720660575039089,-0.012170313305819943,-1.6394397731844799,0,0.4943187960245919,0
2023-11-30,GOOG,131.57,-0.292143955454424,-0.2884874382732529,-0.24117592189224749,-0.23359393399540476,0.5888524156059227,0.5962323961613714,-0.004373883827224044,-0.2342714771841558,0.001240420982139543,0.386060197587824,35.02613890963406,-0.7603628380414492,-0.011939357807242815,-1.542604245599042,1,0.47918624582249897,0
2023-12-01,GOOG,131.92,0.418460468014212,0.42269826421822987,-0.22047835325559142,-0.2129191570852567,0.28559892606389964,0.2948018418484211,-0.0018763997336722238,0.027912729769898354,0.004263093788063355,0.6350283673692276,37.55588673621463,-0.518686837028447,-0.011413498046749722,-1.4114530925686701,1,0.4830345507454523,0
2023-12-04,GOOG,132.97,1.057053435348799,1.0575354769117693,0.6640250180117115,0.6679094669706658,0.4882000920887808,0.49562535006761366,0.005307406175341176,0.7924771856257792,0.010049602345666878,1.160924352987115,40.77738515901057,-0.20681825736748077,-0.010240274935389324,-1.1961245148719775,0,0.46692154987677303,0
2023-12-05,GOOG,132.41,-0.347647100685971,-0.3442277737282465,0.6410655006881546,0.645205499826912,0.14200686466077023,0.15106146123995526,0.0016794262716735254,0.42908808995437964,0.003227663959267913,0.6615221772346674,39.2250169952413,-0.3256320805538744,-0.009540989496480544,-1.0596504973451149,0,0.4601384679855524,0
2023-12-06,GOOG,130.69,-1.3153859896355187,-1.3201112882923494,-0.3497710548689729,-0.342973460155476,-0.23756003706834564,-0.22954094958378216,-0.009263751591970255,-0.6812059352910144,-0.009421448765661321,-0.3382707130562795,38.56951871657751,-0.3627693535017717,-0.009920556755865855,-1.097598306273855,1,0.451687956599399,0
2023-12-07,GOOG,132.4,1.577648375626797,1.572372129920467,-0.03751143469340687,-0.029859364973507566,0.6940226541123081,0.6995922887723267,0.002437953330607692,0.5106265052505495,0.0021723827329634946,0.632520155465487,50.03344481605358,0.718971060851333,-0.009076301159963517,-0.9373204977802541,0,0.4359301482941146,-1
2023-12-08,GOOG,128.9,-2.62953891552367,-2.6576529578493764,-1.437124227832965,-1.4452069293349505,-0.90897405503626,-0.9092132802880513,-0.01957801542510315,-1.7069306605352175,-0.022158836604182885,-1.348736262426558,46.28712871287133,0.3831312380319357,-0.010425063572373664,-1.1465691411334757,0,0.3345038287675106,-1
2023-12-11,GOOG,128.25,-0.3671805602549415,-0.36311990693041346,-0.9222000823823772,-0.9208942457107134,-1.5658613458176465,-1.5822711120144246,-0.017467248908297164,-1.445157583959007,-0.023965174773019588,-1.4417831096574654,47.49206349206352,0.5211658356387873,-0.011766352287096724,-1.3584941133910724,0,0.38109831320802606,-1
2023-12-12,GOOG,127.26,-0.6402991829394019,-0.6375763501333236,-2.084947820470145,-2.111560994202796,-1.6869842260309706,-1.7073611888878644,-0.01729729729729726,-1.3858222306683214,-0.027391397389257353,-1.6498449424426667,36.48834019204398,-0.5119202903768025,-0.01329662089800127,-1.600932527633451,1,0.5368297826733689,0
2023-12-13,GOOG,127.48,0.3569304313064454,0.36103014105567194,-0.3773530617732748,-0.3702051055992758,-0.9055337165467545,-0.9054351490857356,-0.0106939421688991,-0.7209249279580288,-0.022280170264984585,-1.2082947236880863,39.01408450704231,-0.23058910716846856,-0.014221801380611491,-1.7318287895814717,0,0.3977233937224768,-1
2023-12-14,GOOG,126.19,-0.8732628453076245,-0.872367038722481,-0.6694342978360833,-0.6648295075215311,-1.979393201420723,-2.0113929250382276,-0.011174147442327106,-0.74809052587799,-0.028163915993438298,-1.6014582482842599,30.273300630693825,-1.1154344700354077,-0.015586514864515079,-1.9323105531340652,1,0.5599388165673526,1
2023-12-15,GOOG,126.43,0.3561433428642981,0.3602075908932451,-0.10410652802605339,-0.09605685473293447,-0.5682158716891953,-0.5622323932468289,-0.005443589622567243,-0.21681753012569888,-0.02218131757645126,-1.1548759404775388,28.210678210678296,-1.2888282383416305,-0.016343389611074125,-1.9959208713168957,1,0.5053287752331646,0
2023-12-18,GOOG,126.68,0.3553297889845763,0.3593584760606756,-0.11188910243812471,-0.10395805604475085,-0.2294903435015077,-0.22051196276246746,-0.0010094000378523902,0.19813625593043255,-0.015458268891496818,-0.6574113493475936,27.741466957153307,-1.296251622722811,-0.016604910179408183,-1.9560382599739141,0,0.4566221541566119,0
2023-12-19,GOOG,125.99,-0.4574033938586707,-0.45387658566870415,0.15090167127298,0.15834615799662202,-0.13470411829526524,-0.12542544635293704,-0.004456595603457869,-0.17251769801935463,-0.01591070633538232,-0.7224407392312453,27.842565597667715,-1.2479132784621036,-0.017055520813217883,-1.9404409573077213,0,0.4806803542945358,0
2023-12-20,GOOG,125.01,-0.6970404719303929,-0.6948901698808827,-0.47056347522369407,-0.46423517370927964,-0.6530427251196071,-0.6483129432225833,-0.00832936696811029,-0.5779903038483962,-0.019214021763861194,-1.000791567195489,26.901408450704324,-1.33095746226213,-0.01783290062163688,-1.972847428153091,1,0.4397580379742091,-1
2023-12-21,GOOG,125.27,0.37834646131439964,0.38232257578285234,-0.4579006294374738,-0.4515330888173691,-0.031604156407419766,-0.02240797544973156,-0.00481426165432655,-0.21151628172615952,-0.01164533791993446,-0.4071083869663614,26.435152374202772,-1.3518843531430904,-0.01808715679944817,-1.9159023086376041,0,0.45510197290084614,0
2023-12-22,GOOG,123.44,-1.388841693731174,-1.3939230397903872,-1.0072786874579924,-1.0074181066600538,-0.8816838530850468,-0.8807644574136877,-0.014671370871182442,-1.1818425449664516,-0.021870047543581655,-1.1812655429319494,17.99865681665551,-2.1254842602900483,-0.019236238381038783,-1.998934862556256,0,0.4075036136647486,-1
2023-12-25,GOOG,123.29,0.08286102936251362,0.08737529094178965,-0.5652497803037176,-0.5601212674569717,-1.013562014289424,-1.0158216598695222,-0.01051364365971098,-0.7295515835004801,-0.019203843950868608,-0.939610617707095,18.508287292817727,-1.9778503856891025,-0.02002733716979745,-2.0157795763294994,0,0.4194383064432223,-1
2023-12-26,GOOG,121.23,-1.5496961673469816,-1.557572970547368,-1.7312441568782062,-1.746501514801988,-1.556662948549349,-1.573336171213911,-0.019555512422360186,-1.6260872077634503,-0.030942998057569445,-1.7862027072322024,18.08367071524971,-1.9216800170900208,-0.02173772754793417,-2.156854410250793,0,0.5049365711379064,0
2023-12-27,GOOG,119.57,-1.1845624287688352,-1.1877582496118988,-1.6068688523133972,-1.619538501897552,-1.8177407357615722,-1.8420023048472534,-0.024396214099216672,-2.033737506308083,-0.0381304802509854,-2.228377625462339,6.567366283006081,-2.7310915886708047,-0.023913749026475636,-2.334906099350975,1,0.6981070985797647,1
2023-12-28,GOOG,119.71,0.3825816139623639,0.38681518637953793,-1.4028182424795086,-1.4111733713983636,-1.7905803318599824,-1.8142215054354314,-0.014310651472235142,-0.9666758866906168,-0.03195807928061974,-1.6879586619001246,9.728308501314615,-2.302958405756842,-0.025288691887563046,-2.3755081574561894,1,0.6825449817704812,1
2023-12-29,GOOG,119.81,0.3291962471445133,0.3334753297736897,-0.290239541815862,-0.28329425764406596,-0.957329402864579,-0.9582943178932452,-0.007554546810026392,-0.2825359730720804,-0.025934959349593476,-1.1958949361102822,11.14180478821369,-2.072935065422589,-0.02603816993326588,-2.325831327755666,0,0.4219762441582036,-1
2023-03-24,MSFT,104.06,0.15978568759626477,0.16469940569222613,-1.8614447653957351,-1.8835156901712486,-1.5815597013369982,-1.6022505721797426,-0.026184281944262366,-1.7477697486712813,-0.04571507175936539,-2.052687013313913,17.708942139099946,-0.6457780102206223,-0.020712637882033924,-1.8533702056054124,1,0.5681572192425263,1
2023-03-27,MSFT,104.12,0.3214494282135863,0.3257529871157498,-0.7853142888993001,-0.781107758613584,-1.9844790501405916,-2.024098513027765,-0.013417222559126847,-0.6981483934699602,-0.037681266578555764,-1.5843836202357517,21.034717494894508,-0.5012978121581707,-0.02262114548780465,-2.1423655822213648,0,0.4530031608464979,0
2023-03-28,MSFT,103.14,-0.6284049649824041,-0.6244989008231387,-0.09938553412954793,-0.0899085653718397,-1.5845789848337215,-1.6064200566274816,-0.012201428927155505,-0.5734742103150183,-0.03778337531486156,-1.5366862903922929,18.098958333333343,-0.685022434874288,-0.02461247109821159,-2.4033979822900062,1,0.6058547713470067,1
2023-03-29,MSFT,103.85,0.8865891292070823,0.8863274808888688,0.317952290591234,0.32628089615357414,-0.5209923481199931,-0.5129115314080559,-0.0001925483777800157,0.43336245903803666,-0.024946717117184755,-0.7982516085882032,23.127899271040405,-0.44512451204862935,-0.025394031620924976,-2.4142996839977933,1,0.6281430496913368,1
2023-03-30,MSFT,104.77,1.0372844240345742,1.0349067909085823,0.7222896451608545,0.7259064218668354,0.7251634024969786,0.7321343936275635,0.007520098472900548,1.0445986443920419,-0.01107199154262186,-0.018668560163885208,25.92592592592588,-0.3229583567500052,-0.025047724355750884,-2.225658525642679,1,0.7717907549151839,1
2023-03-31,MSFT,106.05,1.3101719312665945,1.3037323296969934,1.7956843090272607,1.772214263172443,1.237382062307391,1.2325069691237138,0.015940834977870612,1.6723150037352799,0.004052186097593278,0.8111120579897612,30.330330330330327,-0.10585446508892331,-0.02354157571417427,-1.8682919825826658,1,0.7168296017187846,1
2023-04-03,MSFT,107.27,1.201953585837748,1.1968359870672187,1.9384140618981363,1.9091680534481128,1.6145800068359497,1.5960499204724088,0.021463396053934686,2.013725523245899,0.018940689235913216,1.5723558442891803,32.79258400926999,0.005523126007956103,-0.021182495542258976,-1.4042695586838958,0,0.4801185616533482,0
2023-04-04,MSFT,107.22,0.08676848298482492,0.09184244012480972,1.4043721982841308,1.39225488300616,1.8907602642339303,1.859782410327172,0.013115125859853402,1.3039831975071905,0.019948060843012413,1.5616596392643358,38.294993234100104,0.3068441096866872,-0.01912927349839597,-1.0204365486076588,1,0.7616500296167775,1
2023-04-05,MSFT,107.54,0.42820192669163676,0.4314007440918412,0.9168686245746941,0.9164813090627131,1.6611075815741223,1.6390630341056507,0.009101998686309457,0.9669482335683395,0.022049040106443714,1.6068284993701418,40.32366824005397,0.4054448248366799,-0.017063224631095476,-0.6513979055657685,1,0.7071699458994207,1
2023-04-06,MSFT,107.76,0.35930141837001955,0.3629102756986408,0.45849438214436355,0.4654099335293911,1.3609933171299555,1.3502138341547827,0.005524037025977892,0.6976130725212941,0.020667184451306164,1.488967963777221,44.60431654676259,0.657886910088294,-0.015085434572415388,-0.3048375538882087,0,0.44583629278649844,-1
2023-04-07,MSFT,106.03,-1.313434055752487,-1.3145399088459022,-0.2931081558645835,-0.2836496038086027,0.29914362113706355,0.31139816074837545,-0.010581911836064222,-0.5518556432002479,0.0024107775939493778,0.5501540609760582,33.40395480225989,-0.13369493853175596,-0.014652564937131853,-0.22006848653213304,0,0.4427969396880505,-1
2023-04-10,MSFT,104.56,-1.088766663365092,-1.087565698655508,-1.096984492345732,-1.0979789412381549,-0.6129639747042375,-0.6055101883251252,-0.019339348352122428,-1.2082719138328537,-0.011897674330696759,-0.17577937267851595,34.65201465201467,-0.09165233443274015,-0.015247752758556377,-0.3081622010434762,0,0.41003578940747964,-1
2023-04-11,MSFT,103.85,-0.42539977402387985,-0.42019261502400207,-1.4761964575620756,-1.4872094376899923,-0.8141882925963566,-0.8116852501488088,-0.019802167100842046,-1.2083362558422426,-0.019265275285674004,-0.5388338563132538,38.834154351395746,0.18180631214623974,-0.016081017715510078,-0.43458250011986926,1,0.4442586537141542,-1
2023-04-12,MSFT,104.35,0.632980931997355,0.6347244947586204,-0.4689300866211484,-0.46062585713297205,-0.7287628322112487,-0.7246446791481305,-0.009115943405184634,-0.3756350048211501,-0.015008495374740584,-0.31286318756519377,50.82604470359566,1.1363568827917825,-0.01618383507194394,-0.4373959810721249,0,0.3839066829125799,-1
2023-04-13,MSFT,103.39,-0.6563058273902111,-0.6518686395206625,-0.24246363486949574,-0.23274260675339956,-1.109449236190863,-1.1163338506513543,-0.010015703397296013,-0.4467832171097089,-0.022797300618135688,-0.6976573939025632,46.990116801437544,0.7843811158155946,-0.016810295996553856,-0.5286655960225405,0,0.3812438479222807,-1
2023-04-14,MSFT,102.67,-0.4584274299853631,-0.45320309165121386,-0.26137624461770526,-0.2517240419195728,-0.7844395196482449,-0.7817075726166932,-0.010543155622373656,-0.4961208891324382,-0.02649245240081934,-0.8750785134832955,43.85072094995758,0.4937381889247748,-0.017664519018941463,-0.6580739731176287,0,0.3809784956577294,-1
2023-04-17,MSFT,100.29,-1.8988959038555882,-1.9089383100246136,-1.600848746394523,-1.615065657266941,-1.1164914260499976,-1.123592093057415,-0.025459139053541836,-1.6399374454946225,-0.04272378443388121,-1.6583811339475658,39.196360879454154,0.07108748851868774,-0.019958457994593025,-1.0227845484317193,0,0.2941031270277505,-1
2023-04-18,MSFT,99.68,-0.33081867108550234,-0.3252724691633627,-1.4112881691630426,-1.4200859913298989,-1.0739644514488293,-1.0797255485406843,-0.02347270661076048,-1.4363397145301953,-0.041649040495327534,-1.5530244075937936,34.071810542398836,-0.3822290576838355,-0.022025056974814942,-1.3306483399127402,0,0.4179547088204365,-1
2023-04-19,MSFT,97.79,-1.460111035130736,-1.4634922453639916,-1.88102452027732,-1.906319015509016,-1.8269736019499017,-1.8661654860904435,-0.02951450915009332,-1.8121148856591927,-0.05092345468132793,-1.9209059414537677,25.177809388335746,-1.1382962649870634,-0.02488459911700432,-1.7336186653353014,0,0.3931614770171341,-1
2023-04-20,MSFT,97.56,0.029327169763389112,0.03475686839810585,-0.9043426736816693,-0.901629414648815,-1.5461951398648563,-1.5707528005634592,-0.020462258278278647,-1.111034624450992,-0.04368879696521162,-1.5280464994342795,17.371252882398196,-1.7477055630092062,-0.027064526521926938,-1.9877456117769714,1,0.5618295534636321,1
2023-04-21,MSFT,99.44,1.889770344733883,1.8718446992150641,0.24669835100808588,0.2564179465089246,-0.6642450152346645,-0.6580112260909984,0.004931684048831752,0.7382348984457585,-0.018923025316205985,-0.3694953441968189,21.360643745427964,-1.3647982318999754,-0.02702625531814116,-1.8949210857218768,0,0.4140424282960929,-1
2023-04-24,MSFT,99.18,-0.014809953944536757,-0.009127676868748826,0.9998446086002228,0.9984845442349776,0.05042380034007579,0.06485987912315827,0.0045578851412946125,0.7020302174485034,-0.016266613767109566,-0.2399190372050622,21.03746397694526,-1.34261726674824,-0.02690595253756477,-1.7991651707638725,1,0.7152553940768428,1
2023-04-25,MSFT,99.87,0.8082516139242234,0.8087305114003809,1.4005946211338853,1.3883816665156878,0.49654426621143805,0.5086180587301746,0.011157459906042482,1.1587725159348452,-0.0054968034892751835,0.2617139323725822,23.087719298245574,-1.1472295213964392,-0.025973351564920106,-1.6016159748007317,1,0.8254884250009883,1
2023-04-26,MSFT,100.8,1.0232335339271135,1.0210275908737754,0.9461608528832249,0.946048743006827,1.470163634753501,1.457572561172909,0.014390661165341578,1.3816772491187965,0.007325092188233782,0.8611368325894249,26.737967914438443,-0.8358807854410252,-0.024218744214029454,-1.3066715730933482,1,0.7060339406156406,1
2023-04-27,MSFT,100.83,0.233287095020306,0.2381835442531358,1.0740963098654586,1.0710176017760376,1.5332044808482193,1.518125421955292,0.00805806606414458,0.9248820494181514,0.010209295568624613,0.9932134415903897,30.392156862745054,-0.5374031819200015,-0.022545506765594497,-1.038814061861954,1,0.7319189589896544,1
2023-04-28,MSFT,102.67,1.734027167292738,1.7194758644365813,1.5584793987414618,1.5411823157575892,1.4706702473974014,1.4580900333854898,0.019866891824774014,1.7187996117037887,0.02864413741972322,1.80173145999913,43.066764490095366,0.47590075715875335,-0.019528499481606062,-0.5972160852016852,1,0.6065341440139018,1
2023-05-01,MSFT,103.92,1.1774088752395921,1.1728249684058563,1.6233679937231307,1.6033344346482183,1.9054791038232686,1.8730723256572694,0.02265346690546957,1.830730224543786,0.03739493281689855,2.097720558379158,50.24700070571634,1.0252674518079508,-0.015960473849550846,-0.08691870944047828,1,0.6422600850779087,1
2023-05-02,MSFT,104.45,0.5636492096554659,0.5663781488038305,1.7571970935758967,1.7313953890329379,1.7696343978602251,1.743561208086293,0.018686484483195643,1.5006434694668138,0.037744284706560216,2.0099507587661587,50.35211267605638,1.0056533669174497,-0.012570768485467572,0.3926483710199556,0,0.3915258560940324,-1
2023-05-03,MSFT,104.17,-0.1242772939628061,-0.11841679492036526,0.8241194759576044,0.8263387499245662,1.327409133186645,1.3192077812124277,0.009320982869545028,0.846748299835005,0.028443365024829945,1.5499328989106276,52.8846153846154,1.1652103729515715,-0.00999268756416501,0.7452665460647641,1,0.6511237475983442,1
2023-05-04,MSFT,104.27,0.18544286344064598,0.1904991865353486,0.31875712669061185,0.3282048722821254,1.3012052036881565,1.2926484757479189,0.003599753599753554,0.4368041396400085,0.02265594350725763,1.2625755208100453,56.20155038759689,1.3731970486700495,-0.007782808708619268,1.0298008997083248,1,0.5005794752923794,0
2023-05-05,MSFT,104.72,0.48164999940384806,0.4849011305152846,0.2692234200134506,0.2789417444354418,0.8333355539581023,0.8387873330077483,0.003969090943953382,0.44858783919040224,0.021778159394270684,1.1861475728398119,70.19143117593435,2.3042694945301947,-0.00561560888539022,1.2901941305660136,0,0.4345106198324167,-1
2023-05-08,MSFT,104.71,0.07584036989701765,0.08119902523335393,0.36987934877821893,0.37842249665002486,0.42697693256597946,0.4397966279945005,0.0023548782355644945,0.320284538285825,0.01619743597208861,0.9264177819775835,74.25265188042425,2.425970175527103,-0.0038636510957361717,1.4733803904370846,1,0.4581696972351507,0
2023-05-09,MSFT,106.34,1.42861999869954,1.4194841121673714,0.9784117297728493,0.9750308132193685,0.7301397654126712,0.7369274290589807,0.014288166955990826,1.1092792409004617,0.025576730190571585,1.2745724582186504,92.28486646884272,3.2887447956129585,-0.0011937785585412284,1.7488497200501856,1,0.5557943354981177,1
2023-05-10,MSFT,107.47,0.9972732851071177,0.9948059500820182,1.2175920370909514,1.2066065513275792,1.126679174065159,1.1210103166614727,0.018653674811851942,1.3626885389796328,0.029850031143692293,1.3983958449822813,95.00454132606723,3.1072578495695193,0.0017692568733116156,2.023762281656203,0,0.38229926089955996,-1
2023-05-11,MSFT,106.69,-0.6015734644449509,-0.5968511880960825,0.8786488762492195,0.8769849449630476,0.8374040934180589,0.8404375477970575,0.006642386730322677,0.5365708803285236,0.016666507847266514,0.8345204716417735,86.57921291624623,2.434447789337486,0.0034641677808043346,2.1129415816141166,0,0.41957608207455416,-1
2023-05-12,MSFT,105.2,-1.1778717889084347,-1.177903331225871,-0.3871585440045752,-0.37594770879706035,0.2424630252306259,0.2566143267273292,-0.008314322882298513,-0.47084902821923963,5.703747362017061e-05,0.1552120901867887,77.01974865350088,1.8174401360300538,0.003613306019971892,2.017500357708539,0,0.4813566724451195,0
2023-05-15,MSFT,104.44,-0.550179749680786,-0.5454981950565391,-1.1229225404153218,-1.1219507729273457,0.022835113268204536,0.03840738565692473,-0.014977175840344003,-0.9006182129345445,-0.0076582482944721085,-0.15212309640281232,70.38358608385366,1.4091471418522272,0.00310967204543284,1.8626759676642577,0,0.39863397199496964,-1
2023-05-16,MSFT,103.56,-0.6343467358053224,-0.6302960853920369,-1.1341070613520732,-1.134280424092299,-0.6953026589758086,-0.6865813873909243,-0.018128033980582582,-1.0819825847160214,-0.015186815903838967,-0.43999550959311434,62.36559139784947,0.9578195254779317,0.00200839103238773,1.662188607556049,1,0.4679622971655925,0
2023-05-17,MSFT,103.99,0.5150517121932436,0.5182989098084041,-0.33043316155618196,-0.3196738829723885,-0.8662442776486994,-0.8623921356850301,-0.00750171795067574,-0.3267432441772836,-0.010928390036047394,-0.24676419452519088,63.66782006920413,0.9983909937151992,0.001450427238279658,1.5389177702368422,1,0.44155988717721256,-1
2023-05-18,MSFT,105.06,1.0926619499714487,1.0899806851115441,0.4688720118516349,0.47612850222731945,-0.28875296693357505,-0.27502313864011635,0.005840114887505978,0.630938922930051,-0.001501644205364113,0.16828112775957907,61.07506950880445,0.8454704082398334,0.0018138281448892687,1.5251433275035888,0,0.39104851152531983,-1
2023-05-19,MSFT,104.37,-0.463171948524889,-0.45831013977265717,0.5583164403147431,0.5643334707171487,-0.02774871156491628,-0.01287491686335481,0.0008246710904835286,0.2828987060693134,-0.007729385927383591,-0.0739302331131866,52.19941348973609,0.38094458999744096,0.0015509817177074795,1.4528110092825677,1,0.47224564220089577,0
2023-05-22,MSFT,104.91,0.6387294314149756,0.6408633609470064,0.6175227092911978,0.6225891852043456,0.40780689770581974,0.4203010148465065,0.0050968594914636844,0.6004775984298883,-0.0027850916798951206,0.16336544901590913,52.24609374999997,0.3836584076011965,0.0017395137937494295,1.43734261996924,1,0.5350186604329946,0
2023-05-23,MSFT,104.99,0.21153231648041315,0.21617765162604233,0.1807865802912066,0.1907869817981314,0.7228891553401071,0.7303829890329474,0.0031147290376822897,0.45313862601217675,-0.0007423763657823235,0.26454619039960603,54.08366533864539,0.4824447860051249,0.0019281975241842524,1.4261324126639172,0,0.42400523625528846,-1
2023-05-24,MSFT,103.52,-1.1628571047576635,-1.16284891273726,-0.1601450114657122,-0.14913167206200334,0.10551948560579252,0.12009648794901286,-0.010041120780338638,-0.4921904837986298,-0.011015257038586893,-0.17739497112891942,46.71340929009641,0.1082733098530653,0.0009323978303170785,1.3001570055221878,1,0.5417264147182466,0
2023-05-25,MSFT,103.55,0.17850947416817273,0.18330761839503865,-0.3824992939610192,-0.3721923429423478,-0.22560431100074751,-0.21190007043623313,-0.006886101200751942,-0.26256451119832325,-0.007752086547398859,-0.02762113747597652,44.67697907188352,0.010777027251109147,0.0001636300265799189,1.204958929806495,1,0.4376600138189539,-1
2023-05-26,MSFT,105.68,1.979379416860724,1.9609542787186383,0.49896696080731084,0.5055843840018036,0.6734344113037918,0.6818397663210597,0.011001626327370187,0.9964114357271462,0.012192669073912768,0.8346954382654085,53.69946605644551,0.48784145303346904,0.0011868480826417603,1.2893441254431646,0,0.33495342972175485,-1
2023-05-29,MSFT,103.18,-1.9199295648469288,-1.9332155558640234,0.061015685262023965,0.07162839983579074,-0.3007140270582512,-0.2875687465017227,-0.009636796437072917,-0.45564202929838316,-0.010558011526548316,-0.14830159235964527,38.69814020028613,-0.2690303441496745,6.509005013767543e-05,1.1659725118823345,0,0.4246316564456654,-1
2023-05-30,MSFT,102.71,-0.27719301731665236,-0.27180689152291343,-0.1661064979176891,-0.15511275983034783,-0.4770808422876311,-0.4661380353453752,-0.00981412926114454,-0.47406722770555243,-0.01426158393796311,-0.31340712371077645,32.132132132132114,-0.5968544101081548,-0.00117608536059033,1.0331465965311328,0,0.3911969192990302,-1
2023-05-31,MSFT,102.29,-0.22518795494423025,-0.2197605196425339,-1.2368638534615366,-1.23964742869266,-0.14444855330772696,-0.1301509358357238,-0.01151891150151724,-0.5919787842899358,-0.016688135658393,-0.41779330296062084,33.024691358024725,-0.5301992510917924,-0.0024600514394324275,0.8996020966620903,0,0.3748516973635097,-1
2023-06-01,MSFT,100.41,-1.4743489264571494,-1.4796004018058158,-1.0008165079399525,-0.9982794078571475,-0.7580250173754295,-0.7527095971045646,-0.023761837167246804,-1.432055453445602,-0.030426511910854572,-1.004367286044114,32.05992509363294,-0.565300548475144,-0.0048906542122871335,0.6567208185226597,1,0.4844755024183207,0
2023-06-02,MSFT,101.26,0.8930913461549115,0.8931633958961317,-0.4152358473730158,-0.40514993087707435,-1.1218504201218795,-1.127662542699853,-0.006962832205550591,-0.25060524708487014,-0.01927360774818397,-0.5158362552718536,38.1696428571429,-0.22893186847012556,-0.006091891770450099,0.5375506524181787,0,0.35426303773647505,-1
2023-06-05,MSFT,101.2,0.09903416696718563,0.10445274747292364,-0.252808247849574,-0.2419735589877541,-0.3713088955883093,-0.358883574893367,-0.0036820446177170856,-0.014692484072249008,-0.016320143080706343,-0.38181295991030734,40.64976228209193,-0.09151429143584044,-0.007014923425702393,0.44753546570522595,0,0.3977201643171847,-1
2023-06-06,MSFT,100.14,-0.7489902847476738,-0.7460521025356611,0.1182934343205668,0.12877804212643548,-0.5480106652548027,-0.5386307415887,-0.009103502869582303,-0.37964499361907794,-0.022013008574721087,-0.6120539844465885,35.471698113207594,-0.35822039614123546,-0.008487504976593846,0.3062422136912386,0,0.4006629139689571,-1
2023-06-07,MSFT,97.3,-2.2754276265064712,-2.2974491874243506,-1.4897394600996636,-1.5010518906454582,-1.3036076535281491,-1.3176999911553926,-0.027602886210549463,-1.6333309049315634,-0.043941359116456476,-1.5163922408486157,24.16777629826899,-0.9512943000934213,-0.011776988695091369,-0.01365061793161495,0,0.3354706282782931,-1
2023-06-08,MSFT,96.9,-0.17345257928214333,-0.16773027838610619,-1.5927596345328112,-1.6077159651359738,-0.8340842345367558,-0.8316128355622014,-0.02475845410628013,-1.403265885602535,-0.041609384117815715,-1.3817608068367067,24.643584521384966,-0.9144972398353846,-0.014563748413162977,-0.28137872744254505,1,0.4920183105107921,0
2023-06-09,MSFT,98.39,1.4554712946144586,1.446906489803446,-0.5169034494024194,-0.5075625127782294,-0.6177002745258565,-0.6097897431468798,-0.004008665195473051,-0.005648769870201973,-0.019805136583713558,-0.47444285890662447,29.209183673469425,-0.6836963774110142,-0.015424128945994743,-0.3581259953884827,0,0.38126625121288493,-1
2023-06-12,MSFT,97.65,-0.4748702340004423,-0.4699282419624757,0.4131955810559244,0.42146399475804486,-0.8226276563349679,-0.8200636181913268,-0.004343570292426157,-0.02498928044845383,-0.021788129226145727,-0.5468703566225208,27.539779681762596,-0.7658556580957947,-0.016521007114458263,-0.4564059471694039,0,0.4660136041563478,0
2023-06-13,MSFT,96.53,-0.8340173743057334,-0.8314368600693368,0.07706495495664553,0.08796339884233913,-0.8573066029882134,-0.8557643632039323,-0.00846395628325505,-0.3111401489445561,-0.026983982985071545,-0.759772638196006,28.142589118198913,-0.7302407329943555,-0.0181003002564096,-0.6011116959910102,1,0.5112582862678435,0
2023-06-14,MSFT,96.81,0.39573016052191357,0.39984668198992224,-0.4733779493264915,-0.46345958840415663,0.1326019521761173,0.14775164703669877,-0.004585835321214094,-0.0674627545297776,-0.018741321116167848,-0.43270975575040616,29.24876847290645,-0.6789956109481586,-0.0189243245215691,-0.6729194165736446,1,0.4945188630397546,0
2023-06-15,MSFT,97.5,0.7478677768412793,0.7491225622771639,0.13673153712407982,0.14686857988777666,0.47429216937544455,0.48645795547538057,0.001273414393690388,0.3125580977804952,-0.008824007807417138,-0.04589916343329693,22.36486486486487,-1.050413681520901,-0.018810352644674067,-0.6596876795835749,0,0.4663366001802413,0
2023-06-16,MSFT,97.32,-0.0722558732177916,-0.06679944286188325,0.566662090748265,0.57263754727501,-0.11614753660958053,-0.10183490336967539,0.0016261501410014926,0.31197034775358173,-0.006675240369894161,0.019662469240647195,26.52243589743587,-0.8437785129138251,-0.018657993797357542,-0.6497019030911523,1,0.5861408151315876,1
2023-06-19,MSFT,98.43,1.1120493411906538,1.1089998935042402,0.9457495195135834,0.9445547508739963,0.4958648397993416,0.5071194729148092,0.011426457592634548,1.008180045532224,0.007502789236107599,0.6251373692647747,33.68902439024397,-0.47414135458951956,-0.017433932051612335,-0.5408603382959563,1,0.7110330133357526,1
2023-06-20,MSFT,98.76,0.3650904487604926,0.3691080773000247,0.7413908183315913,0.7438837046786078,0.9897984966538772,0.9905912875841381,0.010187799189885943,0.8866894745377047,0.012310499287610653,0.8138305838088785,36.454336147352286,-0.3455189781217566,-0.01601023184772527,-0.41839379639004215,1,0.6900724886417009,1
2023-06-21,MSFT,100.27,1.4181735865321494,1.4101046935762342,1.517414723865514,1.4994950142027246,1.3810168016762985,1.367980137939449,0.018424473876655637,1.4475799145294084,0.024668901242642267,1.3283701737821483,49.447077409162716,0.3488762720122305,-0.0134938319347939,-0.18755065147723504,0,0.5780897487526618,1
2023-06-22,MSFT,99.65,-0.4871299747790906,-0.48227729011435755,0.6698924701559128,0.6736617410546288,0.8910922918803772,0.8935804773088183,0.0077260684019983625,0.6685000966234734,0.015479308271596187,0.8872933435995943,43.52373290426388,0.003484801980650749,-0.011867589016900642,-0.044099146151512655,1,0.5475958074440377,0
2023-06-23,MSFT,100.21,0.5909084377326022,0.5935597563295832,0.796996878896266,0.7982569654108586,1.1419782134336718,1.1370995881824184,0.007500201077776835,0.6690516165958362,0.019295515343850673,1.0388797339585314,46.1716937354988,0.1376261156435012,-0.010007562850929968,0.1279594150036684,1,0.5632509614008057,1
2023-06-26,MSFT,100.33,0.2069148850086024,0.21176374081334867,0.1590908825442663,0.16846580571485453,0.796713135511862,0.8015043115309504,0.004867593445775309,0.50747493109155,0.01774175551069674,0.9713737888926265,50.792326939115924,0.38148273153579354,-0.008339977157228921,0.2840453047270735,0,0.4135289882091254,-1
2023-06-27,MSFT,98.27,-1.7129175283850415,-1.721808585778621,-0.5179785252931707,-0.5091824796689175,-0.015524582107229533,-0.0014929983815335777,-0.01479758586810512,-0.9403786332287094,-0.004911143739557485,-0.021241911789498826,54.32649420160571,0.5646125981226415,-0.008591808248044707,0.23991936475223008,0,0.5216780143216685,0
2023-06-28,MSFT,95.26,-2.434917972511267,-2.4601187068175014,-2.136258403649601,-2.168821111365664,-1.544119786915927,-1.565593000201979,-0.0352831564449485,-2.329702572278394,-0.033874239350912674,-1.282174291452751,44.066570188133134,-0.01624318320275732,-0.011121477771393072,-0.04212968322444601,0,0.2982397970477454,-1
2023-06-29,MSFT,94.92,-0.1296063599470836,-0.12367665301827388,-2.2090459935862814,-2.24570978839865,-1.405613264054519,-1.422079702444117,-0.02942800466267204,-1.816258897139645,-0.0347969331516544,-1.2791061010864981,36.306235201262815,-0.44456948420814607,-0.01327184460178976,-0.2772089459998114,0,0.38802860714996007,-1
2023-06-30,MSFT,94.61,-0.12344867053692561,-0.11756743208418456,-1.4072118601031498,-1.4140088750619393,-1.629350088914783,-1.6572042803176659,-0.021390595585345146,-1.2233952438870375,-0.035290758736017766,-1.2572613440168041,37.5816993464052,-0.37754250696962066,-0.015076444583671359,-0.4707861753507366,1,0.46698867323228366,0
2023-07-03,MSFT,95.45,0.8907648759442025,0.8898339887095787,0.3273347711175643,0.33582156287028964,-1.3511324211152655,-1.3659636379055038,-0.0026331738103696407,0.06571285216116077,-0.0237591155022347,-0.7342590216719456,45.484949832775925,0.05746591834171003,-0.01564614609729148,-0.5312554096105784,1,0.4920328614502518,0
2023-07-04,MSFT,95.65,0.29340715563796355,0.29787007042115515,0.5588753636693896,0.5637049369521479,-0.6146075781341439,-0.6062549105715535,0.004959129210531934,0.5762995245513547,-0.01859186144343434,-0.5068320044686933,45.117845117845135,0.03085683854655445,-0.01575758173357292,-0.5440182661317059,0,0.4183683081743763,-1
2023-07-05,MSFT,95.39,-0.11153115650251416,-0.10564152530722569,0.5655702347592141,0.5699887663071772,0.3149358202017447,0.3282014978974111,0.001953699424394007,0.34986672374215805,-0.016334275166539517,-0.40604035064673216,40.786026200873366,-0.20458479787692432,-0.015884658608788082,-0.5584218689162364,0,0.4451814266495606,-1
2023-07-06,MSFT,94.11,-1.0258639945292667,-1.023898933856257,-0.44962395241461467,-0.4387078441648488,-0.038810599226140295,-0.024358611304170854,-0.009806190947160225,-0.4862499225147063,-0.023957685127566773,-0.7411459606627203,37.211155378486076,-0.397028805265187,-0.016866245545932156,-0.6640654694090715,0,0.42825934670872484,-1
2023-07-07,MSFT,93.91,-0.06090665139097194,-0.05506411375023325,-0.6323267016814059,-0.6227458114688726,-0.013908464873051942,0.00047629661878852326,-0.01045288824260836,-0.5323561535073892,-0.01962626578974836,-0.5571838792877987,30.584192439862477,-0.7550615434155798,-0.017620782922762725,-0.7455021281178288,1,0.4833131745288707,0
2023-07-10,MSFT,94.36,0.509956185984221,0.5127276696611361,-0.3238192534154221,-0.31265681159635844,-0.17123680544649447,-0.15729362791609797,-0.0034219086646106846,-0.05999781399357742,-0.00875064342966393,-0.10309424196724257,31.292517006802683,-0.7052593469161929,-0.017647121088700427,-0.7552875975554597,1,0.5198697174210196,0
2023-07-11,MSFT,97.79,2.9927932662347465,2.944135116463321,1.912500084091721,1.8751695623633038,0.9734405740920566,0.9724280002708507,0.028156278913281308,2.1293474676742203,0.027799674181512385,1.5018885750578002,40.93567251461992,-0.17214366239880624,-0.014618988080509513,-0.4461654095656262,1,0.6194486810786867,1
2023-07-12,MSFT,98.64,0.704620763157135,0.7070879069660062,2.3286876701501407,2.274539709673884,1.3527567719891875,1.3394026390072158,0.030053674735281373,2.1770153582585716,0.03306347726820477,1.6987449147602744,46.36951833213514,0.11408573363623689,-0.011377640567414294,-0.11865965117869512,1,0.5890516102778509,1
2023-07-13,MSFT,99.94,1.046492875273629,1.0449023145837817,2.5401983300992663,2.4762518780374485,2.2448821656292313,2.189905157723604,0.031074612083195778,2.1366791444627085,0.04120435484711151,1.995857657045826,49.07849829351537,0.24245846830522355,-0.007641600319406351,0.27101130375345084,1,0.5718871751948309,1
2023-07-14,MSFT,101.3,1.1011364467496758,1.0986635557353133,1.4774423564504413,1.461443267725543,2.624290273282122,2.546081461867774,0.029408775887649185,1.9303127964011337,0.04806836757919989,2.1748820690347035,53.05223410950282,0.44808821619544,-0.0035237648006446252,0.7217772079181441,0,0.5160383496063474,0
2023-07-17,MSFT,99.77,-1.254847315515425,-1.2573602843680738,0.44130836111277755,0.4498575506942189,1.8220592346326219,1.7912017075494788,0.0028345127050499633,0.15642146793294426,0.02764559256741443,1.2326562071204636,54.88281249999999,0.5305349754380639,-0.0015173329822944575,0.9376839977981083,1,0.6064380615219453,1
2023-07-18,MSFT,100.98,0.9697557786687355,0.9691244603596999,0.4087529842809481,0.41767489042531136,0.9961001980895421,0.9975886330710247,0.008529253141042279,0.5410805567493265,0.03442977289257219,1.471518744441915,71.09144542772856,1.4454674899223818,0.0010497941510305446,1.2266916982194798,0,0.38800068341072724,-1
2023-07-19,MSFT,99.89,-0.8739187968230416,-0.8720885741262198,-0.6127786669196456,-0.6051568806308206,0.36732713764078956,0.3810255867492081,-0.004841794851358932,-0.33524508385353485,0.01856855887181472,0.7818362293518426,67.36547868623336,1.1838928087842702,0.0021596112475320557,1.3346791125179567,1,0.4989257990476405,0
2023-07-20,MSFT,100.95,0.8522179152847601,0.8531833206061845,0.4934310109312231,0.5016674727745875,0.2995518040799575,0.313813740333687,0.003698621965042056,0.2459554994426075,0.02224742539467158,0.9244673119301352,71.04913678618854,1.3530099456984246,0.0038572075356817026,1.5094728650538003,0,0.38058190864105795,-1
2023-07-21,MSFT,100.31,-0.49651240349514714,-0.4917786130255825,-0.27668921878449176,-0.26614811177216835,-0.32851743862207844,-0.3161381001945133,-0.0006973500697350806,-0.02829962562547249,0.009226001831114883,0.39145018174767143,66.35262449528933,1.0436966428998298,0.004622938759005028,1.5542644472173293,1,0.41390743847455835,-1
2023-07-24,MSFT,100.7,0.3606678337810065,0.36564716836704586,0.38513973305323995,0.39454215161977285,0.32716541861936177,0.3411349902896263,0.0013324582861006737,0.13833767040133751,0.006728183390484587,0.31313314342559495,66.77740863787372,1.0426188667491239,0.005481042544984474,1.5993339348249502,0,0.39634420538010146,-1
2023-07-25,MSFT,100.35,-0.2395633218708405,-0.23393648584462381,-0.2074980198670876,-0.19703964743743832,-0.16957464390217533,-0.15621113981586307,-0.0008960573476704262,0.005032281480257303,0.0006681092508202516,0.07702534767308417,66.38044914134737,0.9955696610843368,0.005807508999904428,1.5739425956698123,0,0.41725037597834364,-1
2023-07-26,MSFT,99.26,-0.8378179664267309,-0.836059913942919,-0.3936238473883824,-0.38465445587269975,-0.1510288947470422,-0.13777966936624608,-0.010507007994896046,-0.6569097047473271,-0.010812696198116437,-0.4138527517361776,67.22408026755852,1.0214474120865562,0.005122495247569666,1.4327881080059457,1,0.527835995825277,0
2023-07-27,MSFT,99.69,0.4136963282180191,0.4185463448675471,-0.36351628715034445,-0.35438698864132395,-0.34266528467970125,-0.33197034964798167,-0.003717695029081968,-0.16408591958082328,-0.006279904306220192,-0.187910924719667,69.03820816864295,1.1024001808231247,0.004872284953928285,1.3544324522521203,0,0.4259734223745991,-1
2023-07-28,MSFT,99.14,-0.38639839775314544,-0.38137098148236126,-0.4434544128771005,-0.43525669036052983,-0.2968110672037994,-0.28574468880992454,-0.006891853988860865,-0.37776935928840816,-0.009629984815791564,-0.32077128614436146,65.6413612565445,0.9190484989246879,0.004179647782936446,1.2343867738430165,1,0.4396379257314518,-1
2023-07-31,MSFT,99.53,0.38836816238464816,0.39340411581620366,0.22471297826062991,0.23535154183063703,-0.28406640765254415,-0.2729641625737135,-0.0006426089925096607,0.071967577201577,-0.005495603517186223,-0.11308637998655287,57.10784313725488,0.45826878095975615,0.003902243098295606,1.1724213483302803,1,0.4753882119663773,0
2023-08-01,MSFT,99.82,0.326454292739146,0.3317018059338004,0.17625579277687856,0.18701579985272462,-0.04662412195384946,-0.03308660550603982,0.003337085879704164,0.3730406204054,-0.0014405185866912635,0.09867232171222733,55.051369863013676,0.3967370799105093,0.003872908829841327,1.1489526126015819,1,0.47895033603716575,0
2023-08-02,MSFT,101.27,1.2856178458218521,1.2817570064270296,1.102676141769684,1.101961648478074,0.8732512367624407,0.8820858548474331,0.013815196716387982,1.143832226076012,0.011668098539489642,0.7470615150565196,55.62130177514792,0.5065585507536521,0.004966076567610234,1.2620201567432447,0,0.41116867954789416,-1
2023-08-03,MSFT,98.99,-1.7339140883853226,-1.7464195893832168,-0.10914908607100622,-0.098795743992464,-0.08508936918967298,-0.0721386046028335,-0.00761904761904767,-0.3984503457545861,-0.009168618501391418,-0.23877306753568037,40.94117647058823,-0.4275716525315215,0.003940376739285209,1.140648144247845,1,0.559540491334803,1
2023-08-04,MSFT,100.72,1.4590493125643784,1.4514421718463069,0.5402333738919864,0.5485897361434334,0.7335575040864114,0.744843515911652,0.00653568644694498,0.6140064747228147,0.00773409907250839,0.575128511227901,53.66795366795368,0.49834211414318136,0.004476032818820473,1.1988499172701739,0,0.3626131442226372,-1
2023-08-07,MSFT,100.62,-0.036119148154053086,-0.030008423661289942,-0.18868689424215043,-0.17873230797851047,0.5448947700479781,0.5580584070769041,0.003350484623668908,0.3624650357763477,0.0068141566355478,0.5177618541959957,48.479729729729726,0.1559463025388249,0.004763390109039921,1.2244594406754092,0,0.3941198964060835,-1
2023-08-08,MSFT,98.75,-1.4215886468071406,-1.427391270709471,-0.024001642680868226,-0.013597950589319289,-0.24236488776133341,-0.23105470042225176,-0.01319076646347564,-0.8606469828132195,-0.010312791268703799,-0.315386023779974,45.48335974643423,-0.04451197567687107,0.003439925839665494,1.0659037850044923,1,0.5939960735240797,1
2023-08-09,MSFT,101.0,1.7950472457137276,1.7801821667728095,0.21064294798347105,0.22073870060072914,0.03016386033553134,0.043875112692961085,0.009838425851863791,0.8123919419314972,0.010474923213910508,0.6729108421943412,50.181028240405496,0.3269522466887518,0.00416199729223618,1.1379152878311782,0,0.34261402069469776,-1
2023-08-10,MSFT,96.18,-3.261778750065179,-3.321070543011211,-1.9059562081531976,-1.93704779520166,-0.8921145104183293,-0.8952158763480099,-0.03291974179017436,-2.1884285191714756,-0.034356739824501485,-1.4408640297436046,38.521400778210115,-0.5308163037710961,0.0008231103517808238,0.7584308007381079,0,0.34485604042669515,-1
2023-08-11,MSFT,95.84,-0.1559964064825491,-0.14860690979332697,-1.1935496257990112,-1.199987411879523,-1.559718343049092,-1.5906847034720804,-0.026787708929913192,-1.6817418021137602,-0.03457168184382305,-1.4056547024218222,36.454849498327754,-0.667384083926994,-0.002088932653693327,0.43316940302752627,0,0.39868849425025965,-1
2023-08-14,MSFT,95.75,0.034091971201719,0.04095017795850993,-2.09000235203287,-2.1316400369712625,-1.498151321630352,-1.5266466770825153,-0.017989005579258192,-1.042663483140929,-0.031791615264829064,-1.2368204684334891,36.990950226244344,-0.6067596169903069,-0.00443171758614126,0.17607083041081148,0,0.41650719312332446,-1
2023-08-15,MSFT,95.1,-0.3694227225534847,-0.3621796215850647,-0.3015491469573009,-0.29152572493909706,-1.0649496307623012,-1.0749343592103304,-0.01729803459606926,-0.9657329663622011,-0.033752616284976965,-1.2835683362019061,37.93503480278419,-0.5153881687144566,-0.006756245023040021,-0.07737209474811761,0,0.3705325148889546,-1
2023-08-16,MSFT,92.86,-1.5192612923967799,-1.523915414189612,-1.1396034217533204,-1.1447166595668268,-2.3990757140109573,-2.487008555010199,-0.024026233367666548,-1.3854381700413785,-0.048380319939332346,-1.8621079995202483,32.07349081364829,-0.9367613212440784,-0.010348511443294772,-0.47701656044646346,1,0.5376245949840611,0
2023-08-17,MSFT,93.45,0.5521745488250055,0.5551936800227436,-0.8222713660040396,-0.8197632218155639,-0.6780750254608674,-0.6730251732855483,-0.012156448202959741,-0.5850425334832605,-0.0368660269821802,-1.3136970177656893,35.096909376637,-0.6929557931572119,-0.012586900835060082,-0.7150432167819565,0,0.3927605267329609,-1
2023-08-18,MSFT,92.64,-0.4647822368475438,-0.45779550214856307,-0.8744277156839244,-0.8735908435589623,-0.8148688439860974,-0.8143837117879781,-0.014048531289910529,-0.6860010416161638,-0.03719639572225853,-1.2812531563231133,32.34238851870836,-0.8717917299210852,-0.014887298870887041,-0.9528031206627242,1,0.43880609396387277,-1
2023-08-21,MSFT,93.14,0.5044619191787233,0.5076853784049005,0.3565357934143808,0.36719428292105066,-0.6076504627455493,-0.6015015551593957,-0.0031892805924783026,0.03346910173534418,-0.024415791182662683,-0.7184860735985854,33.06288032454364,-0.8070597949914381,-0.0161239776916935,-1.0616629803287092,1,0.5082995381435242,0
2023-08-22,MSFT,94.76,1.3219686071917311,1.3116833667185912,0.8066123915122455,0.8115899201414754,0.15257430534356872,0.16816639100715985,0.014887008675163333,1.203456315476567,-0.0032817233254796114,0.17887547633346082,33.63499245852191,-0.7672973616580006,-0.01556745114837816,-0.9647610176001086,1,0.7356008199106434,1
2023-08-23,MSFT,95.04,0.2893667118658458,0.2945655579962145,1.2677740662878527,1.2613619696884453,1.0051813038154076,1.0092343012500644,0.013154808860840552,1.0539459312922248,0.005969770100342869,0.5583309231275269,38.96031302403581,-0.37701112061305964,-0.014722115385833803,-0.8398097818486197,1,0.7624834867808513,1
2023-08-24,MSFT,95.81,0.6290726741274785,0.6303832266834581,1.3355764024982442,1.3261893518483132,1.0279601646514016,1.03036889884015,0.016249814378752316,1.2180669867891416,0.014517307468312979,0.8935720971057566,35.49911399881867,-0.6442725666294266,-0.01324951612614715,-0.6510916202393384,0,0.5521904884126367,1
2023-08-25,MSFT,93.97,-1.279289311583142,-1.2788414306055156,-0.22624456806454174,-0.21507720695742014,0.6526231688956833,0.6628482710906383,-0.006071247249957821,-0.2567123885125392,-0.002991978950048768,0.13177246322838485,32.190680235672204,-0.8823582070460482,-0.013482543188800539,-0.6614564145088281,0,0.45665991843952614,0
2023-08-28,MSFT,92.6,-0.9281442585402702,-0.923848609185019,-0.9400345075509516,-0.9388738512124322,-0.006818940992555564,0.008408127928508669,-0.019441738320132285,-1.110490977412215,-0.014232943355653293,-0.35296656613718164,33.07649972482113,-0.8021752869780988,-0.01466623087807984,-0.7790316823925783,0,0.43299201473549914,-1
2023-08-29,MSFT,91.25,-0.9198048814221514,-0.915487312039791,-1.7760771060714655,-1.803523494378979,-1.007562842359788,-1.0105210707152,-0.026500522755883615,-1.5238775656962664,-0.02460663588164863,-0.7960250352486051,21.771858714533877,-1.6000210707893032,-0.01657751161146964,-0.9745259477154795,1,0.48693007315530024,0
2023-08-30,MSFT,92.32,0.89777349771962,0.8956077149890951,-0.5765537569416322,-0.5685647400638917,-0.755836020015088,-0.7513525549601601,-0.009335765640090338,-0.4519242529672803,-0.012599199982887457,-0.30979005629528994,35.72485207100587,-0.598608672533454,-0.016997554551618468,-1.0051122729414899,1,0.42216537645504276,-1
2023-08-31,MSFT,93.01,0.5772739154843332,0.5794684726589546,0.30647913589102616,0.3168964907868211,-0.7808475745847088,-0.7770301129669637,0.004102342653568063,0.4032340058273862,-0.004751000492220648,0.008050217402218767,39.79812545061286,-0.31933601715160703,-0.016554537781116783,-0.9483573771518858,0,0.4475035420344033,-1
2023-09-01,MSFT,91.61,-1.0023907250092132,-0.9988749445585512,0.27174046817947467,0.28224829666716167,-0.6489609159075573,-0.6418690672754587,-0.005946309598732478,-0.2638377867991189,-0.018650041242193438,-0.617152630018626,36.36363636363638,-0.5932705644200172,-0.017213589991338752,-1.0159360687823402,1,0.5111283764754142,0
2023-09-04,MSFT,91.9,0.29337017387012043,0.2984709704944344,-0.08238497731020915,-0.07076983199021886,-0.08968995392375273,-0.07502403824646296,-0.001282357799560901,0.04330244171178913,-0.014234073819816128,-0.42589432921354436,39.20377867746295,-0.39620866521405845,-0.01729556510491164,-1.0222041055008457,1,0.5323458466236192,0
2023-09-05,MSFT,92.37,0.4150384798413158,0.41888673048819003,-0.17899379692606507,-0.1676150682225233,0.5423354185081916,0.553283054688358,0.0013876542139155711,0.21043727862968237,-0.0066460188411408905,-0.1000115528318943,48.1226053639847,0.27136987011351127,-0.016766416434864265,-0.9680051870134639,0,0.45491853327243675,0
2023-09-06,MSFT,91.7,-0.4643738621709753,-0.4571397205683188,0.14252688575315203,0.15373830832209773,-0.0880856363420104,-0.07344675578706159,-0.004537658220977357,-0.18470056926738343,-0.010296371446456641,-0.27318918015054605,43.33587204874335,-0.12366370945364714,-0.016737844413522315,-0.973309582837139,1,0.508802427740419,0
2023-09-07,MSFT,92.42,0.6227202009932431,0.6243502231773647,0.33575219601530776,0.34562522105885757,-0.06882666645260146,-0.054157029907438356,0.004565217391304366,0.41811745875405026,0.0011374099550451146,0.24059424041957855,49.15644171779142,0.3112250708101883,-0.01591142172419895,-0.8907533376832008,1,0.5228326182423981,0
2023-09-08,MSFT,93.56,0.9217636202016719,0.9188371966548575,0.6378864400563011,0.643917306320372,0.8281733523522856,0.8333514980251719,0.012663708193527457,0.938430261609207,0.01393675358172401,0.8040847943202412,51.53508771929824,0.48015070912299296,-0.014105622196311441,-0.7003940376856904,0,0.511755996845329,0
2023-09-11,MSFT,92.08,-1.0548200561623513,-1.0517588806103264,0.27791336026068825,0.2882767907563391,0.19207480830909454,0.20655509152554352,-0.0037435353688356483,-0.1305340077367491,-0.001539762746416366,0.10937419552156567,40.10339734121122,-0.4820392922184614,-0.0137989108119136,-0.6764366452587457,1,0.5137568605271603,0
2023-09-12,MSFT,92.88,0.6826710116430285,0.6837134081641321,0.3199189372090683,0.3299595236470428,0.3217283452859888,0.3353145342112966,0.003804253847484047,0.3803412345432298,0.005358012664393465,0.42944022682186395,42.31863442389755,-0.3062618184582974,-0.012716344024957712,-0.5608625543719546,0,0.4311600161240657,-1
2023-09-13,MSFT,89.59,-2.304425228037632,-2.3271984094170874,-1.641488337257809,-1.6614679730745245,-0.6038589389983557,-0.5958579485081203,-0.0273163528977483,-1.6358336109599967,-0.027379711655375973,-1.0293336938328768,31.242460796139937,-1.1975582934083913,-0.014555482022425337,-0.7703440009716184,0,0.29827947555601964,-1
2023-09-14,MSFT,87.78,-1.2308639167683122,-1.2300205018518449,-1.7405545710849386,-1.7656820658399395,-1.4638128811899145,-1.4861283990057048,-0.037267761960121916,-2.162493270128858,-0.0415879636200855,-1.612296079331738,31.299093655589147,-1.1624686340809147,-0.017418319591228314,-1.0811492353349996,0,0.39106206655558806,-1
2023-09-15,MSFT,85.38,-1.6408547808581264,-1.6481643658030767,-2.874165372417868,-2.962810702471137,-2.5227793359249078,-2.613400168872678,-0.04648098099216017,-2.5487300023071633,-0.06140755886814867,-2.3531658493652525,29.46530147895338,-1.2721081665721088,-0.02159756913221857,-1.5078422691523956,1,0.5566562542515009,1
2023-09-18,MSFT,86.15,0.7540011051155567,0.7544225244630991,-1.1995280305206397,-1.2018849642302676,-1.711222551273298,-1.7450176896871439,-0.024967178233509923,-1.2065505545495592,-0.04691838789259977,-1.6539120760131256,35.00000000000004,-0.7996589812736733,-0.024001977761165003,-1.704198837246249,0,0.4073562651856843,-1
2023-09-19,MSFT,86.15,0.13878116636153107,0.14546554281198276,-0.43962632178350997,-0.427773275134179,-1.8693661658654355,-1.9137010216722632,-0.00988392138834616,-0.309883779370718,-0.04031458521315806,-1.3254969556797913,30.63402385436291,-1.1134959642560696,-0.025647946886724216,-1.8006997746921363,0,0.41623059495603265,-1
2023-09-20,MSFT,85.7,-0.24564663759661848,-0.23793400926768826,0.3853668033157618,0.39477159359070263,-0.9960994405771638,-0.9966228928967613,-0.00616940346970958,-0.11977695156132961,-0.038903654857629984,-1.2572150734391663,26.70490758444872,-1.382077611257315,-0.027076910422093925,-1.866744496252559,1,0.5509210184219107,1
2023-09-21,MSFT,86.69,0.8864045718688672,0.8841528714051934,0.45750310850145304,0.4654995416662034,-0.07142996765140366,-0.05533215013049252,0.0078591857139534,0.7202927416065239,-0.021513386608876157,-0.540091934282715,33.900523560209436,-0.8095584659243643,-0.02702513495222644,-1.7893522438026201,1,0.5672035629877301,1
2023-09-22,MSFT,86.76,0.14668905119619405,0.15309875916416193,0.46630055322460795,0.47370799939443675,0.7800602575343544,0.7852745825665749,0.005446749333642355,0.5451794809550701,-0.013148914873288045,-0.20374850353147156,32.934926958831355,-0.8756535527388454,-0.026626538618230597,-1.6918378749523348,0,0.48135626069355963,0
2023-09-25,MSFT,84.93,-1.3034001455985054,-1.3037582796844505,-0.17853917359935453,-0.16599202369973415,-0.18425599747033009,-0.16876433113433156,-0.01296980684750017,-0.6083509470879895,-0.02604327932019113,-0.7529810426472676,27.344701583434855,-1.271950120271507,-0.027678150278316997,-1.7344241999252503,0,0.4060763372795386,-1
2023-09-26,MSFT,84.05,-0.5617977712994917,-0.5548365755229971,-1.0175497428359288,-1.0147751640094393,-0.5079773710460959,-0.49554340773699396,-0.01840562445986041,-0.92230027129379,-0.026274936861373072,-0.7549093128672305,26.999398677089616,-1.257897178685255,-0.029013896270529648,-1.794940768410406,0,0.4152150792222733,-1
2023-09-27,MSFT,82.88,-0.7853679173667715,-0.7800439106475627,-1.529564453529241,-1.5429752726136636,-0.7560098503093439,-0.7487925385743166,-0.025651877454092174,-1.3293388970010955,-0.03230702768339825,-0.9929290598207968,22.07259953161595,-1.5753324553758465,-0.030834336911798856,-1.8866308606050328,0,0.42173930168841517,-1
2023-09-28,MSFT,82.78,0.05539520526401872,0.062479032015849555,-0.7503901036088979,-0.7430478240957802,-1.108320940097689,-1.112285385894367,-0.01779781680113906,-0.8306603225133073,-0.027798982935394134,-0.7980659251402232,16.396508728179597,-1.9128429761125318,-0.03204083488977256,-1.91612939244286,1,0.5041158784086567,0
2023-09-29,MSFT,85.12,1.9444462478333655,1.9175222739878897,0.728297980288379,0.7317463563072307,-0.2874143461862448,-0.27274442826331247,0.013912712025919649,1.0882307285028439,-1.1747982284098809e-05,0.36075785861305926,29.408284023668685,-0.9692034716513601,-0.030480450275024492,-1.720222534497169,0,0.4855668383788236,0
2023-10-02,MSFT,83.02,-1.4540400687918298,-1.4590662684789575,0.28556885186011344,0.29606875137825717,-0.3926180827069799,-0.3791913526708507,-0.0065813090822065,-0.15984290964089248,-0.02108291670597126,-0.5189565660074501,22.912087912087955,-1.4119686476884157,-0.030868437868313867,-1.6966088309979663,1,0.5663138018524747,1
2023-10-03,MSFT,84.64,1.4514965398974295,1.4372274034618664,1.1319533972142635,1.123775851504787,0.5344458147600395,0.5459120172569503,0.011375585508077771,0.9784828822584449,-0.00020081032873844,0.38778608230592226,35.02722323049005,-0.538716601880449,-0.029328736938977643,-1.5164467401249961,1,0.7677158081990152,1
2023-10-04,MSFT,85.08,0.503722461062411,0.507124656564187,0.26031070536369644,0.2698372768267963,1.1539216787588202,1.148994971390009,0.011316089767972591,1.026949728173107,0.005733199361664394,0.6791976722780244,41.09498680738788,-0.10033678473154645,-0.027381815851134406,-1.3132843327052226,1,0.6306327748284649,1
2023-10-05,MSFT,87.87,2.241201942012298,2.2039574578608416,2.726825656144856,2.637191465073028,2.2521993269239786,2.1903805833888628,0.031992107673877855,2.3582964732879366,0.037267007425070664,2.084516756940416,58.00643086816721,1.0851088208990842,-0.022946453190767557,-0.9247177707999914,0,0.3873838647051774,-1
2023-10-06,MSFT,87.53,-0.1009447904400408,-0.09314560703303991,1.7153959326541437,1.6826051807800477,1.309475850575491,1.2936173719068877,0.02221236044284581,1.762161252699987,0.03231513150135623,1.9279644248754926,54.56349206349204,0.8388225444203677,-0.019525697321432823,-0.6262548493728861,0,0.49196942978246144,0
2023-10-09,MSFT,86.95,-0.290666484148698,-0.2828991360542494,1.188885825200843,1.1769747659871423,1.9712258306261483,1.9199758008901684,0.006202698636794814,0.7070361513589051,0.02303746234939774,1.5176072515784689,52.54777070063693,0.7008502849176483,-0.01715924003811083,-0.4153257032455707,1,0.6669872114766896,1
2023-10-10,MSFT,89.53,2.00238026242755,1.9746821633863596,1.0488531573744806,1.0414597122847242,2.2481182889775493,2.1813051632551517,0.02446448187477104,1.8404306471662255,0.046644844517184876,2.534732862409816,60.74032529444754,1.3197998604637213,-0.012730043272152058,-0.03660484070750259,1,0.61619974946378,1
2023-10-11,MSFT,91.17,1.2378282653022725,1.2303662987618622,1.8913838408918682,1.8499851556794316,2.529905028740937,2.4463305964092563,0.02889064439679497,2.01312732636481,0.05558707406592645,2.750643110426299,62.12121212121211,1.440827354843547,-0.007623514229485253,0.40077532539489036,0,0.48096266139935095,0
2023-10-12,MSFT,90.21,-0.5526501895764113,-0.5460321527000358,1.67492812194579,1.6443559116262394,1.116093914954793,1.111770912888784,0.012707963807000502,0.9997020155292022,0.03556341261823841,1.8634196641931087,58.9055240061951,1.2524855247817976,-0.004426747106232969,0.6860038557030284,1,0.5823199126002718,1
2023-10-13,MSFT,90.92,0.5890955978358622,0.5927097928400904,0.7915981787889956,0.7920284795097752,1.4379975913556935,1.4198489043129519,0.012968492357056926,0.993426081665836,0.03681065547598423,1.848905593097568,66.41095890410955,1.8140678783827033,-0.00123747995925394,0.9721994924342766,0,0.4570573512213159,0
2023-10-16,MSFT,89.73,-0.7067958928043326,-0.7014231815701552,-0.4190369696624713,-0.40660088639443664,1.2095283022231853,1.2010290451026746,-0.006444326335370801,-0.17714519041893856,0.01547027602050637,0.9691865811748636,65.30172413793102,1.7387042009243283,0.0001926814052304998,1.1124150767134302,0,0.4202109152318265,-1
2023-10-17,MSFT,89.29,-0.19304571589265818,-0.1850588875515746,-0.19700007245486917,-0.18391059387311606,0.16879533867286775,0.1846922378073335,-0.010790569883896012,-0.4304703881092604,0.005201062727968695,0.5491089772340454,67.97532249018508,1.9301664419966056,0.0009124379180929526,1.1930202808271508,0,0.4458427534861334,-1
2023-10-18,MSFT,89.29,0.10270634407875358,0.1102350758018913,-0.4939233416502954,-0.48212483039784243,-0.36140094845919224,-0.3468188887828488,-0.006652723389106432,-0.18365107148093204,0.000459388900716098,0.3492526885011372,68.35871404399322,1.9520642629617266,0.0014651124766109943,1.2556962288224933,1,0.4502723879835829,0
2023-10-19,MSFT,91.2,1.4040750592654545,1.393056886870282,0.8253374445564199,0.8252180988939524,0.5713550065606973,0.5818494059698314,0.012365961414648274,0.9473786054943235,0.01806166417360625,1.0349579857341236,67.57225433526008,1.9020895343335518,0.0035941386685314574,1.4475879572027133,1,0.5443977806071459,0
2023-10-20,MSFT,95.47,2.7279356344189223,2.673012467708709,2.6512146290265206,2.566773925993062,1.6661016416309145,1.6347713596943505,0.04916699635148786,2.878712098990303,0.056364521554394906,2.3971647360652297,81.97226502311247,2.8251810113032247,0.009010496444156538,1.8918644701585294,0,0.2570644146822831,-1
2023-10-23,MSFT,94.08,-0.7903453315426521,-0.7873154587759795,1.9827496604197679,1.9399442474962392,1.5578921941264152,1.5314885028022795,0.024100320031349994,1.4312241594122865,0.03283601752132513,1.4510836734177117,74.53222453222452,2.196955563263633,0.011877472601758261,2.08523717819997,1,0.5931690681240261,1
2023-10-24,MSFT,94.49,0.29390177032905734,0.301733798039224,1.3232558219640456,1.3105452108417064,1.7573649265512623,1.7190320771558796,0.017049490883258227,1.0236518129862766,0.03171916798602377,1.3665692951287256,74.49245184799581,2.100736082050061,0.01432372672513799,2.2173258958257436,1,0.6151495655620197,1
2023-10-25,MSFT,95.5,0.6626989498680311,0.6675013830944132,0.09544804831931332,0.10931769750311453,1.986154385757887,1.9337763769747183,0.014360368781068148,0.8766220164828687,0.03784042252602751,1.547844918158385,71.88755020080319,1.8619662826311512,0.01693284366234976,2.3416811854957467,1,0.5748314639122787,1
2023-10-26,MSFT,95.86,0.24252515396537677,0.2503886591455366,0.727189457873351,0.7325195078969465,1.4372531912193998,1.4170004039107706,0.00820361800588979,0.5270078922700114,0.035395266949655994,1.4083493447812803,73.86819484240687,1.894289930183058,0.019067059431700388,2.4005552954535188,1,0.5486626690265087,0
2023-10-27,MSFT,100.16,2.4909818730776965,2.44867985023269,2.0490449786970406,2.001740667545975,1.3517870748725518,1.3356465561642852,0.04313774500614464,2.282833760824268,0.07114975349439086,2.4973551906403735,81.1998110533774,2.233444306728175,0.02417425060050182,2.635001684385283,0,0.28533819611581945,-1
2023-10-30,MSFT,98.95,-0.6627194651130902,-0.6588229180474018,1.2101362267817677,1.2016940042674247,1.3811140765850205,1.3630709607416298,0.0201872319366547,1.0684084417415036,0.04787724110178018,1.6543550195698378,73.7878787878788,1.7145851470763709,0.026796528175609614,2.6581332583678297,1,0.5863766666626801,1
2023-10-31,MSFT,100.57,0.8834390870684815,0.8861081423913175,1.5771502113667284,1.5526493207980026,1.6336920261225365,1.6002080265416367,0.02405099380905827,1.2232924689861655,0.05246083489435615,1.7253258537875729,73.76137512639029,1.6454170204612029,0.02985846873786324,2.683256834425802,0,0.38298057653760453,-1
2023-11-01,MSFT,99.45,-0.6190179033582666,-0.6145785588176004,-0.23702008037631123,-0.22236738416268018,1.0293564221671483,1.0263907417433697,0.004565748803006103,0.23711206725976433,0.029790935354602317,0.9833465847700645,73.16950852557679,1.5567332395662878,0.030928697451379838,2.5847384155369086,1,0.4479684728160911,-1
2023-11-02,MSFT,99.62,0.05914092827050605,0.0675293388116607,0.18719824544302882,0.20124290881371548,0.9449594450548124,0.9442402997694697,-0.001303258145363363,-0.0909552766666823,0.0226351177950009,0.7297511171812925,72.4226804123712,1.4572502800828588,0.03152479758486193,2.4616439006849125,0,0.35115637085617907,-1
2023-11-03,MSFT,98.81,-0.5247541311647758,-0.5209233567575052,-0.6220119980011309,-0.6118459328633103,-0.3790458860124714,-0.3609747038404676,-0.006735022114997865,-0.3985084885410585,0.010854330990598442,0.33296304189778475,73.86961093585703,1.4781184208694353,0.03093995501578788,2.288101731594445,0,0.35082630846097496,-1
2023-11-06,MSFT,96.83,-1.2025155087089143,-1.2115028475748308,-0.9475407958234063,-0.945200486283627,-0.5957750967388814,-0.5812791591811043,-0.02247213697302549,-1.2243717191779153,-0.012180690443156804,-0.42264721300470015,68.33657587548639,1.1373765483891727,0.028487114008370285,2.041967605665041,1,0.6160348789194314,1
2023-11-07,MSFT,100.28,1.9758136925824523,1.9586144711643592,0.1560600096431268,0.1699358100789649,-0.14171022159473498,-0.12227775302259841,0.012949756560738565,0.6235649448748329,0.017007596117765103,0.5016417518701313,72.8862973760933,1.3342026816568358,0.0290762453437172,1.9721428486646333,0,0.2735455193290546,-1
2023-11-08,MSFT,99.92,-0.28782598596948356,-0.2812425489048915,0.2910094115873648,0.3034098315844927,0.01699905326138998,0.035367909884653236,0.008355871311508526,0.3562366089479517,0.008834368216467263,0.20758685648659703,69.41228851291186,1.110349262287243,0.02889038952020393,1.8690803119685497,1,0.4328577995730841,-1
2023-11-09,MSFT,101.01,0.5486257580946748,0.5566186693187721,1.332716071243135,1.3173636292195443,0.24510627048473702,0.2613490545462897,0.016503975042769452,0.7691667267732566,0.014564081960626786,0.3761754363174707,64.36721991701248,0.8150517422534318,0.02928752744712528,1.8020598699049846,1,0.5470897689357597,0
2023-11-10,MSFT,102.43,0.7082259809695564,0.714777748747234,0.5731777010113674,0.5803948557116467,0.8234321079983488,0.8251927684933053,0.02333806222151191,1.0993461395827078,0.026486416066221055,0.7542601756933527,71.62092180217508,1.159751311405555,0.03039204225802506,1.7719170682311993,0,0.3812286458971639,-1
2023-11-13,MSFT,102.26,-0.194687605510789,-0.18723690381730157,0.6269169584591795,0.6327569350324963,1.2978106026060494,1.2779229031939219,0.01067404625420056,0.40745461184229237,0.021394754190055692,0.5561561751962083,70.37231253277403,1.0576825939007783,0.030744427144305076,1.7098681774841427,1,0.559391351272379,1
2023-11-14,MSFT,103.33,0.5161976128532321,0.5242352718214276,0.6051148166840294,0.611371579092491,0.5978286608773244,0.6055662294845909,0.015129187542980567,0.6459889465270177,0.029244775584198333,0.8051255515310767,70.46523784631471,1.0276656178527386,0.031503244881041115,1.670378576225261,1,0.5539651515273849,1
2023-11-15,MSFT,105.9,1.3130865840742925,1.3112019247048854,0.9666295466514798,0.9630204488077904,1.344341878786208,1.3208997454863687,0.028295108072941826,1.3212334081362023,0.04811013569017893,1.4060194297558706,73.52389878163076,1.1487848845427326,0.0337487142964417,1.6963890617432684,1,0.5147891343460034,0
2023-11-16,MSFT,107.35,0.6653755952371169,0.6722554437769828,1.4713730645745664,1.4481111741442292,1.3833358100816884,1.3576403875939556,0.029696702284804456,1.36661581124307,0.05439437394413229,1.5632142337286374,69.44294213088158,0.9055816146082626,0.036208286886537655,1.7268199723626065,1,0.5276508141517697,0
2023-11-17,MSFT,107.51,-0.052166644642990846,-0.043884825413649846,1.1234874927534029,1.1138993137656055,1.0192882279188078,1.0116049945970218,0.021278616889902107,0.8983868987252975,0.047018951715003775,1.274193615145756,74.54128440366974,1.1321703553497338,0.03778549479463638,1.7165625562596145,0,0.4925093651850884,0
2023-11-20,MSFT,105.68,-1.1183992503620508,-1.1243081450951227,-0.2957922640013028,-0.2807359221506619,0.5886127492547427,0.5964429882522859,-0.002586027898899397,-0.36204385560530766,0.020402251682485727,0.38593995890183047,64.47592067988671,0.5854520526685978,0.03712655274892211,1.617513310607563,1,0.5205525064825991,0
2023-11-21,MSFT,105.74,-0.11849242730393184,-0.1105358761024866,-0.7622920529430023,-0.7525257611179976,0.30822123328012124,0.32250797783904195,-0.006539140892179319,-0.5995839577729322,0.01562725115979762,0.20929999727330365,68.9572031344183,0.7932017485500202,0.03621428578540938,1.5165994084532748,0,0.34009554704082534,-1
2023-11-22,MSFT,105.23,-0.4166045221362809,-0.4110467114238152,-0.9701894850980411,-0.9647203942458698,-0.47090660384934024,-0.4519657273409788,-0.010084476303362013,-0.7889289996800856,0.005599938840258386,-0.1337398113249177,66.56822209096279,0.6415959657971472,0.03467924245621231,1.39894815497851,1,0.41491938161211295,-1
2023-11-23,MSFT,105.68,0.1167071093618615,0.1253840150089313,-0.24549547196554417,-0.23076472295619366,-0.7209617740021119,-0.7053356701859946,-0.0027178016004831334,-0.38685379932362046,0.005413324961231349,-0.14585497939892048,70.73023536511771,0.8362195815752557,0.033417942736127866,1.2995137563233226,0,0.363822684418328,-1
2023-11-24,MSFT,103.84,-1.1424579736211464,-1.1491879501464535,-0.8395416698399606,-0.8316788220386329,-1.1980481074470262,-1.1957139198188085,-0.013246669327403742,-0.9401592301139094,-0.013415422034735607,-0.7787971530805152,71.33292757151554,0.8394756086167956,0.030629275190737746,1.1468542718212265,1,0.5838974776596337,1
2023-11-27,MSFT,104.53,0.2529278456454167,0.261622178414302,-0.4552918198699762,-0.44180522443007647,-0.5902051262662377,-0.5725417552730652,-0.0045141137480475945,-0.4708736179179021,-0.008997051545805308,-0.6353209515687886,65.54498902706658,0.5078536752589438,0.02862509904665156,1.0314389993185844,0,0.3921469654555165,-1
2023-11-28,MSFT,102.35,-1.3011474923053823,-1.3120672498384307,-1.2664267789090744,-1.270616284752246,-1.1103540227622308,-1.1059650365230158,-0.01894062841477675,-1.2064362798054715,-0.028762300604473347,-1.2707364439203963,57.84377017430598,0.08439156547689233,0.025053424251384362,0.8596839066693313,1,0.5750360348335773,1
2023-11-29,MSFT,102.76,0.11240264281437004,0.12118675564426228,-0.5536401989452783,-0.5412884438975949,-0.8776830806314767,-0.8664035755822751,-0.010324370136374033,-0.7456051127982319,-0.021957417647786668,-1.033114189833507,55.90817015530047,-0.03147723324936171,0.02228704527592347,0.7239295208679857,0,0.38200572177977016,-1
2023-11-30,MSFT,100.79,-1.1790492903921348,-1.1869892776500548,-1.3544284219493479,-1.3630783760304028,-1.4219752214443582,-1.4320017448006537,-0.020067279833550403,-1.2193232719387141,-0.03468025399622653,-1.4088285716463724,44.661458333333336,-0.6354179161675809,0.018345779563161954,0.54498884227819,0,0.4514952741332701,0
2023-12-01,MSFT,99.27,-0.9171546098002007,-0.9196964235746742,-1.132313973893273,-1.134007925548559,-1.318199447092089,-1.3248329536086008,-0.02619187757504416,-1.4773234210780357,-0.04167511367256529,-1.571281676762451,41.053261520047855,-0.816806895828246,0.013866234113777798,0.34779709606459286,0,0.4044129012696844,-1
2023-12-04,MSFT,98.88,-0.29997550226504605,-0.2933296615048884,-1.3372599290887772,-1.347251891465465,-1.5141933001002998,-1.5322855991458222,-0.01914492609860126,-1.0950941482652732,-0.03913242053504622,-1.445174284898073,36.119775421085464,-1.0747957960138173,0.009885987638300661,0.17229544219176116,0,0.35189871766647995,-1
2023-12-05,MSFT,98.48,-0.29475617311305036,-0.28815934773275187,-0.8432171966016112,-0.8375175761864271,-1.0895394374003267,-1.0877531038221295,-0.015554400415850267,-0.8916260755333333,-0.0362200409078008,-1.312922626818228,23.232323232323225,-1.711894671041305,0.006332377567678925,0.01558809021110755,1,0.3912290920565961,-1
2023-12-06,MSFT,98.97,0.18810927611221406,0.19703226908003413,-0.23672273912741065,-0.22195050919098686,-1.0561865048388273,-1.0532136044393627,-0.0031023993231128017,-0.2936155288268476,-0.02545418738614538,-0.9844578669008506,17.519379844961264,-1.9606884920828302,0.0038541925330414185,-0.098330921421151,0,0.3440453985379546,-1
2023-12-07,MSFT,98.8,-0.22989021706007579,-0.22334769312505726,-0.19444912960047325,-0.17983934681944566,-0.6655200797492576,-0.6506147507202394,-0.000809061488673122,-0.21537535363745608,-0.02049233148601631,-0.853770573389167,16.266460108443027,-1.9705458024229014,0.0017295528163669297,-0.19993006580875508,0,0.34275063413437534,-1
2023-12-08,MSFT,98.54,-0.31798614011615045,-0.3126569753767049,-0.2072713315609255,-0.1948044996824042,-0.4157978377597078,-0.3985880111881199,-0.001964875321571116,-0.3362221843989204,-0.01790964449804157,-0.8240673921545213,18.51851851851849,-1.8212323210484869,-0.00016550212395549768,-0.2961027274453313,0,0.34522642898957423,-1
2023-12-11,MSFT,97.61,-0.7169386210226972,-0.7174738308596253,-0.7468945082769282,-0.7437624027002134,-0.5939177836676829,-0.5805151687721406,-0.008834281072298989,-0.7522884100763413,-0.020422499874554776,-0.9376226652277522,16.70761670761675,-1.8550753167845535,-0.002394015530284484,-0.4094264926941608,0,0.35587618923109665,-1
2023-12-12,MSFT,94.64,-1.9142584968243967,-1.9476246664362051,-1.7291036863017186,-1.7633260428420159,-1.3279352489455332,-1.3424363233319416,-0.03143933191419685,-1.9713503881296284,-0.042822177721139984,-1.6686781757277036,13.90593047034767,-1.9360152383785927,-0.006503070904409405,-0.604898503408945,1,0.5333104319800155,0
2023-12-13,MSFT,95.71,0.5548972632593772,0.5632479982215898,-1.217281749751524,-1.2285529286520303,-1.1772266578695978,-1.1847538292241886,-0.013908922316093225,-0.9810420674266592,-0.02504864060956124,-1.1046592147899559,17.3969914977109,-1.7425047407646563,-0.0088122664480399,-0.7276208262674274,1,0.470695516634617,0
2023-12-14,MSFT,96.33,0.2732299657444897,0.28218127594280956,-0.6547245587053184,-0.6491862305292998,-0.9523745681673604,-0.9510096071336868,-0.002443924362612143,-0.33559376071638636,-0.014254576711726008,-0.7537263975328266,23.31201137171287,-1.4414135611879118,-0.010032229629311709,-0.8047474073280328,0,0.370711857405344,-1
2023-12-15,MSFT,95.82,-0.42207287625104406,-0.4175099326489935,0.23824823281185825,0.25216481041348854,-0.9944725564846151,-0.9954322257900687,-0.002103684572285647,-0.30953448124602817,-0.015999507075520208,-0.8091717742682102,18.646508279337667,-1.623509526897291,-0.011296254971859898,-0.8841196185537135,1,0.43194766273555585,-1
2023-12-18,MSFT,96.14,0.0688746894656823,0.07727600874224652,-0.049013722996325046,-0.03528095038735015,-0.6588220777649054,-0.6490369669755341,0.004303860939328161,0.029589798320275522,-0.009927500411929463,-0.6214292009447593,24.18952618453872,-1.3625131345151493,-0.01190539544106971,-0.9375152709718776,1,0.4216132514261331,-1
2023-12-19,MSFT,98.11,1.0703702806968167,1.07387390914623,0.4184904521759166,0.43077816593325075,0.6974835539251519,0.7062973652840302,0.01750637821244117,0.7390119438807439,0.010745155408120231,0.050557850064586615,32.89183222958056,-0.9740000205493521,-0.010642952274496837,-0.9110264530841632,0,0.42013470822397286,-1
2023-12-20,MSFT,97.51,-0.5429681863875964,-0.5397627650475876,0.3618344266469338,0.374328102660147,0.1983175551820555,0.21525014746963184,0.007522059887169043,0.14983679371948522,0.00607711435086306,-0.1314988632056985,36.579378068739764,-0.8263899516920009,-0.01002171623264076,-0.9191660022551517,0,0.4015991111504129,-1
2023-12-21,MSFT,96.28,-0.9189128496652603,-0.9220811600285488,-0.24932368612193603,-0.23760221752079108,-0.35231368224907844,-0.33643583059291843,-0.005084115239945485,-0.5967426186635884,-0.004024040799015153,-0.49955468954665144,37.46856663872591,-0.8190155259149919,-0.010426126473686728,-0.9805766370577313,0,0.4155995305087499,-1
2023-12-22,MSFT,95.06,-0.89370020340887,-0.8968508706583421,-1.403108428882025,-1.4211516266338828,-0.5642597951334477,-0.5515574390540077,-0.016145725522665993,-1.2008699364258089,-0.013091641490432987,-0.8048014604878916,35.03134796238247,-0.9440592569335874,-0.011628218608587999,-1.0799092597868831,0,0.42081146969963307,-1
2023-12-25,MSFT,93.88,-0.9049663588753382,-0.908728409270559,-1.5691817184239032,-1.5949886651817091,-0.9953064794540015,-0.9942048032957193,-0.02379169786207467,-1.5958206993885689,-0.021553341393254804,-1.0982080873837439,33.013293943869996,-1.0598386431206799,-0.013418690316434088,-1.2127564579454013,1,0.44469466440669936,-1
2023-12-26,MSFT,94.81,0.4931957627871058,0.5018795567149119,-0.7625330638836819,-0.7596350955457412,-1.2407377438507354,-1.250102295053227,-0.007308288310926911,-0.6419966680713265,-0.0120356379930183,-0.7578097630512356,35.121602288984306,-0.9580822766583542,-0.013913489477795943,-1.2794016665303152,1,0.45806596302331426,0
2023-12-27,MSFT,95.93,0.6038168316946027,0.6120744373731686,0.09990689866117212,0.11380232834713055,-0.7418796604315667,-0.7339808490254793,0.0077527523321288955,0.21381400952184618,-0.0005938304145351761,-0.357928596697839,40.38847957133294,-0.7026445535293245,-0.01322077502617134,-1.2818335484805532,0,0.3619348945878047,-1
2023-12-28,MSFT,95.55,-0.35232987183499004,-0.34771904994498276,0.44371248349835096,0.4556358388875278,-0.48241850260885183,-0.4693098383457423,0.0053026955368978244,0.10246670529705239,-0.003743131510077353,-0.445897081418867,40.06644518272425,-0.7009050726037898,-0.012843151567411773,-1.2888722625561746,0,0.37619827278648005,-1
2023-12-29,MSFT,94.91,-0.5246691832308645,-0.5222546645749782,-0.14995825303220153,-0.13754778811083834,-0.3029714776014228,-0.2874323263544446,-0.0011156015828913946,-0.24909819090981783,-0.009476298816506306,-0.622517945228624,40.85365853658537,-0.6496503451565502,-0.012933841072814931,-1.3114506652015985,0,0.39999725958517524,-1
2023-03-24,TSLA,134.92,-0.4678281172000173,-0.46511364353508244,0.21415459775756443,0.2207740671401526,0.27149466048603677,0.27848601628431374,0.0006229790263728024,-0.1882024522980599,0.001417660637279298,-0.24034531752586832,65.74803149606308,0.7062986340696099,0.013523107724295868,1.6049196200510791,1,0.3837320932546255,-1
2023-03-27,TSLA,135.11,0.05009519275042543,0.0550018212200805,-0.28939516006748955,-0.2825611972202845,-0.08296225507030992,-0.07530404419156529,0.001185624305298444,-0.10387700810635818,0.0028800047505233386,-0.10663660542968728,69.60486322188463,0.8209541517104366,0.013162431128065014,1.4939371408964808,1,0.3904764033006402,-1
2023-03-28,TSLA,137.5,1.6407849600070112,1.6355195032630492,0.8053522335789517,0.8068285430619984,1.240398881171052,1.2351129572426185,0.013727716421651923,1.272605872189482,0.01914510402692046,1.2495239015641768,73.52162400706105,0.9402470716579695,0.014146481686220756,1.5657109407355532,1,0.47328570118686464,0
2023-03-29,TSLA,138.21,0.35698325367011535,0.36180512930175096,1.36986356796846,1.3613855261378578,0.9774186280279044,0.9765024010157388,0.014519349345234663,1.3156786930949844,0.021840066244750753,1.4344220214352588,75.64853556485356,0.9949792722444333,0.015166161586986276,1.633788162334428,1,0.5025021893798999,0
2023-03-30,TSLA,139.07,0.4486016826322735,0.45312816955052465,1.6602484474889019,1.6457309380897838,1.2462083416197363,1.2398102317791477,0.015391130386530602,1.3753629596359935,0.024313355773409154,1.6070371273290245,77.08661417322836,1.026009534369392,0.016287432486051894,1.7082459826054157,1,0.5027473898972075,0
2023-03-31,TSLA,139.73,0.32700618769460194,0.3317027154366123,0.7488718792929919,0.7509048089089914,1.7050661511315977,1.6868305450641585,0.013094167802557807,1.0896277064879152,0.024563719020384178,1.5625924210505155,71.93828351012533,0.7979289360746747,0.01735431614612342,1.767359277057172,1,0.5714461499860765,1
2023-04-03,TSLA,142.21,1.624673107181462,1.6191582229222332,1.5623358452066665,1.549620504265412,2.534247481154458,2.4876707435934926,0.02056780342174772,1.8372759940852705,0.03691659314458221,2.434240273479053,76.68269230769232,0.9732226718641313,0.01942356896344768,1.936074811278092,1,0.5097839992409663,0
2023-04-04,TSLA,142.9,0.3194193046947664,0.3241474826281498,1.4855822932886646,1.4744652860780578,1.7030468098917828,1.6859868727530514,0.01763231356463282,1.5189292280515798,0.03527468467228376,2.179580158739446,82.47588424437312,1.202903777263477,0.021197117880003852,2.045127917581754,1,0.47606913244644594,0
2023-04-05,TSLA,144.31,0.8157416331539725,0.8183420285819163,1.7625719540133684,1.744502654851331,1.9053255206789212,1.8822866933117308,0.018821835023015425,1.5969709654465578,0.038664728152125516,2.292712998302223,89.9768696993062,1.5182111459086454,0.02313068941014394,2.1512450865632573,0,0.3821622513332295,-1
2023-04-06,TSLA,144.27,-0.23963841768992766,-0.23550393764911706,0.5634849185953678,0.5677962876683829,1.509284399258441,1.498175955554647,0.011115471952005719,0.763355220334217,0.03180449568382886,1.7095368872651984,91.96217494089846,1.5998681075049401,0.024330020076942557,2.160326720430617,1,0.5037673921587114,0
2023-04-07,TSLA,145.49,0.6434100127625371,0.6467800116764029,0.7724673952582374,0.7739751983737952,1.6429226296103356,1.627343087120731,0.011499207430684921,0.7763471538273643,0.0327228847245884,1.6978743919864159,92.14780600461907,1.6109512536330972,0.02566257209628082,2.177429287789082,1,0.44934361057451716,-1
2023-04-10,TSLA,146.67,0.581871465328387,0.5853899151036737,0.6311908425371042,0.6342117678435126,1.0862763068243324,1.0839425679823822,0.013418274280028597,0.9568157096657032,0.03262553155538023,1.6280753356008353,96.05551497443395,1.820605919784857,0.02705399446956791,2.195186459602879,0,0.4944366242419085,0
2023-04-11,TSLA,146.12,-0.653463724123521,-0.6515543388249809,0.37951147681524333,0.384802571979882,0.5980877128721511,0.6032787979166564,0.005145420025864612,0.056149307203514916,0.022547551400299574,0.898730634864682,91.65390505359893,1.6273667414731452,0.02749879319072585,2.1177021407081114,1,0.42991461144364707,-1
2023-04-12,TSLA,146.31,-0.11562153438578396,-0.11130620164001905,-0.10768434863173924,-0.10023772948501349,0.12190586358558589,0.13070163122367628,0.003690695058035912,-0.10714094189175816,0.01810615971275068,0.5701899837216373,91.66029074215778,1.6998698707001298,0.027621354252181287,2.0189945154845614,1,0.4231069627045278,-1
2023-04-13,TSLA,146.62,-0.00010475817595399332,0.004280022120508508,-0.484542868439704,-0.4779791194735213,0.246086113179194,0.25423834546726304,0.002584756773019966,-0.20706993295327702,0.014931158843440756,0.3478973894094015,95.41925465838527,1.8422671914731148,0.02755938919566995,1.9130434847065276,0,0.3619562482435239,-1
2023-04-14,TSLA,145.35,-1.1723707426008252,-1.1754348869468563,-0.7989862135652785,-0.794923345122862,-0.6532134642334214,-0.6472697764086496,-0.005909146866921118,-1.104669286436702,0.0022409929322529812,-0.5210307777635265,86.67621776504303,1.2644520663014889,0.026477873032268832,1.7279319542953557,1,0.5145913327072739,0
2023-04-17,TSLA,145.43,-0.20574013169764346,-0.20217132750432412,-0.8449494833143921,-0.8413767160721133,-1.0251894708474443,-1.0250213300995483,-0.003672088020497933,-0.885778795778928,0.000571047218036825,-0.6525560534261485,84.03433476394859,1.0688621676592995,0.02536758278906172,1.5577371358902183,0,0.39795994890603614,-1
2023-04-18,TSLA,145.16,-0.5044874846728501,-0.5024911069840652,-1.1731639367943527,-1.1747432432175269,-0.9442623165015488,-0.942750516488308,-0.004211999396325849,-0.99864520040462,-0.0028370645655445095,-0.918207600279634,80.99910793933988,0.8572807164191775,0.02405443488722192,1.383353629475408,1,0.4583114809426312,0
2023-04-19,TSLA,146.0,0.3816456638211368,0.3858881105734341,-0.2136563825103512,-0.20773912399506736,-0.7289389667220346,-0.7243075357473346,0.001976501592181913,-0.3375279669409267,0.0017702515403931697,-0.6269186147647908,80.96514745308315,0.8268855702951023,0.02321303972310757,1.261233321609812,1,0.3924295486670652,-1
2023-04-20,TSLA,148.93,2.0331441147292812,2.024165820977336,1.2319589326083036,1.22931672546781,0.2105247635945975,0.21874801430589272,0.01885424220449601,1.6409149541280164,0.018617312322171013,0.5833396854021509,84.17533432392278,0.9867027709363523,0.02389873958279102,1.2783181017006842,0,0.4181125691110341,-1
2023-04-21,TSLA,147.3,-1.618985262435189,-1.6299207800042306,0.510752522209414,0.5156515874498026,0.041182965817498925,0.04951946262369432,0.005021697006086205,-0.025335242979973437,0.006223145181673495,-0.3587328377922061,70.182394924663,0.12148631032157119,0.02325293052435987,1.1795202863945395,1,0.5233141692059816,0
2023-04-24,TSLA,148.37,0.528870078184177,0.5330649345970181,0.6059120270994788,0.6099807105305312,0.4142181508498021,0.4210466190253488,0.008277155594215626,0.3503142705297009,0.012356798286014554,0.07639122862234861,71.0546574287914,0.14805646688454532,0.023061815502970658,1.1249215378475834,1,0.4481855765355622,-1
2023-04-25,TSLA,148.42,-0.2925460177812956,-0.28943787269061805,-0.8963631939009095,-0.8953397681488233,0.5247860969781502,0.5304833910439846,0.004167681524180573,-0.16047338585522022,0.011111186805550632,-0.0469164739921467,67.66981943250214,-0.09239831483508193,0.022667765564718854,1.0548131245849874,0,0.38503910317746187,-1
2023-04-26,TSLA,146.07,-2.1120332273164726,-2.1312578246772684,-1.2283713229064652,-1.2325574899831098,-0.755316244060133,-0.7519174894846912,-0.011825352798712056,-2.0005810916410076,-0.004735461451981012,-1.2620718796878687,56.45624103299852,-0.8252366354870561,0.020812290047489034,0.8552743801182202,0,0.44301381256226063,-1
2023-04-27,TSLA,143.87,-1.9961055747813172,-2.0127326450412424,-2.6720454744659308,-2.71325975398202,-2.626574529864989,-2.6752036363814415,-0.019999182594716693,-2.7365939831095005,-0.017885179875759466,-2.190210055353776,44.57104557640747,-1.5807088617535374,0.01791893249506146,0.5627702503289833,1,0.5170342374588878,0
2023-04-28,TSLA,143.91,-0.24402506504524887,-0.24051381329891625,-2.510362976544348,-2.544541992605014,-1.936120754665828,-1.9571331075777296,-0.015178473666922078,-2.1374750733607044,-0.01664548398999636,-2.0453452320038203,39.98548621190132,-1.8373261008321473,0.015470369604205269,0.30895467695108003,1,0.4190462957706359,-1
2023-05-01,TSLA,144.11,-0.1036704673352463,-0.09973323798212509,-1.3698682100418957,-1.373317107476699,-2.1365751926818763,-2.1645836886086633,-0.00802610204025439,-1.3376682359154926,-0.014389866907409584,-1.8193182643993187,42.51675353685782,-1.6703539675899086,0.013486002611682067,0.09432185558907114,0,0.4214210014521468,-1
2023-05-02,TSLA,142.43,-1.6249571959931683,-1.6350123768471196,-1.1458648365670803,-1.1456479442302319,-2.581280708601912,-2.626794395033607,-0.011438248726384487,-1.6928920843710815,-0.024057667139460438,-2.414787106312912,36.99731903485257,-1.9900916078739836,0.010853511230829017,-0.19109105384459726,1,0.5520970768991151,1
2023-05-03,TSLA,142.51,-0.19950766740813072,-0.19583130385760286,-1.1140457491296079,-1.113427424199859,-1.7871726416193656,-1.8008720031869248,-0.005970732251719535,-1.1111013636443576,-0.02116874553546913,-2.1485874751274476,36.010891763104105,-2.056777617193398,0.008710175305833588,-0.438830734955333,1,0.3974915437609357,-1
2023-05-04,TSLA,142.62,-0.18740877793703117,-0.18370141624581798,-1.171181915650587,-1.17147768946527,-1.0220421291280386,-1.017747353940792,-0.0034657201151514104,-0.8576426838269082,-0.016149171156379854,-1.7894413840266787,39.911308203991176,-1.8488369388399977,0.006991597236874095,-0.6555271450470946,1,0.360789390372078,-1
2023-05-05,TSLA,143.09,0.1016414872367814,0.10591662272264825,-0.16737043241064747,-0.1600248236260216,-0.8781023590669249,-0.8717650311400791,0.000965359001622959,-0.3997214063486869,-0.010031825100318368,-1.3830148380979281,41.594827586206875,-1.7531250351472827,0.005825258101714372,-0.8266408507612049,0,0.35722405309819477,-1
2023-05-08,TSLA,141.7,-1.3972236401539782,-1.4035579004202838,-0.879546698012672,-0.8758807166550453,-1.4427633537210847,-1.4467300733976691,-0.00540464659226511,-1.0855735664866821,-0.015103598312400534,-1.7162152742348276,38.49734042553188,-1.9377644114193606,0.004073759879534832,-1.0746993439962529,1,0.47496231316174475,0
2023-05-09,TSLA,142.43,0.3618711432064533,0.36597784172225145,-0.5629579144094674,-0.5569354804479401,-0.5853695063795229,-0.5763829970395634,-0.00028076086193559084,-0.5134086322353582,-0.005890810614626479,-1.0746889268373303,38.04420629604826,-1.9110120000647985,0.00305940720823379,-1.2450297591686958,0,0.35948789142254856,-1
2023-05-10,TSLA,141.72,-0.8337555258963477,-0.8338410129986418,-1.092586684213554,-1.0923284745408477,-0.8500683674951055,-0.8438102435869999,-0.0041598740794872155,-0.9052992418459752,-0.007833994917354502,-1.177318615218537,21.63650668764751,-2.767428150015322,0.0018340949686814134,-1.4402346956712617,1,0.3844576677531002,-1
2023-05-11,TSLA,144.35,2.0004513269238062,1.9905149816974625,0.8859284524232955,0.8850365853275195,0.06020080233110616,0.06945947663936575,0.011860533583815891,0.8654316723265756,0.010238860078243603,0.03496782522804473,39.2414296134208,-1.6662092355785385,0.0023172468359184063,-1.4200229550148948,1,0.4678449209473588,0
2023-05-12,TSLA,146.18,1.2466807987007362,1.245516673280635,1.4023899899483194,1.392058747483736,0.5588751907908815,0.5629963211743279,0.02026857254529716,1.761360949693889,0.021423480581913738,0.781153269179608,42.43261921216312,-1.4432902956685767,0.0036847894607682755,-1.2845065111343228,1,0.4903155809364049,0
2023-05-15,TSLA,148.63,1.6594690891543311,1.65331223325022,2.7486483824246712,2.6992932332085275,1.911513722029317,1.8795317183481917,0.027429456249740903,2.377798690472245,0.03527297549559103,1.6472816382414972,50.62240663900417,-0.9660938919414318,0.006064256997618518,-1.021574539405411,0,0.5098386209818888,0
2023-05-16,TSLA,148.25,-0.5894599249812827,-0.5872532078981645,1.2778231642135747,1.2719633463011957,1.4596315294297282,1.4435777475051998,0.016622550162522703,1.2155716790865163,0.02845686377889394,1.1749322038870704,57.31543624161074,-0.5974937072509842,0.007638467912107857,-0.8533976496385561,0,0.5825472033749347,1
2023-05-17,TSLA,147.07,-1.1867092486106483,-1.1897366648134842,-0.07025547008888529,-0.06273897423078098,1.3012573707382633,1.2900266654459909,0.0011845114911228226,-0.3499491141178203,0.017053470166800422,0.45552170061859026,61.52737752161375,-0.3540607406775131,0.008129700680131477,-0.8119231603646488,0,0.47570007667212766,0
2023-05-18,TSLA,145.95,-1.16377936563252,-1.1666545775857837,-1.575977236352552,-1.5871780872197572,-0.024738966130697492,-0.014830424611009842,-0.008599608738180574,-1.3225917438024681,0.006989243602392801,-0.19389132815321028,56.81818181818176,-0.613865725889831,0.007805158873722906,-0.8722960081889118,1,0.4883162485342804,0
2023-05-19,TSLA,147.96,1.3453866203968465,1.3432375197363027,-0.5406978716271887,-0.5351520085179711,0.024944162680552457,0.03466162709917283,0.0026292250562439602,-0.1814418510504886,0.01743866211904521,0.4806744226280916,61.478831246273046,-0.348816690996225,0.008562256937304856,-0.7894282335617413,0,0.3421548160260853,-1
2023-05-22,TSLA,147.09,-0.956672882473854,-0.9573474145526265,-0.42571907139367066,-0.41935983800712956,-1.068415514465777,-1.0663359595713455,-0.0011815514993481543,-0.5719727007478159,0.007721134808136178,-0.1559020181199054,64.59899749373426,-0.17049357600613171,0.00857854483073627,-0.8035564019652286,1,0.4070522547340167,-1
2023-05-23,TSLA,148.08,0.51800106619797,0.521548224072884,0.49018166026123433,0.4956644498302486,-0.6044401861676013,-0.5962274231051722,0.005773279902194001,0.1280065631304842,0.010591832277790054,0.027388068954280437,66.50859513930051,-0.06020985390911969,0.009032187347376234,-0.7578254829537054,1,0.36728388868287715,-1
2023-05-24,TSLA,149.56,0.9047616063656658,0.906350487493939,0.2506684813433199,0.2576673311062804,0.2704417990582612,0.278685088686464,0.01240116971731827,0.8005064882686679,0.015260128163354099,0.3306933323369299,69.02412280701746,0.08859773679671605,0.010086524096364477,-0.6275602688279158,0,0.3801327244206715,-1
2023-05-25,TSLA,147.63,-1.7048698092895582,-1.7150145228428997,-0.18965614155334948,-0.18232171205396333,0.01195724862317115,0.02184211038319225,-0.00293116490166432,-0.7346597523595164,-6.773232186412439e-05,-0.648811269439985,61.52284263959385,-0.32334801443435013,0.009743928167101231,-0.6812317029142493,1,0.482815935365274,0
2023-05-26,TSLA,147.77,-0.1253841410090903,-0.12128114910280706,-0.5442449033262862,-0.5390375736259743,-0.6000730162986615,-0.5919826138573416,-0.0017294259116641686,-0.5965575342828293,-0.00019621242362936393,-0.6413367712745318,66.44986449864498,-0.03264491113556219,0.009439569393681686,-0.726086150962621,1,0.3597915655428172,-1
2023-05-29,TSLA,148.25,0.1419921658009147,0.1463170214248409,-0.9490010087816861,-0.9488321618524586,-0.13828817422123318,-0.12819565505398878,-5.395998866827663e-05,-0.4142379359442259,0.0033093982850682913,-0.4017638857121399,65.98901098901092,-0.05053515514426842,0.009352853409438344,-0.7375413871218832,1,0.37128323543977154,-1
2023-05-30,TSLA,148.33,-0.1770905543050985,-0.17311486540345639,-0.09031795533428222,-0.0827821749979311,-0.43087245351812203,-0.42181989766269157,0.00014833994120357487,-0.3932508741238076,0.0037964661058815245,-0.3649046345945759,68.81047239612975,0.11460128632630341,0.00922023026966435,-0.7536980295712437,1,0.3753315920781596,-1
2023-05-31,TSLA,150.53,1.4301678698665967,1.4267767685696768,0.7876654599698413,0.7906346799183958,-0.19183800292645511,-0.18185091312039933,0.013656381732232504,0.9540239368059095,0.016304898220976888,0.44119017987374937,68.02800466744455,0.06967180105531727,0.010198523939628928,-0.6188367907685524,0,0.43466251199741207,-1
2023-06-01,TSLA,149.38,-1.0922159108451202,-1.0941831805899074,0.07796566060656686,0.08558173685228385,0.06690594841607492,0.07663567262571479,0.0035471475022169105,-0.06295423717771684,0.006210510716835526,-0.20639657441729722,59.72053462940456,-0.39613639084536956,0.010223181224020215,-0.613475306255903,1,0.4188713982233254,-1
2023-06-02,TSLA,150.37,0.4971341263634593,0.5007985340717661,0.4610698227895985,0.46703061597020123,0.34090249799244843,0.34880892860514523,0.006681305733336839,0.2448970534762825,0.01123746629096357,0.11590269779691348,55.800000000000004,-0.6029427753374113,0.010656406847827237,-0.5529416511077045,0,0.35263756300647886,-1
2023-06-05,TSLA,149.77,-0.6709402048217865,-0.669015529402401,-0.709449101796616,-0.7059994607345547,-0.00566752597843932,0.004236390774731538,0.000628023196771654,-0.3385252048816157,0.005390455604261327,-0.24143196436918898,54.99342969776611,-0.627032383906483,0.010548504154598834,-0.5609247396873415,0,0.36715460318871607,-1
2023-06-06,TSLA,149.14,-0.6800564657006651,-0.6782796532269187,-0.46549350877387535,-0.45996859078563346,-0.2213759084410807,-0.21165895930538645,-0.00465836436684977,-0.8515137434172712,0.0004494442320204118,-0.5410861278702759,57.055214723926326,-0.4925129681250364,0.010004043615975938,-0.6228717530645108,0,0.3696549981793901,-1
2023-06-07,TSLA,148.41,-0.7617927795193665,-0.7605764368366591,-1.1650913790795687,-1.1695547461482685,-1.1542319630541058,-1.1564458869077778,-0.006719584510153124,-1.0329602276329561,-0.0036788893513609888,-0.7880752368939042,58.613445378151255,-0.38492734185827776,0.009071269105593553,-0.7326603525561671,0,0.4304310253638225,-1
2023-06-08,TSLA,148.3,-0.2907557831633016,-0.287105600861507,-0.9561381732931711,-0.9568635951678472,-0.7950549953998821,-0.7908989757984559,-0.006018847437633186,-0.9519034211132343,-0.004864955544371712,-0.8473605893649955,51.37318255250405,-0.7765792294693021,0.00817814380725848,-0.8334936373219448,1,0.3800488013415557,-1
2023-06-09,TSLA,148.48,-0.0683387860751532,-0.06422291482251447,-0.6255774433729085,-0.6218567321206953,-1.0282652780448873,-1.0287098612083037,-0.0022846391614030604,-0.584280049450261,-0.004131566239201681,-0.7887659164044337,55.945252352437926,-0.4981462893464015,0.007482003744593927,-0.9054692167330409,0,0.378998317756214,-1
2023-06-12,TSLA,148.35,-0.2996858194647798,-0.2961091423026193,-0.36588774301004523,-0.3598531340240129,-0.8718308187442858,-0.869290672154163,-0.0012522216836322983,-0.4749589589618778,-0.005070218502273552,-0.8309529229261032,51.2465373961218,-0.742791281169893,0.006781537761921231,-0.9744211825371271,0,0.3799053693936218,-1
2023-06-13,TSLA,147.83,-0.6100425875181075,-0.6078758965108372,-0.5406247984767423,-0.536053465832979,-0.8411918019931447,-0.8381122643976407,-0.0029944562094499937,-0.6491419876818222,-0.008225096607986253,-1.0154060230990019,41.23606889564339,-1.2711100895675405,0.00587607797621516,-1.0664735305389363,1,0.3288398713731938,-1
2023-06-14,TSLA,147.86,-0.15662934235260062,-0.15273086786623763,-0.5876982640119687,-0.5838053190449155,-0.5879310463043647,-0.5812678653743654,-0.002051780459490848,-0.5362430243257463,-0.006243741136777598,-0.8676592712331259,51.442910915934874,-0.6782489299915928,0.005115920088845493,-1.1342498717903324,0,0.38750367293326426,-1
2023-06-15,TSLA,146.13,-1.5126392775023416,-1.519666479695511,-1.248242840827371,-1.2552230791904866,-1.0850103978253443,-1.0873511283286186,-0.010830569281797837,-1.38309340533188,-0.01572098286453284,-1.4195465359776827,41.422594142259314,-1.1989056611368252,0.0035303781935793494,-1.2980766644872208,1,0.46694106191154233,0
2023-06-16,TSLA,146.51,0.13877084828344505,0.14300003469920863,-0.840031517673328,-0.8397273140016508,-0.9927781846093929,-0.9934676086643289,-0.005606233371341843,-0.8417510458755092,-0.010589013898080823,-1.0773258747501253,40.80338266384771,-1.1954206862489822,0.00245166141532044,-1.3886492584656445,0,0.37170481362368946,-1
2023-06-19,TSLA,146.02,-0.5439221534707189,-0.5414363500758452,-1.042841765478675,-1.0461180647385762,-1.0819816946634666,-1.0849887336513597,-0.005787431061482906,-0.8432333134505756,-0.011394487586575713,-1.1012751939693919,38.297872340425464,-1.2869353298582356,0.0013129908353335133,-1.4782469373070528,1,0.37779495946526626,-1
2023-06-20,TSLA,146.91,0.5937009797186071,0.5967332885555439,0.0912372557508153,0.09911005801882601,-0.6129492319668871,-0.6074564598192005,0.001527071431493244,-0.09594324688686486,-0.0038649308380796937,-0.6183544537771472,28.855140186915733,-1.7174544547763442,0.0008866406086126393,-1.4752178434372414,0,0.361878261876263,-1
2023-06-21,TSLA,146.25,-0.6540022715856377,-0.6522668656075659,-0.33689651155653083,-0.33114014642718953,-0.8062954840855373,-0.804530312646581,-0.0007788800524717548,-0.3058759035966705,-0.006885593220338859,-0.7762330082161281,30.607187112763185,-1.5593324859881352,0.0001849383717964332,-1.5006980619848271,1,0.37562112983291646,-1
2023-06-22,TSLA,147.57,0.9524832477049483,0.9536265381269056,0.4908362104678721,0.4978656506942119,0.1862290899963924,0.19658059729920144,0.006259716880779031,0.4321501592818421,0.0025748856927393024,-0.1745972803578135,33.3333333333331,-1.3660522767926797,0.00034790399127394205,-1.4262762378168155,1,0.40582173813397854,-1
2023-06-23,TSLA,147.76,0.03830945818544672,0.042457228557488694,0.1857985679356305,0.19351065907516832,0.14740404067869392,0.1576681590749127,0.00584062844617503,0.40534325668153715,0.0043570171085991006,-0.04348521176578126,37.42177722152667,-1.1176265685696232,0.0005744319327935006,-1.349221654015885,1,0.40619759479935635,-1
2023-06-26,TSLA,148.29,0.352637494837682,0.3563789516240168,0.7583344369845594,0.7636113875716188,0.5395844573747898,0.5472727651897029,0.006338391378701903,0.49735641297360633,0.008000652559596994,0.2238222566541001,44.61343472750314,-0.7247611377106451,0.0010319767712649252,-1.2514023319569196,1,0.4940196612508415,0
2023-06-27,TSLA,150.17,1.4358029498053235,1.4324854027361236,1.033493470799088,1.0358639967192116,0.9072771003863687,0.9100893921613679,0.014607318523323106,1.404529255851385,0.019158856305184414,0.9952108879521836,59.73451327433633,0.06940512150083596,0.0023932849011611057,-1.0599392115461872,0,0.4487947108928408,-1
2023-06-28,TSLA,148.02,-1.7646026730466535,-1.7750712390133507,-0.020417587586622984,-0.0136037981198257,0.43005381558956723,0.43783685517617765,-0.002305172483519935,-0.4044022790261301,0.004458378290344325,0.05133075407467636,48.7364620938628,-0.4752905515542523,0.002270912888396438,-1.0399859816632495,0,0.5169128714673022,0
2023-06-29,TSLA,146.5,-1.2443548907157538,-1.247903841962167,-0.974121097055252,-0.9770215689213346,-0.5778009068026693,-0.5724770018981146,-0.011124011124011098,-1.341461237268724,-0.006105834464043457,-0.666674680940539,42.028985507246375,-0.8053160654332213,0.001328807239802849,-1.1139188010827121,1,0.48853821590509283,0
2023-06-30,TSLA,146.7,0.14161231779942351,0.14580835706242587,-1.6890439369787995,-1.7082188691581637,-0.5488276304617636,-0.5432816772988651,-0.008354964308890265,-1.0001472962657678,-0.004877254627965148,-0.5532777334212003,43.39471577261804,-0.7068598744075398,0.0006829995325809107,-1.156656722597855,0,0.3905815949630672,-1
2023-07-03,TSLA,144.53,-1.701351688345234,-1.711549543094249,-1.6523173705236391,-1.6709168512612655,-1.5317404967285089,-1.5455444191461423,-0.018031851288183475,-1.9863600400833585,-0.018605282813879142,-1.56154909554212,38.330975954738236,-0.9706695683427398,-0.001006609895454817,-1.324223433536396,0,0.43050411739570893,-1
2023-07-04,TSLA,142.43,-1.6146779393234378,-1.6235235879247703,-1.8521224113064496,-1.8768732921465179,-2.782545562744998,-2.8442760868478603,-0.022013787799719964,-2.271316835875996,-0.029913773140265054,-2.3085676283355823,33.25107958050576,-1.2410395866778374,-0.0034658279366384013,-1.5833800127005255,1,0.5309915447006619,0
2023-07-05,TSLA,144.1,1.342399050734802,1.340013357523798,-1.1336496714016855,-1.140148864571357,-1.3848476194633474,-1.3928311386235115,-0.005191505812829712,-0.4905835302870948,-0.017100138465421386,-1.299645026271551,43.71517027863772,-0.595881852844109,-0.004450428020011035,-1.669529633172565,1,0.4212564578395685,-1
2023-07-06,TSLA,146.04,1.4881812094620954,1.4839283922574982,0.7396327173468846,0.7453962277119558,-0.13126797870774307,-0.1221476573942826,0.008842221608178866,0.9631912034992006,-0.002826826170674858,-0.20436758004051084,48.67306606437041,-0.25561807242449164,-0.004113535573412392,-1.6021835155137345,1,0.6106639904542679,1
2023-07-07,TSLA,146.47,0.3085194296185146,0.3127095459095859,1.8430160193780467,1.830658343472448,-0.046847946986130116,-0.03762568971496754,0.01213427864615725,1.260626851323723,0.0009909448146250487,0.08781797347429153,51.27478753541074,-0.04727984026987079,-0.0035679406638214777,-1.509750697947699,0,0.5983413823776141,1
2023-07-10,TSLA,145.97,-0.39008546847826475,-0.3866261413610119,0.8215588749887073,0.8262420234948795,0.5513838361358024,0.5573076762098138,0.006675769989379383,0.6788746432576033,-0.0008419294558944676,-0.04992472738360452,47.27694090382387,-0.29335978130801665,-0.0033727043822873296,-1.4618080375041023,0,0.5559303160117401,1
2023-07-11,TSLA,144.47,-1.1240358926468055,-1.1262614344997597,-0.7077881418451837,-0.7060565428267781,0.7620351557900015,0.7649024101855307,-0.006464479746922479,-0.6650874115374916,-0.007235969571820243,-0.5300177049924036,45.082872928176776,-0.4247769691944998,-0.00400102576948498,-1.5199224076739448,0,0.43815395099130955,-1
2023-07-12,TSLA,143.37,-0.8055470271872136,-0.8049035891086754,-1.3316885626205426,-1.3421373061282325,-0.2643040932664548,-0.2553684267535729,-0.013038330212578515,-1.2943487347372018,-0.011636724620496742,-0.8423498108108205,38.25503355704697,-0.9184264836855326,-0.00505199975166517,-1.6340931365537033,0,0.4351587707307503,-1
2023-07-13,TSLA,143.0,-0.22232679805841288,-0.2184301867801021,-1.241904041170127,-1.250666743137115,-1.0635496257814883,-1.0644409969239237,-0.01144784868930432,-1.107209689740333,-0.011803079304530492,-0.826759462726849,36.82170542635658,-1.0243935186163131,-0.006024639766800242,-1.7474663408705122,0,0.3851122070829897,-1
2023-07-14,TSLA,141.35,-1.2453683651382308,-1.248912232414246,-1.2760955865616364,-1.286256636332667,-1.7303417850585545,-1.74982349801404,-0.01588782444023623,-1.5042730895228698,-0.019580642700089527,-1.3695051010098056,31.908237747653757,-1.3899048942871246,-0.007631269039897245,-1.9485622975738672,0,0.4779625676015718,0
2023-07-17,TSLA,140.17,-0.8514288060942619,-0.8512505146930452,-1.2772865962406514,-1.28806738494447,-1.8864149982810003,-1.9121703635747274,-0.016157560783873468,-1.473657004299598,-0.02481615728726796,-1.690556926801856,22.94372294372289,-2.0552160407840656,-0.009464659184751253,-2.179835327708728,1,0.5970876847346177,1
2023-07-18,TSLA,140.9,0.6882354349530426,0.6911568567418129,-0.7769747392501642,-0.7774636970045626,-1.0894418638624026,-1.0919263256850968,-0.006052568461744493,-0.4421773905047469,-0.018692890572765748,-1.1942139321534437,29.132473622508783,-1.4966967425835487,-0.010398440625469976,-2.278554588976653,0,0.4496681581982294,-1
2023-07-19,TSLA,138.25,-2.0225368890568336,-2.0381205205745387,-1.2061243632724061,-1.21544840388109,-1.5832756248266293,-1.5999019912389782,-0.017650319041596068,-1.578074510666782,-0.0332100224477092,-2.1425277264779026,27.32270478284771,-1.5797833511914863,-0.012496634598804958,-2.514627785145067,0,0.5546448614951642,1
2023-07-20,TSLA,137.82,-0.2803516572266862,-0.27666110782665587,-0.9153043550940866,-0.9187544909312546,-1.6021767480606468,-1.6193454845891004,-0.013443284800068822,-1.1910905292783824,-0.03064490037066473,-1.9021573297103334,25.895765472312732,-1.6324297228289997,-0.014256014581724978,-2.641910940119542,1,0.5879943506113878,1
2023-07-21,TSLA,138.79,0.8711121623261395,0.8727190417386019,-0.8360259998819962,-0.8385096983623602,-0.710166759646064,-0.7056124655737,-0.002845113732702906,-0.14445485762048993,-0.018520744789935775,-1.0566499380673522,33.33333333333333,-1.0234898358695879,-0.014940525485999466,-2.5846973729132987,0,0.4819815945732768,0
2023-07-24,TSLA,137.15,-1.247053621069172,-1.250714860839036,-0.3868521166830977,-0.38257566505372764,-0.8928049552700744,-0.8913560429852235,-0.010333232310112338,-0.9057527910682882,-0.024030969137603317,-1.4095131088453485,34.24821002386635,-0.9337435588227426,-0.016242016487734986,-2.5940844418038487,1,0.4692707871411917,0
2023-07-25,TSLA,138.1,0.842901789985883,0.8446183926182377,0.2522180868904662,0.2605548085515995,-0.8459080769371486,-0.8441362268999738,0.0005651272985466299,0.1898338345185809,-0.012795768103510045,-0.6631791876570217,31.296758104738174,-1.1502387180101916,-0.01655068812670377,-2.464933167658541,1,0.5481644097643654,0
2023-07-26,TSLA,139.16,0.9082498267167579,0.9093959158805044,0.28062991537355103,0.28890861060213685,0.488651936998536,0.4960641415480549,0.006917310642238928,0.8197750240085948,-0.00221554610702018,0.04891783805994125,27.30870712401061,-1.4320715353678009,-0.016007904782338107,-2.249250612920916,1,0.5740564720876744,1
2023-07-27,TSLA,139.62,0.40887637894189977,0.4126610225517662,1.2409927936288256,1.2421997861563288,0.8010816762781154,0.8044060875690617,0.007621027106607861,0.8678706588919649,0.003514673221640068,0.4309976535260815,27.452271231073127,-1.3841256551648895,-0.015140894095882112,-2.023986230406144,1,0.7074115152848445,1
2023-07-28,TSLA,141.89,1.7974093354285512,1.7882698312108383,1.779115651345488,1.7698695437674457,1.238019327036585,1.232290118927714,0.019441889872399046,1.9745551583329095,0.019434565506340366,1.4953091398908316,37.971698113207516,-0.5792070254504356,-0.012999714285703262,-1.6810752018905502,1,0.5588821047077343,1
2023-07-31,TSLA,143.82,1.450095734160454,1.4454401728000414,2.043062775264147,2.026188738302832,2.4015252959209135,2.355174676080421,0.023498768841002524,2.2297767194558737,0.030598351845216636,2.1433598741802142,48.131109833237474,0.17920423107415356,-0.010080710772338183,-1.2803003370130395,1,0.5068403861044254,0
2023-08-01,TSLA,143.87,0.015152260882800684,0.019658512654199056,1.7754063596616303,1.7647542574075012,1.9669131309016117,1.938793226885772,0.015514710034445815,1.4244715359150628,0.02876715267399369,1.9192696266906462,51.52998776009792,0.42098235683705215,-0.00765325460749789,-0.9601684900092439,1,0.48336563397507376,0
2023-08-02,TSLA,146.32,1.753127011364651,1.7439716079624008,1.7395755246253597,1.72879735871281,2.268409681514048,2.227257205080119,0.022473166368515266,1.963658708104051,0.04028324825458215,2.478060970050366,59.011943539630806,0.9642879640020832,-0.004289716858267892,-0.5454563217985507,1,0.4774755307141627,0
2023-08-03,TSLA,147.12,0.5610181094945708,0.5640967046325027,1.251721461169375,1.2514460786493207,2.2402946201415435,2.2009119291421086,0.017399242067992725,1.4837897453918862,0.03910046332918975,2.274896576139812,66.42003414911782,1.480995987378283,-0.0011678607881470356,-0.16700984138906724,0,0.5649241034849952,1
2023-08-04,TSLA,146.29,-0.6330453869858487,-0.6306210043287472,0.9189181007437367,0.9235539703645198,1.2523138301381296,1.2490164341981262,0.005540128124054763,0.46242432791346433,0.02779378082538247,1.5875141538216537,67.77003484320556,1.522353891148927,0.0008194493810095195,0.0753812040148311,1,0.4963067172146256,0
2023-08-07,TSLA,146.7,0.3416249420820809,0.34546252119923176,0.14720006481138392,0.1551883679575782,0.8305681595306011,0.8355949199970985,0.0043817609201697,0.4133770621691306,0.02380503737202418,1.3926128621265936,67.1597633136094,1.4306056467948383,0.002589276562052224,0.29431877246009236,0,0.433591349059027,-1
2023-08-08,TSLA,146.6,-0.06103090723508341,-0.056762849769337334,-0.20854788947910297,-0.20165180210619987,0.8176485895733233,0.8225594743150325,-4.092601939893475e-05,0.0150441501768175,0.017073796821124143,1.0184244436776102,79.09407665505225,2.196745970500372,0.0038858040780613153,0.45929417364964736,1,0.39944211340761654,-1
2023-08-09,TSLA,146.74,0.11024518282019163,0.11444738236083019,0.217412884550146,0.22521009303463857,0.12603291878051434,0.13679049577738747,0.00034085486399898675,0.05398196388715685,0.01271937997336051,0.7621493503579386,81.72119487908967,2.2698157549762383,0.004930645537602697,0.5943948455357707,1,0.43840542142889755,-1
2023-08-10,TSLA,149.34,1.9426824105547278,1.9303491798210402,1.133585852487412,1.133295181216632,0.6818297579188318,0.6886334848827587,0.014993135509127656,1.4387846753193363,0.023795323200954305,1.3964695520631378,83.62014021669857,2.267866260074648,0.007118582085823493,0.8613474328028259,1,0.4627071742676248,0
2023-08-11,TSLA,149.75,0.287042874278219,0.29096564173291684,1.3122695006290592,1.308440102301441,1.0572602868738958,1.0575330452227065,0.013015301773706776,1.214645305113171,0.021103951450683372,1.2266199355206777,93.56846473029042,2.710162296716496,0.008964107814166055,1.0829606538999301,0,0.47916167071626165,0
2023-08-14,TSLA,149.1,-0.5280341735989584,-0.5249324393292895,0.9474522065882484,0.9492576414027276,0.7041945496793073,0.7102618694468679,0.005353795530861943,0.4681442617591291,0.013024602026049216,0.7375054891486291,88.84180790960446,2.300367956186883,0.009943076662445602,1.1948662609469596,1,0.42096204886608135,-1
2023-08-15,TSLA,150.99,1.3949142375442143,1.3906880051260828,0.6380607658516803,0.6434078710465484,1.2782074506185115,1.2719430607140008,0.012105855855855933,1.0958508943011864,0.02092700902667432,1.18580441309183,89.45963975983983,2.2313652559407413,0.01161639271562743,1.382385848926192,1,0.47101126942000854,0
2023-08-16,TSLA,152.76,1.2786155696362587,1.2757615983055586,1.185493052485761,1.183543779511683,1.717379065477313,1.6971775304739112,0.015772535042689672,1.4290061836981962,0.028416779431664242,1.5883132603191992,90.3067484662576,2.185960461056384,0.013738038164860184,1.612393257042614,1,0.49612688526258764,0
2023-08-17,TSLA,156.7,2.6686687099408637,2.6429515683351927,2.836583441798859,2.786445433803683,1.9832973306309172,1.9525715526305953,0.03187146055577508,2.7071509509222462,0.048181568860913425,2.533928690143704,91.20756816917078,2.1270994791793427,0.01733533936775359,1.9766873887431766,1,0.32719398908882014,-1
2023-08-18,TSLA,157.47,0.410264826883949,0.41434843121916937,2.22758476095903,2.2004817898741775,1.9727307344122584,1.9417867858650888,0.026505175875466108,2.107476018997756,0.04551339508017123,2.2427192562131864,90.60083283759661,2.0115081613720003,0.020323367222861124,2.223145187151976,1,0.44406882839000134,-1
2023-08-21,TSLA,157.95,0.20981483558880382,0.21432706043463898,1.6594780852545565,1.6487122470139421,2.1641038157561203,2.124186565856179,0.017889594906363063,1.330191162323291,0.040925266903914646,1.9075972767093534,90.83526682134564,1.9452161993094463,0.022647367351908386,2.3577737633657105,1,0.49400415808080195,0
2023-08-22,TSLA,158.14,0.009974987406869452,0.014542548529952388,0.3151666258399603,0.3242527503372653,1.6258995390760604,1.608612782093756,0.00980817859058518,0.6389738510001303,0.03431135296349092,1.5165095720304822,89.45260347129499,1.8165069455841036,0.024276185773750167,2.395836238688445,1,0.5226555070524133,0
2023-08-23,TSLA,158.48,0.13727286225994284,0.14177373805664184,0.17726414089750983,0.18656016897251268,1.2112955077395964,1.2073470073506682,0.004640312396987596,0.2225634109596365,0.02863670587013512,1.213586423720203,89.11845730027541,1.7445777401552354,0.025425225024057484,2.3816003703597355,0,0.417164461462461,-1
2023-08-24,TSLA,157.37,-0.8692129606108625,-0.8689007577251447,-0.36025930592837696,-0.3537048260972101,-0.037319944322675734,-0.02448106470538808,-0.003242928262879875,-0.42917708212990613,0.01613600996958756,0.5902054871907133,87.43243243243252,1.6066271622706993,0.025437708400162597,2.2665989084921936,0,0.4686099740686613,0
2023-08-25,TSLA,157.29,-0.14313346552154377,-0.13890876342001504,-0.4359911475619504,-0.43046380243074767,-0.23070553545105535,-0.21903643488206476,-0.003522420587154642,-0.438238581208053,0.01069879518072284,0.3246029122596984,86.59295093296477,1.5128595956959578,0.02510379279094015,2.1374935546342213,0,0.35401188148493445,-1
2023-08-28,TSLA,156.1,-0.9098752619788169,-0.9101057029545786,-0.9452920798910193,-0.9484052729442292,-0.6152081424077394,-0.6090443516429846,-0.00873783941680005,-0.8568743565146598,-0.0014393091316167877,-0.2637909272956745,80.52699228791774,1.2002770549253041,0.023933396097055692,1.954213946087887,1,0.4756038326135116,0
2023-08-29,TSLA,156.55,0.22349617034081842,0.2279263227115054,-0.41174313012145514,-0.4059338611031002,-0.5414820322700458,-0.5341255440396403,-0.0038687181053460576,-0.45266975110834545,-0.002109879462777448,-0.29436218011020365,80.90737240075615,1.185088491628296,0.022971820745129174,1.8051914082793954,1,0.4259872756717322,-1
2023-08-30,TSLA,156.78,0.056680957217343966,0.061159766374869945,-0.31594818786955337,-0.309102695016737,-0.5696829113568429,-0.5628254788051201,-0.00024231912152930464,-0.16008612864006164,-0.003198057005524983,-0.3480097146096345,77.55555555555554,1.0123806599430472,0.02207081719984311,1.6720795890960718,1,0.4397977166027173,-1
2023-08-31,TSLA,157.38,0.3081373541550431,0.3123469528451569,0.28946856320830894,0.2987407169079285,-0.1676418262816099,-0.1555598016975868,0.003570973090167085,0.14605802982991944,0.00018430133904471399,-0.18696398241016196,77.86705624543461,0.9981244311130342,0.021417350169254404,1.5672109591611691,1,0.4334752163787684,-1
2023-09-01,TSLA,158.3,0.5209064458856859,0.5243981742436762,0.4373083710223511,0.4459730426021293,0.060683846950591536,0.0736914548586844,0.008138986893556445,0.5142892792419317,0.005500717761093444,0.06557901331009923,82.95128939828085,1.1871140416535395,0.02112740369268532,1.4967131336424886,1,0.4303807549617967,-1
2023-09-04,TSLA,159.32,0.5718377204269072,0.5750135312875467,0.6928696803177101,0.6994884319292508,0.5797933823173564,0.5894127233929083,0.010490530615351417,0.6925988191400133,0.01109975820423806,0.3271625552763944,81.81818181818181,1.1043548909957246,0.021173231487973714,1.4549693609176961,0,0.47678219119036686,0
2023-09-05,TSLA,159.28,-0.16882281876907945,-0.16452837928548572,0.4550176580164215,0.4632888030769761,0.4427717300129765,0.4536791561153096,0.006750436123682044,0.3667312727892175,0.0101151028950122,0.2645664238955033,78.69718309859164,0.9395412242099633,0.02093862018713063,1.3928279229144696,0,0.359920659068685,-1
2023-09-06,TSLA,157.57,-1.2828783195445645,-1.2864363899791653,-0.4482238515636137,-0.44216913722286816,-0.03284765994246216,-0.0200238297613042,-0.005051461766748646,-0.6142644552365032,-0.00015229006180438918,-0.2461350209499599,54.76451259583793,-0.08692167160402307,0.019640833833121048,1.2543867832448634,0,0.5153476911565923,0
2023-09-07,TSLA,156.59,-0.8123599241797064,-0.8112199096080954,-1.122127432352301,-1.1276508106541063,-0.4222302562194701,-0.41215197401697223,-0.010252066847015484,-1.0497744921198306,-0.005878767871200488,-0.5400160810310602,45.289079229122066,-0.4960832235224462,0.01790094627174767,1.0892386117148871,0,0.4244986197072591,-1
2023-09-08,TSLA,156.45,-0.22235788528927583,-0.21820772722081624,-1.1399290776468636,-1.14589026931717,-0.677684678328734,-0.6715654334576577,-0.00881894552780644,-0.9223398316176965,-0.0062376136998833,-0.5627979961871624,41.66666666666667,-0.6522847785167394,0.016262880906754335,0.9384081451226376,1,0.353017991568998,-1
2023-09-11,TSLA,157.71,0.7352139307747658,0.7374176287736552,-0.1519546389301057,-0.1434447985307425,-0.6226044251854137,-0.6154672659354584,0.0012061960385982588,-0.09847781159262577,0.0007424187622547871,-0.22686673901687326,47.864945382323846,-0.3948997857161978,0.015435454348014434,0.8521930010289948,1,0.35342062114906897,-1
2023-09-12,TSLA,158.29,0.26188816982498114,0.2661351095942578,0.38065974493608207,0.38921448551745347,-0.4739336179075397,-0.46451429610276185,0.006152985596420195,0.30790757126281876,0.003315015180614426,-0.10437081057962484,49.07856450048497,-0.3613596798345699,0.014904623554864348,0.7903246737669734,1,0.3655831214829709,-1
2023-09-13,TSLA,161.2,1.785184651984675,1.7753894982236182,1.3811453531525553,1.375099674153722,0.6227223789516315,0.6306038390884917,0.019943308362016517,1.4060225536598863,0.01890537200791349,0.6548407988053261,65.81337737407094,0.34609674198026186,0.01579082663253955,0.8333220123244705,1,0.4300960462822589,-1
2023-09-14,TSLA,162.25,0.5236360513881247,0.52706478798867,1.264967966581472,1.2612653985310025,1.0957461250604366,1.092970479672079,0.019286342505339824,1.3151699160383985,0.022395019408176654,0.8086343376616406,68.96024464831805,0.46243920059123667,0.016824129831000026,0.8851100885644216,0,0.5076767364744,0
2023-09-15,TSLA,161.2,-0.8479840970332143,-0.8470776974676546,0.7060974200524491,0.7116532594345008,0.8576342263651224,0.8605453071003546,0.006682070817460592,0.2945416753503515,0.013925754468946944,0.37844965737190656,69.70633693972172,0.47438097022622794,0.016902473662772786,0.8657986390946278,0,0.4756677144587636,0
2023-09-18,TSLA,160.9,-0.3473708330949423,-0.34349786567209023,-0.33625578164971553,-0.3285226827986861,0.4731075634688831,0.48284350885635463,0.0008210589171974834,-0.17196787172397254,0.01103403207158297,0.2319905948155537,67.0054730258014,0.33791956211192226,0.016614951813274485,0.8210365079701879,0,0.32617950439941246,-1
2023-09-19,TSLA,160.62,-0.3125937969895881,-0.3087148365698044,-0.7389231230326677,-0.7364488737839874,0.2714790933257652,0.28333495419986804,-0.0038081297989256357,-0.52436062652244,0.008425520159720822,0.11155397753565682,64.95327102803739,0.24196648753130107,0.01605633473086581,0.7594645820297758,1,0.32524207309684544,-1
2023-09-20,TSLA,160.86,0.007333050260835276,0.011788438585431268,-0.3212984203630646,-0.3136417293172354,-0.3525995093571524,-0.34119807123325163,-0.0018986634898178474,-0.3697208561378613,0.0078505328713652,0.08004522073533366,63.94230769230774,0.18567296524343962,0.01555332738774697,0.7035442183290875,0,0.35402689839308854,-1
2023-09-21,TSLA,160.48,-0.43818367953440096,-0.4349789759320944,-0.35742891250644315,-0.3500897547453969,-0.6802077178502074,-0.6732994021335175,-0.0020645225480685125,-0.39928833103989225,0.00302507562689055,-0.1688256665505568,59.1289782244555,-0.043238758109849916,0.01478976978677712,0.6295952001483728,0,0.38270081302530323,-1
2023-09-22,TSLA,158.18,-1.7021709007150776,-1.7122769098468889,-1.0323366786901993,-1.0356859374933247,-0.9614710448439148,-0.9608747556124786,-0.012658543892939127,-1.2551582568453818,-0.012418133346652625,-0.9309628449999648,45.6883509833586,-0.651936538971892,0.012872150364058569,0.47426085212915875,1,0.5057940664058439,0
2023-09-25,TSLA,159.98,1.068701009627472,1.0686645234440186,-0.5435518383018163,-0.538562550655396,-0.49287969024672884,-0.4831075051419903,-0.00027495875618664163,-0.2757263104852948,-0.00259358088730408,-0.4602094252623185,52.3364485981308,-0.36492169583306283,0.012124484460458532,0.4040746960515537,1,0.363267362677352,-1
2023-09-26,TSLA,163.68,2.2613391585772797,2.2450917341936494,0.7957780114745238,0.8008837356635171,0.4149506131731894,0.4255565898728282,0.018949675041709274,1.3062424736422684,0.017056575636126413,0.5042961110380951,68.00235710076606,0.32529405984960186,0.01324661939553991,0.4671067706393415,0,0.3668231025033103,-1
2023-09-27,TSLA,162.61,-0.9372214278864511,-0.9380446733197502,1.198570001749907,1.1968692243666226,0.06960297231319555,0.08174705690574179,0.010087833724671858,0.5264816456128001,0.009523454766694108,0.09231494471990925,67.64361078546307,0.2917811730321483,0.013433588596464617,0.4608678160662288,0,0.5077217963834364,0
2023-09-28,TSLA,160.48,-1.5904706730857041,-1.6001382327533635,-0.1625750795741183,-0.15426728206841203,-0.36862112000781694,-0.35837608847061586,-0.0031431304585493682,-0.5921531484734827,-0.0026041181113618554,-0.545038793460666,60.57742782152229,-0.044471880446053755,0.012364871341075638,0.3636593352514395,0,0.5623680395422519,1
2023-09-29,TSLA,158.6,-1.3909224656007322,-1.3977007229129659,-1.9460326082438046,-1.9765329478917835,-0.26524914122454557,-0.2541154727560067,-0.015334947538337362,-1.5713303233618587,-0.012693057103194216,-1.0540422368226543,52.262328418912006,-0.4312521859332276,0.010451157379251083,0.2057917527230081,1,0.5464547874491575,0
2023-10-02,TSLA,160.33,0.9823902517434846,0.9837787676924882,-0.9981744620478341,-1.0007879427013606,-0.27862341427641546,-0.26763101834284764,-0.005026684870299132,-0.6834827822089349,-0.001569291701435909,-0.47383141470530904,54.89913544668591,-0.31567108265202837,0.00969490020407973,0.13405309794601417,1,0.37826652009943346,-1
2023-10-03,TSLA,161.32,0.45883902358993955,0.462950575476118,0.017535141411306025,0.026656456208964733,-0.9190338930286647,-0.9185913514841009,0.004058057609480337,0.0655424501602848,0.004158055922117412,-0.1863646943156007,50.31746031746033,-0.5344913781894947,0.009484536160173326,0.10217174782333306,1,0.38724560600315366,-1
2023-10-04,TSLA,163.06,0.9205488807308787,0.9219320446239979,1.210014792488479,1.2077122497866049,-0.240226886553397,-0.22899112122812154,0.014319660607870347,0.9027381980104615,0.013600875229996623,0.28809218212831744,52.067381316998464,-0.46755030811173404,0.010074704155749827,0.12873346202578156,0,0.4750385756444082,0
2023-10-05,TSLA,162.1,-0.8555696524070711,-0.8551271057461693,0.26306550613193247,0.27168309044393363,0.03205528930777917,0.04411793447963893,0.006319762605381115,0.19778261399803476,0.0066197200591179665,-0.09734359360715387,52.307692307692314,-0.4732495667171276,0.009942405948689162,0.09947426827802042,0,0.42265482671785315,-1
2023-10-06,TSLA,160.47,-1.3075869133311095,-1.312188212824241,-0.6591653854182085,-0.655339189823558,0.07108054979553419,0.0827886353779035,-0.006106926964621878,-0.909042377622086,-0.0049174330131524675,-0.735759248338648,48.967834853576555,-0.6551603220773585,0.008916265690616654,-0.0005245825799026974,0,0.4691371853143085,0
2023-10-09,TSLA,160.27,-0.3809586591056292,-0.37740809797037217,-1.3355382681908021,-1.3451869300536852,-0.47888953776563115,-0.4711960649951324,-0.007271871360967311,-1.0446372238460906,-0.006336334102125285,-0.8483054226408584,49.15662650602411,-0.6863878266697345,0.007911644522394994,-0.10311971463785607,1,0.38061725089738585,-1
2023-10-10,TSLA,162.74,1.3793752744111638,1.3761787757715855,-0.1695183627951351,-0.1614738512710572,-0.10965269904279483,-0.09895649636628828,0.006257419865453109,0.15459782371100297,0.009565875507140296,0.005377628781728016,54.09051348999129,-0.4727551132125623,0.008259372924238896,-0.1023505889942714,1,0.3753627149329543,-1
2023-10-11,TSLA,164.56,0.9111130469605238,0.9128685911022117,1.028076713463024,1.0288852404981093,-0.12999427382939485,-0.11993256314573807,0.01562692867899382,0.9799572906686179,0.019622908056731093,0.5504724218744896,58.35380835380838,-0.29069557397450185,0.009334672734111715,-0.04602917466824749,1,0.48363705011892333,0
2023-10-12,TSLA,164.57,-0.3261965566767816,-0.3226192778499457,1.0717713892674283,1.0714100848509789,0.11154298256906195,0.12202725729884162,0.012601370891325493,0.6726939528169996,0.017107328710399133,0.37300015824874366,64.43741527338452,-0.006185957065098893,0.010069445375763052,-0.01928750624448236,1,0.5338494105191154,0
2023-10-13,TSLA,166.87,1.1921719562259425,1.1914527884397617,0.9559357444436349,0.9569909560667933,1.2490424573904213,1.247948708635671,0.018729930037484355,1.2133110470409423,0.02607775980913622,0.9089346214267002,65.22315510384448,0.0077907758855181265,0.011654117632621976,0.08270665013577093,1,0.47209112045198437,0
2023-10-16,TSLA,167.34,-0.06109956829436939,-0.056824470553718316,0.4360675385863934,0.4426956279714783,1.4109832371439008,1.4060832998590176,0.012855897733875625,0.6321300707839519,0.024551521459621747,0.7921848905150677,59.432989690721634,-0.3459948059964489,0.012980858601493254,0.16705146016744787,0,0.4926242286207348,0
2023-10-17,TSLA,165.51,-1.543067276477973,-1.5513155261352685,-0.22966803616108977,-0.22186475616598403,0.07167239237201058,0.0816327787244736,-0.0015684381975026803,-0.7505078376898603,0.010754264148177978,-0.1603297863000579,57.19246031746025,-0.5143133137995074,0.012970617424898153,0.12718132824282835,0,0.4783895831318061,0
2023-10-18,TSLA,162.58,-2.1555369665261908,-2.1749137449643685,-1.9945531443735613,-2.0199665019198894,-1.3361701281494474,-1.3495909580250742,-0.016895037914061356,-2.099156498500498,-0.006847850654546893,-1.3531937063459702,55.00954198473288,-0.6989070044639931,0.01138426923498068,-0.08581022394772661,1,0.38629760400281854,-1
2023-10-19,TSLA,163.66,0.41771553209188816,0.4218467271224687,-1.7031156182048122,-1.7198554057006583,-0.9942518935686504,-0.9983884233393281,-0.009274056855053578,-1.348589044971209,-0.0012022678310966437,-0.95903249666304,62.5496031746032,-0.28627086674316776,0.010539071796891075,-0.24382779262825488,1,0.43427556539684437,-1
2023-10-20,TSLA,164.11,0.030135295088221034,0.034708711589181235,-0.9148142060315259,-0.9137206754643961,-1.4706153834892,-1.4894411239994692,-0.0032191448007774606,-0.7709417430871186,-0.0006759184269977043,-0.8958467333687552,60.01059322033901,-0.48804908776950773,0.009976122912253107,-0.3872282111806312,1,0.43346611612567865,-1
2023-10-23,TSLA,164.18,-0.19890073749564577,-0.19480411829097843,0.13627430586440792,0.14469337841468816,-1.5332143527515218,-1.554618443347195,0.0010487293302767272,-0.35387328903738813,-0.002624353024080796,-0.9941955287277696,57.962138084632564,-0.6420384886785381,0.009455030303578497,-0.5376088476082509,1,0.40843191668838363,-1
2023-10-24,TSLA,164.39,-0.10764401171009079,-0.1033177876266276,-0.14851186287586854,-0.14036736881194473,-0.9234478071927608,-0.9269077505578001,0.003699995115517792,-0.08735058185073928,-0.0023486287527992407,-0.9436238856329773,54.04747413268408,-0.91063106047077,0.009040869044315848,-0.684087656392725,1,0.3872543142406727,-1
2023-10-25,TSLA,165.12,0.26599814115649617,0.2703725799881378,-0.026547939820478803,-0.018296550844225636,0.19142693264974273,0.20176633265868,0.005039807172595154,0.06869083643941645,0.0017411562005181375,-0.6411364680345457,59.320987654321044,-0.5555441821307675,0.008968046690813298,-0.7744405763448454,1,0.3862044976902081,-1
2023-10-26,TSLA,167.52,1.3548752063326435,1.352471324589138,0.814756399771681,0.8181631311405813,0.6349487687816833,0.6433986230991261,0.014879077206416836,1.0328566264632166,0.014485732280412745,0.29081463125754003,70.77195050088397,0.211682384854965,0.00997258253087753,-0.6751540867644041,1,0.4612875412030187,0
2023-10-27,TSLA,167.72,-0.12466711941114701,-0.12041982641863148,0.8042851758662536,0.8077941013851884,0.5643077771242585,0.573279556405392,0.0116656412483563,0.7064864872466934,0.01517435068668916,0.3605611906676287,71.9505008839128,0.2862315803259385,0.01073638258538485,-0.5986751875414671,0,0.5214546697326042,0
2023-10-30,TSLA,166.7,-0.9064988270096145,-0.9067696821986864,0.16717918985927063,0.17532465685028814,0.22359827594002338,0.233536166062167,0.0024655721931565134,-0.18399428012750416,0.00939151917359468,-0.04702136901889391,62.75773195876283,-0.327789541202797,0.01071469116344823,-0.6471646255350151,0,0.4074738957992995,-1
2023-10-31,TSLA,165.14,-1.2349456320639367,-1.2388820026285612,-1.213018331092822,-1.2181220598028497,-0.3247424585587695,-0.3180895659777707,-0.007810622446527345,-1.1575354178787356,0.00016958185958599716,-0.7080557679805007,51.900393184796805,-1.02395019427125,0.009820726987147043,-0.8478431032040659,1,0.48653165500369705,0
2023-11-01,TSLA,165.45,-0.01806659434034167,-0.013566061982610084,-1.1448002952006624,-1.1486957161627451,-0.45716211028271414,-0.4521921800631338,-0.006342113797701054,-0.998192711458854,0.00030834527415532227,-0.6800556679246613,52.82776349614395,-0.9301975376796715,0.009158136030082226,-1.0021839399107817,1,0.374127272786774,-1
2023-11-02,TSLA,165.96,0.14270754665231922,0.1471853334026212,-0.5982221777998277,-0.5936422011769817,-1.0153376384122732,-1.0215754988222858,-0.0014079930683416999,-0.5049253813890572,0.0019984423017709294,-0.532547816393906,46.69571532316632,-1.2958184092875724,0.008780612619827268,-1.0858847054738656,1,0.3353380829388243,-1
2023-11-03,TSLA,166.06,-0.12922514715562078,-0.12504179720515746,-0.004058733221036487,0.004325296971066996,-1.0117529468368804,-1.0184582776305273,0.0011937634901302231,-0.23743987798976554,0.0014231956773445942,-0.553191068966264,45.22388059701491,-1.3589998929989768,0.008432423690729503,-1.1482485999452754,0,0.36460215360980675,-1
2023-11-06,TSLA,164.32,-1.3350050532265454,-1.3402192423761057,-0.7032290978069369,-0.7005533854767911,-1.1963579286689392,-1.2086542440495869,-0.006445527432793601,-0.9499172407179596,-0.009153511257974655,-1.2957897846227986,45.52967693463562,-1.2993458086272334,0.007223722842490579,-1.35589920313614,1,0.45006371030504383,0
2023-11-07,TSLA,166.2,1.0805195732463277,1.080930661384135,-0.21261001613062622,-0.20509051203910605,-0.12821634861155684,-0.11975732156361149,0.00363530960518832,0.03128400693142285,0.0010902366596593353,-0.5211475472608444,64.76345840130493,0.04378387708401001,0.007102015194492179,-1.3464104536348667,0,0.3803246977512162,-1
2023-11-08,TSLA,166.03,-0.27306778672929316,-0.26936848459496465,-0.28932518654126177,-0.2824825132909921,-0.25110319694239,-0.2442702619603185,0.001906899839482497,-0.11470221785909994,-0.00048160857263266813,-0.6116619197068518,60.44052863436124,-0.23098490465780533,0.006843086120262677,-1.351488717465561,0,0.4066429576460338,-1
2023-11-09,TSLA,165.77,-0.3023926306015306,-0.2988147272331786,0.29828850335914836,0.305709276753234,-0.4688776607206508,-0.46549753937675936,0.0005673724619137504,-0.20939937239131445,-0.000994365263506747,-0.6397936862871816,57.437275985663064,-0.42111539974542034,0.006436546310115708,-1.3734842435377792,1,0.39907898203173076,-1
2023-11-10,TSLA,166.83,0.6417435278694114,0.6444729066001001,0.025387203660326017,0.032801927443062005,-0.11710625998763644,-0.10958318448478525,0.006030271965265805,0.4242562703134877,0.005933215151405574,-0.022585527105046674,60.9053497942387,-0.13006142962456954,0.006555067406857056,-1.3057905564629477,0,0.4247431381621277,-1
2023-11-13,TSLA,166.41,-0.40657224528375424,-0.40339445417656106,-0.040368248738069025,-0.03321027909516821,0.4261427290496922,0.43464129440365223,0.000974447812906057,-0.10981091958074521,0.0035762316288437813,-0.19513635548330516,58.171521035598715,-0.3127343175067652,0.006370115805185422,-1.2996703607115367,1,0.39834334493603146,-1
2023-11-14,TSLA,166.92,0.2527838398907432,0.25680070334502697,0.28086195048338614,0.2873744483928644,-0.056441354521194614,-0.04934765535111638,0.0031732294821865932,0.15517463172396245,0.005572457001716989,0.051708240985396225,57.41350906095544,-0.34546607858274603,0.006397373082146952,-1.2651916470982503,0,0.45442498311405893,0
2023-11-15,TSLA,164.55,-1.719399957260757,-1.729040268405952,-1.0977379426491343,-1.099560751316846,-0.9157506782867412,-0.9186117398219098,-0.009307870147384599,-1.2386907875514808,-0.008167324673759187,-1.390771604001009,37.73740710156894,-1.9634744305143588,0.005205577482113339,-1.4608086113713066,0,0.46970838794483205,0
2023-11-16,TSLA,162.7,-1.356618033979902,-1.3611396034327687,-1.626421957031466,-1.6392003195215021,-1.5187483794610785,-1.535099523733376,-0.016811496114381253,-1.9985387192468205,-0.01738747063335338,-2.269937897872546,31.758720930232542,-2.3866057951433257,0.0033202062598135145,-1.787284871190881,1,0.5125237203860423,0
2023-11-17,TSLA,165.09,1.5536567905804557,1.5480383986972208,-0.8640054542367291,-0.8623108028687188,-0.9568085118701026,-0.9603924771182054,-0.0002664502767448419,-0.1858638679870459,-0.0023688376983599176,-0.6467042803591893,44.67944481163258,-1.2659007561474884,0.002957703370109631,-1.8290164142190077,0,0.379669487712625,-1
2023-11-20,TSLA,164.87,-0.25799946727892425,-0.2540359909457613,-0.029449643448922806,-0.02211538605575808,-0.8832883754069633,-0.8855625114603912,0.0002669481756519672,-0.14517704098690237,-0.0040293106677055475,-0.8166170757850021,49.0210297316897,-0.8581033748177578,0.0025337826423752403,-1.8751970059214624,1,0.44485269691468965,-1
2023-11-21,TSLA,166.09,0.7176533106759543,0.7199184107219372,1.1925692784001394,1.1887043878949075,-0.6044786188644167,-0.6024721745163363,0.008684562128021244,0.7675598966926741,0.0034073196959993773,-0.03575355997781136,52.17687074829937,-0.5473771856403239,0.0027617633584321763,-1.7915218590569373,1,0.5190567513395511,0
2023-11-22,TSLA,168.34,1.3646170193873046,1.360914614677,1.0816191524892524,1.0792690270056384,1.2383228069131254,1.2388767119878854,0.01766434124460456,1.6901338774397823,0.01558305229945039,1.2196333677782871,57.238442822384414,-0.042572712544478634,0.003992315788933606,-1.5105314364354414,1,0.4383654660426883,-1
2023-11-23,TSLA,170.25,1.0962362366032357,1.0953372703538846,1.8490468500233646,1.8292921614006463,2.591310477131008,2.5589548397282544,0.019900795552573406,1.8467680130957278,0.02433741463854888,2.0301227754219147,61.47945205479452,0.4061783439766896,0.005823495421173687,-1.10539581865682,1,0.5493891135534522,0
2023-11-24,TSLA,170.66,0.1224055334519443,0.12682122190340112,1.4799997509142422,1.4697618278778666,1.7180810546761174,1.70989427142741,0.015579438473714874,1.3611628276249474,0.02444353734962887,1.9424894908686665,68.73522458628844,1.208332107915533,0.007379601078582761,-0.7479491704844685,1,0.48253750221973446,0
2023-11-27,TSLA,170.83,-0.022871147218976675,-0.018423761296050903,0.685451020040783,0.6891464238171355,1.8103611770108008,1.7999198611713416,0.009430729049718162,0.7254187840333407,0.022750404119020604,1.7167079768825266,65.22024983563452,0.9177108553316488,0.008588005450919478,-0.4504918330661981,1,0.5112779628313313,0
2023-11-28,TSLA,171.11,0.044520274948486364,0.048975096209130084,0.08237395100237903,0.09008032862281186,1.4216235923143123,1.4193897011412844,0.0051222406278270075,0.2803833738154345,0.021863373325609597,1.5804517324327632,66.57963446475198,1.1355834352209115,0.009563300564211978,-0.18563944028474763,1,0.36467801275564926,-1
2023-11-29,TSLA,171.68,0.20827101481188187,0.2124753777869124,0.12971792049701406,0.13727380080019508,0.786753789477314,0.7930395565305102,0.00452880530818111,0.20295899988205182,0.02092030304111529,1.4349874027406564,68.90595009596925,1.3543110027440826,0.010482256633743683,0.08547294244869162,0,0.3725983111648326,-1
2023-11-30,TSLA,169.55,-1.5196837922247621,-1.5257334650378134,-0.736404022963163,-0.7324805269187425,-0.6280011032991833,-0.6256486573063522,-0.007120855439607463,-1.0282507479352874,0.004163532665667583,-0.14284193020417768,58.143712574850284,0.11510863022174195,0.01007081431353414,0.012405521553131396,1,0.5539916474643105,1
2023-12-01,TSLA,170.12,0.21236270539222332,0.21657931183455748,-0.6490401147521255,-0.6442913988699631,-0.584588403399399,-0.5816501220613627,-0.0031525038380855915,-0.6260247380303716,0.004546796575140303,-0.12504573334273014,61.00890207715136,0.41783675520731944,0.009902067585910402,-0.004742687238437011,1,0.36326555400426813,-1
2023-12-04,TSLA,170.23,-0.07398278307331224,-0.06957950240126513,-0.8063601971034381,-0.803418048365676,-0.6151209324720447,-0.6126397851536255,-0.0018060490916981618,-0.47670829316318253,0.0020248872773504915,-0.36716587515365157,60.06079027355624,0.2851225535526051,0.009707536916421343,-0.033002777882852725,1,0.3666444373510272,-1
2023-12-05,TSLA,172.33,1.1917529670619882,1.189731092865188,0.7788047467622505,0.7813356137606722,0.00791190812722801,0.016054794472485135,0.009064187092316699,0.6700113408424636,0.010673860770629416,0.4436429357726908,74.04202719406669,1.8597418420406506,0.010431840964758498,0.19760103620896854,1,0.4580812007879097,0
2023-12-06,TSLA,172.36,-0.11076333310953113,-0.1064547516698309,0.603543527413186,0.6078176521427775,-0.16473448669663196,-0.15760686038061014,0.008436794252214554,0.6402729231636662,0.00847219621793676,0.2540885612624889,83.63509749303627,2.7620635486152674,0.010889396964835728,0.36296111871347997,1,0.4454386810458143,-1
2023-12-07,TSLA,173.32,0.5009156163217996,0.5040970258069158,0.9552576823291598,0.9549215665378363,0.9755863747448874,0.9798537485863035,0.009599701756838601,0.8029855210441539,0.012270834428422075,0.6479761856415377,81.82521268368137,2.435559870879431,0.011569028268786715,0.6132907580667363,1,0.43005204866833113,-1
2023-12-08,TSLA,174.6,0.6816873288813776,0.6837180584157182,0.6337122876230908,0.6374823955611502,1.240153078107196,1.2408260738439003,0.011775068378842027,1.0280742191166163,0.017405441312721034,1.13940548930702,84.77483917083632,2.5872761610870674,0.012561139480112915,0.9776177495378112,1,0.4561365115256553,0
2023-12-11,TSLA,176.89,1.2856194504297949,1.2819501729787461,1.4507950744101317,1.4407803581621648,1.9601447366625022,1.9456565894901103,0.017193789534214955,1.5628353703138134,0.02712244293602908,1.9936191161837113,85.85657370517929,2.5274191287009407,0.014250501181689674,1.5698870371123088,0,0.4586038058035939,0
2023-12-12,TSLA,176.3,-0.550381011283859,-0.5470427567461545,0.8270542426349181,0.8279769025827953,0.973331484604141,0.9777412553825319,0.009193217855221097,0.6746859547973625,0.02062082460141956,1.3404652752267672,79.70149253731358,1.8676455891496822,0.015124064007639378,1.881484055369429,0,0.45367393976935444,0
2023-12-13,TSLA,174.11,-1.5087272543919592,-1.5140260016867297,-0.48403677530176,-0.4775388091907304,0.1874709117459431,0.19601415178782725,-0.005335801284248517,-0.886618262802244,0.006526728369011571,0.033075708775144236,64.10818713450303,0.43247784023861047,0.014616645208390148,1.7355194582548323,0,0.5457623699298418,0
2023-12-14,TSLA,174.07,-0.1782324932706161,-0.1738060807746768,-1.3134534946203527,-1.3172106132285515,-0.18034456002021026,-0.17328014733354832,-0.006415744831444133,-0.989108791417244,0.0036728880893486275,-0.23318471479756525,62.809917355371915,0.3071338543765904,0.014032094016803758,1.5550976401119365,0,0.36685911260949283,-1
2023-12-15,TSLA,173.41,-0.6015936483827772,-0.5985977805585865,-1.3390098781266655,-1.343245808113272,-0.8833570442560574,-0.8854581662397212,-0.008836507464734107,-1.267891938922392,-0.002025759372014617,-0.7954781925531789,59.347826086956495,-0.03253108243441945,0.013108511661939694,1.2400523944075552,1,0.4671428164660118,0
2023-12-18,TSLA,175.16,0.96033284674802,0.960250920119531,0.09766282345885298,0.10496054141067901,-1.0579941332210414,-1.0635733236107259,0.00314987686844959,0.022035871552917488,0.005193538205503436,-0.12329793671389164,63.261296660117864,0.31636636375148186,0.013041084231118872,1.2055131030589044,1,0.3888284148379008,-1
2023-12-19,TSLA,176.42,0.6978663480976695,0.6991546218512896,0.5921974757068557,0.5959587851836434,-0.3970874538336837,-0.39225811035835867,0.010227103542265546,0.8206186418762684,0.010053588604406012,0.35474539327437304,64.84962406015036,0.4712899348781821,0.013415346415339473,1.3283252913236692,0,0.42249962730488483,-1
2023-12-20,TSLA,174.92,-1.1475683721490595,-1.1476662010882481,0.30678555347478387,0.3128618649807476,-0.14574154682870533,-0.13869375171314366,0.0007093983844023618,-0.21496630043031603,0.0,-0.5962601782355204,67.51467710371817,0.7216348182045222,0.012863044341364567,1.1512996556152424,0,0.5117833340207336,0
2023-12-21,TSLA,172.8,-1.5800767015346986,-1.5847633844669393,-1.1372699680006313,-1.1378191264666606,-0.8711263366547686,-0.8735246811859781,-0.0099804058621993,-1.3719174138127725,-0.011826063087585971,-1.6850389977701992,57.938388625592474,-0.17278365162751316,0.011310162096982854,0.6385150887651813,0,0.5978847419520675,1
2023-12-22,TSLA,172.14,-0.6267518579036773,-0.6235953764589807,-1.88387338690974,-1.9013986042294788,-0.8576349100447781,-0.8598572524018205,-0.012324428532084803,-1.6511404724342353,-0.014213558429063917,-1.8991787071248478,55.47905909351692,-0.40970151545402284,0.009661618114063806,0.08638051965605455,0,0.4570237057317153,0
2023-12-25,TSLA,172.06,-0.20341746400362873,-0.1993439154628412,-1.3481774144775955,-1.3530586795038304,-1.4449258021936078,-1.4612479881660276,-0.009259045995807954,-1.2927776085296852,-0.011938738593881781,-1.6376930874954292,49.123945489941555,-0.9918914038724741,0.008223197359413148,-0.3910331551037669,1,0.40133440592348246,-1
2023-12-26,TSLA,173.18,0.6422780308211472,0.6440100664507925,-0.10941993720627428,-0.10203706813038882,-1.472950056749024,-1.489943829930336,0.0009247485839787111,-0.16842476416003455,-0.0037220915047719363,-0.8640327936426551,52.48484848484847,-0.6830072542768915,0.0075184743002607215,-0.6158577021502805,1,0.4315875554420604,-1
2023-12-27,TSLA,173.37,0.005175972908538765,0.009172667496387132,0.24881202493292562,0.2552753996546201,-0.8887351324429728,-0.8913882859089929,0.003821434775056433,0.1714607556093844,-0.00220427848727781,-0.7013006526113734,50.15893197711384,-0.8957834953506668,0.0069681782029251335,-0.7798837063301264,0,0.39420436439624446,-1
2023-12-28,TSLA,172.74,-0.5822741366541907,-0.5791404004262328,0.039442544673169336,0.046572625087694976,-0.37358716003244324,-0.36837162625263614,0.00024319911058611905,-0.21636596594011462,-0.005068540490726849,-0.9383706941549806,43.83289124668438,-1.4529176446883934,0.006167466943706418,-1.0181546927861445,1,0.38120988268349365,-1
2023-12-29,TSLA,173.09,0.09171081140217928,0.09550346031093726,-0.2718910195373337,-0.26497521905513416,-0.020036190267687656,-0.011910065818752806,0.001168386469853305,-0.12756711597824547,-0.002868861902896459,-0.7437297540965353,35.54033485540337,-2.126729888806433,0.005631202169942671,-1.1642919406034933,0,0.39336050284287616,-1
